"","Participant.Public.ID","gloomy","sad","scared","anxious","upset","stim","condition"
"1","682c3f62f2680e9a67130379",23,2,27,42,0,"Ferret 1.jpg","pic"
"2","682c3f62f2680e9a67130379",0,0,27,0,3,"Dirt 1.jpg","pic"
"3","682c3f62f2680e9a67130379",45,58,55,70,35,"Fire 10.jpg","pic"
"4","682c3f62f2680e9a67130379",2,0,0,3,16,"Clean 1.jpg","pic"
"5","682c3f62f2680e9a67130379",0,0,0,2,0,"Snow 1.jpg","pic"
"6","682c3f62f2680e9a67130379",31,32,49,61,46,"Flood 1.jpg","pic"
"7","682c3f62f2680e9a67130379",0,0,0,2,0,"Prison 2.jpg","pic"
"8","682c3f62f2680e9a67130379",2,0,0,0,1,"Heart 3.jpg","pic"
"9","682c3f62f2680e9a67130379",0,0,0,0,0,"Rocks 1.jpg","pic"
"10","682c3f62f2680e9a67130379",1,0,0,0,0,"Rainbow 2.jpg","pic"
"11","682c3f62f2680e9a67130379",0,0,0,1,0,"Fireworks 6.jpg","pic"
"12","682c3f62f2680e9a67130379",1,0,0,2,0,"Destruction 2.jpg","pic"
"13","682c3f62f2680e9a67130379",20,39,20,52,15,"Garbage dump 1.jpg","pic"
"14","682c3f62f2680e9a67130379",0,0,0,1,0,"Lake 12.jpg","pic"
"15","682c3f62f2680e9a67130379",59,3,32,55,40,"Toilet 4.jpg","pic"
"16","682c3f62f2680e9a67130379",0,2,2,1,2,"Beach 1.jpg","pic"
"17","62a889993e01c9e01ee7066e",0,0,0,0,0,"Beach 1.jpg","pic"
"18","62a889993e01c9e01ee7066e",20,0,0,0,0,"Snow 1.jpg","pic"
"19","62a889993e01c9e01ee7066e",0,15,0,20,10,"Dirt 1.jpg","pic"
"20","62a889993e01c9e01ee7066e",0,0,0,0,0,"Lake 12.jpg","pic"
"21","62a889993e01c9e01ee7066e",20,60,5,55,55,"Destruction 2.jpg","pic"
"22","62a889993e01c9e01ee7066e",5,70,0,60,60,"Fire 10.jpg","pic"
"23","62a889993e01c9e01ee7066e",0,0,0,0,0,"Rainbow 2.jpg","pic"
"24","62a889993e01c9e01ee7066e",0,0,0,0,0,"Clean 1.jpg","pic"
"25","62a889993e01c9e01ee7066e",0,0,0,0,0,"Fireworks 6.jpg","pic"
"26","62a889993e01c9e01ee7066e",0,0,0,0,0,"Rocks 1.jpg","pic"
"27","62a889993e01c9e01ee7066e",15,30,0,20,5,"Flood 1.jpg","pic"
"28","62a889993e01c9e01ee7066e",0,0,5,30,15,"Ferret 1.jpg","pic"
"29","62a889993e01c9e01ee7066e",0,0,0,0,0,"Prison 2.jpg","pic"
"30","62a889993e01c9e01ee7066e",0,10,5,0,25,"Toilet 4.jpg","pic"
"31","62a889993e01c9e01ee7066e",10,0,0,25,10,"Garbage dump 1.jpg","pic"
"32","62a889993e01c9e01ee7066e",0,0,0,0,0,"Heart 3.jpg","pic"
"33","66f9a40196d53f05f2232cff",0,0,0,0,0,"Heart 3.jpg","pic"
"34","66f9a40196d53f05f2232cff",15,15,0,5,15,"Flood 1.jpg","pic"
"35","66f9a40196d53f05f2232cff",70,70,10,30,60,"Prison 2.jpg","pic"
"36","66f9a40196d53f05f2232cff",70,0,60,70,50,"Toilet 4.jpg","pic"
"37","66f9a40196d53f05f2232cff",0,0,0,0,0,"Beach 1.jpg","pic"
"38","66f9a40196d53f05f2232cff",0,0,10,35,10,"Ferret 1.jpg","pic"
"39","66f9a40196d53f05f2232cff",0,0,0,0,0,"Rainbow 2.jpg","pic"
"40","66f9a40196d53f05f2232cff",0,0,0,0,1,"Lake 12.jpg","pic"
"41","66f9a40196d53f05f2232cff",0,0,0,0,0,"Snow 1.jpg","pic"
"42","66f9a40196d53f05f2232cff",80,89,75,70,80,"Destruction 2.jpg","pic"
"43","66f9a40196d53f05f2232cff",0,0,0,0,0,"Rocks 1.jpg","pic"
"44","66f9a40196d53f05f2232cff",0,0,0,0,0,"Clean 1.jpg","pic"
"45","66f9a40196d53f05f2232cff",0,0,0,0,0,"Dirt 1.jpg","pic"
"46","66f9a40196d53f05f2232cff",0,0,0,0,0,"Garbage dump 1.jpg","pic"
"47","66f9a40196d53f05f2232cff",60,70,60,70,70,"Fire 10.jpg","pic"
"48","66f9a40196d53f05f2232cff",0,0,0,0,0,"Fireworks 6.jpg","pic"
"49","62d43cee3d60ac98c1dcacc8",0,0,0,0,0,"Beach 1.jpg","pic"
"50","62d43cee3d60ac98c1dcacc8",100,100,100,100,100,"Destruction 2.jpg","pic"
"51","62d43cee3d60ac98c1dcacc8",0,0,0,0,0,"Clean 1.jpg","pic"
"52","62d43cee3d60ac98c1dcacc8",0,0,0,0,0,"Lake 12.jpg","pic"
"53","62d43cee3d60ac98c1dcacc8",0,0,0,0,0,"Heart 3.jpg","pic"
"54","62d43cee3d60ac98c1dcacc8",0,0,0,0,0,"Rainbow 2.jpg","pic"
"55","62d43cee3d60ac98c1dcacc8",85,80,75,80,75,"Dirt 1.jpg","pic"
"56","62d43cee3d60ac98c1dcacc8",0,0,0,0,0,"Rocks 1.jpg","pic"
"57","62d43cee3d60ac98c1dcacc8",95,90,80,85,100,"Toilet 4.jpg","pic"
"58","62d43cee3d60ac98c1dcacc8",100,100,90,85,100,"Ferret 1.jpg","pic"
"59","62d43cee3d60ac98c1dcacc8",80,75,0,0,80,"Garbage dump 1.jpg","pic"
"60","62d43cee3d60ac98c1dcacc8",100,100,100,100,100,"Prison 2.jpg","pic"
"61","62d43cee3d60ac98c1dcacc8",0,0,0,0,0,"Fireworks 6.jpg","pic"
"62","62d43cee3d60ac98c1dcacc8",55,50,0,0,50,"Snow 1.jpg","pic"
"63","62d43cee3d60ac98c1dcacc8",100,100,100,100,100,"Fire 10.jpg","pic"
"64","62d43cee3d60ac98c1dcacc8",100,100,100,100,100,"Flood 1.jpg","pic"
"65","597761dfd5ddf60001d14b20",0,0,0,0,0,"Rocks 1.jpg","pic"
"66","597761dfd5ddf60001d14b20",41,54,43,59,24,"Flood 1.jpg","pic"
"67","597761dfd5ddf60001d14b20",0,0,0,0,0,"Fireworks 6.jpg","pic"
"68","597761dfd5ddf60001d14b20",84,100,70,70,0,"Destruction 2.jpg","pic"
"69","597761dfd5ddf60001d14b20",100,55,0,40,20,"Prison 2.jpg","pic"
"70","597761dfd5ddf60001d14b20",0,0,0,0,0,"Clean 1.jpg","pic"
"71","597761dfd5ddf60001d14b20",20,0,0,40,15,"Snow 1.jpg","pic"
"72","597761dfd5ddf60001d14b20",0,0,0,0,0,"Rainbow 2.jpg","pic"
"73","597761dfd5ddf60001d14b20",0,0,0,0,0,"Beach 1.jpg","pic"
"74","597761dfd5ddf60001d14b20",0,0,0,0,0,"Dirt 1.jpg","pic"
"75","597761dfd5ddf60001d14b20",50,65,50,65,30,"Fire 10.jpg","pic"
"76","597761dfd5ddf60001d14b20",70,100,0,0,70,"Garbage dump 1.jpg","pic"
"77","597761dfd5ddf60001d14b20",0,0,0,0,0,"Heart 3.jpg","pic"
"78","597761dfd5ddf60001d14b20",0,0,45,65,0,"Ferret 1.jpg","pic"
"79","597761dfd5ddf60001d14b20",0,0,0,0,0,"Toilet 4.jpg","pic"
"80","597761dfd5ddf60001d14b20",0,0,0,0,0,"Lake 12.jpg","pic"
"81","60dfa0f80964725cfdab1685",0,0,0,0,0,"Rainbow 2.jpg","pic"
"82","60dfa0f80964725cfdab1685",0,0,72,70,71,"Fire 10.jpg","pic"
"83","60dfa0f80964725cfdab1685",0,61,65,39,41,"Destruction 2.jpg","pic"
"84","60dfa0f80964725cfdab1685",0,0,61,45,0,"Ferret 1.jpg","pic"
"85","60dfa0f80964725cfdab1685",0,0,0,0,0,"Rocks 1.jpg","pic"
"86","60dfa0f80964725cfdab1685",0,0,0,0,0,"Snow 1.jpg","pic"
"87","60dfa0f80964725cfdab1685",84,69,40,0,0,"Prison 2.jpg","pic"
"88","60dfa0f80964725cfdab1685",80,0,38,0,0,"Toilet 4.jpg","pic"
"89","60dfa0f80964725cfdab1685",0,0,0,0,0,"Clean 1.jpg","pic"
"90","60dfa0f80964725cfdab1685",0,0,0,0,0,"Fireworks 6.jpg","pic"
"91","60dfa0f80964725cfdab1685",0,0,0,0,0,"Lake 12.jpg","pic"
"92","60dfa0f80964725cfdab1685",0,0,0,0,0,"Beach 1.jpg","pic"
"93","60dfa0f80964725cfdab1685",62,0,64,55,0,"Dirt 1.jpg","pic"
"94","60dfa0f80964725cfdab1685",76,84,0,0,48,"Garbage dump 1.jpg","pic"
"95","60dfa0f80964725cfdab1685",100,77,100,100,46,"Flood 1.jpg","pic"
"96","60dfa0f80964725cfdab1685",24,0,0,0,0,"Heart 3.jpg","pic"
"97","5c37aa8b832a8400010983b3",8,6,0,13,55,"Garbage dump 1.jpg","pic"
"98","5c37aa8b832a8400010983b3",0,30,1,0,24,"Beach 1.jpg","pic"
"99","5c37aa8b832a8400010983b3",24,76,35,58,49,"Prison 2.jpg","pic"
"100","5c37aa8b832a8400010983b3",0,7,0,13,0,"Snow 1.jpg","pic"
"101","5c37aa8b832a8400010983b3",0,0,15,4,5,"Lake 12.jpg","pic"
"102","5c37aa8b832a8400010983b3",0,0,16,35,20,"Rocks 1.jpg","pic"
"103","5c37aa8b832a8400010983b3",0,0,10,15,9,"Fireworks 6.jpg","pic"
"104","5c37aa8b832a8400010983b3",44,41,30,66,30,"Fire 10.jpg","pic"
"105","5c37aa8b832a8400010983b3",0,40,0,0,5,"Heart 3.jpg","pic"
"106","5c37aa8b832a8400010983b3",15,20,45,49,75,"Toilet 4.jpg","pic"
"107","5c37aa8b832a8400010983b3",0,10,60,75,45,"Ferret 1.jpg","pic"
"108","5c37aa8b832a8400010983b3",50,50,15,30,50,"Destruction 2.jpg","pic"
"109","5c37aa8b832a8400010983b3",40,60,65,90,30,"Flood 1.jpg","pic"
"110","5c37aa8b832a8400010983b3",0,10,0,0,0,"Rainbow 2.jpg","pic"
"111","5c37aa8b832a8400010983b3",0,0,0,0,0,"Clean 1.jpg","pic"
"112","5c37aa8b832a8400010983b3",0,0,30,60,70,"Dirt 1.jpg","pic"
"113","60abe580aa82f25a7acc9800",11,9,0,8,20,"Dirt 1.jpg","pic"
"114","60abe580aa82f25a7acc9800",0,0,25,64,0,"Ferret 1.jpg","pic"
"115","60abe580aa82f25a7acc9800",0,0,0,0,0,"Snow 1.jpg","pic"
"116","60abe580aa82f25a7acc9800",0,0,5,22,0,"Beach 1.jpg","pic"
"117","60abe580aa82f25a7acc9800",0,0,0,0,0,"Rocks 1.jpg","pic"
"118","60abe580aa82f25a7acc9800",0,19,0,0,0,"Heart 3.jpg","pic"
"119","60abe580aa82f25a7acc9800",0,0,0,0,0,"Clean 1.jpg","pic"
"120","60abe580aa82f25a7acc9800",27,59,7,19,33,"Flood 1.jpg","pic"
"121","60abe580aa82f25a7acc9800",20,22,34,62,65,"Fire 10.jpg","pic"
"122","60abe580aa82f25a7acc9800",7,20,18,35,62,"Destruction 2.jpg","pic"
"123","60abe580aa82f25a7acc9800",0,0,0,8,9,"Toilet 4.jpg","pic"
"124","60abe580aa82f25a7acc9800",0,0,0,0,0,"Rainbow 2.jpg","pic"
"125","60abe580aa82f25a7acc9800",55,28,0,14,50,"Prison 2.jpg","pic"
"126","60abe580aa82f25a7acc9800",0,0,0,0,0,"Fireworks 6.jpg","pic"
"127","60abe580aa82f25a7acc9800",0,0,0,0,0,"Lake 12.jpg","pic"
"128","60abe580aa82f25a7acc9800",0,8,0,0,15,"Garbage dump 1.jpg","pic"
"129","546ec14dfdf99b2bc7ebd032",27,22,27,18,36,"Dirt 1.jpg","pic"
"130","546ec14dfdf99b2bc7ebd032",36,43,41,46,30,"Fire 10.jpg","pic"
"131","546ec14dfdf99b2bc7ebd032",32,18,34,41,59,"Toilet 4.jpg","pic"
"132","546ec14dfdf99b2bc7ebd032",0,0,0,0,0,"Lake 12.jpg","pic"
"133","546ec14dfdf99b2bc7ebd032",36,26,23,35,45,"Destruction 2.jpg","pic"
"134","546ec14dfdf99b2bc7ebd032",0,0,0,0,0,"Beach 1.jpg","pic"
"135","546ec14dfdf99b2bc7ebd032",0,0,0,0,0,"Snow 1.jpg","pic"
"136","546ec14dfdf99b2bc7ebd032",48,54,37,58,57,"Flood 1.jpg","pic"
"137","546ec14dfdf99b2bc7ebd032",0,7,3,9,0,"Rocks 1.jpg","pic"
"138","546ec14dfdf99b2bc7ebd032",31,11,53,55,42,"Ferret 1.jpg","pic"
"139","546ec14dfdf99b2bc7ebd032",0,6,0,0,16,"Heart 3.jpg","pic"
"140","546ec14dfdf99b2bc7ebd032",0,0,0,0,0,"Rainbow 2.jpg","pic"
"141","546ec14dfdf99b2bc7ebd032",52,42,43,45,42,"Prison 2.jpg","pic"
"142","546ec14dfdf99b2bc7ebd032",66,40,21,54,38,"Garbage dump 1.jpg","pic"
"143","546ec14dfdf99b2bc7ebd032",0,0,33,8,6,"Fireworks 6.jpg","pic"
"144","546ec14dfdf99b2bc7ebd032",0,4,0,0,9,"Clean 1.jpg","pic"
"145","6785704c3b1ab8813a4958b0",11,12,0,0,0,"Flood 1.jpg","pic"
"146","6785704c3b1ab8813a4958b0",12,17,0,0,0,"Prison 2.jpg","pic"
"147","6785704c3b1ab8813a4958b0",9,3,10,5,0,"Toilet 4.jpg","pic"
"148","6785704c3b1ab8813a4958b0",0,7,0,0,0,"Heart 3.jpg","pic"
"149","6785704c3b1ab8813a4958b0",0,0,0,0,0,"Fireworks 6.jpg","pic"
"150","6785704c3b1ab8813a4958b0",0,0,0,0,0,"Clean 1.jpg","pic"
"151","6785704c3b1ab8813a4958b0",0,0,0,0,0,"Dirt 1.jpg","pic"
"152","6785704c3b1ab8813a4958b0",0,0,0,0,0,"Lake 12.jpg","pic"
"153","6785704c3b1ab8813a4958b0",0,7,0,9,21,"Garbage dump 1.jpg","pic"
"154","6785704c3b1ab8813a4958b0",0,0,0,0,7,"Rainbow 2.jpg","pic"
"155","6785704c3b1ab8813a4958b0",0,7,0,7,11,"Destruction 2.jpg","pic"
"156","6785704c3b1ab8813a4958b0",5,9,0,6,19,"Fire 10.jpg","pic"
"157","6785704c3b1ab8813a4958b0",0,0,0,0,0,"Snow 1.jpg","pic"
"158","6785704c3b1ab8813a4958b0",0,0,0,15,8,"Beach 1.jpg","pic"
"159","6785704c3b1ab8813a4958b0",3,4,0,0,0,"Rocks 1.jpg","pic"
"160","6785704c3b1ab8813a4958b0",0,0,4,0,84,"Ferret 1.jpg","pic"
"161","5c4723041fba0b0001fca7c3",0,0,0,9,0,"Snow 1.jpg","pic"
"162","5c4723041fba0b0001fca7c3",0,0,0,0,0,"Beach 1.jpg","pic"
"163","5c4723041fba0b0001fca7c3",6,9,11,19,3,"Fire 10.jpg","pic"
"164","5c4723041fba0b0001fca7c3",14,76,63,79,80,"Destruction 2.jpg","pic"
"165","5c4723041fba0b0001fca7c3",22,62,45,13,59,"Dirt 1.jpg","pic"
"166","5c4723041fba0b0001fca7c3",0,3,3,5,0,"Rainbow 2.jpg","pic"
"167","5c4723041fba0b0001fca7c3",1,0,0,32,0,"Fireworks 6.jpg","pic"
"168","5c4723041fba0b0001fca7c3",7,5,5,2,12,"Heart 3.jpg","pic"
"169","5c4723041fba0b0001fca7c3",46,28,0,6,51,"Garbage dump 1.jpg","pic"
"170","5c4723041fba0b0001fca7c3",0,14,4,0,0,"Rocks 1.jpg","pic"
"171","5c4723041fba0b0001fca7c3",52,79,59,74,69,"Flood 1.jpg","pic"
"172","5c4723041fba0b0001fca7c3",0,0,0,0,0,"Clean 1.jpg","pic"
"173","5c4723041fba0b0001fca7c3",53,69,59,65,65,"Prison 2.jpg","pic"
"174","5c4723041fba0b0001fca7c3",0,20,0,0,22,"Ferret 1.jpg","pic"
"175","5c4723041fba0b0001fca7c3",24,35,10,19,0,"Toilet 4.jpg","pic"
"176","5c4723041fba0b0001fca7c3",0,0,0,0,0,"Lake 12.jpg","pic"
"177","67d29a840debd6b228515177",0,83,0,1,0,"Garbage dump 1.jpg","pic"
"178","67d29a840debd6b228515177",65,100,89,68,100,"Fire 10.jpg","pic"
"179","67d29a840debd6b228515177",0,0,0,0,0,"Rainbow 2.jpg","pic"
"180","67d29a840debd6b228515177",19,60,100,65,29,"Ferret 1.jpg","pic"
"181","67d29a840debd6b228515177",0,0,0,0,0,"Clean 1.jpg","pic"
"182","67d29a840debd6b228515177",0,0,0,0,0,"Rocks 1.jpg","pic"
"183","67d29a840debd6b228515177",58,100,100,58,100,"Destruction 2.jpg","pic"
"184","67d29a840debd6b228515177",0,0,0,0,0,"Lake 12.jpg","pic"
"185","67d29a840debd6b228515177",0,0,0,0,0,"Prison 2.jpg","pic"
"186","67d29a840debd6b228515177",0,0,0,0,0,"Toilet 4.jpg","pic"
"187","67d29a840debd6b228515177",0,0,0,0,0,"Fireworks 6.jpg","pic"
"188","67d29a840debd6b228515177",0,0,0,0,0,"Heart 3.jpg","pic"
"189","67d29a840debd6b228515177",52,80,78,66,88,"Flood 1.jpg","pic"
"190","67d29a840debd6b228515177",0,0,0,0,0,"Beach 1.jpg","pic"
"191","67d29a840debd6b228515177",0,0,0,0,0,"Dirt 1.jpg","pic"
"192","67d29a840debd6b228515177",0,0,0,0,0,"Snow 1.jpg","pic"
"193","65bf9aeb592e888df327d648",0,0,0,0,0,"Heart 3.jpg","pic"
"194","65bf9aeb592e888df327d648",19,16,0,35,11,"Flood 1.jpg","pic"
"195","65bf9aeb592e888df327d648",0,0,0,0,0,"Clean 1.jpg","pic"
"196","65bf9aeb592e888df327d648",11,0,12,38,0,"Prison 2.jpg","pic"
"197","65bf9aeb592e888df327d648",9,0,0,0,0,"Toilet 4.jpg","pic"
"198","65bf9aeb592e888df327d648",0,0,0,0,0,"Beach 1.jpg","pic"
"199","65bf9aeb592e888df327d648",0,0,0,0,0,"Rocks 1.jpg","pic"
"200","65bf9aeb592e888df327d648",0,0,0,0,0,"Rainbow 2.jpg","pic"
"201","65bf9aeb592e888df327d648",37,0,0,0,0,"Fire 10.jpg","pic"
"202","65bf9aeb592e888df327d648",25,0,0,0,0,"Fireworks 6.jpg","pic"
"203","65bf9aeb592e888df327d648",0,0,0,0,0,"Lake 12.jpg","pic"
"204","65bf9aeb592e888df327d648",0,0,0,0,0,"Garbage dump 1.jpg","pic"
"205","65bf9aeb592e888df327d648",0,0,0,0,0,"Dirt 1.jpg","pic"
"206","65bf9aeb592e888df327d648",0,0,0,0,0,"Snow 1.jpg","pic"
"207","65bf9aeb592e888df327d648",0,0,30,0,0,"Ferret 1.jpg","pic"
"208","65bf9aeb592e888df327d648",0,0,0,0,0,"Destruction 2.jpg","pic"
"209","6548f960db60a00d76e92695",64,29,3,32,62,"Garbage dump 1.jpg","pic"
"210","6548f960db60a00d76e92695",80,5,16,87,39,"Ferret 1.jpg","pic"
"211","6548f960db60a00d76e92695",76,44,8,75,55,"Destruction 2.jpg","pic"
"212","6548f960db60a00d76e92695",74,28,37,68,46,"Fire 10.jpg","pic"
"213","6548f960db60a00d76e92695",0,0,0,0,0,"Clean 1.jpg","pic"
"214","6548f960db60a00d76e92695",0,0,0,0,0,"Snow 1.jpg","pic"
"215","6548f960db60a00d76e92695",0,0,1,0,0,"Beach 1.jpg","pic"
"216","6548f960db60a00d76e92695",63,32,42,61,63,"Flood 1.jpg","pic"
"217","6548f960db60a00d76e92695",100,74,55,84,70,"Toilet 4.jpg","pic"
"218","6548f960db60a00d76e92695",0,0,1,0,0,"Lake 12.jpg","pic"
"219","6548f960db60a00d76e92695",0,0,1,0,0,"Heart 3.jpg","pic"
"220","6548f960db60a00d76e92695",0,0,0,0,0,"Rainbow 2.jpg","pic"
"221","6548f960db60a00d76e92695",67,51,0,0,49,"Dirt 1.jpg","pic"
"222","6548f960db60a00d76e92695",0,0,1,0,0,"Fireworks 6.jpg","pic"
"223","6548f960db60a00d76e92695",0,0,2,0,0,"Rocks 1.jpg","pic"
"224","6548f960db60a00d76e92695",100,100,61,100,100,"Prison 2.jpg","pic"
"225","66f8522292767238ed42ebbd",0,0,0,0,0,"Dirt 1.jpg","pic"
"226","66f8522292767238ed42ebbd",8,32,0,14,17,"Destruction 2.jpg","pic"
"227","66f8522292767238ed42ebbd",0,0,0,0,0,"Clean 1.jpg","pic"
"228","66f8522292767238ed42ebbd",0,0,0,0,0,"Toilet 4.jpg","pic"
"229","66f8522292767238ed42ebbd",0,0,0,0,0,"Rocks 1.jpg","pic"
"230","66f8522292767238ed42ebbd",0,0,0,0,0,"Rainbow 2.jpg","pic"
"231","66f8522292767238ed42ebbd",0,0,0,0,0,"Heart 3.jpg","pic"
"232","66f8522292767238ed42ebbd",0,0,0,0,0,"Garbage dump 1.jpg","pic"
"233","66f8522292767238ed42ebbd",0,0,0,0,0,"Lake 12.jpg","pic"
"234","66f8522292767238ed42ebbd",0,0,0,0,0,"Fireworks 6.jpg","pic"
"235","66f8522292767238ed42ebbd",0,0,0,0,0,"Beach 1.jpg","pic"
"236","66f8522292767238ed42ebbd",8,0,0,0,0,"Prison 2.jpg","pic"
"237","66f8522292767238ed42ebbd",0,0,0,0,0,"Snow 1.jpg","pic"
"238","66f8522292767238ed42ebbd",0,0,0,7,0,"Flood 1.jpg","pic"
"239","66f8522292767238ed42ebbd",0,0,0,11,6,"Ferret 1.jpg","pic"
"240","66f8522292767238ed42ebbd",0,0,0,6,0,"Fire 10.jpg","pic"
"241","674f97fef70c3dd15d138c3e",0,0,0,0,0,"Destruction 2.jpg","pic"
"242","674f97fef70c3dd15d138c3e",0,0,0,0,0,"Snow 1.jpg","pic"
"243","674f97fef70c3dd15d138c3e",0,0,0,0,0,"Dirt 1.jpg","pic"
"244","674f97fef70c3dd15d138c3e",0,0,0,0,0,"Flood 1.jpg","pic"
"245","674f97fef70c3dd15d138c3e",0,0,0,0,0,"Rainbow 2.jpg","pic"
"246","674f97fef70c3dd15d138c3e",30,0,0,0,0,"Toilet 4.jpg","pic"
"247","674f97fef70c3dd15d138c3e",0,0,0,0,0,"Garbage dump 1.jpg","pic"
"248","674f97fef70c3dd15d138c3e",0,0,0,0,0,"Rocks 1.jpg","pic"
"249","674f97fef70c3dd15d138c3e",0,0,0,0,3,"Lake 12.jpg","pic"
"250","674f97fef70c3dd15d138c3e",73,75,0,0,0,"Prison 2.jpg","pic"
"251","674f97fef70c3dd15d138c3e",29,0,20,10,0,"Fire 10.jpg","pic"
"252","674f97fef70c3dd15d138c3e",0,0,0,0,0,"Clean 1.jpg","pic"
"253","674f97fef70c3dd15d138c3e",0,0,0,0,0,"Beach 1.jpg","pic"
"254","674f97fef70c3dd15d138c3e",0,0,0,0,0,"Heart 3.jpg","pic"
"255","674f97fef70c3dd15d138c3e",75,66,57,76,34,"Ferret 1.jpg","pic"
"256","674f97fef70c3dd15d138c3e",0,0,0,0,0,"Fireworks 6.jpg","pic"
"257","655386dc470f6217a78fec03",61,49,0,0,5,"Prison 2.jpg","pic"
"258","655386dc470f6217a78fec03",89,81,29,74,29,"Flood 1.jpg","pic"
"259","655386dc470f6217a78fec03",0,14,4,0,0,"Lake 12.jpg","pic"
"260","655386dc470f6217a78fec03",40,0,1,26,0,"Snow 1.jpg","pic"
"261","655386dc470f6217a78fec03",26,0,61,90,2,"Ferret 1.jpg","pic"
"262","655386dc470f6217a78fec03",39,29,0,18,2,"Rainbow 2.jpg","pic"
"263","655386dc470f6217a78fec03",6,21,7,61,17,"Dirt 1.jpg","pic"
"264","655386dc470f6217a78fec03",21,24,13,2,37,"Clean 1.jpg","pic"
"265","655386dc470f6217a78fec03",92,98,62,100,77,"Garbage dump 1.jpg","pic"
"266","655386dc470f6217a78fec03",4,30,0,23,4,"Fireworks 6.jpg","pic"
"267","655386dc470f6217a78fec03",88,45,56,100,74,"Toilet 4.jpg","pic"
"268","655386dc470f6217a78fec03",32,57,0,12,23,"Beach 1.jpg","pic"
"269","655386dc470f6217a78fec03",90,83,15,99,96,"Destruction 2.jpg","pic"
"270","655386dc470f6217a78fec03",1,22,0,0,0,"Rocks 1.jpg","pic"
"271","655386dc470f6217a78fec03",23,52,2,0,0,"Fire 10.jpg","pic"
"272","655386dc470f6217a78fec03",1,26,0,0,0,"Heart 3.jpg","pic"
"273","5d1acc6eb0c5a8001786de55",0,0,0,0,0,"Heart 3.jpg","pic"
"274","5d1acc6eb0c5a8001786de55",0,0,0,0,0,"Rocks 1.jpg","pic"
"275","5d1acc6eb0c5a8001786de55",16,22,19,13,5,"Destruction 2.jpg","pic"
"276","5d1acc6eb0c5a8001786de55",0,0,0,0,0,"Snow 1.jpg","pic"
"277","5d1acc6eb0c5a8001786de55",19,25,0,12,7,"Fireworks 6.jpg","pic"
"278","5d1acc6eb0c5a8001786de55",0,0,0,0,0,"Lake 12.jpg","pic"
"279","5d1acc6eb0c5a8001786de55",0,0,36,57,27,"Ferret 1.jpg","pic"
"280","5d1acc6eb0c5a8001786de55",0,0,0,0,0,"Clean 1.jpg","pic"
"281","5d1acc6eb0c5a8001786de55",0,0,0,17,0,"Garbage dump 1.jpg","pic"
"282","5d1acc6eb0c5a8001786de55",5,0,48,62,24,"Flood 1.jpg","pic"
"283","5d1acc6eb0c5a8001786de55",0,0,46,39,9,"Dirt 1.jpg","pic"
"284","5d1acc6eb0c5a8001786de55",31,13,46,30,12,"Prison 2.jpg","pic"
"285","5d1acc6eb0c5a8001786de55",0,0,0,0,0,"Rainbow 2.jpg","pic"
"286","5d1acc6eb0c5a8001786de55",0,0,0,0,0,"Beach 1.jpg","pic"
"287","5d1acc6eb0c5a8001786de55",11,11,6,0,0,"Toilet 4.jpg","pic"
"288","5d1acc6eb0c5a8001786de55",35,23,47,49,11,"Fire 10.jpg","pic"
"289","672268205351c30413c9837e",0,0,0,0,0,"Fireworks 6.jpg","pic"
"290","672268205351c30413c9837e",0,0,0,0,0,"Lake 12.jpg","pic"
"291","672268205351c30413c9837e",49,86,50,100,92,"Dirt 1.jpg","pic"
"292","672268205351c30413c9837e",100,100,82,99,100,"Destruction 2.jpg","pic"
"293","672268205351c30413c9837e",0,0,0,0,0,"Beach 1.jpg","pic"
"294","672268205351c30413c9837e",81,96,82,100,100,"Prison 2.jpg","pic"
"295","672268205351c30413c9837e",68,84,59,87,100,"Garbage dump 1.jpg","pic"
"296","672268205351c30413c9837e",15,37,1,68,68,"Snow 1.jpg","pic"
"297","672268205351c30413c9837e",0,0,0,0,0,"Clean 1.jpg","pic"
"298","672268205351c30413c9837e",0,0,11,1,9,"Rainbow 2.jpg","pic"
"299","672268205351c30413c9837e",80,88,54,85,93,"Flood 1.jpg","pic"
"300","672268205351c30413c9837e",25,29,21,39,16,"Heart 3.jpg","pic"
"301","672268205351c30413c9837e",0,0,8,8,0,"Ferret 1.jpg","pic"
"302","672268205351c30413c9837e",10,52,38,76,93,"Fire 10.jpg","pic"
"303","672268205351c30413c9837e",0,0,0,0,0,"Rocks 1.jpg","pic"
"304","672268205351c30413c9837e",14,27,11,82,47,"Toilet 4.jpg","pic"
"305","58f90ebc3f4fef000199e2fd",0,0,0,19,0,"Dirt 1.jpg","pic"
"306","58f90ebc3f4fef000199e2fd",21,0,19,42,24,"Fire 10.jpg","pic"
"307","58f90ebc3f4fef000199e2fd",41,54,28,59,34,"Destruction 2.jpg","pic"
"308","58f90ebc3f4fef000199e2fd",0,0,0,0,0,"Clean 1.jpg","pic"
"309","58f90ebc3f4fef000199e2fd",0,0,0,0,0,"Heart 3.jpg","pic"
"310","58f90ebc3f4fef000199e2fd",21,10,0,0,0,"Rocks 1.jpg","pic"
"311","58f90ebc3f4fef000199e2fd",0,0,0,0,0,"Fireworks 6.jpg","pic"
"312","58f90ebc3f4fef000199e2fd",0,0,0,0,0,"Rainbow 2.jpg","pic"
"313","58f90ebc3f4fef000199e2fd",0,0,0,0,0,"Snow 1.jpg","pic"
"314","58f90ebc3f4fef000199e2fd",55,49,31,82,56,"Flood 1.jpg","pic"
"315","58f90ebc3f4fef000199e2fd",0,0,80,86,72,"Ferret 1.jpg","pic"
"316","58f90ebc3f4fef000199e2fd",0,0,0,0,0,"Lake 12.jpg","pic"
"317","58f90ebc3f4fef000199e2fd",0,0,24,100,77,"Toilet 4.jpg","pic"
"318","58f90ebc3f4fef000199e2fd",0,0,8,52,24,"Prison 2.jpg","pic"
"319","58f90ebc3f4fef000199e2fd",0,0,0,91,60,"Garbage dump 1.jpg","pic"
"320","58f90ebc3f4fef000199e2fd",0,0,0,0,0,"Beach 1.jpg","pic"
"321","6761134a283b8ace0b1e0345",2,1,2,2,3,"Lake 12.jpg","pic"
"322","6761134a283b8ace0b1e0345",1,37,16,13,1,"Fire 10.jpg","pic"
"323","6761134a283b8ace0b1e0345",4,16,2,2,1,"Heart 3.jpg","pic"
"324","6761134a283b8ace0b1e0345",16,1,55,32,25,"Toilet 4.jpg","pic"
"325","6761134a283b8ace0b1e0345",1,0,1,3,2,"Fireworks 6.jpg","pic"
"326","6761134a283b8ace0b1e0345",15,1,0,1,1,"Rocks 1.jpg","pic"
"327","6761134a283b8ace0b1e0345",1,0,1,1,1,"Rainbow 2.jpg","pic"
"328","6761134a283b8ace0b1e0345",70,2,18,19,1,"Prison 2.jpg","pic"
"329","6761134a283b8ace0b1e0345",1,2,1,2,1,"Clean 1.jpg","pic"
"330","6761134a283b8ace0b1e0345",1,0,1,1,1,"Snow 1.jpg","pic"
"331","6761134a283b8ace0b1e0345",49,30,0,2,28,"Destruction 2.jpg","pic"
"332","6761134a283b8ace0b1e0345",1,1,2,1,1,"Garbage dump 1.jpg","pic"
"333","6761134a283b8ace0b1e0345",3,0,4,1,0,"Dirt 1.jpg","pic"
"334","6761134a283b8ace0b1e0345",45,15,1,1,12,"Flood 1.jpg","pic"
"335","6761134a283b8ace0b1e0345",1,1,1,0,1,"Beach 1.jpg","pic"
"336","6761134a283b8ace0b1e0345",0,0,0,11,0,"Ferret 1.jpg","pic"
"337","662d7fba32d6a738b194d893",24,25,5,11,15,"Rainbow 2.jpg","pic"
"338","662d7fba32d6a738b194d893",40,22,53,56,46,"Ferret 1.jpg","pic"
"339","662d7fba32d6a738b194d893",5,4,0,5,3,"Heart 3.jpg","pic"
"340","662d7fba32d6a738b194d893",40,24,36,55,18,"Toilet 4.jpg","pic"
"341","662d7fba32d6a738b194d893",30,44,28,55,26,"Dirt 1.jpg","pic"
"342","662d7fba32d6a738b194d893",10,4,4,9,4,"Snow 1.jpg","pic"
"343","662d7fba32d6a738b194d893",43,56,57,45,38,"Fire 10.jpg","pic"
"344","662d7fba32d6a738b194d893",59,52,48,48,36,"Prison 2.jpg","pic"
"345","662d7fba32d6a738b194d893",2,0,1,5,1,"Lake 12.jpg","pic"
"346","662d7fba32d6a738b194d893",5,4,11,15,1,"Fireworks 6.jpg","pic"
"347","662d7fba32d6a738b194d893",0,0,1,1,0,"Beach 1.jpg","pic"
"348","662d7fba32d6a738b194d893",63,67,70,66,68,"Destruction 2.jpg","pic"
"349","662d7fba32d6a738b194d893",5,0,0,4,0,"Clean 1.jpg","pic"
"350","662d7fba32d6a738b194d893",3,1,2,5,4,"Rocks 1.jpg","pic"
"351","662d7fba32d6a738b194d893",36,41,19,47,26,"Garbage dump 1.jpg","pic"
"352","662d7fba32d6a738b194d893",51,64,67,67,43,"Flood 1.jpg","pic"
"353","64b3ebc9ad6778799f835dcb",100,100,100,100,0,"Prison 2.jpg","pic"
"354","64b3ebc9ad6778799f835dcb",0,0,0,0,0,"Dirt 1.jpg","pic"
"355","64b3ebc9ad6778799f835dcb",100,0,0,100,0,"Garbage dump 1.jpg","pic"
"356","64b3ebc9ad6778799f835dcb",100,100,100,100,0,"Flood 1.jpg","pic"
"357","64b3ebc9ad6778799f835dcb",0,0,0,0,0,"Beach 1.jpg","pic"
"358","64b3ebc9ad6778799f835dcb",0,0,0,0,0,"Rainbow 2.jpg","pic"
"359","64b3ebc9ad6778799f835dcb",0,0,0,0,0,"Lake 12.jpg","pic"
"360","64b3ebc9ad6778799f835dcb",0,0,0,0,0,"Clean 1.jpg","pic"
"361","64b3ebc9ad6778799f835dcb",0,0,0,83,0,"Fireworks 6.jpg","pic"
"362","64b3ebc9ad6778799f835dcb",100,100,13,43,50,"Destruction 2.jpg","pic"
"363","64b3ebc9ad6778799f835dcb",99,0,100,69,33,"Toilet 4.jpg","pic"
"364","64b3ebc9ad6778799f835dcb",0,0,100,75,0,"Ferret 1.jpg","pic"
"365","64b3ebc9ad6778799f835dcb",78,0,0,100,20,"Fire 10.jpg","pic"
"366","64b3ebc9ad6778799f835dcb",0,0,0,100,0,"Snow 1.jpg","pic"
"367","64b3ebc9ad6778799f835dcb",0,0,0,0,0,"Heart 3.jpg","pic"
"368","64b3ebc9ad6778799f835dcb",0,0,30,0,0,"Rocks 1.jpg","pic"
"369","57dd186e6598aa0001992616",10,36,14,37,53,"Fire 10.jpg","pic"
"370","57dd186e6598aa0001992616",61,65,39,52,53,"Dirt 1.jpg","pic"
"371","57dd186e6598aa0001992616",37,50,8,27,36,"Flood 1.jpg","pic"
"372","57dd186e6598aa0001992616",23,65,15,51,78,"Toilet 4.jpg","pic"
"373","57dd186e6598aa0001992616",0,11,0,0,0,"Heart 3.jpg","pic"
"374","57dd186e6598aa0001992616",0,0,0,1,4,"Fireworks 6.jpg","pic"
"375","57dd186e6598aa0001992616",0,0,0,0,0,"Clean 1.jpg","pic"
"376","57dd186e6598aa0001992616",62,48,1,42,46,"Garbage dump 1.jpg","pic"
"377","57dd186e6598aa0001992616",0,8,2,0,2,"Rocks 1.jpg","pic"
"378","57dd186e6598aa0001992616",0,0,0,0,0,"Lake 12.jpg","pic"
"379","57dd186e6598aa0001992616",0,0,0,0,0,"Rainbow 2.jpg","pic"
"380","57dd186e6598aa0001992616",39,58,24,57,57,"Prison 2.jpg","pic"
"381","57dd186e6598aa0001992616",18,22,72,63,53,"Ferret 1.jpg","pic"
"382","57dd186e6598aa0001992616",45,27,5,26,30,"Destruction 2.jpg","pic"
"383","57dd186e6598aa0001992616",1,7,0,1,0,"Snow 1.jpg","pic"
"384","57dd186e6598aa0001992616",0,0,0,0,0,"Beach 1.jpg","pic"
"385","6944131af019fea3b689eb5f",0,0,0,30,0,"Snow 1.jpg","pic"
"386","6944131af019fea3b689eb5f",0,0,0,0,0,"Beach 1.jpg","pic"
"387","6944131af019fea3b689eb5f",0,0,80,100,30,"Ferret 1.jpg","pic"
"388","6944131af019fea3b689eb5f",0,0,0,0,0,"Fireworks 6.jpg","pic"
"389","6944131af019fea3b689eb5f",0,0,0,0,0,"Rainbow 2.jpg","pic"
"390","6944131af019fea3b689eb5f",0,0,0,0,0,"Clean 1.jpg","pic"
"391","6944131af019fea3b689eb5f",0,0,30,60,0,"Fire 10.jpg","pic"
"392","6944131af019fea3b689eb5f",0,0,87,85,52,"Toilet 4.jpg","pic"
"393","6944131af019fea3b689eb5f",0,100,35,65,100,"Destruction 2.jpg","pic"
"394","6944131af019fea3b689eb5f",55,0,40,25,0,"Flood 1.jpg","pic"
"395","6944131af019fea3b689eb5f",0,0,0,0,0,"Lake 12.jpg","pic"
"396","6944131af019fea3b689eb5f",20,0,0,0,0,"Rocks 1.jpg","pic"
"397","6944131af019fea3b689eb5f",0,0,0,0,0,"Dirt 1.jpg","pic"
"398","6944131af019fea3b689eb5f",0,0,0,0,0,"Garbage dump 1.jpg","pic"
"399","6944131af019fea3b689eb5f",0,0,0,0,0,"Heart 3.jpg","pic"
"400","6944131af019fea3b689eb5f",65,40,30,60,20,"Prison 2.jpg","pic"
"401","612517df29cd32c6632b4a44",24,7,0,0,8,"Garbage dump 1.jpg","pic"
"402","612517df29cd32c6632b4a44",24,3,0,24,0,"Toilet 4.jpg","pic"
"403","612517df29cd32c6632b4a44",0,0,0,0,0,"Snow 1.jpg","pic"
"404","612517df29cd32c6632b4a44",0,0,0,0,0,"Beach 1.jpg","pic"
"405","612517df29cd32c6632b4a44",0,0,0,0,0,"Lake 12.jpg","pic"
"406","612517df29cd32c6632b4a44",43,32,9,15,9,"Destruction 2.jpg","pic"
"407","612517df29cd32c6632b4a44",41,9,4,10,11,"Prison 2.jpg","pic"
"408","612517df29cd32c6632b4a44",0,0,0,0,0,"Rainbow 2.jpg","pic"
"409","612517df29cd32c6632b4a44",4,12,3,9,4,"Flood 1.jpg","pic"
"410","612517df29cd32c6632b4a44",0,0,0,0,0,"Heart 3.jpg","pic"
"411","612517df29cd32c6632b4a44",12,0,6,15,10,"Dirt 1.jpg","pic"
"412","612517df29cd32c6632b4a44",0,0,6,0,4,"Rocks 1.jpg","pic"
"413","612517df29cd32c6632b4a44",0,0,62,62,12,"Ferret 1.jpg","pic"
"414","612517df29cd32c6632b4a44",0,0,0,0,0,"Clean 1.jpg","pic"
"415","612517df29cd32c6632b4a44",0,0,10,0,0,"Fireworks 6.jpg","pic"
"416","612517df29cd32c6632b4a44",34,45,13,23,12,"Fire 10.jpg","pic"
"417","64345edc0fd9813bdd9ef181",0,0,0,50,0,"Dirt 1.jpg","pic"
"418","64345edc0fd9813bdd9ef181",100,100,100,100,100,"Fire 10.jpg","pic"
"419","64345edc0fd9813bdd9ef181",0,0,0,0,0,"Beach 1.jpg","pic"
"420","64345edc0fd9813bdd9ef181",0,0,50,50,50,"Ferret 1.jpg","pic"
"421","64345edc0fd9813bdd9ef181",0,0,0,0,0,"Rainbow 2.jpg","pic"
"422","64345edc0fd9813bdd9ef181",0,0,0,0,0,"Fireworks 6.jpg","pic"
"423","64345edc0fd9813bdd9ef181",100,100,100,100,100,"Toilet 4.jpg","pic"
"424","64345edc0fd9813bdd9ef181",100,100,100,100,100,"Garbage dump 1.jpg","pic"
"425","64345edc0fd9813bdd9ef181",0,0,0,0,0,"Rocks 1.jpg","pic"
"426","64345edc0fd9813bdd9ef181",0,0,0,0,0,"Lake 12.jpg","pic"
"427","64345edc0fd9813bdd9ef181",0,0,0,0,0,"Clean 1.jpg","pic"
"428","64345edc0fd9813bdd9ef181",100,50,100,50,100,"Prison 2.jpg","pic"
"429","64345edc0fd9813bdd9ef181",100,100,50,50,100,"Destruction 2.jpg","pic"
"430","64345edc0fd9813bdd9ef181",100,100,50,100,50,"Flood 1.jpg","pic"
"431","64345edc0fd9813bdd9ef181",0,0,0,0,0,"Heart 3.jpg","pic"
"432","64345edc0fd9813bdd9ef181",0,0,0,0,0,"Snow 1.jpg","pic"
"433","6682fbc595609e3f88048a53",0,50,0,0,0,"Destruction 2.jpg","pic"
"434","6682fbc595609e3f88048a53",0,0,0,0,0,"Lake 12.jpg","pic"
"435","6682fbc595609e3f88048a53",0,0,0,0,0,"Heart 3.jpg","pic"
"436","6682fbc595609e3f88048a53",0,0,0,0,0,"Fireworks 6.jpg","pic"
"437","6682fbc595609e3f88048a53",0,0,0,19,61,"Snow 1.jpg","pic"
"438","6682fbc595609e3f88048a53",0,0,0,0,0,"Rocks 1.jpg","pic"
"439","6682fbc595609e3f88048a53",0,55,0,0,0,"Flood 1.jpg","pic"
"440","6682fbc595609e3f88048a53",0,0,0,0,0,"Clean 1.jpg","pic"
"441","6682fbc595609e3f88048a53",0,20,0,0,0,"Rainbow 2.jpg","pic"
"442","6682fbc595609e3f88048a53",0,0,0,0,0,"Garbage dump 1.jpg","pic"
"443","6682fbc595609e3f88048a53",0,0,0,0,0,"Beach 1.jpg","pic"
"444","6682fbc595609e3f88048a53",24,53,54,9,0,"Fire 10.jpg","pic"
"445","6682fbc595609e3f88048a53",0,0,53,0,0,"Toilet 4.jpg","pic"
"446","6682fbc595609e3f88048a53",0,0,0,0,0,"Dirt 1.jpg","pic"
"447","6682fbc595609e3f88048a53",26,50,50,0,0,"Prison 2.jpg","pic"
"448","6682fbc595609e3f88048a53",0,0,0,0,0,"Ferret 1.jpg","pic"
"449","67cb51b23d74b436185a20eb",37,27,98,50,66,"Ferret 1.jpg","pic"
"450","67cb51b23d74b436185a20eb",0,29,0,4,0,"Garbage dump 1.jpg","pic"
"451","67cb51b23d74b436185a20eb",23,0,0,6,0,"Rainbow 2.jpg","pic"
"452","67cb51b23d74b436185a20eb",13,1,10,4,0,"Snow 1.jpg","pic"
"453","67cb51b23d74b436185a20eb",1,1,1,3,5,"Beach 1.jpg","pic"
"454","67cb51b23d74b436185a20eb",51,56,77,59,24,"Fire 10.jpg","pic"
"455","67cb51b23d74b436185a20eb",0,1,0,0,0,"Lake 12.jpg","pic"
"456","67cb51b23d74b436185a20eb",0,0,0,3,0,"Rocks 1.jpg","pic"
"457","67cb51b23d74b436185a20eb",32,63,66,58,15,"Destruction 2.jpg","pic"
"458","67cb51b23d74b436185a20eb",0,35,44,59,29,"Toilet 4.jpg","pic"
"459","67cb51b23d74b436185a20eb",0,5,2,0,0,"Clean 1.jpg","pic"
"460","67cb51b23d74b436185a20eb",26,0,0,0,0,"Fireworks 6.jpg","pic"
"461","67cb51b23d74b436185a20eb",25,25,0,0,3,"Flood 1.jpg","pic"
"462","67cb51b23d74b436185a20eb",44,17,46,9,3,"Heart 3.jpg","pic"
"463","67cb51b23d74b436185a20eb",1,38,46,47,25,"Dirt 1.jpg","pic"
"464","67cb51b23d74b436185a20eb",10,0,24,0,0,"Prison 2.jpg","pic"
"465","65ccfdf16bdcab83d5bd1163",62,23,42,81,65,"Ferret 1.jpg","pic"
"466","65ccfdf16bdcab83d5bd1163",65,57,19,55,21,"Prison 2.jpg","pic"
"467","65ccfdf16bdcab83d5bd1163",33,17,9,48,14,"Destruction 2.jpg","pic"
"468","65ccfdf16bdcab83d5bd1163",0,0,0,0,0,"Fireworks 6.jpg","pic"
"469","65ccfdf16bdcab83d5bd1163",0,0,0,0,0,"Clean 1.jpg","pic"
"470","65ccfdf16bdcab83d5bd1163",0,0,0,0,0,"Rainbow 2.jpg","pic"
"471","65ccfdf16bdcab83d5bd1163",37,20,7,35,27,"Toilet 4.jpg","pic"
"472","65ccfdf16bdcab83d5bd1163",6,8,0,0,0,"Rocks 1.jpg","pic"
"473","65ccfdf16bdcab83d5bd1163",7,1,2,1,0,"Fire 10.jpg","pic"
"474","65ccfdf16bdcab83d5bd1163",5,14,3,0,1,"Dirt 1.jpg","pic"
"475","65ccfdf16bdcab83d5bd1163",20,17,1,33,19,"Garbage dump 1.jpg","pic"
"476","65ccfdf16bdcab83d5bd1163",31,10,14,28,24,"Flood 1.jpg","pic"
"477","65ccfdf16bdcab83d5bd1163",6,12,3,16,28,"Snow 1.jpg","pic"
"478","65ccfdf16bdcab83d5bd1163",0,0,0,0,0,"Lake 12.jpg","pic"
"479","65ccfdf16bdcab83d5bd1163",0,0,3,7,1,"Heart 3.jpg","pic"
"480","65ccfdf16bdcab83d5bd1163",0,0,0,0,0,"Beach 1.jpg","pic"
"481","63474e67a5fd298c6103c409",7,24,9,1,23,"Flood 1.jpg","pic"
"482","63474e67a5fd298c6103c409",10,5,6,5,5,"Clean 1.jpg","pic"
"483","63474e67a5fd298c6103c409",10,29,7,16,56,"Destruction 2.jpg","pic"
"484","63474e67a5fd298c6103c409",3,12,5,5,10,"Rainbow 2.jpg","pic"
"485","63474e67a5fd298c6103c409",12,4,6,27,59,"Fire 10.jpg","pic"
"486","63474e67a5fd298c6103c409",28,15,5,12,30,"Dirt 1.jpg","pic"
"487","63474e67a5fd298c6103c409",1,2,6,10,14,"Ferret 1.jpg","pic"
"488","63474e67a5fd298c6103c409",57,21,26,45,39,"Prison 2.jpg","pic"
"489","63474e67a5fd298c6103c409",38,15,16,16,51,"Toilet 4.jpg","pic"
"490","63474e67a5fd298c6103c409",0,1,11,4,41,"Fireworks 6.jpg","pic"
"491","63474e67a5fd298c6103c409",8,4,4,7,0,"Lake 12.jpg","pic"
"492","63474e67a5fd298c6103c409",4,8,4,0,13,"Beach 1.jpg","pic"
"493","63474e67a5fd298c6103c409",5,5,10,18,10,"Snow 1.jpg","pic"
"494","63474e67a5fd298c6103c409",18,5,6,19,37,"Garbage dump 1.jpg","pic"
"495","63474e67a5fd298c6103c409",4,5,7,10,4,"Rocks 1.jpg","pic"
"496","63474e67a5fd298c6103c409",35,6,3,4,34,"Heart 3.jpg","pic"
"497","65e375588229327640a29ad9",0,0,0,0,0,"Snow 1.jpg","pic"
"498","65e375588229327640a29ad9",38,44,36,52,18,"Flood 1.jpg","pic"
"499","65e375588229327640a29ad9",0,0,0,0,2,"Clean 1.jpg","pic"
"500","65e375588229327640a29ad9",0,0,23,53,4,"Ferret 1.jpg","pic"
"501","65e375588229327640a29ad9",17,0,0,1,0,"Dirt 1.jpg","pic"
"502","65e375588229327640a29ad9",0,0,0,0,0,"Fire 10.jpg","pic"
"503","65e375588229327640a29ad9",0,0,4,0,0,"Rocks 1.jpg","pic"
"504","65e375588229327640a29ad9",0,0,0,0,0,"Toilet 4.jpg","pic"
"505","65e375588229327640a29ad9",0,0,0,0,0,"Heart 3.jpg","pic"
"506","65e375588229327640a29ad9",0,0,0,0,0,"Lake 12.jpg","pic"
"507","65e375588229327640a29ad9",0,0,0,0,0,"Rainbow 2.jpg","pic"
"508","65e375588229327640a29ad9",80,26,22,47,8,"Prison 2.jpg","pic"
"509","65e375588229327640a29ad9",0,0,0,0,0,"Fireworks 6.jpg","pic"
"510","65e375588229327640a29ad9",0,0,0,0,0,"Beach 1.jpg","pic"
"511","65e375588229327640a29ad9",21,3,7,19,0,"Garbage dump 1.jpg","pic"
"512","65e375588229327640a29ad9",42,26,0,50,26,"Destruction 2.jpg","pic"
"513","580cab86b869700001d71628",3,2,6,3,2,"Clean 1.jpg","pic"
"514","580cab86b869700001d71628",3,2,0,1,2,"Rainbow 2.jpg","pic"
"515","580cab86b869700001d71628",14,0,48,71,20,"Rocks 1.jpg","pic"
"516","580cab86b869700001d71628",46,5,2,98,3,"Heart 3.jpg","pic"
"517","580cab86b869700001d71628",11,4,46,55,50,"Dirt 1.jpg","pic"
"518","580cab86b869700001d71628",99,100,54,97,56,"Toilet 4.jpg","pic"
"519","580cab86b869700001d71628",51,1,26,48,47,"Ferret 1.jpg","pic"
"520","580cab86b869700001d71628",97,49,96,74,58,"Flood 1.jpg","pic"
"521","580cab86b869700001d71628",0,4,1,44,1,"Snow 1.jpg","pic"
"522","580cab86b869700001d71628",1,1,0,44,1,"Fireworks 6.jpg","pic"
"523","580cab86b869700001d71628",99,52,51,100,88,"Destruction 2.jpg","pic"
"524","580cab86b869700001d71628",5,1,1,3,3,"Lake 12.jpg","pic"
"525","580cab86b869700001d71628",2,49,1,0,2,"Beach 1.jpg","pic"
"526","580cab86b869700001d71628",97,55,76,84,80,"Prison 2.jpg","pic"
"527","580cab86b869700001d71628",96,46,30,53,98,"Garbage dump 1.jpg","pic"
"528","580cab86b869700001d71628",1,54,97,98,97,"Fire 10.jpg","pic"
"529","67ed8001c2b6765fa734649d",4,16,53,27,31,"Prison 2.jpg","pic"
"530","67ed8001c2b6765fa734649d",35,31,46,50,5,"Garbage dump 1.jpg","pic"
"531","67ed8001c2b6765fa734649d",1,0,1,0,1,"Rocks 1.jpg","pic"
"532","67ed8001c2b6765fa734649d",1,1,1,1,1,"Beach 1.jpg","pic"
"533","67ed8001c2b6765fa734649d",5,35,67,38,29,"Ferret 1.jpg","pic"
"534","67ed8001c2b6765fa734649d",8,4,4,24,2,"Rainbow 2.jpg","pic"
"535","67ed8001c2b6765fa734649d",43,51,53,43,6,"Fire 10.jpg","pic"
"536","67ed8001c2b6765fa734649d",4,0,0,1,1,"Heart 3.jpg","pic"
"537","67ed8001c2b6765fa734649d",5,1,0,3,3,"Clean 1.jpg","pic"
"538","67ed8001c2b6765fa734649d",35,26,33,32,23,"Dirt 1.jpg","pic"
"539","67ed8001c2b6765fa734649d",20,18,20,21,16,"Lake 12.jpg","pic"
"540","67ed8001c2b6765fa734649d",41,34,29,55,29,"Toilet 4.jpg","pic"
"541","67ed8001c2b6765fa734649d",1,1,2,0,5,"Fireworks 6.jpg","pic"
"542","67ed8001c2b6765fa734649d",42,44,34,38,31,"Destruction 2.jpg","pic"
"543","67ed8001c2b6765fa734649d",5,11,10,23,6,"Snow 1.jpg","pic"
"544","67ed8001c2b6765fa734649d",43,36,13,51,21,"Flood 1.jpg","pic"
"545","69416ab139b4b8d585aa4848",74,92,100,100,94,"Flood 1.jpg","pic"
"546","69416ab139b4b8d585aa4848",0,0,89,100,17,"Ferret 1.jpg","pic"
"547","69416ab139b4b8d585aa4848",11,0,28,72,14,"Garbage dump 1.jpg","pic"
"548","69416ab139b4b8d585aa4848",55,43,4,35,0,"Fireworks 6.jpg","pic"
"549","69416ab139b4b8d585aa4848",0,0,24,0,0,"Lake 12.jpg","pic"
"550","69416ab139b4b8d585aa4848",53,16,100,83,42,"Toilet 4.jpg","pic"
"551","69416ab139b4b8d585aa4848",0,0,0,0,0,"Rocks 1.jpg","pic"
"552","69416ab139b4b8d585aa4848",66,94,76,93,91,"Destruction 2.jpg","pic"
"553","69416ab139b4b8d585aa4848",72,25,35,44,0,"Dirt 1.jpg","pic"
"554","69416ab139b4b8d585aa4848",0,0,2,0,0,"Rainbow 2.jpg","pic"
"555","69416ab139b4b8d585aa4848",0,0,0,0,0,"Clean 1.jpg","pic"
"556","69416ab139b4b8d585aa4848",0,0,8,19,0,"Fire 10.jpg","pic"
"557","69416ab139b4b8d585aa4848",0,0,0,0,0,"Prison 2.jpg","pic"
"558","69416ab139b4b8d585aa4848",0,0,0,0,0,"Beach 1.jpg","pic"
"559","69416ab139b4b8d585aa4848",0,0,0,0,0,"Heart 3.jpg","pic"
"560","69416ab139b4b8d585aa4848",17,0,0,0,0,"Snow 1.jpg","pic"
"561","559347f6fdf99b790feb6435",19,8,4,6,7,"Clean 1.jpg","pic"
"562","559347f6fdf99b790feb6435",59,4,39,49,23,"Dirt 1.jpg","pic"
"563","559347f6fdf99b790feb6435",10,9,18,20,7,"Fireworks 6.jpg","pic"
"564","559347f6fdf99b790feb6435",9,4,3,6,2,"Lake 12.jpg","pic"
"565","559347f6fdf99b790feb6435",24,2,13,25,2,"Rocks 1.jpg","pic"
"566","559347f6fdf99b790feb6435",64,69,49,65,60,"Destruction 2.jpg","pic"
"567","559347f6fdf99b790feb6435",22,13,5,12,5,"Snow 1.jpg","pic"
"568","559347f6fdf99b790feb6435",40,0,32,68,42,"Flood 1.jpg","pic"
"569","559347f6fdf99b790feb6435",40,1,42,61,41,"Garbage dump 1.jpg","pic"
"570","559347f6fdf99b790feb6435",23,12,54,38,6,"Toilet 4.jpg","pic"
"571","559347f6fdf99b790feb6435",26,2,6,25,1,"Heart 3.jpg","pic"
"572","559347f6fdf99b790feb6435",4,3,64,48,6,"Ferret 1.jpg","pic"
"573","559347f6fdf99b790feb6435",15,12,56,73,63,"Fire 10.jpg","pic"
"574","559347f6fdf99b790feb6435",4,5,2,22,3,"Beach 1.jpg","pic"
"575","559347f6fdf99b790feb6435",68,13,58,50,19,"Prison 2.jpg","pic"
"576","559347f6fdf99b790feb6435",4,15,19,2,4,"Rainbow 2.jpg","pic"
"577","61350714824fe9ef61afde03",0,0,0,0,0,"Heart 3.jpg","pic"
"578","61350714824fe9ef61afde03",57,84,63,56,45,"Flood 1.jpg","pic"
"579","61350714824fe9ef61afde03",0,0,0,0,0,"Snow 1.jpg","pic"
"580","61350714824fe9ef61afde03",0,67,31,48,57,"Dirt 1.jpg","pic"
"581","61350714824fe9ef61afde03",49,86,66,17,85,"Destruction 2.jpg","pic"
"582","61350714824fe9ef61afde03",0,0,0,0,0,"Beach 1.jpg","pic"
"583","61350714824fe9ef61afde03",0,0,0,0,0,"Clean 1.jpg","pic"
"584","61350714824fe9ef61afde03",0,83,0,0,51,"Ferret 1.jpg","pic"
"585","61350714824fe9ef61afde03",100,100,100,100,100,"Fire 10.jpg","pic"
"586","61350714824fe9ef61afde03",0,0,0,0,0,"Fireworks 6.jpg","pic"
"587","61350714824fe9ef61afde03",56,79,49,0,67,"Prison 2.jpg","pic"
"588","61350714824fe9ef61afde03",0,0,0,0,0,"Toilet 4.jpg","pic"
"589","61350714824fe9ef61afde03",0,0,0,0,0,"Lake 12.jpg","pic"
"590","61350714824fe9ef61afde03",0,0,0,0,0,"Rocks 1.jpg","pic"
"591","61350714824fe9ef61afde03",0,0,0,0,0,"Rainbow 2.jpg","pic"
"592","61350714824fe9ef61afde03",74,80,0,88,76,"Garbage dump 1.jpg","pic"
"593","669fdf35b877ffb7641b412e",0,0,0,0,0,"Fireworks 6.jpg","pic"
"594","669fdf35b877ffb7641b412e",0,0,0,0,0,"Snow 1.jpg","pic"
"595","669fdf35b877ffb7641b412e",100,100,100,100,100,"Destruction 2.jpg","pic"
"596","669fdf35b877ffb7641b412e",100,100,100,100,100,"Fire 10.jpg","pic"
"597","669fdf35b877ffb7641b412e",45,45,0,48,0,"Dirt 1.jpg","pic"
"598","669fdf35b877ffb7641b412e",0,0,0,47,47,"Lake 12.jpg","pic"
"599","669fdf35b877ffb7641b412e",0,55,100,100,18,"Toilet 4.jpg","pic"
"600","669fdf35b877ffb7641b412e",100,44,100,100,32,"Prison 2.jpg","pic"
"601","669fdf35b877ffb7641b412e",0,0,0,0,0,"Rainbow 2.jpg","pic"
"602","669fdf35b877ffb7641b412e",0,0,0,0,0,"Clean 1.jpg","pic"
"603","669fdf35b877ffb7641b412e",0,0,0,0,0,"Heart 3.jpg","pic"
"604","669fdf35b877ffb7641b412e",0,0,100,100,53,"Ferret 1.jpg","pic"
"605","669fdf35b877ffb7641b412e",0,0,0,100,44,"Garbage dump 1.jpg","pic"
"606","669fdf35b877ffb7641b412e",100,100,100,100,100,"Flood 1.jpg","pic"
"607","669fdf35b877ffb7641b412e",0,0,0,0,0,"Rocks 1.jpg","pic"
"608","669fdf35b877ffb7641b412e",0,0,0,0,0,"Beach 1.jpg","pic"
"609","666883e7cd549b6798159085",0,0,0,0,0,"Clean 1.jpg","pic"
"610","666883e7cd549b6798159085",5,5,0,0,0,"Garbage dump 1.jpg","pic"
"611","666883e7cd549b6798159085",0,0,10,0,0,"Ferret 1.jpg","pic"
"612","666883e7cd549b6798159085",10,0,0,0,3,"Flood 1.jpg","pic"
"613","666883e7cd549b6798159085",0,0,0,0,0,"Dirt 1.jpg","pic"
"614","666883e7cd549b6798159085",0,0,0,0,0,"Snow 1.jpg","pic"
"615","666883e7cd549b6798159085",0,0,0,0,0,"Rocks 1.jpg","pic"
"616","666883e7cd549b6798159085",15,20,5,0,10,"Destruction 2.jpg","pic"
"617","666883e7cd549b6798159085",0,0,0,0,0,"Beach 1.jpg","pic"
"618","666883e7cd549b6798159085",0,0,0,0,0,"Toilet 4.jpg","pic"
"619","666883e7cd549b6798159085",0,0,0,0,2,"Rainbow 2.jpg","pic"
"620","666883e7cd549b6798159085",0,0,0,0,0,"Lake 12.jpg","pic"
"621","666883e7cd549b6798159085",0,0,0,0,0,"Fireworks 6.jpg","pic"
"622","666883e7cd549b6798159085",10,15,10,0,0,"Prison 2.jpg","pic"
"623","666883e7cd549b6798159085",0,0,0,0,0,"Fire 10.jpg","pic"
"624","666883e7cd549b6798159085",0,0,0,0,0,"Heart 3.jpg","pic"
"625","59948cbdcf1d1700016efa45",0,36,21,27,30,"Ferret 1.jpg","pic"
"626","59948cbdcf1d1700016efa45",10,9,1,1,16,"Dirt 1.jpg","pic"
"627","59948cbdcf1d1700016efa45",0,0,0,0,0,"Clean 1.jpg","pic"
"628","59948cbdcf1d1700016efa45",62,51,24,39,28,"Prison 2.jpg","pic"
"629","59948cbdcf1d1700016efa45",39,31,11,50,18,"Toilet 4.jpg","pic"
"630","59948cbdcf1d1700016efa45",59,58,0,12,44,"Destruction 2.jpg","pic"
"631","59948cbdcf1d1700016efa45",30,56,0,5,22,"Garbage dump 1.jpg","pic"
"632","59948cbdcf1d1700016efa45",0,1,0,2,0,"Rainbow 2.jpg","pic"
"633","59948cbdcf1d1700016efa45",53,45,9,26,23,"Flood 1.jpg","pic"
"634","59948cbdcf1d1700016efa45",0,0,0,0,0,"Fireworks 6.jpg","pic"
"635","59948cbdcf1d1700016efa45",0,0,0,0,0,"Snow 1.jpg","pic"
"636","59948cbdcf1d1700016efa45",5,12,0,0,0,"Heart 3.jpg","pic"
"637","59948cbdcf1d1700016efa45",0,15,0,0,0,"Rocks 1.jpg","pic"
"638","59948cbdcf1d1700016efa45",0,0,0,0,0,"Lake 12.jpg","pic"
"639","59948cbdcf1d1700016efa45",48,53,43,69,47,"Fire 10.jpg","pic"
"640","59948cbdcf1d1700016efa45",0,0,1,0,0,"Beach 1.jpg","pic"
"641","608bfa04767191aa4d57bfd8",0,4,2,2,4,"Fireworks 6.jpg","pic"
"642","608bfa04767191aa4d57bfd8",90,82,94,84,64,"Prison 2.jpg","pic"
"643","608bfa04767191aa4d57bfd8",3,4,6,2,4,"Clean 1.jpg","pic"
"644","608bfa04767191aa4d57bfd8",49,36,44,59,41,"Dirt 1.jpg","pic"
"645","608bfa04767191aa4d57bfd8",5,3,4,1,4,"Beach 1.jpg","pic"
"646","608bfa04767191aa4d57bfd8",4,4,7,5,3,"Rocks 1.jpg","pic"
"647","608bfa04767191aa4d57bfd8",49,65,3,69,41,"Garbage dump 1.jpg","pic"
"648","608bfa04767191aa4d57bfd8",2,1,5,1,1,"Rainbow 2.jpg","pic"
"649","608bfa04767191aa4d57bfd8",35,47,98,91,85,"Ferret 1.jpg","pic"
"650","608bfa04767191aa4d57bfd8",2,6,4,6,6,"Snow 1.jpg","pic"
"651","608bfa04767191aa4d57bfd8",65,12,97,84,77,"Fire 10.jpg","pic"
"652","608bfa04767191aa4d57bfd8",4,10,5,5,4,"Heart 3.jpg","pic"
"653","608bfa04767191aa4d57bfd8",70,71,85,81,72,"Toilet 4.jpg","pic"
"654","608bfa04767191aa4d57bfd8",67,61,24,64,68,"Flood 1.jpg","pic"
"655","608bfa04767191aa4d57bfd8",70,84,72,92,82,"Destruction 2.jpg","pic"
"656","608bfa04767191aa4d57bfd8",6,13,6,10,10,"Lake 12.jpg","pic"
"657","65e64c08cd1bf3d6ab957af7",13,6,0,15,0,"Rainbow 2.jpg","pic"
"658","65e64c08cd1bf3d6ab957af7",23,49,0,22,63,"Flood 1.jpg","pic"
"659","65e64c08cd1bf3d6ab957af7",0,0,0,0,0,"Dirt 1.jpg","pic"
"660","65e64c08cd1bf3d6ab957af7",0,0,0,0,0,"Fire 10.jpg","pic"
"661","65e64c08cd1bf3d6ab957af7",0,0,0,0,0,"Ferret 1.jpg","pic"
"662","65e64c08cd1bf3d6ab957af7",0,0,0,0,0,"Rocks 1.jpg","pic"
"663","65e64c08cd1bf3d6ab957af7",22,18,41,49,62,"Prison 2.jpg","pic"
"664","65e64c08cd1bf3d6ab957af7",48,21,0,0,28,"Fireworks 6.jpg","pic"
"665","65e64c08cd1bf3d6ab957af7",0,0,0,0,0,"Toilet 4.jpg","pic"
"666","65e64c08cd1bf3d6ab957af7",0,0,0,0,0,"Garbage dump 1.jpg","pic"
"667","65e64c08cd1bf3d6ab957af7",0,0,0,0,0,"Clean 1.jpg","pic"
"668","65e64c08cd1bf3d6ab957af7",0,0,0,0,11,"Destruction 2.jpg","pic"
"669","65e64c08cd1bf3d6ab957af7",14,59,0,16,50,"Beach 1.jpg","pic"
"670","65e64c08cd1bf3d6ab957af7",0,0,0,0,0,"Lake 12.jpg","pic"
"671","65e64c08cd1bf3d6ab957af7",0,0,0,0,0,"Heart 3.jpg","pic"
"672","65e64c08cd1bf3d6ab957af7",0,0,0,0,0,"Snow 1.jpg","pic"
"673","6637b21240220c2517fffa1a",8,0,0,0,0,"Rocks 1.jpg","pic"
"674","6637b21240220c2517fffa1a",0,0,24,35,0,"Fireworks 6.jpg","pic"
"675","6637b21240220c2517fffa1a",0,0,0,0,0,"Snow 1.jpg","pic"
"676","6637b21240220c2517fffa1a",0,0,0,0,0,"Rainbow 2.jpg","pic"
"677","6637b21240220c2517fffa1a",0,0,0,0,0,"Beach 1.jpg","pic"
"678","6637b21240220c2517fffa1a",0,11,8,7,0,"Ferret 1.jpg","pic"
"679","6637b21240220c2517fffa1a",0,0,0,0,0,"Clean 1.jpg","pic"
"680","6637b21240220c2517fffa1a",18,18,32,34,19,"Destruction 2.jpg","pic"
"681","6637b21240220c2517fffa1a",0,41,11,10,36,"Toilet 4.jpg","pic"
"682","6637b21240220c2517fffa1a",8,7,0,22,7,"Garbage dump 1.jpg","pic"
"683","6637b21240220c2517fffa1a",0,0,0,0,0,"Lake 12.jpg","pic"
"684","6637b21240220c2517fffa1a",15,11,5,0,5,"Dirt 1.jpg","pic"
"685","6637b21240220c2517fffa1a",0,0,0,0,0,"Heart 3.jpg","pic"
"686","6637b21240220c2517fffa1a",7,67,18,12,66,"Fire 10.jpg","pic"
"687","6637b21240220c2517fffa1a",46,17,11,12,6,"Prison 2.jpg","pic"
"688","6637b21240220c2517fffa1a",3,30,57,61,35,"Flood 1.jpg","pic"
"689","675df96b5f9fce8b022ec062",16,13,13,7,7,"Rocks 1.jpg","pic"
"690","675df96b5f9fce8b022ec062",25,7,13,12,12,"Snow 1.jpg","pic"
"691","675df96b5f9fce8b022ec062",5,4,0,1,0,"Clean 1.jpg","pic"
"692","675df96b5f9fce8b022ec062",41,25,33,40,32,"Lake 12.jpg","pic"
"693","675df96b5f9fce8b022ec062",9,20,79,80,41,"Ferret 1.jpg","pic"
"694","675df96b5f9fce8b022ec062",2,0,0,1,0,"Beach 1.jpg","pic"
"695","675df96b5f9fce8b022ec062",30,16,10,26,29,"Toilet 4.jpg","pic"
"696","675df96b5f9fce8b022ec062",23,9,14,20,19,"Garbage dump 1.jpg","pic"
"697","675df96b5f9fce8b022ec062",63,32,73,61,52,"Flood 1.jpg","pic"
"698","675df96b5f9fce8b022ec062",18,13,22,12,21,"Dirt 1.jpg","pic"
"699","675df96b5f9fce8b022ec062",3,4,2,3,0,"Heart 3.jpg","pic"
"700","675df96b5f9fce8b022ec062",39,40,72,61,55,"Fire 10.jpg","pic"
"701","675df96b5f9fce8b022ec062",8,12,5,10,7,"Fireworks 6.jpg","pic"
"702","675df96b5f9fce8b022ec062",8,12,9,10,15,"Rainbow 2.jpg","pic"
"703","675df96b5f9fce8b022ec062",46,57,63,60,57,"Destruction 2.jpg","pic"
"704","675df96b5f9fce8b022ec062",69,44,82,73,63,"Prison 2.jpg","pic"
"705","5bb10d4288f88d0001f3d151",72,84,56,70,98,"Garbage dump 1.jpg","pic"
"706","5bb10d4288f88d0001f3d151",98,75,22,54,89,"Destruction 2.jpg","pic"
"707","5bb10d4288f88d0001f3d151",6,1,1,6,1,"Snow 1.jpg","pic"
"708","5bb10d4288f88d0001f3d151",1,1,2,1,2,"Beach 1.jpg","pic"
"709","5bb10d4288f88d0001f3d151",61,30,98,96,98,"Ferret 1.jpg","pic"
"710","5bb10d4288f88d0001f3d151",0,1,1,0,2,"Fireworks 6.jpg","pic"
"711","5bb10d4288f88d0001f3d151",2,1,1,1,1,"Clean 1.jpg","pic"
"712","5bb10d4288f88d0001f3d151",1,1,0,2,2,"Lake 12.jpg","pic"
"713","5bb10d4288f88d0001f3d151",1,2,2,7,1,"Heart 3.jpg","pic"
"714","5bb10d4288f88d0001f3d151",88,91,63,86,99,"Flood 1.jpg","pic"
"715","5bb10d4288f88d0001f3d151",73,93,68,73,79,"Dirt 1.jpg","pic"
"716","5bb10d4288f88d0001f3d151",90,89,63,86,98,"Toilet 4.jpg","pic"
"717","5bb10d4288f88d0001f3d151",1,1,1,2,2,"Rocks 1.jpg","pic"
"718","5bb10d4288f88d0001f3d151",79,90,76,92,100,"Fire 10.jpg","pic"
"719","5bb10d4288f88d0001f3d151",86,84,89,97,99,"Prison 2.jpg","pic"
"720","5bb10d4288f88d0001f3d151",0,0,1,1,2,"Rainbow 2.jpg","pic"
"721","64d91e8194411a7a62506acc",6,4,2,6,6,"Fireworks 6.jpg","pic"
"722","64d91e8194411a7a62506acc",35,81,30,30,89,"Destruction 2.jpg","pic"
"723","64d91e8194411a7a62506acc",10,8,41,37,24,"Fire 10.jpg","pic"
"724","64d91e8194411a7a62506acc",26,7,5,12,6,"Prison 2.jpg","pic"
"725","64d91e8194411a7a62506acc",38,57,9,14,53,"Garbage dump 1.jpg","pic"
"726","64d91e8194411a7a62506acc",4,6,5,4,7,"Beach 1.jpg","pic"
"727","64d91e8194411a7a62506acc",5,4,5,5,5,"Lake 12.jpg","pic"
"728","64d91e8194411a7a62506acc",6,2,4,8,3,"Snow 1.jpg","pic"
"729","64d91e8194411a7a62506acc",22,86,5,17,68,"Toilet 4.jpg","pic"
"730","64d91e8194411a7a62506acc",5,5,6,6,5,"Rocks 1.jpg","pic"
"731","64d91e8194411a7a62506acc",8,11,9,9,7,"Heart 3.jpg","pic"
"732","64d91e8194411a7a62506acc",7,7,7,7,8,"Rainbow 2.jpg","pic"
"733","64d91e8194411a7a62506acc",5,3,5,5,5,"Clean 1.jpg","pic"
"734","64d91e8194411a7a62506acc",7,6,7,7,8,"Dirt 1.jpg","pic"
"735","64d91e8194411a7a62506acc",7,7,56,54,35,"Ferret 1.jpg","pic"
"736","64d91e8194411a7a62506acc",52,93,57,67,77,"Flood 1.jpg","pic"
"737","68423451060859f8ce31ee5a",21,11,24,21,23,"Fire 10.jpg","pic"
"738","68423451060859f8ce31ee5a",51,2,68,19,21,"Lake 12.jpg","pic"
"739","68423451060859f8ce31ee5a",20,7,8,70,60,"Rainbow 2.jpg","pic"
"740","68423451060859f8ce31ee5a",74,61,75,85,19,"Flood 1.jpg","pic"
"741","68423451060859f8ce31ee5a",3,4,0,26,11,"Beach 1.jpg","pic"
"742","68423451060859f8ce31ee5a",66,45,70,51,41,"Ferret 1.jpg","pic"
"743","68423451060859f8ce31ee5a",24,25,18,14,57,"Rocks 1.jpg","pic"
"744","68423451060859f8ce31ee5a",56,6,5,20,62,"Toilet 4.jpg","pic"
"745","68423451060859f8ce31ee5a",17,19,10,56,58,"Dirt 1.jpg","pic"
"746","68423451060859f8ce31ee5a",48,7,56,68,59,"Destruction 2.jpg","pic"
"747","68423451060859f8ce31ee5a",52,15,5,34,63,"Prison 2.jpg","pic"
"748","68423451060859f8ce31ee5a",68,73,56,63,24,"Garbage dump 1.jpg","pic"
"749","68423451060859f8ce31ee5a",57,2,2,8,65,"Heart 3.jpg","pic"
"750","68423451060859f8ce31ee5a",17,4,2,64,73,"Snow 1.jpg","pic"
"751","68423451060859f8ce31ee5a",48,13,4,71,65,"Fireworks 6.jpg","pic"
"752","68423451060859f8ce31ee5a",74,4,11,62,6,"Clean 1.jpg","pic"
"753","67d94f701307ac0887c44909",45,12,12,13,9,"Rocks 1.jpg","pic"
"754","67d94f701307ac0887c44909",14,15,10,5,22,"Clean 1.jpg","pic"
"755","67d94f701307ac0887c44909",29,17,26,1,8,"Fireworks 6.jpg","pic"
"756","67d94f701307ac0887c44909",58,11,19,37,61,"Toilet 4.jpg","pic"
"757","67d94f701307ac0887c44909",13,19,10,15,24,"Beach 1.jpg","pic"
"758","67d94f701307ac0887c44909",58,75,73,52,63,"Flood 1.jpg","pic"
"759","67d94f701307ac0887c44909",67,63,44,24,76,"Ferret 1.jpg","pic"
"760","67d94f701307ac0887c44909",50,14,23,50,19,"Dirt 1.jpg","pic"
"761","67d94f701307ac0887c44909",14,20,24,22,17,"Rainbow 2.jpg","pic"
"762","67d94f701307ac0887c44909",33,44,45,30,21,"Fire 10.jpg","pic"
"763","67d94f701307ac0887c44909",72,85,63,57,78,"Destruction 2.jpg","pic"
"764","67d94f701307ac0887c44909",43,36,45,54,37,"Prison 2.jpg","pic"
"765","67d94f701307ac0887c44909",16,25,50,21,10,"Lake 12.jpg","pic"
"766","67d94f701307ac0887c44909",45,34,40,37,19,"Heart 3.jpg","pic"
"767","67d94f701307ac0887c44909",44,46,55,55,50,"Snow 1.jpg","pic"
"768","67d94f701307ac0887c44909",46,59,60,19,74,"Garbage dump 1.jpg","pic"
"769","64275e53f51a5ed4f6b7d019",0,0,0,0,0,"Clean 1.jpg","pic"
"770","64275e53f51a5ed4f6b7d019",0,0,0,0,0,"Rocks 1.jpg","pic"
"771","64275e53f51a5ed4f6b7d019",0,0,0,0,0,"Rainbow 2.jpg","pic"
"772","64275e53f51a5ed4f6b7d019",10,0,0,0,0,"Prison 2.jpg","pic"
"773","64275e53f51a5ed4f6b7d019",0,0,0,0,0,"Destruction 2.jpg","pic"
"774","64275e53f51a5ed4f6b7d019",0,0,0,0,0,"Fire 10.jpg","pic"
"775","64275e53f51a5ed4f6b7d019",0,0,0,0,0,"Garbage dump 1.jpg","pic"
"776","64275e53f51a5ed4f6b7d019",0,0,0,0,0,"Beach 1.jpg","pic"
"777","64275e53f51a5ed4f6b7d019",0,0,0,0,0,"Lake 12.jpg","pic"
"778","64275e53f51a5ed4f6b7d019",0,0,0,0,0,"Ferret 1.jpg","pic"
"779","64275e53f51a5ed4f6b7d019",0,0,0,0,0,"Flood 1.jpg","pic"
"780","64275e53f51a5ed4f6b7d019",0,0,0,0,0,"Toilet 4.jpg","pic"
"781","64275e53f51a5ed4f6b7d019",0,0,0,0,0,"Dirt 1.jpg","pic"
"782","64275e53f51a5ed4f6b7d019",0,0,0,0,0,"Heart 3.jpg","pic"
"783","64275e53f51a5ed4f6b7d019",0,0,0,0,0,"Fireworks 6.jpg","pic"
"784","64275e53f51a5ed4f6b7d019",0,0,0,0,0,"Snow 1.jpg","pic"
"785","67e92dbd9199b830fbecdf2e",14,23,17,41,19,"Snow 1.jpg","pic"
"786","67e92dbd9199b830fbecdf2e",8,14,7,2,9,"Clean 1.jpg","pic"
"787","67e92dbd9199b830fbecdf2e",1,0,4,2,1,"Beach 1.jpg","pic"
"788","67e92dbd9199b830fbecdf2e",11,7,11,7,8,"Rainbow 2.jpg","pic"
"789","67e92dbd9199b830fbecdf2e",86,69,48,74,47,"Flood 1.jpg","pic"
"790","67e92dbd9199b830fbecdf2e",70,79,95,85,71,"Destruction 2.jpg","pic"
"791","67e92dbd9199b830fbecdf2e",55,69,91,78,69,"Fire 10.jpg","pic"
"792","67e92dbd9199b830fbecdf2e",8,16,19,23,6,"Heart 3.jpg","pic"
"793","67e92dbd9199b830fbecdf2e",65,68,68,62,65,"Dirt 1.jpg","pic"
"794","67e92dbd9199b830fbecdf2e",77,78,77,71,71,"Toilet 4.jpg","pic"
"795","67e92dbd9199b830fbecdf2e",8,6,13,16,11,"Rocks 1.jpg","pic"
"796","67e92dbd9199b830fbecdf2e",9,20,33,28,20,"Ferret 1.jpg","pic"
"797","67e92dbd9199b830fbecdf2e",74,80,91,76,82,"Prison 2.jpg","pic"
"798","67e92dbd9199b830fbecdf2e",7,8,13,4,5,"Lake 12.jpg","pic"
"799","67e92dbd9199b830fbecdf2e",84,83,80,91,83,"Garbage dump 1.jpg","pic"
"800","67e92dbd9199b830fbecdf2e",5,2,3,3,4,"Fireworks 6.jpg","pic"
"801","5c1655c7ad682500017070d2",0,0,0,0,0,"Lake 12.jpg","pic"
"802","5c1655c7ad682500017070d2",0,0,0,0,0,"Clean 1.jpg","pic"
"803","5c1655c7ad682500017070d2",23,51,14,27,15,"Flood 1.jpg","pic"
"804","5c1655c7ad682500017070d2",0,0,0,0,0,"Heart 3.jpg","pic"
"805","5c1655c7ad682500017070d2",8,13,22,20,19,"Prison 2.jpg","pic"
"806","5c1655c7ad682500017070d2",4,4,6,4,0,"Garbage dump 1.jpg","pic"
"807","5c1655c7ad682500017070d2",36,52,17,14,24,"Destruction 2.jpg","pic"
"808","5c1655c7ad682500017070d2",0,0,0,0,0,"Fireworks 6.jpg","pic"
"809","5c1655c7ad682500017070d2",0,0,24,25,31,"Ferret 1.jpg","pic"
"810","5c1655c7ad682500017070d2",0,0,0,0,0,"Beach 1.jpg","pic"
"811","5c1655c7ad682500017070d2",28,9,16,13,7,"Toilet 4.jpg","pic"
"812","5c1655c7ad682500017070d2",5,7,0,2,0,"Dirt 1.jpg","pic"
"813","5c1655c7ad682500017070d2",0,0,0,0,0,"Rainbow 2.jpg","pic"
"814","5c1655c7ad682500017070d2",0,0,0,0,0,"Rocks 1.jpg","pic"
"815","5c1655c7ad682500017070d2",14,9,11,16,17,"Fire 10.jpg","pic"
"816","5c1655c7ad682500017070d2",0,0,0,0,0,"Snow 1.jpg","pic"
"817","67104c7deff954cb22438402",33,38,9,9,13,"Rainbow 2.jpg","pic"
"818","67104c7deff954cb22438402",0,0,0,0,0,"Heart 3.jpg","pic"
"819","67104c7deff954cb22438402",0,0,0,0,0,"Snow 1.jpg","pic"
"820","67104c7deff954cb22438402",31,0,33,55,47,"Dirt 1.jpg","pic"
"821","67104c7deff954cb22438402",0,0,0,0,0,"Fireworks 6.jpg","pic"
"822","67104c7deff954cb22438402",0,13,0,0,8,"Beach 1.jpg","pic"
"823","67104c7deff954cb22438402",0,0,0,0,0,"Rocks 1.jpg","pic"
"824","67104c7deff954cb22438402",0,0,70,88,0,"Ferret 1.jpg","pic"
"825","67104c7deff954cb22438402",32,80,38,48,79,"Fire 10.jpg","pic"
"826","67104c7deff954cb22438402",0,0,0,0,0,"Clean 1.jpg","pic"
"827","67104c7deff954cb22438402",91,80,91,90,99,"Garbage dump 1.jpg","pic"
"828","67104c7deff954cb22438402",0,0,10,0,99,"Lake 12.jpg","pic"
"829","67104c7deff954cb22438402",64,65,0,1,18,"Toilet 4.jpg","pic"
"830","67104c7deff954cb22438402",49,66,98,92,94,"Destruction 2.jpg","pic"
"831","67104c7deff954cb22438402",91,91,0,0,84,"Prison 2.jpg","pic"
"832","67104c7deff954cb22438402",29,62,44,92,80,"Flood 1.jpg","pic"
"833","671acd4b14ebfd595a8b6c09",33,71,29,62,60,"Fire 10.jpg","pic"
"834","671acd4b14ebfd595a8b6c09",49,49,23,40,23,"Toilet 4.jpg","pic"
"835","671acd4b14ebfd595a8b6c09",0,0,0,0,0,"Fireworks 6.jpg","pic"
"836","671acd4b14ebfd595a8b6c09",80,58,28,59,37,"Destruction 2.jpg","pic"
"837","671acd4b14ebfd595a8b6c09",0,0,0,0,0,"Snow 1.jpg","pic"
"838","671acd4b14ebfd595a8b6c09",0,0,0,0,0,"Garbage dump 1.jpg","pic"
"839","671acd4b14ebfd595a8b6c09",0,0,0,0,0,"Lake 12.jpg","pic"
"840","671acd4b14ebfd595a8b6c09",0,0,0,0,0,"Rocks 1.jpg","pic"
"841","671acd4b14ebfd595a8b6c09",0,0,0,40,0,"Ferret 1.jpg","pic"
"842","671acd4b14ebfd595a8b6c09",0,0,0,20,0,"Clean 1.jpg","pic"
"843","671acd4b14ebfd595a8b6c09",48,0,0,0,0,"Dirt 1.jpg","pic"
"844","671acd4b14ebfd595a8b6c09",20,0,0,0,25,"Prison 2.jpg","pic"
"845","671acd4b14ebfd595a8b6c09",30,0,0,0,0,"Heart 3.jpg","pic"
"846","671acd4b14ebfd595a8b6c09",81,57,0,23,0,"Flood 1.jpg","pic"
"847","671acd4b14ebfd595a8b6c09",0,0,0,0,0,"Beach 1.jpg","pic"
"848","671acd4b14ebfd595a8b6c09",15,0,0,0,0,"Rainbow 2.jpg","pic"
"849","5e42f74f5b772a18434cabf7",72,60,4,11,22,"Fire 10.jpg","pic"
"850","5e42f74f5b772a18434cabf7",56,61,0,16,54,"Destruction 2.jpg","pic"
"851","5e42f74f5b772a18434cabf7",25,0,0,0,0,"Garbage dump 1.jpg","pic"
"852","5e42f74f5b772a18434cabf7",0,0,0,0,0,"Beach 1.jpg","pic"
"853","5e42f74f5b772a18434cabf7",0,0,0,3,5,"Ferret 1.jpg","pic"
"854","5e42f74f5b772a18434cabf7",6,0,0,0,0,"Heart 3.jpg","pic"
"855","5e42f74f5b772a18434cabf7",0,0,0,0,0,"Lake 12.jpg","pic"
"856","5e42f74f5b772a18434cabf7",0,0,0,0,0,"Clean 1.jpg","pic"
"857","5e42f74f5b772a18434cabf7",0,0,0,0,0,"Rainbow 2.jpg","pic"
"858","5e42f74f5b772a18434cabf7",100,100,0,23,100,"Flood 1.jpg","pic"
"859","5e42f74f5b772a18434cabf7",0,0,0,0,0,"Snow 1.jpg","pic"
"860","5e42f74f5b772a18434cabf7",0,0,0,0,0,"Fireworks 6.jpg","pic"
"861","5e42f74f5b772a18434cabf7",46,10,0,0,27,"Toilet 4.jpg","pic"
"862","5e42f74f5b772a18434cabf7",0,0,0,0,0,"Prison 2.jpg","pic"
"863","5e42f74f5b772a18434cabf7",0,0,0,0,0,"Rocks 1.jpg","pic"
"864","5e42f74f5b772a18434cabf7",0,0,0,0,0,"Dirt 1.jpg","pic"
"865","63026053812fe400f2929701",56,3,5,19,0,"Prison 2.jpg","pic"
"866","63026053812fe400f2929701",28,1,1,3,1,"Rocks 1.jpg","pic"
"867","63026053812fe400f2929701",0,0,0,3,0,"Snow 1.jpg","pic"
"868","63026053812fe400f2929701",0,0,0,0,0,"Fireworks 6.jpg","pic"
"869","63026053812fe400f2929701",85,40,9,52,55,"Flood 1.jpg","pic"
"870","63026053812fe400f2929701",88,18,12,4,15,"Fire 10.jpg","pic"
"871","63026053812fe400f2929701",0,0,0,0,0,"Lake 12.jpg","pic"
"872","63026053812fe400f2929701",0,0,0,0,0,"Heart 3.jpg","pic"
"873","63026053812fe400f2929701",57,3,28,47,16,"Dirt 1.jpg","pic"
"874","63026053812fe400f2929701",80,43,16,24,37,"Destruction 2.jpg","pic"
"875","63026053812fe400f2929701",0,0,0,0,0,"Beach 1.jpg","pic"
"876","63026053812fe400f2929701",0,0,0,0,0,"Rainbow 2.jpg","pic"
"877","63026053812fe400f2929701",20,1,0,29,7,"Garbage dump 1.jpg","pic"
"878","63026053812fe400f2929701",0,0,0,0,0,"Clean 1.jpg","pic"
"879","63026053812fe400f2929701",3,0,24,87,14,"Ferret 1.jpg","pic"
"880","63026053812fe400f2929701",52,2,12,85,11,"Toilet 4.jpg","pic"
"881","674c9df1e01bfe1baae76974",22,36,39,25,41,"Prison 2.jpg","pic"
"882","674c9df1e01bfe1baae76974",14,15,12,37,19,"Dirt 1.jpg","pic"
"883","674c9df1e01bfe1baae76974",20,15,21,15,23,"Toilet 4.jpg","pic"
"884","674c9df1e01bfe1baae76974",19,21,33,26,20,"Clean 1.jpg","pic"
"885","674c9df1e01bfe1baae76974",43,8,21,30,8,"Fire 10.jpg","pic"
"886","674c9df1e01bfe1baae76974",31,12,19,29,13,"Beach 1.jpg","pic"
"887","674c9df1e01bfe1baae76974",50,39,46,22,38,"Snow 1.jpg","pic"
"888","674c9df1e01bfe1baae76974",40,62,60,41,35,"Garbage dump 1.jpg","pic"
"889","674c9df1e01bfe1baae76974",52,54,45,33,12,"Ferret 1.jpg","pic"
"890","674c9df1e01bfe1baae76974",48,17,46,28,41,"Flood 1.jpg","pic"
"891","674c9df1e01bfe1baae76974",26,21,33,39,30,"Heart 3.jpg","pic"
"892","674c9df1e01bfe1baae76974",44,39,44,19,32,"Lake 12.jpg","pic"
"893","674c9df1e01bfe1baae76974",29,21,48,23,17,"Rainbow 2.jpg","pic"
"894","674c9df1e01bfe1baae76974",52,39,35,36,21,"Destruction 2.jpg","pic"
"895","674c9df1e01bfe1baae76974",56,20,59,49,24,"Rocks 1.jpg","pic"
"896","674c9df1e01bfe1baae76974",38,18,25,26,28,"Fireworks 6.jpg","pic"
"897","5ef3e3c01ece121907ee721a",17,20,0,0,0,"Garbage dump 1.jpg","pic"
"898","5ef3e3c01ece121907ee721a",0,0,0,0,0,"Rainbow 2.jpg","pic"
"899","5ef3e3c01ece121907ee721a",0,0,0,0,0,"Clean 1.jpg","pic"
"900","5ef3e3c01ece121907ee721a",36,0,0,0,0,"Dirt 1.jpg","pic"
"901","5ef3e3c01ece121907ee721a",0,25,0,0,24,"Toilet 4.jpg","pic"
"902","5ef3e3c01ece121907ee721a",0,0,0,0,0,"Snow 1.jpg","pic"
"903","5ef3e3c01ece121907ee721a",0,0,24,51,41,"Fire 10.jpg","pic"
"904","5ef3e3c01ece121907ee721a",0,0,0,0,0,"Lake 12.jpg","pic"
"905","5ef3e3c01ece121907ee721a",38,33,0,19,28,"Prison 2.jpg","pic"
"906","5ef3e3c01ece121907ee721a",0,0,0,0,0,"Beach 1.jpg","pic"
"907","5ef3e3c01ece121907ee721a",0,0,0,0,0,"Fireworks 6.jpg","pic"
"908","5ef3e3c01ece121907ee721a",0,0,18,0,59,"Ferret 1.jpg","pic"
"909","5ef3e3c01ece121907ee721a",0,0,0,0,11,"Heart 3.jpg","pic"
"910","5ef3e3c01ece121907ee721a",0,0,0,0,0,"Rocks 1.jpg","pic"
"911","5ef3e3c01ece121907ee721a",14,0,0,12,25,"Flood 1.jpg","pic"
"912","5ef3e3c01ece121907ee721a",80,82,0,19,82,"Destruction 2.jpg","pic"
"913","66699f85a69c5a20e26d0446",18,81,90,83,89,"Toilet 4.jpg","pic"
"914","66699f85a69c5a20e26d0446",73,10,11,73,7,"Fireworks 6.jpg","pic"
"915","66699f85a69c5a20e26d0446",48,3,6,17,6,"Lake 12.jpg","pic"
"916","66699f85a69c5a20e26d0446",78,87,90,84,88,"Dirt 1.jpg","pic"
"917","66699f85a69c5a20e26d0446",77,76,90,79,87,"Prison 2.jpg","pic"
"918","66699f85a69c5a20e26d0446",76,89,83,82,91,"Fire 10.jpg","pic"
"919","66699f85a69c5a20e26d0446",79,88,83,83,86,"Flood 1.jpg","pic"
"920","66699f85a69c5a20e26d0446",15,5,9,10,7,"Beach 1.jpg","pic"
"921","66699f85a69c5a20e26d0446",77,93,85,83,90,"Garbage dump 1.jpg","pic"
"922","66699f85a69c5a20e26d0446",70,81,81,82,82,"Ferret 1.jpg","pic"
"923","66699f85a69c5a20e26d0446",71,73,79,75,77,"Snow 1.jpg","pic"
"924","66699f85a69c5a20e26d0446",7,9,9,7,6,"Rainbow 2.jpg","pic"
"925","66699f85a69c5a20e26d0446",17,7,8,23,11,"Heart 3.jpg","pic"
"926","66699f85a69c5a20e26d0446",81,85,86,89,92,"Destruction 2.jpg","pic"
"927","66699f85a69c5a20e26d0446",9,14,6,12,12,"Clean 1.jpg","pic"
"928","66699f85a69c5a20e26d0446",14,5,7,12,7,"Rocks 1.jpg","pic"
"929","60bff9298f56d55c8ecd9adf",55,36,8,1,35,"Ferret 1.jpg","pic"
"930","60bff9298f56d55c8ecd9adf",90,5,55,70,54,"Toilet 4.jpg","pic"
"931","60bff9298f56d55c8ecd9adf",0,0,0,0,0,"Rainbow 2.jpg","pic"
"932","60bff9298f56d55c8ecd9adf",100,100,100,100,100,"Prison 2.jpg","pic"
"933","60bff9298f56d55c8ecd9adf",100,100,65,79,71,"Flood 1.jpg","pic"
"934","60bff9298f56d55c8ecd9adf",81,58,27,64,8,"Dirt 1.jpg","pic"
"935","60bff9298f56d55c8ecd9adf",0,0,0,0,0,"Fireworks 6.jpg","pic"
"936","60bff9298f56d55c8ecd9adf",0,13,0,0,0,"Lake 12.jpg","pic"
"937","60bff9298f56d55c8ecd9adf",0,0,0,0,0,"Rocks 1.jpg","pic"
"938","60bff9298f56d55c8ecd9adf",88,75,11,72,77,"Garbage dump 1.jpg","pic"
"939","60bff9298f56d55c8ecd9adf",0,0,0,0,0,"Heart 3.jpg","pic"
"940","60bff9298f56d55c8ecd9adf",81,91,0,13,60,"Clean 1.jpg","pic"
"941","60bff9298f56d55c8ecd9adf",0,0,0,0,0,"Snow 1.jpg","pic"
"942","60bff9298f56d55c8ecd9adf",100,100,80,85,67,"Fire 10.jpg","pic"
"943","60bff9298f56d55c8ecd9adf",0,0,0,0,0,"Beach 1.jpg","pic"
"944","60bff9298f56d55c8ecd9adf",100,100,72,84,72,"Destruction 2.jpg","pic"
"945","5f6b8930b9d9530b1b065360",0,0,0,0,0,"Snow 1.jpg","pic"
"946","5f6b8930b9d9530b1b065360",0,0,0,0,0,"Prison 2.jpg","pic"
"947","5f6b8930b9d9530b1b065360",40,36,0,24,17,"Flood 1.jpg","pic"
"948","5f6b8930b9d9530b1b065360",0,0,32,47,38,"Ferret 1.jpg","pic"
"949","5f6b8930b9d9530b1b065360",0,0,0,0,0,"Fireworks 6.jpg","pic"
"950","5f6b8930b9d9530b1b065360",0,0,0,0,0,"Rainbow 2.jpg","pic"
"951","5f6b8930b9d9530b1b065360",28,0,0,17,11,"Dirt 1.jpg","pic"
"952","5f6b8930b9d9530b1b065360",28,10,0,24,16,"Garbage dump 1.jpg","pic"
"953","5f6b8930b9d9530b1b065360",0,0,0,0,0,"Clean 1.jpg","pic"
"954","5f6b8930b9d9530b1b065360",8,0,0,0,0,"Heart 3.jpg","pic"
"955","5f6b8930b9d9530b1b065360",54,30,20,21,46,"Destruction 2.jpg","pic"
"956","5f6b8930b9d9530b1b065360",0,0,0,0,0,"Lake 12.jpg","pic"
"957","5f6b8930b9d9530b1b065360",0,0,36,23,32,"Fire 10.jpg","pic"
"958","5f6b8930b9d9530b1b065360",16,0,19,31,19,"Toilet 4.jpg","pic"
"959","5f6b8930b9d9530b1b065360",0,0,0,0,0,"Beach 1.jpg","pic"
"960","5f6b8930b9d9530b1b065360",0,0,0,0,0,"Rocks 1.jpg","pic"
"961","6754212bee2fa6f30842fb86",54,23,43,63,34,"Dirt 1.jpg","pic"
"962","6754212bee2fa6f30842fb86",56,68,43,11,34,"Heart 3.jpg","pic"
"963","6754212bee2fa6f30842fb86",63,32,23,27,21,"Snow 1.jpg","pic"
"964","6754212bee2fa6f30842fb86",29,27,26,49,25,"Prison 2.jpg","pic"
"965","6754212bee2fa6f30842fb86",64,51,58,60,34,"Destruction 2.jpg","pic"
"966","6754212bee2fa6f30842fb86",34,21,42,24,18,"Rocks 1.jpg","pic"
"967","6754212bee2fa6f30842fb86",19,25,21,42,86,"Toilet 4.jpg","pic"
"968","6754212bee2fa6f30842fb86",20,13,20,24,8,"Garbage dump 1.jpg","pic"
"969","6754212bee2fa6f30842fb86",26,15,11,24,0,"Rainbow 2.jpg","pic"
"970","6754212bee2fa6f30842fb86",14,7,14,1,29,"Lake 12.jpg","pic"
"971","6754212bee2fa6f30842fb86",13,34,20,35,38,"Clean 1.jpg","pic"
"972","6754212bee2fa6f30842fb86",6,16,6,16,4,"Beach 1.jpg","pic"
"973","6754212bee2fa6f30842fb86",1,8,7,29,23,"Fire 10.jpg","pic"
"974","6754212bee2fa6f30842fb86",19,8,20,5,29,"Ferret 1.jpg","pic"
"975","6754212bee2fa6f30842fb86",0,9,8,2,17,"Flood 1.jpg","pic"
"976","6754212bee2fa6f30842fb86",13,12,8,2,18,"Fireworks 6.jpg","pic"
"977","5d697ea28572fc000126b779",94,80,25,67,83,"Destruction 2.jpg","pic"
"978","5d697ea28572fc000126b779",99,27,3,6,0,"Dirt 1.jpg","pic"
"979","5d697ea28572fc000126b779",100,50,0,51,1,"Garbage dump 1.jpg","pic"
"980","5d697ea28572fc000126b779",3,2,0,3,2,"Lake 12.jpg","pic"
"981","5d697ea28572fc000126b779",0,3,1,1,2,"Snow 1.jpg","pic"
"982","5d697ea28572fc000126b779",2,2,60,35,39,"Ferret 1.jpg","pic"
"983","5d697ea28572fc000126b779",98,45,4,26,3,"Fire 10.jpg","pic"
"984","5d697ea28572fc000126b779",0,2,13,2,3,"Clean 1.jpg","pic"
"985","5d697ea28572fc000126b779",1,0,0,1,2,"Rainbow 2.jpg","pic"
"986","5d697ea28572fc000126b779",0,0,1,3,0,"Rocks 1.jpg","pic"
"987","5d697ea28572fc000126b779",14,37,12,41,11,"Prison 2.jpg","pic"
"988","5d697ea28572fc000126b779",3,1,0,3,2,"Beach 1.jpg","pic"
"989","5d697ea28572fc000126b779",3,4,3,4,3,"Heart 3.jpg","pic"
"990","5d697ea28572fc000126b779",3,1,4,2,3,"Fireworks 6.jpg","pic"
"991","5d697ea28572fc000126b779",26,77,28,57,55,"Flood 1.jpg","pic"
"992","5d697ea28572fc000126b779",97,50,47,23,54,"Toilet 4.jpg","pic"
"993","663dff19b292e4e2c5c11a1b",66,45,43,57,49,"Destruction 2.jpg","pic"
"994","663dff19b292e4e2c5c11a1b",10,8,17,24,19,"Rainbow 2.jpg","pic"
"995","663dff19b292e4e2c5c11a1b",29,19,24,24,16,"Garbage dump 1.jpg","pic"
"996","663dff19b292e4e2c5c11a1b",10,8,92,82,9,"Ferret 1.jpg","pic"
"997","663dff19b292e4e2c5c11a1b",14,12,12,10,10,"Rocks 1.jpg","pic"
"998","663dff19b292e4e2c5c11a1b",10,15,13,10,10,"Dirt 1.jpg","pic"
"999","663dff19b292e4e2c5c11a1b",27,5,68,75,48,"Prison 2.jpg","pic"
"1000","663dff19b292e4e2c5c11a1b",9,66,68,92,58,"Fire 10.jpg","pic"
"1001","663dff19b292e4e2c5c11a1b",0,0,0,4,0,"Fireworks 6.jpg","pic"
"1002","663dff19b292e4e2c5c11a1b",13,1,0,15,0,"Clean 1.jpg","pic"
"1003","663dff19b292e4e2c5c11a1b",0,0,0,0,0,"Beach 1.jpg","pic"
"1004","663dff19b292e4e2c5c11a1b",0,0,0,0,0,"Heart 3.jpg","pic"
"1005","663dff19b292e4e2c5c11a1b",60,73,45,64,60,"Flood 1.jpg","pic"
"1006","663dff19b292e4e2c5c11a1b",0,0,0,0,0,"Snow 1.jpg","pic"
"1007","663dff19b292e4e2c5c11a1b",65,0,84,84,20,"Toilet 4.jpg","pic"
"1008","663dff19b292e4e2c5c11a1b",0,0,0,0,0,"Lake 12.jpg","pic"
"1009","67001b28a9974a03b6ffec54",10,3,0,1,1,"Prison 2.jpg","pic"
"1010","67001b28a9974a03b6ffec54",5,20,0,0,5,"Ferret 1.jpg","pic"
"1011","67001b28a9974a03b6ffec54",0,0,0,0,0,"Snow 1.jpg","pic"
"1012","67001b28a9974a03b6ffec54",0,0,0,0,0,"Fireworks 6.jpg","pic"
"1013","67001b28a9974a03b6ffec54",0,0,0,0,0,"Clean 1.jpg","pic"
"1014","67001b28a9974a03b6ffec54",0,0,0,0,0,"Rocks 1.jpg","pic"
"1015","67001b28a9974a03b6ffec54",0,0,0,0,0,"Lake 12.jpg","pic"
"1016","67001b28a9974a03b6ffec54",10,10,0,5,5,"Garbage dump 1.jpg","pic"
"1017","67001b28a9974a03b6ffec54",10,10,0,0,5,"Beach 1.jpg","pic"
"1018","67001b28a9974a03b6ffec54",5,30,0,10,0,"Flood 1.jpg","pic"
"1019","67001b28a9974a03b6ffec54",15,15,0,10,10,"Destruction 2.jpg","pic"
"1020","67001b28a9974a03b6ffec54",0,0,0,0,5,"Heart 3.jpg","pic"
"1021","67001b28a9974a03b6ffec54",0,5,5,10,0,"Fire 10.jpg","pic"
"1022","67001b28a9974a03b6ffec54",5,5,0,0,0,"Dirt 1.jpg","pic"
"1023","67001b28a9974a03b6ffec54",25,15,0,5,5,"Toilet 4.jpg","pic"
"1024","67001b28a9974a03b6ffec54",0,0,0,0,0,"Rainbow 2.jpg","pic"
"1025","5db0a97f127d4000117cdfa0",1,1,1,1,1,"Dirt 1.jpg","pic"
"1026","5db0a97f127d4000117cdfa0",0,0,0,0,0,"Heart 3.jpg","pic"
"1027","5db0a97f127d4000117cdfa0",61,71,50,51,54,"Destruction 2.jpg","pic"
"1028","5db0a97f127d4000117cdfa0",48,36,64,71,61,"Fire 10.jpg","pic"
"1029","5db0a97f127d4000117cdfa0",0,0,0,0,0,"Beach 1.jpg","pic"
"1030","5db0a97f127d4000117cdfa0",0,0,0,0,0,"Rainbow 2.jpg","pic"
"1031","5db0a97f127d4000117cdfa0",0,0,0,0,0,"Clean 1.jpg","pic"
"1032","5db0a97f127d4000117cdfa0",0,0,0,0,0,"Lake 12.jpg","pic"
"1033","5db0a97f127d4000117cdfa0",0,0,0,0,0,"Rocks 1.jpg","pic"
"1034","5db0a97f127d4000117cdfa0",0,71,45,60,59,"Flood 1.jpg","pic"
"1035","5db0a97f127d4000117cdfa0",0,0,0,0,0,"Snow 1.jpg","pic"
"1036","5db0a97f127d4000117cdfa0",0,0,0,0,0,"Garbage dump 1.jpg","pic"
"1037","5db0a97f127d4000117cdfa0",0,0,0,0,0,"Fireworks 6.jpg","pic"
"1038","5db0a97f127d4000117cdfa0",18,34,50,30,48,"Prison 2.jpg","pic"
"1039","5db0a97f127d4000117cdfa0",0,0,8,26,0,"Toilet 4.jpg","pic"
"1040","5db0a97f127d4000117cdfa0",0,0,36,52,35,"Ferret 1.jpg","pic"
"1041","56d39b96da2aaa000dab6178",8,12,40,37,37,"Ferret 1.jpg","pic"
"1042","56d39b96da2aaa000dab6178",51,52,34,54,56,"Toilet 4.jpg","pic"
"1043","56d39b96da2aaa000dab6178",1,3,3,4,3,"Beach 1.jpg","pic"
"1044","56d39b96da2aaa000dab6178",6,4,3,8,7,"Fireworks 6.jpg","pic"
"1045","56d39b96da2aaa000dab6178",72,70,54,65,56,"Prison 2.jpg","pic"
"1046","56d39b96da2aaa000dab6178",2,3,0,2,2,"Snow 1.jpg","pic"
"1047","56d39b96da2aaa000dab6178",5,3,1,7,5,"Rocks 1.jpg","pic"
"1048","56d39b96da2aaa000dab6178",38,36,59,58,52,"Fire 10.jpg","pic"
"1049","56d39b96da2aaa000dab6178",6,4,3,8,11,"Heart 3.jpg","pic"
"1050","56d39b96da2aaa000dab6178",50,72,64,75,79,"Garbage dump 1.jpg","pic"
"1051","56d39b96da2aaa000dab6178",2,3,1,7,1,"Clean 1.jpg","pic"
"1052","56d39b96da2aaa000dab6178",1,3,3,2,3,"Lake 12.jpg","pic"
"1053","56d39b96da2aaa000dab6178",61,74,72,70,76,"Destruction 2.jpg","pic"
"1054","56d39b96da2aaa000dab6178",46,49,26,61,61,"Flood 1.jpg","pic"
"1055","56d39b96da2aaa000dab6178",2,3,3,4,4,"Rainbow 2.jpg","pic"
"1056","56d39b96da2aaa000dab6178",3,2,3,3,2,"Dirt 1.jpg","pic"
"1057","67296c945c2b23b3b4f9d079",88,26,0,50,0,"Flood 1.jpg","pic"
"1058","67296c945c2b23b3b4f9d079",81,25,0,30,66,"Garbage dump 1.jpg","pic"
"1059","67296c945c2b23b3b4f9d079",15,1,0,0,1,"Rainbow 2.jpg","pic"
"1060","67296c945c2b23b3b4f9d079",83,9,0,0,9,"Toilet 4.jpg","pic"
"1061","67296c945c2b23b3b4f9d079",72,5,0,21,9,"Destruction 2.jpg","pic"
"1062","67296c945c2b23b3b4f9d079",0,0,0,0,0,"Snow 1.jpg","pic"
"1063","67296c945c2b23b3b4f9d079",0,0,0,0,0,"Heart 3.jpg","pic"
"1064","67296c945c2b23b3b4f9d079",0,0,0,0,0,"Fireworks 6.jpg","pic"
"1065","67296c945c2b23b3b4f9d079",0,0,0,0,0,"Clean 1.jpg","pic"
"1066","67296c945c2b23b3b4f9d079",0,0,0,0,0,"Lake 12.jpg","pic"
"1067","67296c945c2b23b3b4f9d079",0,0,0,0,0,"Dirt 1.jpg","pic"
"1068","67296c945c2b23b3b4f9d079",0,0,92,76,11,"Ferret 1.jpg","pic"
"1069","67296c945c2b23b3b4f9d079",22,0,13,48,0,"Prison 2.jpg","pic"
"1070","67296c945c2b23b3b4f9d079",0,0,0,0,0,"Rocks 1.jpg","pic"
"1071","67296c945c2b23b3b4f9d079",0,0,0,12,0,"Fire 10.jpg","pic"
"1072","67296c945c2b23b3b4f9d079",0,0,0,0,0,"Beach 1.jpg","pic"
"1073","5d0d16d991270800010b7dd7",21,5,4,2,4,"Clean 1.jpg","pic"
"1074","5d0d16d991270800010b7dd7",44,24,17,5,8,"Heart 3.jpg","pic"
"1075","5d0d16d991270800010b7dd7",80,85,24,49,22,"Dirt 1.jpg","pic"
"1076","5d0d16d991270800010b7dd7",60,69,87,70,8,"Flood 1.jpg","pic"
"1077","5d0d16d991270800010b7dd7",33,3,6,3,4,"Snow 1.jpg","pic"
"1078","5d0d16d991270800010b7dd7",36,62,17,49,62,"Fireworks 6.jpg","pic"
"1079","5d0d16d991270800010b7dd7",75,90,73,65,70,"Fire 10.jpg","pic"
"1080","5d0d16d991270800010b7dd7",68,36,8,42,8,"Garbage dump 1.jpg","pic"
"1081","5d0d16d991270800010b7dd7",75,76,20,59,26,"Destruction 2.jpg","pic"
"1082","5d0d16d991270800010b7dd7",13,4,6,6,3,"Beach 1.jpg","pic"
"1083","5d0d16d991270800010b7dd7",76,69,52,9,32,"Prison 2.jpg","pic"
"1084","5d0d16d991270800010b7dd7",21,13,17,11,5,"Lake 12.jpg","pic"
"1085","5d0d16d991270800010b7dd7",17,21,8,62,6,"Rocks 1.jpg","pic"
"1086","5d0d16d991270800010b7dd7",3,24,9,6,13,"Ferret 1.jpg","pic"
"1087","5d0d16d991270800010b7dd7",12,12,10,12,11,"Rainbow 2.jpg","pic"
"1088","5d0d16d991270800010b7dd7",37,50,29,26,11,"Toilet 4.jpg","pic"
"1089","650b03136ab3d4c832d98b71",0,0,0,0,0,"Snow 1.jpg","pic"
"1090","650b03136ab3d4c832d98b71",0,0,0,0,20,"Garbage dump 1.jpg","pic"
"1091","650b03136ab3d4c832d98b71",0,0,10,0,15,"Fire 10.jpg","pic"
"1092","650b03136ab3d4c832d98b71",0,0,0,0,60,"Clean 1.jpg","pic"
"1093","650b03136ab3d4c832d98b71",0,0,0,0,0,"Dirt 1.jpg","pic"
"1094","650b03136ab3d4c832d98b71",0,0,0,0,0,"Fireworks 6.jpg","pic"
"1095","650b03136ab3d4c832d98b71",27,12,41,12,17,"Prison 2.jpg","pic"
"1096","650b03136ab3d4c832d98b71",0,1,0,0,0,"Beach 1.jpg","pic"
"1097","650b03136ab3d4c832d98b71",5,0,13,7,63,"Toilet 4.jpg","pic"
"1098","650b03136ab3d4c832d98b71",0,0,0,0,0,"Heart 3.jpg","pic"
"1099","650b03136ab3d4c832d98b71",0,0,5,22,12,"Ferret 1.jpg","pic"
"1100","650b03136ab3d4c832d98b71",0,0,0,0,0,"Rainbow 2.jpg","pic"
"1101","650b03136ab3d4c832d98b71",0,0,0,0,0,"Lake 12.jpg","pic"
"1102","650b03136ab3d4c832d98b71",9,24,12,15,35,"Destruction 2.jpg","pic"
"1103","650b03136ab3d4c832d98b71",17,5,14,38,36,"Flood 1.jpg","pic"
"1104","650b03136ab3d4c832d98b71",0,0,0,0,0,"Rocks 1.jpg","pic"
"1105","66c3f9c82a62ec48ab383e47",11,0,16,23,15,"Clean 1.jpg","pic"
"1106","66c3f9c82a62ec48ab383e47",13,21,15,26,84,"Heart 3.jpg","pic"
"1107","66c3f9c82a62ec48ab383e47",12,9,27,41,19,"Beach 1.jpg","pic"
"1108","66c3f9c82a62ec48ab383e47",12,90,84,87,93,"Garbage dump 1.jpg","pic"
"1109","66c3f9c82a62ec48ab383e47",42,79,83,75,91,"Dirt 1.jpg","pic"
"1110","66c3f9c82a62ec48ab383e47",12,91,93,92,85,"Prison 2.jpg","pic"
"1111","66c3f9c82a62ec48ab383e47",8,88,84,85,88,"Destruction 2.jpg","pic"
"1112","66c3f9c82a62ec48ab383e47",47,1,0,8,4,"Rainbow 2.jpg","pic"
"1113","66c3f9c82a62ec48ab383e47",22,16,9,10,23,"Lake 12.jpg","pic"
"1114","66c3f9c82a62ec48ab383e47",42,100,98,98,93,"Fire 10.jpg","pic"
"1115","66c3f9c82a62ec48ab383e47",42,5,0,26,22,"Fireworks 6.jpg","pic"
"1116","66c3f9c82a62ec48ab383e47",23,77,98,98,80,"Ferret 1.jpg","pic"
"1117","66c3f9c82a62ec48ab383e47",50,97,100,100,95,"Toilet 4.jpg","pic"
"1118","66c3f9c82a62ec48ab383e47",55,12,1,12,16,"Rocks 1.jpg","pic"
"1119","66c3f9c82a62ec48ab383e47",81,96,98,88,94,"Flood 1.jpg","pic"
"1120","66c3f9c82a62ec48ab383e47",12,9,7,15,12,"Snow 1.jpg","pic"
"1121","5981b8259c83ca00012bddcb",0,0,0,0,0,"Lake 12.jpg","pic"
"1122","5981b8259c83ca00012bddcb",33,35,0,28,0,"Flood 1.jpg","pic"
"1123","5981b8259c83ca00012bddcb",0,0,0,0,0,"Snow 1.jpg","pic"
"1124","5981b8259c83ca00012bddcb",21,0,0,12,16,"Garbage dump 1.jpg","pic"
"1125","5981b8259c83ca00012bddcb",0,0,0,0,0,"Rocks 1.jpg","pic"
"1126","5981b8259c83ca00012bddcb",36,0,0,0,0,"Toilet 4.jpg","pic"
"1127","5981b8259c83ca00012bddcb",14,0,0,0,0,"Fire 10.jpg","pic"
"1128","5981b8259c83ca00012bddcb",0,0,0,0,0,"Heart 3.jpg","pic"
"1129","5981b8259c83ca00012bddcb",0,0,0,0,0,"Rainbow 2.jpg","pic"
"1130","5981b8259c83ca00012bddcb",0,0,0,0,0,"Clean 1.jpg","pic"
"1131","5981b8259c83ca00012bddcb",37,31,0,25,34,"Destruction 2.jpg","pic"
"1132","5981b8259c83ca00012bddcb",48,24,0,59,11,"Prison 2.jpg","pic"
"1133","5981b8259c83ca00012bddcb",0,0,0,52,29,"Ferret 1.jpg","pic"
"1134","5981b8259c83ca00012bddcb",0,0,0,0,0,"Dirt 1.jpg","pic"
"1135","5981b8259c83ca00012bddcb",0,0,0,0,0,"Beach 1.jpg","pic"
"1136","5981b8259c83ca00012bddcb",0,0,0,0,0,"Fireworks 6.jpg","pic"
"1137","67ef2077db9c1beab477cbed",93,88,89,89,81,"Destruction 2.jpg","pic"
"1138","67ef2077db9c1beab477cbed",12,80,83,89,82,"Dirt 1.jpg","pic"
"1139","67ef2077db9c1beab477cbed",10,6,23,11,21,"Rainbow 2.jpg","pic"
"1140","67ef2077db9c1beab477cbed",13,20,12,33,12,"Clean 1.jpg","pic"
"1141","67ef2077db9c1beab477cbed",29,9,6,18,25,"Heart 3.jpg","pic"
"1142","67ef2077db9c1beab477cbed",6,93,95,97,94,"Fire 10.jpg","pic"
"1143","67ef2077db9c1beab477cbed",13,93,80,92,95,"Prison 2.jpg","pic"
"1144","67ef2077db9c1beab477cbed",15,89,52,94,93,"Garbage dump 1.jpg","pic"
"1145","67ef2077db9c1beab477cbed",13,4,13,1,6,"Lake 12.jpg","pic"
"1146","67ef2077db9c1beab477cbed",57,6,38,12,13,"Snow 1.jpg","pic"
"1147","67ef2077db9c1beab477cbed",25,100,99,99,100,"Flood 1.jpg","pic"
"1148","67ef2077db9c1beab477cbed",60,0,10,6,53,"Fireworks 6.jpg","pic"
"1149","67ef2077db9c1beab477cbed",19,12,6,13,11,"Rocks 1.jpg","pic"
"1150","67ef2077db9c1beab477cbed",17,99,92,89,90,"Ferret 1.jpg","pic"
"1151","67ef2077db9c1beab477cbed",74,88,78,79,82,"Toilet 4.jpg","pic"
"1152","67ef2077db9c1beab477cbed",12,10,7,12,11,"Beach 1.jpg","pic"
"1153","63174b4e900ff6c7b0444f29",36,40,88,74,64,"Destruction 2.jpg","pic"
"1154","63174b4e900ff6c7b0444f29",1,2,0,1,1,"Rainbow 2.jpg","pic"
"1155","63174b4e900ff6c7b0444f29",31,35,20,36,15,"Heart 3.jpg","pic"
"1156","63174b4e900ff6c7b0444f29",0,0,0,0,0,"Fireworks 6.jpg","pic"
"1157","63174b4e900ff6c7b0444f29",0,0,0,0,0,"Beach 1.jpg","pic"
"1158","63174b4e900ff6c7b0444f29",28,0,0,0,0,"Rocks 1.jpg","pic"
"1159","63174b4e900ff6c7b0444f29",24,31,61,52,58,"Prison 2.jpg","pic"
"1160","63174b4e900ff6c7b0444f29",0,0,83,71,31,"Ferret 1.jpg","pic"
"1161","63174b4e900ff6c7b0444f29",17,0,0,0,0,"Snow 1.jpg","pic"
"1162","63174b4e900ff6c7b0444f29",0,0,0,0,1,"Lake 12.jpg","pic"
"1163","63174b4e900ff6c7b0444f29",0,41,60,52,74,"Dirt 1.jpg","pic"
"1164","63174b4e900ff6c7b0444f29",20,25,12,31,43,"Flood 1.jpg","pic"
"1165","63174b4e900ff6c7b0444f29",17,22,37,22,20,"Toilet 4.jpg","pic"
"1166","63174b4e900ff6c7b0444f29",0,34,20,25,48,"Garbage dump 1.jpg","pic"
"1167","63174b4e900ff6c7b0444f29",0,0,0,0,0,"Clean 1.jpg","pic"
"1168","63174b4e900ff6c7b0444f29",0,24,91,72,34,"Fire 10.jpg","pic"
"1169","56e6a66af6ed900006a5867c",38,46,23,34,41,"Heart 3.jpg","pic"
"1170","56e6a66af6ed900006a5867c",69,20,25,50,31,"Flood 1.jpg","pic"
"1171","56e6a66af6ed900006a5867c",80,62,32,59,50,"Prison 2.jpg","pic"
"1172","56e6a66af6ed900006a5867c",12,9,8,9,5,"Rocks 1.jpg","pic"
"1173","56e6a66af6ed900006a5867c",8,7,7,7,6,"Snow 1.jpg","pic"
"1174","56e6a66af6ed900006a5867c",54,31,11,17,5,"Dirt 1.jpg","pic"
"1175","56e6a66af6ed900006a5867c",3,10,10,5,3,"Lake 12.jpg","pic"
"1176","56e6a66af6ed900006a5867c",44,1,82,69,42,"Ferret 1.jpg","pic"
"1177","56e6a66af6ed900006a5867c",73,47,37,74,22,"Toilet 4.jpg","pic"
"1178","56e6a66af6ed900006a5867c",65,37,55,81,78,"Fire 10.jpg","pic"
"1179","56e6a66af6ed900006a5867c",0,3,4,4,4,"Rainbow 2.jpg","pic"
"1180","56e6a66af6ed900006a5867c",10,2,8,4,3,"Clean 1.jpg","pic"
"1181","56e6a66af6ed900006a5867c",86,49,6,24,30,"Garbage dump 1.jpg","pic"
"1182","56e6a66af6ed900006a5867c",86,94,76,77,88,"Destruction 2.jpg","pic"
"1183","56e6a66af6ed900006a5867c",4,3,17,34,9,"Fireworks 6.jpg","pic"
"1184","56e6a66af6ed900006a5867c",1,1,1,3,4,"Beach 1.jpg","pic"
"1185","55bb9ae7fdf99b26d27fda01",16,31,56,65,53,"Fire 10.jpg","pic"
"1186","55bb9ae7fdf99b26d27fda01",10,14,11,16,9,"Rocks 1.jpg","pic"
"1187","55bb9ae7fdf99b26d27fda01",10,36,7,39,21,"Dirt 1.jpg","pic"
"1188","55bb9ae7fdf99b26d27fda01",11,14,12,18,18,"Fireworks 6.jpg","pic"
"1189","55bb9ae7fdf99b26d27fda01",71,60,41,75,55,"Flood 1.jpg","pic"
"1190","55bb9ae7fdf99b26d27fda01",19,12,14,18,12,"Rainbow 2.jpg","pic"
"1191","55bb9ae7fdf99b26d27fda01",19,18,18,17,25,"Heart 3.jpg","pic"
"1192","55bb9ae7fdf99b26d27fda01",15,16,10,19,9,"Beach 1.jpg","pic"
"1193","55bb9ae7fdf99b26d27fda01",19,20,14,21,17,"Clean 1.jpg","pic"
"1194","55bb9ae7fdf99b26d27fda01",17,13,15,23,19,"Toilet 4.jpg","pic"
"1195","55bb9ae7fdf99b26d27fda01",58,55,41,72,55,"Garbage dump 1.jpg","pic"
"1196","55bb9ae7fdf99b26d27fda01",14,7,11,11,9,"Lake 12.jpg","pic"
"1197","55bb9ae7fdf99b26d27fda01",17,15,13,21,12,"Snow 1.jpg","pic"
"1198","55bb9ae7fdf99b26d27fda01",77,73,46,79,75,"Destruction 2.jpg","pic"
"1199","55bb9ae7fdf99b26d27fda01",12,11,7,9,21,"Ferret 1.jpg","pic"
"1200","55bb9ae7fdf99b26d27fda01",14,14,48,59,19,"Prison 2.jpg","pic"
"1201","67e944da95c1ca7712027013",25,0,0,8,0,"Beach 1.jpg","pic"
"1202","67e944da95c1ca7712027013",10,9,7,21,83,"Rocks 1.jpg","pic"
"1203","67e944da95c1ca7712027013",27,2,50,16,82,"Clean 1.jpg","pic"
"1204","67e944da95c1ca7712027013",18,9,47,13,57,"Fire 10.jpg","pic"
"1205","67e944da95c1ca7712027013",36,17,52,6,18,"Toilet 4.jpg","pic"
"1206","67e944da95c1ca7712027013",52,12,14,16,77,"Prison 2.jpg","pic"
"1207","67e944da95c1ca7712027013",45,18,79,11,14,"Fireworks 6.jpg","pic"
"1208","67e944da95c1ca7712027013",55,11,53,8,10,"Ferret 1.jpg","pic"
"1209","67e944da95c1ca7712027013",56,8,65,43,48,"Garbage dump 1.jpg","pic"
"1210","67e944da95c1ca7712027013",32,50,17,10,73,"Rainbow 2.jpg","pic"
"1211","67e944da95c1ca7712027013",39,6,51,6,50,"Dirt 1.jpg","pic"
"1212","67e944da95c1ca7712027013",50,8,17,8,11,"Heart 3.jpg","pic"
"1213","67e944da95c1ca7712027013",33,11,52,8,8,"Lake 12.jpg","pic"
"1214","67e944da95c1ca7712027013",59,0,19,12,11,"Snow 1.jpg","pic"
"1215","67e944da95c1ca7712027013",79,12,73,19,84,"Destruction 2.jpg","pic"
"1216","67e944da95c1ca7712027013",71,10,19,19,3,"Flood 1.jpg","pic"
"1217","66b504cd131c63b36b682b8d",0,0,0,20,0,"Ferret 1.jpg","pic"
"1218","66b504cd131c63b36b682b8d",10,5,0,20,5,"Fire 10.jpg","pic"
"1219","66b504cd131c63b36b682b8d",10,0,0,10,0,"Flood 1.jpg","pic"
"1220","66b504cd131c63b36b682b8d",3,0,0,14,3,"Toilet 4.jpg","pic"
"1221","66b504cd131c63b36b682b8d",0,0,0,0,0,"Rocks 1.jpg","pic"
"1222","66b504cd131c63b36b682b8d",3,0,0,7,0,"Prison 2.jpg","pic"
"1223","66b504cd131c63b36b682b8d",7,0,0,5,8,"Dirt 1.jpg","pic"
"1224","66b504cd131c63b36b682b8d",13,4,0,13,6,"Destruction 2.jpg","pic"
"1225","66b504cd131c63b36b682b8d",0,0,0,0,0,"Clean 1.jpg","pic"
"1226","66b504cd131c63b36b682b8d",0,0,0,0,0,"Garbage dump 1.jpg","pic"
"1227","66b504cd131c63b36b682b8d",18,0,0,3,3,"Fireworks 6.jpg","pic"
"1228","66b504cd131c63b36b682b8d",0,0,0,0,0,"Beach 1.jpg","pic"
"1229","66b504cd131c63b36b682b8d",0,0,0,0,0,"Heart 3.jpg","pic"
"1230","66b504cd131c63b36b682b8d",26,11,0,18,8,"Snow 1.jpg","pic"
"1231","66b504cd131c63b36b682b8d",0,0,0,0,0,"Lake 12.jpg","pic"
"1232","66b504cd131c63b36b682b8d",0,0,0,0,0,"Rainbow 2.jpg","pic"
"1233","65c12e15de9c876d82fcd335",0,0,0,0,0,"Fireworks 6.jpg","pic"
"1234","65c12e15de9c876d82fcd335",0,0,0,0,0,"Clean 1.jpg","pic"
"1235","65c12e15de9c876d82fcd335",79,77,47,71,58,"Toilet 4.jpg","pic"
"1236","65c12e15de9c876d82fcd335",86,95,81,79,91,"Fire 10.jpg","pic"
"1237","65c12e15de9c876d82fcd335",0,0,0,0,4,"Beach 1.jpg","pic"
"1238","65c12e15de9c876d82fcd335",88,51,100,90,91,"Ferret 1.jpg","pic"
"1239","65c12e15de9c876d82fcd335",27,24,21,29,14,"Rocks 1.jpg","pic"
"1240","65c12e15de9c876d82fcd335",94,81,81,81,100,"Garbage dump 1.jpg","pic"
"1241","65c12e15de9c876d82fcd335",100,100,100,100,100,"Destruction 2.jpg","pic"
"1242","65c12e15de9c876d82fcd335",0,0,0,0,0,"Snow 1.jpg","pic"
"1243","65c12e15de9c876d82fcd335",86,42,66,85,73,"Flood 1.jpg","pic"
"1244","65c12e15de9c876d82fcd335",0,0,0,0,0,"Lake 12.jpg","pic"
"1245","65c12e15de9c876d82fcd335",0,0,0,0,0,"Rainbow 2.jpg","pic"
"1246","65c12e15de9c876d82fcd335",100,100,87,100,87,"Prison 2.jpg","pic"
"1247","65c12e15de9c876d82fcd335",75,36,37,71,38,"Dirt 1.jpg","pic"
"1248","65c12e15de9c876d82fcd335",0,0,0,0,0,"Heart 3.jpg","pic"
"1249","5e9a2251a69f690b9cc31ede",1,1,48,46,0,"Fireworks 6.jpg","pic"
"1250","5e9a2251a69f690b9cc31ede",4,3,1,4,1,"Snow 1.jpg","pic"
"1251","5e9a2251a69f690b9cc31ede",0,1,0,0,0,"Rocks 1.jpg","pic"
"1252","5e9a2251a69f690b9cc31ede",39,27,0,55,74,"Garbage dump 1.jpg","pic"
"1253","5e9a2251a69f690b9cc31ede",0,1,1,0,0,"Beach 1.jpg","pic"
"1254","5e9a2251a69f690b9cc31ede",29,21,1,16,7,"Dirt 1.jpg","pic"
"1255","5e9a2251a69f690b9cc31ede",0,0,1,1,0,"Rainbow 2.jpg","pic"
"1256","5e9a2251a69f690b9cc31ede",1,1,2,0,1,"Clean 1.jpg","pic"
"1257","5e9a2251a69f690b9cc31ede",2,1,91,86,80,"Ferret 1.jpg","pic"
"1258","5e9a2251a69f690b9cc31ede",71,61,98,94,90,"Flood 1.jpg","pic"
"1259","5e9a2251a69f690b9cc31ede",44,32,36,49,42,"Toilet 4.jpg","pic"
"1260","5e9a2251a69f690b9cc31ede",1,1,2,0,1,"Heart 3.jpg","pic"
"1261","5e9a2251a69f690b9cc31ede",57,64,63,84,70,"Prison 2.jpg","pic"
"1262","5e9a2251a69f690b9cc31ede",1,0,2,1,1,"Lake 12.jpg","pic"
"1263","5e9a2251a69f690b9cc31ede",71,83,88,95,80,"Fire 10.jpg","pic"
"1264","5e9a2251a69f690b9cc31ede",40,80,69,92,58,"Destruction 2.jpg","pic"
"1265","5b9efb73d1ff7a00013bfe84",67,70,43,67,43,"Flood 1.jpg","pic"
"1266","5b9efb73d1ff7a00013bfe84",81,53,39,51,43,"Prison 2.jpg","pic"
"1267","5b9efb73d1ff7a00013bfe84",84,40,0,15,23,"Lake 12.jpg","pic"
"1268","5b9efb73d1ff7a00013bfe84",78,58,36,77,67,"Garbage dump 1.jpg","pic"
"1269","5b9efb73d1ff7a00013bfe84",76,75,18,62,30,"Destruction 2.jpg","pic"
"1270","5b9efb73d1ff7a00013bfe84",11,4,0,4,0,"Dirt 1.jpg","pic"
"1271","5b9efb73d1ff7a00013bfe84",63,1,10,82,43,"Toilet 4.jpg","pic"
"1272","5b9efb73d1ff7a00013bfe84",0,4,0,12,0,"Beach 1.jpg","pic"
"1273","5b9efb73d1ff7a00013bfe84",11,1,1,33,8,"Ferret 1.jpg","pic"
"1274","5b9efb73d1ff7a00013bfe84",3,4,0,0,0,"Rainbow 2.jpg","pic"
"1275","5b9efb73d1ff7a00013bfe84",65,48,19,72,49,"Fireworks 6.jpg","pic"
"1276","5b9efb73d1ff7a00013bfe84",34,17,0,22,19,"Rocks 1.jpg","pic"
"1277","5b9efb73d1ff7a00013bfe84",0,0,0,0,0,"Clean 1.jpg","pic"
"1278","5b9efb73d1ff7a00013bfe84",7,22,7,17,7,"Snow 1.jpg","pic"
"1279","5b9efb73d1ff7a00013bfe84",0,0,0,0,0,"Heart 3.jpg","pic"
"1280","5b9efb73d1ff7a00013bfe84",8,0,0,0,5,"Fire 10.jpg","pic"
"1281","677c358117d1ac70048fd3c6",0,0,0,0,0,"Snow 1.jpg","pic"
"1282","677c358117d1ac70048fd3c6",6,7,0,23,0,"Flood 1.jpg","pic"
"1283","677c358117d1ac70048fd3c6",0,0,0,11,0,"Clean 1.jpg","pic"
"1284","677c358117d1ac70048fd3c6",52,11,7,32,22,"Prison 2.jpg","pic"
"1285","677c358117d1ac70048fd3c6",0,0,0,0,0,"Beach 1.jpg","pic"
"1286","677c358117d1ac70048fd3c6",51,17,6,52,52,"Destruction 2.jpg","pic"
"1287","677c358117d1ac70048fd3c6",0,0,0,0,0,"Rocks 1.jpg","pic"
"1288","677c358117d1ac70048fd3c6",0,0,0,0,0,"Rainbow 2.jpg","pic"
"1289","677c358117d1ac70048fd3c6",0,0,0,0,0,"Fireworks 6.jpg","pic"
"1290","677c358117d1ac70048fd3c6",66,38,10,60,43,"Fire 10.jpg","pic"
"1291","677c358117d1ac70048fd3c6",78,36,0,80,0,"Garbage dump 1.jpg","pic"
"1292","677c358117d1ac70048fd3c6",0,0,0,0,0,"Heart 3.jpg","pic"
"1293","677c358117d1ac70048fd3c6",33,0,0,0,0,"Toilet 4.jpg","pic"
"1294","677c358117d1ac70048fd3c6",39,0,26,39,10,"Ferret 1.jpg","pic"
"1295","677c358117d1ac70048fd3c6",0,0,0,0,0,"Lake 12.jpg","pic"
"1296","677c358117d1ac70048fd3c6",22,0,14,24,0,"Dirt 1.jpg","pic"
"1297","67e73cc7cf25bb683f36f62c",0,1,0,1,4,"Toilet 4.jpg","pic"
"1298","67e73cc7cf25bb683f36f62c",0,2,0,1,0,"Rocks 1.jpg","pic"
"1299","67e73cc7cf25bb683f36f62c",1,0,0,0,1,"Clean 1.jpg","pic"
"1300","67e73cc7cf25bb683f36f62c",0,2,1,1,1,"Lake 12.jpg","pic"
"1301","67e73cc7cf25bb683f36f62c",13,26,1,15,1,"Destruction 2.jpg","pic"
"1302","67e73cc7cf25bb683f36f62c",68,1,3,3,2,"Snow 1.jpg","pic"
"1303","67e73cc7cf25bb683f36f62c",1,5,11,2,17,"Fire 10.jpg","pic"
"1304","67e73cc7cf25bb683f36f62c",1,2,1,1,3,"Beach 1.jpg","pic"
"1305","67e73cc7cf25bb683f36f62c",1,1,1,2,0,"Heart 3.jpg","pic"
"1306","67e73cc7cf25bb683f36f62c",1,3,2,1,3,"Rainbow 2.jpg","pic"
"1307","67e73cc7cf25bb683f36f62c",82,26,2,0,83,"Garbage dump 1.jpg","pic"
"1308","67e73cc7cf25bb683f36f62c",14,2,2,3,1,"Flood 1.jpg","pic"
"1309","67e73cc7cf25bb683f36f62c",70,74,17,27,62,"Prison 2.jpg","pic"
"1310","67e73cc7cf25bb683f36f62c",10,2,1,2,6,"Fireworks 6.jpg","pic"
"1311","67e73cc7cf25bb683f36f62c",54,6,74,32,3,"Ferret 1.jpg","pic"
"1312","67e73cc7cf25bb683f36f62c",2,81,70,1,3,"Dirt 1.jpg","pic"
"1313","676334ae578dda6ef33f5886",50,77,95,50,50,"Ferret 1.jpg","pic"
"1314","676334ae578dda6ef33f5886",0,0,0,0,0,"Fire 10.jpg","pic"
"1315","676334ae578dda6ef33f5886",0,0,0,0,0,"Beach 1.jpg","pic"
"1316","676334ae578dda6ef33f5886",0,0,0,0,0,"Lake 12.jpg","pic"
"1317","676334ae578dda6ef33f5886",0,0,0,0,0,"Flood 1.jpg","pic"
"1318","676334ae578dda6ef33f5886",14,12,0,47,0,"Snow 1.jpg","pic"
"1319","676334ae578dda6ef33f5886",0,0,0,0,50,"Fireworks 6.jpg","pic"
"1320","676334ae578dda6ef33f5886",0,0,0,0,0,"Rainbow 2.jpg","pic"
"1321","676334ae578dda6ef33f5886",0,0,0,1,0,"Heart 3.jpg","pic"
"1322","676334ae578dda6ef33f5886",0,0,0,0,0,"Destruction 2.jpg","pic"
"1323","676334ae578dda6ef33f5886",86,94,94,76,52,"Garbage dump 1.jpg","pic"
"1324","676334ae578dda6ef33f5886",50,50,50,50,53,"Prison 2.jpg","pic"
"1325","676334ae578dda6ef33f5886",82,76,0,48,72,"Toilet 4.jpg","pic"
"1326","676334ae578dda6ef33f5886",0,1,0,0,0,"Clean 1.jpg","pic"
"1327","676334ae578dda6ef33f5886",56,82,0,56,0,"Dirt 1.jpg","pic"
"1328","676334ae578dda6ef33f5886",51,0,0,54,0,"Rocks 1.jpg","pic"
"1329","63268ad93b6ecc1acf782a21",0,0,0,0,0,"Rocks 1.jpg","pic"
"1330","63268ad93b6ecc1acf782a21",0,0,0,0,0,"Toilet 4.jpg","pic"
"1331","63268ad93b6ecc1acf782a21",0,0,0,0,0,"Dirt 1.jpg","pic"
"1332","63268ad93b6ecc1acf782a21",0,0,10,19,0,"Ferret 1.jpg","pic"
"1333","63268ad93b6ecc1acf782a21",0,0,0,0,0,"Lake 12.jpg","pic"
"1334","63268ad93b6ecc1acf782a21",0,0,0,0,0,"Snow 1.jpg","pic"
"1335","63268ad93b6ecc1acf782a21",0,0,0,0,0,"Fireworks 6.jpg","pic"
"1336","63268ad93b6ecc1acf782a21",0,0,0,0,0,"Clean 1.jpg","pic"
"1337","63268ad93b6ecc1acf782a21",0,0,0,0,0,"Heart 3.jpg","pic"
"1338","63268ad93b6ecc1acf782a21",20,41,9,69,44,"Garbage dump 1.jpg","pic"
"1339","63268ad93b6ecc1acf782a21",0,0,18,0,0,"Fire 10.jpg","pic"
"1340","63268ad93b6ecc1acf782a21",0,0,0,0,0,"Rainbow 2.jpg","pic"
"1341","63268ad93b6ecc1acf782a21",0,0,0,0,0,"Destruction 2.jpg","pic"
"1342","63268ad93b6ecc1acf782a21",14,0,37,26,24,"Flood 1.jpg","pic"
"1343","63268ad93b6ecc1acf782a21",4,0,27,28,7,"Prison 2.jpg","pic"
"1344","63268ad93b6ecc1acf782a21",0,0,0,0,0,"Beach 1.jpg","pic"
"1345","663e4e95e7e0acca1b1cd005",0,0,0,0,0,"Garbage dump 1.jpg","pic"
"1346","663e4e95e7e0acca1b1cd005",0,0,0,55,0,"Ferret 1.jpg","pic"
"1347","663e4e95e7e0acca1b1cd005",0,0,0,0,0,"Rainbow 2.jpg","pic"
"1348","663e4e95e7e0acca1b1cd005",27,0,13,62,25,"Lake 12.jpg","pic"
"1349","663e4e95e7e0acca1b1cd005",0,0,0,0,0,"Clean 1.jpg","pic"
"1350","663e4e95e7e0acca1b1cd005",0,0,0,0,0,"Toilet 4.jpg","pic"
"1351","663e4e95e7e0acca1b1cd005",0,0,0,0,0,"Fire 10.jpg","pic"
"1352","663e4e95e7e0acca1b1cd005",0,0,0,0,0,"Fireworks 6.jpg","pic"
"1353","663e4e95e7e0acca1b1cd005",0,0,0,0,0,"Beach 1.jpg","pic"
"1354","663e4e95e7e0acca1b1cd005",84,87,0,0,0,"Flood 1.jpg","pic"
"1355","663e4e95e7e0acca1b1cd005",61,0,45,0,0,"Destruction 2.jpg","pic"
"1356","663e4e95e7e0acca1b1cd005",25,18,51,54,0,"Prison 2.jpg","pic"
"1357","663e4e95e7e0acca1b1cd005",0,0,0,0,0,"Rocks 1.jpg","pic"
"1358","663e4e95e7e0acca1b1cd005",0,0,0,0,0,"Snow 1.jpg","pic"
"1359","663e4e95e7e0acca1b1cd005",0,0,0,0,0,"Heart 3.jpg","pic"
"1360","663e4e95e7e0acca1b1cd005",0,0,0,0,0,"Dirt 1.jpg","pic"
"1361","671d5f4c6dae15f98003d7b2",0,1,0,0,1,"Lake 12.jpg","pic"
"1362","671d5f4c6dae15f98003d7b2",0,0,0,0,0,"Clean 1.jpg","pic"
"1363","671d5f4c6dae15f98003d7b2",24,2,0,25,1,"Dirt 1.jpg","pic"
"1364","671d5f4c6dae15f98003d7b2",83,92,86,71,97,"Garbage dump 1.jpg","pic"
"1365","671d5f4c6dae15f98003d7b2",0,4,2,3,2,"Fireworks 6.jpg","pic"
"1366","671d5f4c6dae15f98003d7b2",3,1,2,3,1,"Rainbow 2.jpg","pic"
"1367","671d5f4c6dae15f98003d7b2",1,3,5,2,0,"Heart 3.jpg","pic"
"1368","671d5f4c6dae15f98003d7b2",1,1,2,2,2,"Fire 10.jpg","pic"
"1369","671d5f4c6dae15f98003d7b2",0,6,0,3,3,"Snow 1.jpg","pic"
"1370","671d5f4c6dae15f98003d7b2",94,47,79,29,78,"Flood 1.jpg","pic"
"1371","671d5f4c6dae15f98003d7b2",6,1,3,5,90,"Rocks 1.jpg","pic"
"1372","671d5f4c6dae15f98003d7b2",23,63,91,55,85,"Destruction 2.jpg","pic"
"1373","671d5f4c6dae15f98003d7b2",1,5,4,3,3,"Beach 1.jpg","pic"
"1374","671d5f4c6dae15f98003d7b2",70,95,67,53,83,"Ferret 1.jpg","pic"
"1375","671d5f4c6dae15f98003d7b2",41,1,1,0,68,"Prison 2.jpg","pic"
"1376","671d5f4c6dae15f98003d7b2",3,2,4,4,2,"Toilet 4.jpg","pic"
"1377","6824fd5f12b792fdaec9b2be",0,0,0,0,0,"Heart 3.jpg","pic"
"1378","6824fd5f12b792fdaec9b2be",0,8,53,25,0,"Flood 1.jpg","pic"
"1379","6824fd5f12b792fdaec9b2be",0,0,0,0,0,"Rocks 1.jpg","pic"
"1380","6824fd5f12b792fdaec9b2be",0,0,0,0,0,"Rainbow 2.jpg","pic"
"1381","6824fd5f12b792fdaec9b2be",0,0,0,0,0,"Snow 1.jpg","pic"
"1382","6824fd5f12b792fdaec9b2be",0,0,0,0,0,"Fireworks 6.jpg","pic"
"1383","6824fd5f12b792fdaec9b2be",11,52,17,15,64,"Toilet 4.jpg","pic"
"1384","6824fd5f12b792fdaec9b2be",9,22,26,6,0,"Dirt 1.jpg","pic"
"1385","6824fd5f12b792fdaec9b2be",52,77,73,42,43,"Garbage dump 1.jpg","pic"
"1386","6824fd5f12b792fdaec9b2be",0,0,0,0,0,"Beach 1.jpg","pic"
"1387","6824fd5f12b792fdaec9b2be",14,46,70,59,13,"Ferret 1.jpg","pic"
"1388","6824fd5f12b792fdaec9b2be",90,100,93,100,63,"Destruction 2.jpg","pic"
"1389","6824fd5f12b792fdaec9b2be",96,80,100,100,63,"Prison 2.jpg","pic"
"1390","6824fd5f12b792fdaec9b2be",0,0,0,0,0,"Clean 1.jpg","pic"
"1391","6824fd5f12b792fdaec9b2be",100,100,100,100,87,"Fire 10.jpg","pic"
"1392","6824fd5f12b792fdaec9b2be",0,0,2,0,0,"Lake 12.jpg","pic"
"1393","66293a86e40515e886439323",26,62,17,22,33,"Flood 1.jpg","pic"
"1394","66293a86e40515e886439323",0,0,0,34,27,"Fireworks 6.jpg","pic"
"1395","66293a86e40515e886439323",27,53,29,39,58,"Garbage dump 1.jpg","pic"
"1396","66293a86e40515e886439323",38,67,42,27,60,"Prison 2.jpg","pic"
"1397","66293a86e40515e886439323",0,0,0,0,0,"Rocks 1.jpg","pic"
"1398","66293a86e40515e886439323",0,0,0,0,0,"Rainbow 2.jpg","pic"
"1399","66293a86e40515e886439323",0,72,0,8,26,"Ferret 1.jpg","pic"
"1400","66293a86e40515e886439323",0,0,0,0,0,"Heart 3.jpg","pic"
"1401","66293a86e40515e886439323",26,0,0,0,22,"Toilet 4.jpg","pic"
"1402","66293a86e40515e886439323",0,0,0,0,0,"Lake 12.jpg","pic"
"1403","66293a86e40515e886439323",0,0,0,0,0,"Beach 1.jpg","pic"
"1404","66293a86e40515e886439323",0,20,20,0,20,"Dirt 1.jpg","pic"
"1405","66293a86e40515e886439323",0,0,0,0,0,"Clean 1.jpg","pic"
"1406","66293a86e40515e886439323",0,0,0,0,0,"Destruction 2.jpg","pic"
"1407","66293a86e40515e886439323",28,81,43,61,81,"Fire 10.jpg","pic"
"1408","66293a86e40515e886439323",0,0,0,0,0,"Snow 1.jpg","pic"
"1409","62b20c0065e9809e66d13fa5",24,43,0,16,21,"Flood 1.jpg","pic"
"1410","62b20c0065e9809e66d13fa5",0,12,0,0,0,"Heart 3.jpg","pic"
"1411","62b20c0065e9809e66d13fa5",0,0,0,1,0,"Rainbow 2.jpg","pic"
"1412","62b20c0065e9809e66d13fa5",34,0,9,28,12,"Toilet 4.jpg","pic"
"1413","62b20c0065e9809e66d13fa5",0,0,0,0,0,"Beach 1.jpg","pic"
"1414","62b20c0065e9809e66d13fa5",0,0,0,0,0,"Rocks 1.jpg","pic"
"1415","62b20c0065e9809e66d13fa5",0,0,0,0,0,"Clean 1.jpg","pic"
"1416","62b20c0065e9809e66d13fa5",30,0,20,55,20,"Dirt 1.jpg","pic"
"1417","62b20c0065e9809e66d13fa5",65,35,20,49,28,"Destruction 2.jpg","pic"
"1418","62b20c0065e9809e66d13fa5",0,0,0,15,0,"Fireworks 6.jpg","pic"
"1419","62b20c0065e9809e66d13fa5",37,0,0,16,15,"Snow 1.jpg","pic"
"1420","62b20c0065e9809e66d13fa5",80,8,0,5,34,"Garbage dump 1.jpg","pic"
"1421","62b20c0065e9809e66d13fa5",0,0,5,0,0,"Lake 12.jpg","pic"
"1422","62b20c0065e9809e66d13fa5",60,0,25,60,30,"Prison 2.jpg","pic"
"1423","62b20c0065e9809e66d13fa5",0,0,10,30,0,"Ferret 1.jpg","pic"
"1424","62b20c0065e9809e66d13fa5",55,50,51,70,53,"Fire 10.jpg","pic"
"1425","67f2fbc77b115d1edb94ef11",15,6,0,18,24,"Lake 12.jpg","pic"
"1426","67f2fbc77b115d1edb94ef11",22,35,17,17,14,"Fire 10.jpg","pic"
"1427","67f2fbc77b115d1edb94ef11",75,83,73,69,75,"Destruction 2.jpg","pic"
"1428","67f2fbc77b115d1edb94ef11",11,20,14,13,22,"Heart 3.jpg","pic"
"1429","67f2fbc77b115d1edb94ef11",10,14,7,15,20,"Beach 1.jpg","pic"
"1430","67f2fbc77b115d1edb94ef11",15,8,21,19,20,"Rocks 1.jpg","pic"
"1431","67f2fbc77b115d1edb94ef11",8,15,38,17,16,"Snow 1.jpg","pic"
"1432","67f2fbc77b115d1edb94ef11",64,71,55,75,73,"Dirt 1.jpg","pic"
"1433","67f2fbc77b115d1edb94ef11",72,20,35,22,23,"Garbage dump 1.jpg","pic"
"1434","67f2fbc77b115d1edb94ef11",65,12,33,28,66,"Clean 1.jpg","pic"
"1435","67f2fbc77b115d1edb94ef11",10,14,27,21,17,"Rainbow 2.jpg","pic"
"1436","67f2fbc77b115d1edb94ef11",80,9,71,66,37,"Flood 1.jpg","pic"
"1437","67f2fbc77b115d1edb94ef11",33,17,34,14,67,"Prison 2.jpg","pic"
"1438","67f2fbc77b115d1edb94ef11",69,10,29,16,61,"Fireworks 6.jpg","pic"
"1439","67f2fbc77b115d1edb94ef11",82,70,18,61,74,"Toilet 4.jpg","pic"
"1440","67f2fbc77b115d1edb94ef11",58,40,16,70,47,"Ferret 1.jpg","pic"
"1441","5a443812817d1800018d1179",0,0,0,0,0,"Clean 1.jpg","pic"
"1442","5a443812817d1800018d1179",0,0,0,2,0,"Rocks 1.jpg","pic"
"1443","5a443812817d1800018d1179",0,0,0,1,0,"Snow 1.jpg","pic"
"1444","5a443812817d1800018d1179",0,0,0,2,0,"Ferret 1.jpg","pic"
"1445","5a443812817d1800018d1179",0,0,0,1,0,"Fireworks 6.jpg","pic"
"1446","5a443812817d1800018d1179",0,3,3,7,10,"Dirt 1.jpg","pic"
"1447","5a443812817d1800018d1179",0,0,0,0,0,"Lake 12.jpg","pic"
"1448","5a443812817d1800018d1179",5,4,4,4,4,"Prison 2.jpg","pic"
"1449","5a443812817d1800018d1179",1,5,2,1,2,"Destruction 2.jpg","pic"
"1450","5a443812817d1800018d1179",0,1,1,3,0,"Garbage dump 1.jpg","pic"
"1451","5a443812817d1800018d1179",1,15,5,1,2,"Fire 10.jpg","pic"
"1452","5a443812817d1800018d1179",0,0,0,0,0,"Heart 3.jpg","pic"
"1453","5a443812817d1800018d1179",3,3,0,0,9,"Toilet 4.jpg","pic"
"1454","5a443812817d1800018d1179",8,6,2,0,8,"Flood 1.jpg","pic"
"1455","5a443812817d1800018d1179",0,0,0,0,0,"Rainbow 2.jpg","pic"
"1456","5a443812817d1800018d1179",0,0,0,0,0,"Beach 1.jpg","pic"
"1457","6407946a4bb4212372843398",0,5,0,0,0,"Rainbow 2.jpg","pic"
"1458","6407946a4bb4212372843398",0,0,20,40,15,"Snow 1.jpg","pic"
"1459","6407946a4bb4212372843398",0,0,0,0,0,"Clean 1.jpg","pic"
"1460","6407946a4bb4212372843398",70,50,0,40,5,"Prison 2.jpg","pic"
"1461","6407946a4bb4212372843398",20,15,0,60,60,"Toilet 4.jpg","pic"
"1462","6407946a4bb4212372843398",25,0,0,25,5,"Garbage dump 1.jpg","pic"
"1463","6407946a4bb4212372843398",50,10,70,80,55,"Ferret 1.jpg","pic"
"1464","6407946a4bb4212372843398",0,55,0,0,30,"Fireworks 6.jpg","pic"
"1465","6407946a4bb4212372843398",0,25,0,0,0,"Rocks 1.jpg","pic"
"1466","6407946a4bb4212372843398",80,60,80,70,85,"Destruction 2.jpg","pic"
"1467","6407946a4bb4212372843398",75,75,60,55,55,"Flood 1.jpg","pic"
"1468","6407946a4bb4212372843398",60,70,25,0,85,"Heart 3.jpg","pic"
"1469","6407946a4bb4212372843398",5,0,20,80,20,"Beach 1.jpg","pic"
"1470","6407946a4bb4212372843398",0,0,0,0,0,"Lake 12.jpg","pic"
"1471","6407946a4bb4212372843398",55,60,80,75,80,"Dirt 1.jpg","pic"
"1472","6407946a4bb4212372843398",60,55,60,70,25,"Fire 10.jpg","pic"
"1473","63f82a4ff43ec144ca3622a8",0,0,0,0,0,"Heart 3.jpg","pic"
"1474","63f82a4ff43ec144ca3622a8",0,0,0,0,0,"Prison 2.jpg","pic"
"1475","63f82a4ff43ec144ca3622a8",0,0,0,0,0,"Dirt 1.jpg","pic"
"1476","63f82a4ff43ec144ca3622a8",0,0,0,0,0,"Rainbow 2.jpg","pic"
"1477","63f82a4ff43ec144ca3622a8",3,2,3,2,0,"Ferret 1.jpg","pic"
"1478","63f82a4ff43ec144ca3622a8",0,1,1,0,0,"Lake 12.jpg","pic"
"1479","63f82a4ff43ec144ca3622a8",9,7,0,0,2,"Flood 1.jpg","pic"
"1480","63f82a4ff43ec144ca3622a8",0,0,0,0,0,"Beach 1.jpg","pic"
"1481","63f82a4ff43ec144ca3622a8",0,0,0,0,5,"Fire 10.jpg","pic"
"1482","63f82a4ff43ec144ca3622a8",0,0,0,0,0,"Clean 1.jpg","pic"
"1483","63f82a4ff43ec144ca3622a8",20,41,1,0,17,"Destruction 2.jpg","pic"
"1484","63f82a4ff43ec144ca3622a8",0,0,0,0,0,"Toilet 4.jpg","pic"
"1485","63f82a4ff43ec144ca3622a8",0,0,0,0,0,"Garbage dump 1.jpg","pic"
"1486","63f82a4ff43ec144ca3622a8",0,0,0,0,0,"Snow 1.jpg","pic"
"1487","63f82a4ff43ec144ca3622a8",0,0,0,0,0,"Fireworks 6.jpg","pic"
"1488","63f82a4ff43ec144ca3622a8",0,0,0,0,0,"Rocks 1.jpg","pic"
"1489","615ddab1e4f013092538b6c5",5,17,4,33,10,"Fireworks 6.jpg","pic"
"1490","615ddab1e4f013092538b6c5",16,11,8,10,2,"Rocks 1.jpg","pic"
"1491","615ddab1e4f013092538b6c5",12,12,12,8,7,"Dirt 1.jpg","pic"
"1492","615ddab1e4f013092538b6c5",42,4,14,17,6,"Toilet 4.jpg","pic"
"1493","615ddab1e4f013092538b6c5",16,14,16,24,10,"Snow 1.jpg","pic"
"1494","615ddab1e4f013092538b6c5",61,80,24,66,94,"Destruction 2.jpg","pic"
"1495","615ddab1e4f013092538b6c5",50,30,34,45,49,"Prison 2.jpg","pic"
"1496","615ddab1e4f013092538b6c5",4,3,0,19,0,"Beach 1.jpg","pic"
"1497","615ddab1e4f013092538b6c5",8,6,74,78,49,"Ferret 1.jpg","pic"
"1498","615ddab1e4f013092538b6c5",6,18,5,7,5,"Rainbow 2.jpg","pic"
"1499","615ddab1e4f013092538b6c5",72,14,6,21,44,"Garbage dump 1.jpg","pic"
"1500","615ddab1e4f013092538b6c5",0,11,4,16,3,"Lake 12.jpg","pic"
"1501","615ddab1e4f013092538b6c5",2,4,0,6,3,"Heart 3.jpg","pic"
"1502","615ddab1e4f013092538b6c5",8,2,81,82,80,"Fire 10.jpg","pic"
"1503","615ddab1e4f013092538b6c5",3,2,2,13,3,"Clean 1.jpg","pic"
"1504","615ddab1e4f013092538b6c5",48,1,45,91,69,"Flood 1.jpg","pic"
"1505","57656f6c2bfddf000125cce5",5,17,0,5,11,"Beach 1.jpg","pic"
"1506","57656f6c2bfddf000125cce5",27,11,3,8,12,"Snow 1.jpg","pic"
"1507","57656f6c2bfddf000125cce5",22,5,48,27,30,"Fireworks 6.jpg","pic"
"1508","57656f6c2bfddf000125cce5",22,22,10,0,0,"Lake 12.jpg","pic"
"1509","57656f6c2bfddf000125cce5",74,58,54,51,54,"Destruction 2.jpg","pic"
"1510","57656f6c2bfddf000125cce5",79,60,63,69,37,"Prison 2.jpg","pic"
"1511","57656f6c2bfddf000125cce5",9,8,2,8,8,"Clean 1.jpg","pic"
"1512","57656f6c2bfddf000125cce5",60,21,54,58,46,"Toilet 4.jpg","pic"
"1513","57656f6c2bfddf000125cce5",62,48,85,64,59,"Fire 10.jpg","pic"
"1514","57656f6c2bfddf000125cce5",59,53,57,22,44,"Dirt 1.jpg","pic"
"1515","57656f6c2bfddf000125cce5",26,18,70,73,60,"Ferret 1.jpg","pic"
"1516","57656f6c2bfddf000125cce5",28,33,8,9,9,"Rocks 1.jpg","pic"
"1517","57656f6c2bfddf000125cce5",17,11,8,9,18,"Heart 3.jpg","pic"
"1518","57656f6c2bfddf000125cce5",10,13,0,4,6,"Rainbow 2.jpg","pic"
"1519","57656f6c2bfddf000125cce5",75,61,72,55,60,"Flood 1.jpg","pic"
"1520","57656f6c2bfddf000125cce5",63,46,56,70,65,"Garbage dump 1.jpg","pic"
"1521","667c66be2cfdb420fd63f2c9",38,68,44,62,56,"Fire 10.jpg","pic"
"1522","667c66be2cfdb420fd63f2c9",50,59,29,58,54,"Dirt 1.jpg","pic"
"1523","667c66be2cfdb420fd63f2c9",71,55,0,61,33,"Prison 2.jpg","pic"
"1524","667c66be2cfdb420fd63f2c9",57,59,0,72,55,"Flood 1.jpg","pic"
"1525","667c66be2cfdb420fd63f2c9",0,0,0,0,0,"Lake 12.jpg","pic"
"1526","667c66be2cfdb420fd63f2c9",58,75,0,75,75,"Destruction 2.jpg","pic"
"1527","667c66be2cfdb420fd63f2c9",80,29,0,65,67,"Toilet 4.jpg","pic"
"1528","667c66be2cfdb420fd63f2c9",0,0,0,0,0,"Heart 3.jpg","pic"
"1529","667c66be2cfdb420fd63f2c9",0,0,0,0,0,"Rocks 1.jpg","pic"
"1530","667c66be2cfdb420fd63f2c9",22,0,85,78,69,"Ferret 1.jpg","pic"
"1531","667c66be2cfdb420fd63f2c9",0,0,0,0,0,"Rainbow 2.jpg","pic"
"1532","667c66be2cfdb420fd63f2c9",0,0,0,0,0,"Snow 1.jpg","pic"
"1533","667c66be2cfdb420fd63f2c9",0,0,0,0,0,"Beach 1.jpg","pic"
"1534","667c66be2cfdb420fd63f2c9",0,0,0,0,0,"Fireworks 6.jpg","pic"
"1535","667c66be2cfdb420fd63f2c9",0,0,0,0,0,"Clean 1.jpg","pic"
"1536","667c66be2cfdb420fd63f2c9",38,14,0,0,17,"Garbage dump 1.jpg","pic"
"1537","5ca3ccae7958d0001689df68",100,0,0,22,100,"Snow 1.jpg","pic"
"1538","5ca3ccae7958d0001689df68",1,2,1,1,1,"Toilet 4.jpg","pic"
"1539","5ca3ccae7958d0001689df68",38,37,59,66,20,"Dirt 1.jpg","pic"
"1540","5ca3ccae7958d0001689df68",0,0,0,0,1,"Heart 3.jpg","pic"
"1541","5ca3ccae7958d0001689df68",0,0,0,95,0,"Lake 12.jpg","pic"
"1542","5ca3ccae7958d0001689df68",0,1,0,0,2,"Rocks 1.jpg","pic"
"1543","5ca3ccae7958d0001689df68",0,0,0,0,0,"Rainbow 2.jpg","pic"
"1544","5ca3ccae7958d0001689df68",0,0,0,0,0,"Beach 1.jpg","pic"
"1545","5ca3ccae7958d0001689df68",0,0,1,0,0,"Clean 1.jpg","pic"
"1546","5ca3ccae7958d0001689df68",48,47,9,0,0,"Destruction 2.jpg","pic"
"1547","5ca3ccae7958d0001689df68",72,46,63,100,22,"Flood 1.jpg","pic"
"1548","5ca3ccae7958d0001689df68",1,0,2,1,0,"Fireworks 6.jpg","pic"
"1549","5ca3ccae7958d0001689df68",50,53,0,0,17,"Ferret 1.jpg","pic"
"1550","5ca3ccae7958d0001689df68",100,100,100,100,100,"Prison 2.jpg","pic"
"1551","5ca3ccae7958d0001689df68",0,52,2,78,98,"Garbage dump 1.jpg","pic"
"1552","5ca3ccae7958d0001689df68",52,55,25,50,40,"Fire 10.jpg","pic"
"1553","651c18b7be672ec76e5f6860",4,6,29,51,22,"Ferret 1.jpg","pic"
"1554","651c18b7be672ec76e5f6860",4,4,4,6,4,"Lake 12.jpg","pic"
"1555","651c18b7be672ec76e5f6860",5,5,5,6,4,"Heart 3.jpg","pic"
"1556","651c18b7be672ec76e5f6860",3,1,2,2,2,"Rocks 1.jpg","pic"
"1557","651c18b7be672ec76e5f6860",47,53,21,52,20,"Flood 1.jpg","pic"
"1558","651c18b7be672ec76e5f6860",3,2,2,2,1,"Beach 1.jpg","pic"
"1559","651c18b7be672ec76e5f6860",14,14,1,3,18,"Garbage dump 1.jpg","pic"
"1560","651c18b7be672ec76e5f6860",3,1,2,3,2,"Rainbow 2.jpg","pic"
"1561","651c18b7be672ec76e5f6860",69,81,47,77,90,"Destruction 2.jpg","pic"
"1562","651c18b7be672ec76e5f6860",46,49,27,47,26,"Prison 2.jpg","pic"
"1563","651c18b7be672ec76e5f6860",14,19,8,16,16,"Dirt 1.jpg","pic"
"1564","651c18b7be672ec76e5f6860",38,46,17,26,52,"Toilet 4.jpg","pic"
"1565","651c18b7be672ec76e5f6860",49,66,27,65,50,"Fire 10.jpg","pic"
"1566","651c18b7be672ec76e5f6860",2,3,3,3,3,"Clean 1.jpg","pic"
"1567","651c18b7be672ec76e5f6860",2,3,13,51,3,"Fireworks 6.jpg","pic"
"1568","651c18b7be672ec76e5f6860",2,1,1,2,4,"Snow 1.jpg","pic"
"1569","6544ff9e0fb2eaaf83e2de5c",28,34,1,1,37,"Prison 2.jpg","pic"
"1570","6544ff9e0fb2eaaf83e2de5c",27,32,7,8,48,"Destruction 2.jpg","pic"
"1571","6544ff9e0fb2eaaf83e2de5c",3,3,3,0,3,"Garbage dump 1.jpg","pic"
"1572","6544ff9e0fb2eaaf83e2de5c",0,0,70,76,73,"Ferret 1.jpg","pic"
"1573","6544ff9e0fb2eaaf83e2de5c",0,0,0,0,0,"Lake 12.jpg","pic"
"1574","6544ff9e0fb2eaaf83e2de5c",0,0,0,0,0,"Rainbow 2.jpg","pic"
"1575","6544ff9e0fb2eaaf83e2de5c",0,0,0,0,0,"Clean 1.jpg","pic"
"1576","6544ff9e0fb2eaaf83e2de5c",31,9,9,5,88,"Toilet 4.jpg","pic"
"1577","6544ff9e0fb2eaaf83e2de5c",0,0,0,0,0,"Snow 1.jpg","pic"
"1578","6544ff9e0fb2eaaf83e2de5c",0,0,0,0,0,"Fireworks 6.jpg","pic"
"1579","6544ff9e0fb2eaaf83e2de5c",0,0,0,0,0,"Beach 1.jpg","pic"
"1580","6544ff9e0fb2eaaf83e2de5c",10,0,20,30,29,"Fire 10.jpg","pic"
"1581","6544ff9e0fb2eaaf83e2de5c",0,23,0,0,6,"Heart 3.jpg","pic"
"1582","6544ff9e0fb2eaaf83e2de5c",3,43,10,0,16,"Dirt 1.jpg","pic"
"1583","6544ff9e0fb2eaaf83e2de5c",10,8,79,69,79,"Flood 1.jpg","pic"
"1584","6544ff9e0fb2eaaf83e2de5c",7,6,8,8,2,"Rocks 1.jpg","pic"
"1585","6942e57738f4e53ee0c5442b",22,49,49,12,21,"Snow 1.jpg","pic"
"1586","6942e57738f4e53ee0c5442b",49,48,50,18,18,"Rocks 1.jpg","pic"
"1587","6942e57738f4e53ee0c5442b",96,85,86,68,56,"Prison 2.jpg","pic"
"1588","6942e57738f4e53ee0c5442b",65,51,30,48,19,"Toilet 4.jpg","pic"
"1589","6942e57738f4e53ee0c5442b",30,15,65,65,15,"Ferret 1.jpg","pic"
"1590","6942e57738f4e53ee0c5442b",7,2,4,4,43,"Heart 3.jpg","pic"
"1591","6942e57738f4e53ee0c5442b",2,3,2,2,2,"Beach 1.jpg","pic"
"1592","6942e57738f4e53ee0c5442b",2,0,2,2,3,"Fire 10.jpg","pic"
"1593","6942e57738f4e53ee0c5442b",3,4,3,3,1,"Fireworks 6.jpg","pic"
"1594","6942e57738f4e53ee0c5442b",1,3,2,2,4,"Lake 12.jpg","pic"
"1595","6942e57738f4e53ee0c5442b",94,89,62,97,69,"Garbage dump 1.jpg","pic"
"1596","6942e57738f4e53ee0c5442b",0,0,0,0,0,"Clean 1.jpg","pic"
"1597","6942e57738f4e53ee0c5442b",73,80,59,92,78,"Destruction 2.jpg","pic"
"1598","6942e57738f4e53ee0c5442b",2,2,1,2,5,"Rainbow 2.jpg","pic"
"1599","6942e57738f4e53ee0c5442b",50,66,67,71,49,"Dirt 1.jpg","pic"
"1600","6942e57738f4e53ee0c5442b",99,74,84,90,77,"Flood 1.jpg","pic"
"1601","665e0d4039fbf0b54bab1900",0,0,0,0,0,"Snow 1.jpg","pic"
"1602","665e0d4039fbf0b54bab1900",0,0,0,0,0,"Fireworks 6.jpg","pic"
"1603","665e0d4039fbf0b54bab1900",0,0,0,0,0,"Beach 1.jpg","pic"
"1604","665e0d4039fbf0b54bab1900",0,0,0,0,0,"Clean 1.jpg","pic"
"1605","665e0d4039fbf0b54bab1900",0,0,0,0,0,"Flood 1.jpg","pic"
"1606","665e0d4039fbf0b54bab1900",0,0,0,0,0,"Rainbow 2.jpg","pic"
"1607","665e0d4039fbf0b54bab1900",0,0,0,0,60,"Ferret 1.jpg","pic"
"1608","665e0d4039fbf0b54bab1900",40,70,100,60,100,"Destruction 2.jpg","pic"
"1609","665e0d4039fbf0b54bab1900",45,50,59,45,40,"Fire 10.jpg","pic"
"1610","665e0d4039fbf0b54bab1900",15,20,25,10,30,"Rocks 1.jpg","pic"
"1611","665e0d4039fbf0b54bab1900",0,0,0,0,0,"Heart 3.jpg","pic"
"1612","665e0d4039fbf0b54bab1900",35,40,40,50,100,"Garbage dump 1.jpg","pic"
"1613","665e0d4039fbf0b54bab1900",0,0,0,0,0,"Prison 2.jpg","pic"
"1614","665e0d4039fbf0b54bab1900",0,0,0,0,0,"Dirt 1.jpg","pic"
"1615","665e0d4039fbf0b54bab1900",0,0,0,0,0,"Lake 12.jpg","pic"
"1616","665e0d4039fbf0b54bab1900",30,49,0,50,100,"Toilet 4.jpg","pic"
"1617","5e4e844553bc702cdf68404d",30,5,5,10,10,"Garbage dump 1.jpg","pic"
"1618","5e4e844553bc702cdf68404d",5,0,0,30,25,"Toilet 4.jpg","pic"
"1619","5e4e844553bc702cdf68404d",5,0,0,0,0,"Snow 1.jpg","pic"
"1620","5e4e844553bc702cdf68404d",0,0,5,0,0,"Fireworks 6.jpg","pic"
"1621","5e4e844553bc702cdf68404d",0,5,0,0,0,"Beach 1.jpg","pic"
"1622","5e4e844553bc702cdf68404d",15,7,0,0,0,"Dirt 1.jpg","pic"
"1623","5e4e844553bc702cdf68404d",40,35,20,35,35,"Destruction 2.jpg","pic"
"1624","5e4e844553bc702cdf68404d",0,0,0,0,0,"Lake 12.jpg","pic"
"1625","5e4e844553bc702cdf68404d",0,0,0,0,0,"Heart 3.jpg","pic"
"1626","5e4e844553bc702cdf68404d",0,0,0,0,0,"Clean 1.jpg","pic"
"1627","5e4e844553bc702cdf68404d",35,10,5,25,15,"Fire 10.jpg","pic"
"1628","5e4e844553bc702cdf68404d",30,40,15,20,20,"Flood 1.jpg","pic"
"1629","5e4e844553bc702cdf68404d",0,0,0,0,0,"Rocks 1.jpg","pic"
"1630","5e4e844553bc702cdf68404d",35,0,15,5,10,"Prison 2.jpg","pic"
"1631","5e4e844553bc702cdf68404d",0,0,0,0,0,"Rainbow 2.jpg","pic"
"1632","5e4e844553bc702cdf68404d",0,0,5,15,0,"Ferret 1.jpg","pic"
"1633","5e954b384491ad117052cd48",0,0,0,0,0,"Lake 12.jpg","pic"
"1634","5e954b384491ad117052cd48",35,0,0,10,0,"Toilet 4.jpg","pic"
"1635","5e954b384491ad117052cd48",0,0,0,0,0,"Rocks 1.jpg","pic"
"1636","5e954b384491ad117052cd48",60,85,20,70,85,"Garbage dump 1.jpg","pic"
"1637","5e954b384491ad117052cd48",0,0,0,0,0,"Rainbow 2.jpg","pic"
"1638","5e954b384491ad117052cd48",10,5,85,85,80,"Ferret 1.jpg","pic"
"1639","5e954b384491ad117052cd48",0,0,0,0,0,"Snow 1.jpg","pic"
"1640","5e954b384491ad117052cd48",0,0,0,0,0,"Clean 1.jpg","pic"
"1641","5e954b384491ad117052cd48",20,10,40,70,70,"Flood 1.jpg","pic"
"1642","5e954b384491ad117052cd48",70,50,85,85,85,"Destruction 2.jpg","pic"
"1643","5e954b384491ad117052cd48",40,30,90,90,80,"Fire 10.jpg","pic"
"1644","5e954b384491ad117052cd48",30,45,15,40,35,"Dirt 1.jpg","pic"
"1645","5e954b384491ad117052cd48",0,0,0,0,0,"Heart 3.jpg","pic"
"1646","5e954b384491ad117052cd48",50,5,60,70,0,"Prison 2.jpg","pic"
"1647","5e954b384491ad117052cd48",0,0,0,0,0,"Fireworks 6.jpg","pic"
"1648","5e954b384491ad117052cd48",0,0,0,0,0,"Beach 1.jpg","pic"
"1649","64d52f6f30852f26223d1e84",0,0,0,0,0,"Rainbow 2.jpg","pic"
"1650","64d52f6f30852f26223d1e84",0,0,0,0,0,"Prison 2.jpg","pic"
"1651","64d52f6f30852f26223d1e84",0,0,0,0,0,"Garbage dump 1.jpg","pic"
"1652","64d52f6f30852f26223d1e84",15,0,0,0,0,"Toilet 4.jpg","pic"
"1653","64d52f6f30852f26223d1e84",0,0,0,0,0,"Snow 1.jpg","pic"
"1654","64d52f6f30852f26223d1e84",0,0,0,0,0,"Clean 1.jpg","pic"
"1655","64d52f6f30852f26223d1e84",0,0,0,0,0,"Lake 12.jpg","pic"
"1656","64d52f6f30852f26223d1e84",0,0,0,6,0,"Ferret 1.jpg","pic"
"1657","64d52f6f30852f26223d1e84",0,0,0,0,0,"Fireworks 6.jpg","pic"
"1658","64d52f6f30852f26223d1e84",0,8,0,0,0,"Flood 1.jpg","pic"
"1659","64d52f6f30852f26223d1e84",0,0,0,0,0,"Rocks 1.jpg","pic"
"1660","64d52f6f30852f26223d1e84",0,0,0,0,0,"Beach 1.jpg","pic"
"1661","64d52f6f30852f26223d1e84",0,0,0,0,0,"Fire 10.jpg","pic"
"1662","64d52f6f30852f26223d1e84",0,0,0,20,0,"Destruction 2.jpg","pic"
"1663","64d52f6f30852f26223d1e84",0,0,0,0,0,"Heart 3.jpg","pic"
"1664","64d52f6f30852f26223d1e84",0,0,0,0,0,"Dirt 1.jpg","pic"
"1665","632b3017a1169b3aa44c0d66",87,71,57,70,38,"Flood 1.jpg","pic"
"1666","632b3017a1169b3aa44c0d66",0,0,0,7,0,"Snow 1.jpg","pic"
"1667","632b3017a1169b3aa44c0d66",9,11,0,31,13,"Clean 1.jpg","pic"
"1668","632b3017a1169b3aa44c0d66",76,65,64,74,71,"Prison 2.jpg","pic"
"1669","632b3017a1169b3aa44c0d66",0,0,0,10,0,"Rainbow 2.jpg","pic"
"1670","632b3017a1169b3aa44c0d66",21,50,11,21,42,"Dirt 1.jpg","pic"
"1671","632b3017a1169b3aa44c0d66",7,55,80,81,65,"Ferret 1.jpg","pic"
"1672","632b3017a1169b3aa44c0d66",0,0,0,28,0,"Lake 12.jpg","pic"
"1673","632b3017a1169b3aa44c0d66",99,95,63,81,100,"Toilet 4.jpg","pic"
"1674","632b3017a1169b3aa44c0d66",30,26,11,66,20,"Beach 1.jpg","pic"
"1675","632b3017a1169b3aa44c0d66",75,63,16,62,42,"Fire 10.jpg","pic"
"1676","632b3017a1169b3aa44c0d66",14,5,4,45,17,"Garbage dump 1.jpg","pic"
"1677","632b3017a1169b3aa44c0d66",61,61,9,68,3,"Heart 3.jpg","pic"
"1678","632b3017a1169b3aa44c0d66",75,66,7,82,57,"Destruction 2.jpg","pic"
"1679","632b3017a1169b3aa44c0d66",0,0,0,31,0,"Fireworks 6.jpg","pic"
"1680","632b3017a1169b3aa44c0d66",3,0,8,23,11,"Rocks 1.jpg","pic"
"1681","670ff2e18c2f93beac6a6a72",0,0,0,0,0,"Rocks 1.jpg","pic"
"1682","670ff2e18c2f93beac6a6a72",0,23,25,44,14,"Ferret 1.jpg","pic"
"1683","670ff2e18c2f93beac6a6a72",86,86,84,55,100,"Destruction 2.jpg","pic"
"1684","670ff2e18c2f93beac6a6a72",58,67,62,80,0,"Clean 1.jpg","pic"
"1685","670ff2e18c2f93beac6a6a72",77,46,47,67,84,"Dirt 1.jpg","pic"
"1686","670ff2e18c2f93beac6a6a72",74,75,95,82,33,"Fireworks 6.jpg","pic"
"1687","670ff2e18c2f93beac6a6a72",52,58,48,59,67,"Garbage dump 1.jpg","pic"
"1688","670ff2e18c2f93beac6a6a72",58,58,0,9,0,"Snow 1.jpg","pic"
"1689","670ff2e18c2f93beac6a6a72",79,53,57,96,100,"Toilet 4.jpg","pic"
"1690","670ff2e18c2f93beac6a6a72",83,80,34,56,100,"Fire 10.jpg","pic"
"1691","670ff2e18c2f93beac6a6a72",74,69,40,65,52,"Flood 1.jpg","pic"
"1692","670ff2e18c2f93beac6a6a72",0,0,0,0,0,"Lake 12.jpg","pic"
"1693","670ff2e18c2f93beac6a6a72",100,100,100,100,100,"Prison 2.jpg","pic"
"1694","670ff2e18c2f93beac6a6a72",3,0,0,3,0,"Heart 3.jpg","pic"
"1695","670ff2e18c2f93beac6a6a72",0,5,0,0,0,"Beach 1.jpg","pic"
"1696","670ff2e18c2f93beac6a6a72",0,0,0,0,3,"Rainbow 2.jpg","pic"
"1697","629e1738fcc7d0b6acfe5280",7,25,0,51,0,"Fire 10.jpg","pic"
"1698","629e1738fcc7d0b6acfe5280",98,100,60,78,96,"Destruction 2.jpg","pic"
"1699","629e1738fcc7d0b6acfe5280",0,0,6,0,0,"Rainbow 2.jpg","pic"
"1700","629e1738fcc7d0b6acfe5280",0,0,31,0,75,"Snow 1.jpg","pic"
"1701","629e1738fcc7d0b6acfe5280",30,35,60,28,48,"Rocks 1.jpg","pic"
"1702","629e1738fcc7d0b6acfe5280",36,58,47,55,50,"Ferret 1.jpg","pic"
"1703","629e1738fcc7d0b6acfe5280",61,54,48,65,50,"Dirt 1.jpg","pic"
"1704","629e1738fcc7d0b6acfe5280",72,99,48,73,49,"Toilet 4.jpg","pic"
"1705","629e1738fcc7d0b6acfe5280",0,0,24,0,0,"Beach 1.jpg","pic"
"1706","629e1738fcc7d0b6acfe5280",33,60,33,83,50,"Flood 1.jpg","pic"
"1707","629e1738fcc7d0b6acfe5280",21,48,29,51,14,"Lake 12.jpg","pic"
"1708","629e1738fcc7d0b6acfe5280",0,0,27,49,0,"Clean 1.jpg","pic"
"1709","629e1738fcc7d0b6acfe5280",0,11,0,21,0,"Garbage dump 1.jpg","pic"
"1710","629e1738fcc7d0b6acfe5280",21,43,22,60,17,"Heart 3.jpg","pic"
"1711","629e1738fcc7d0b6acfe5280",0,0,47,71,0,"Fireworks 6.jpg","pic"
"1712","629e1738fcc7d0b6acfe5280",97,45,23,75,84,"Prison 2.jpg","pic"
"1713","665e26502758155528c8793e",2,3,2,6,3,"Beach 1.jpg","pic"
"1714","665e26502758155528c8793e",75,44,69,20,57,"Prison 2.jpg","pic"
"1715","665e26502758155528c8793e",38,5,54,52,71,"Fire 10.jpg","pic"
"1716","665e26502758155528c8793e",94,82,90,57,88,"Destruction 2.jpg","pic"
"1717","665e26502758155528c8793e",73,72,48,38,65,"Garbage dump 1.jpg","pic"
"1718","665e26502758155528c8793e",32,34,31,42,20,"Rocks 1.jpg","pic"
"1719","665e26502758155528c8793e",83,87,65,35,84,"Flood 1.jpg","pic"
"1720","665e26502758155528c8793e",75,82,51,40,86,"Dirt 1.jpg","pic"
"1721","665e26502758155528c8793e",87,33,87,89,76,"Ferret 1.jpg","pic"
"1722","665e26502758155528c8793e",9,6,7,48,3,"Lake 12.jpg","pic"
"1723","665e26502758155528c8793e",9,10,6,34,16,"Clean 1.jpg","pic"
"1724","665e26502758155528c8793e",56,52,32,25,22,"Snow 1.jpg","pic"
"1725","665e26502758155528c8793e",9,5,4,19,10,"Heart 3.jpg","pic"
"1726","665e26502758155528c8793e",8,4,4,54,6,"Rainbow 2.jpg","pic"
"1727","665e26502758155528c8793e",4,7,4,63,7,"Fireworks 6.jpg","pic"
"1728","665e26502758155528c8793e",93,68,54,67,58,"Toilet 4.jpg","pic"
"1729","64551d250ef342507eb0edf9",0,0,0,0,0,"Rainbow 2.jpg","pic"
"1730","64551d250ef342507eb0edf9",4,7,8,5,4,"Clean 1.jpg","pic"
"1731","64551d250ef342507eb0edf9",3,4,7,8,5,"Beach 1.jpg","pic"
"1732","64551d250ef342507eb0edf9",0,5,4,18,2,"Ferret 1.jpg","pic"
"1733","64551d250ef342507eb0edf9",5,5,6,0,6,"Prison 2.jpg","pic"
"1734","64551d250ef342507eb0edf9",4,5,2,6,4,"Garbage dump 1.jpg","pic"
"1735","64551d250ef342507eb0edf9",5,8,6,5,13,"Heart 3.jpg","pic"
"1736","64551d250ef342507eb0edf9",9,8,11,7,11,"Lake 12.jpg","pic"
"1737","64551d250ef342507eb0edf9",0,0,6,0,0,"Flood 1.jpg","pic"
"1738","64551d250ef342507eb0edf9",0,5,7,0,2,"Fireworks 6.jpg","pic"
"1739","64551d250ef342507eb0edf9",24,5,4,21,26,"Toilet 4.jpg","pic"
"1740","64551d250ef342507eb0edf9",19,12,19,15,7,"Dirt 1.jpg","pic"
"1741","64551d250ef342507eb0edf9",9,9,10,10,14,"Rocks 1.jpg","pic"
"1742","64551d250ef342507eb0edf9",42,6,10,19,6,"Destruction 2.jpg","pic"
"1743","64551d250ef342507eb0edf9",18,14,9,19,7,"Fire 10.jpg","pic"
"1744","64551d250ef342507eb0edf9",11,14,0,10,0,"Snow 1.jpg","pic"
"1745","673cc0c935b49103f2be1e27",0,0,0,0,0,"Clean 1.jpg","pic"
"1746","673cc0c935b49103f2be1e27",0,0,0,0,0,"Fireworks 6.jpg","pic"
"1747","673cc0c935b49103f2be1e27",10,10,5,10,5,"Flood 1.jpg","pic"
"1748","673cc0c935b49103f2be1e27",0,0,10,10,5,"Ferret 1.jpg","pic"
"1749","673cc0c935b49103f2be1e27",0,0,0,0,0,"Rocks 1.jpg","pic"
"1750","673cc0c935b49103f2be1e27",10,0,0,0,0,"Garbage dump 1.jpg","pic"
"1751","673cc0c935b49103f2be1e27",10,0,0,0,0,"Snow 1.jpg","pic"
"1752","673cc0c935b49103f2be1e27",50,60,15,40,65,"Destruction 2.jpg","pic"
"1753","673cc0c935b49103f2be1e27",0,0,0,0,0,"Rainbow 2.jpg","pic"
"1754","673cc0c935b49103f2be1e27",0,0,0,0,0,"Heart 3.jpg","pic"
"1755","673cc0c935b49103f2be1e27",0,0,15,30,0,"Fire 10.jpg","pic"
"1756","673cc0c935b49103f2be1e27",50,25,15,30,30,"Prison 2.jpg","pic"
"1757","673cc0c935b49103f2be1e27",5,10,5,10,10,"Dirt 1.jpg","pic"
"1758","673cc0c935b49103f2be1e27",25,0,5,10,6,"Toilet 4.jpg","pic"
"1759","673cc0c935b49103f2be1e27",0,0,0,0,0,"Beach 1.jpg","pic"
"1760","673cc0c935b49103f2be1e27",0,0,0,0,0,"Lake 12.jpg","pic"
"1761","655b6a0d11066d07716ab0b5",0,0,0,6,0,"Ferret 1.jpg","pic"
"1762","655b6a0d11066d07716ab0b5",3,0,0,0,0,"Toilet 4.jpg","pic"
"1763","655b6a0d11066d07716ab0b5",2,5,0,1,0,"Flood 1.jpg","pic"
"1764","655b6a0d11066d07716ab0b5",0,0,0,0,0,"Fire 10.jpg","pic"
"1765","655b6a0d11066d07716ab0b5",0,0,0,0,0,"Rainbow 2.jpg","pic"
"1766","655b6a0d11066d07716ab0b5",1,1,0,0,0,"Snow 1.jpg","pic"
"1767","655b6a0d11066d07716ab0b5",0,0,0,0,0,"Lake 12.jpg","pic"
"1768","655b6a0d11066d07716ab0b5",0,0,0,0,0,"Rocks 1.jpg","pic"
"1769","655b6a0d11066d07716ab0b5",0,0,0,0,0,"Clean 1.jpg","pic"
"1770","655b6a0d11066d07716ab0b5",0,0,0,0,1,"Prison 2.jpg","pic"
"1771","655b6a0d11066d07716ab0b5",0,0,0,0,0,"Fireworks 6.jpg","pic"
"1772","655b6a0d11066d07716ab0b5",0,0,0,0,0,"Dirt 1.jpg","pic"
"1773","655b6a0d11066d07716ab0b5",0,1,0,0,0,"Beach 1.jpg","pic"
"1774","655b6a0d11066d07716ab0b5",2,3,0,0,0,"Garbage dump 1.jpg","pic"
"1775","655b6a0d11066d07716ab0b5",8,0,0,0,3,"Destruction 2.jpg","pic"
"1776","655b6a0d11066d07716ab0b5",0,0,0,0,0,"Heart 3.jpg","pic"
"1777","63d2a4b549eb02187fd40092",0,0,0,0,0,"Lake 12.jpg","pic"
"1778","63d2a4b549eb02187fd40092",33,0,0,0,10,"Snow 1.jpg","pic"
"1779","63d2a4b549eb02187fd40092",0,0,0,2,0,"Fireworks 6.jpg","pic"
"1780","63d2a4b549eb02187fd40092",21,7,0,5,24,"Toilet 4.jpg","pic"
"1781","63d2a4b549eb02187fd40092",27,0,0,4,0,"Prison 2.jpg","pic"
"1782","63d2a4b549eb02187fd40092",0,0,0,0,0,"Heart 3.jpg","pic"
"1783","63d2a4b549eb02187fd40092",0,0,0,0,0,"Rocks 1.jpg","pic"
"1784","63d2a4b549eb02187fd40092",4,0,17,32,10,"Ferret 1.jpg","pic"
"1785","63d2a4b549eb02187fd40092",20,33,0,5,29,"Garbage dump 1.jpg","pic"
"1786","63d2a4b549eb02187fd40092",15,10,2,24,14,"Flood 1.jpg","pic"
"1787","63d2a4b549eb02187fd40092",0,0,0,0,0,"Beach 1.jpg","pic"
"1788","63d2a4b549eb02187fd40092",2,0,0,0,0,"Rainbow 2.jpg","pic"
"1789","63d2a4b549eb02187fd40092",10,5,14,38,34,"Fire 10.jpg","pic"
"1790","63d2a4b549eb02187fd40092",38,90,16,31,65,"Destruction 2.jpg","pic"
"1791","63d2a4b549eb02187fd40092",0,0,0,0,0,"Clean 1.jpg","pic"
"1792","63d2a4b549eb02187fd40092",8,0,2,0,5,"Dirt 1.jpg","pic"
"1793","63b18d94775ad4aad221103c",20,87,83,75,46,"Dirt 1.jpg","pic"
"1794","63b18d94775ad4aad221103c",1,2,1,1,2,"Heart 3.jpg","pic"
"1795","63b18d94775ad4aad221103c",98,0,83,93,72,"Toilet 4.jpg","pic"
"1796","63b18d94775ad4aad221103c",84,100,99,100,78,"Flood 1.jpg","pic"
"1797","63b18d94775ad4aad221103c",0,0,0,0,0,"Fire 10.jpg","pic"
"1798","63b18d94775ad4aad221103c",0,0,0,0,0,"Lake 12.jpg","pic"
"1799","63b18d94775ad4aad221103c",0,0,0,0,0,"Snow 1.jpg","pic"
"1800","63b18d94775ad4aad221103c",36,85,100,100,61,"Ferret 1.jpg","pic"
"1801","63b18d94775ad4aad221103c",0,0,0,0,0,"Clean 1.jpg","pic"
"1802","63b18d94775ad4aad221103c",0,59,34,0,34,"Rainbow 2.jpg","pic"
"1803","63b18d94775ad4aad221103c",0,0,0,0,1,"Beach 1.jpg","pic"
"1804","63b18d94775ad4aad221103c",0,0,0,0,0,"Fireworks 6.jpg","pic"
"1805","63b18d94775ad4aad221103c",100,100,100,100,100,"Destruction 2.jpg","pic"
"1806","63b18d94775ad4aad221103c",0,0,23,0,0,"Rocks 1.jpg","pic"
"1807","63b18d94775ad4aad221103c",100,100,98,100,100,"Garbage dump 1.jpg","pic"
"1808","63b18d94775ad4aad221103c",63,61,100,64,42,"Prison 2.jpg","pic"
"1809","67ddd68976b22b18710b9fdb",0,0,34,21,56,"Lake 12.jpg","pic"
"1810","67ddd68976b22b18710b9fdb",61,100,97,95,76,"Dirt 1.jpg","pic"
"1811","67ddd68976b22b18710b9fdb",3,2,1,4,0,"Rocks 1.jpg","pic"
"1812","67ddd68976b22b18710b9fdb",5,4,3,1,18,"Destruction 2.jpg","pic"
"1813","67ddd68976b22b18710b9fdb",96,100,99,95,99,"Fire 10.jpg","pic"
"1814","67ddd68976b22b18710b9fdb",96,100,100,99,100,"Flood 1.jpg","pic"
"1815","67ddd68976b22b18710b9fdb",8,9,9,3,11,"Beach 1.jpg","pic"
"1816","67ddd68976b22b18710b9fdb",0,1,1,3,2,"Snow 1.jpg","pic"
"1817","67ddd68976b22b18710b9fdb",1,3,0,2,9,"Rainbow 2.jpg","pic"
"1818","67ddd68976b22b18710b9fdb",0,0,0,0,0,"Heart 3.jpg","pic"
"1819","67ddd68976b22b18710b9fdb",0,0,0,0,0,"Ferret 1.jpg","pic"
"1820","67ddd68976b22b18710b9fdb",0,0,0,0,0,"Clean 1.jpg","pic"
"1821","67ddd68976b22b18710b9fdb",100,100,100,100,100,"Toilet 4.jpg","pic"
"1822","67ddd68976b22b18710b9fdb",0,0,0,0,0,"Fireworks 6.jpg","pic"
"1823","67ddd68976b22b18710b9fdb",100,100,100,100,100,"Garbage dump 1.jpg","pic"
"1824","67ddd68976b22b18710b9fdb",100,100,100,100,100,"Prison 2.jpg","pic"
"1825","69419e9576aea13f332266ff",0,0,0,0,0,"Snow 1.jpg","pic"
"1826","69419e9576aea13f332266ff",23,3,16,47,33,"Garbage dump 1.jpg","pic"
"1827","69419e9576aea13f332266ff",0,0,0,0,0,"Clean 1.jpg","pic"
"1828","69419e9576aea13f332266ff",0,0,14,76,10,"Dirt 1.jpg","pic"
"1829","69419e9576aea13f332266ff",74,69,70,84,23,"Destruction 2.jpg","pic"
"1830","69419e9576aea13f332266ff",76,53,44,63,11,"Flood 1.jpg","pic"
"1831","69419e9576aea13f332266ff",69,0,94,87,10,"Prison 2.jpg","pic"
"1832","69419e9576aea13f332266ff",0,0,0,0,0,"Beach 1.jpg","pic"
"1833","69419e9576aea13f332266ff",0,0,0,0,0,"Lake 12.jpg","pic"
"1834","69419e9576aea13f332266ff",0,0,0,0,0,"Rocks 1.jpg","pic"
"1835","69419e9576aea13f332266ff",18,5,68,90,24,"Toilet 4.jpg","pic"
"1836","69419e9576aea13f332266ff",0,0,0,0,0,"Heart 3.jpg","pic"
"1837","69419e9576aea13f332266ff",0,0,0,0,0,"Fireworks 6.jpg","pic"
"1838","69419e9576aea13f332266ff",0,0,0,0,0,"Rainbow 2.jpg","pic"
"1839","69419e9576aea13f332266ff",0,0,32,74,0,"Ferret 1.jpg","pic"
"1840","69419e9576aea13f332266ff",0,0,0,0,0,"Fire 10.jpg","pic"
"1841","67469dde494c2b78202fc16e",0,0,50,50,0,"Fire 10.jpg","pic"
"1842","67469dde494c2b78202fc16e",0,0,0,0,0,"Rocks 1.jpg","pic"
"1843","67469dde494c2b78202fc16e",7,0,10,17,0,"Toilet 4.jpg","pic"
"1844","67469dde494c2b78202fc16e",0,0,8,6,0,"Prison 2.jpg","pic"
"1845","67469dde494c2b78202fc16e",3,0,4,3,0,"Dirt 1.jpg","pic"
"1846","67469dde494c2b78202fc16e",0,0,0,0,0,"Rainbow 2.jpg","pic"
"1847","67469dde494c2b78202fc16e",0,0,0,0,0,"Heart 3.jpg","pic"
"1848","67469dde494c2b78202fc16e",0,0,0,0,0,"Snow 1.jpg","pic"
"1849","67469dde494c2b78202fc16e",0,0,0,0,0,"Clean 1.jpg","pic"
"1850","67469dde494c2b78202fc16e",0,0,32,23,8,"Ferret 1.jpg","pic"
"1851","67469dde494c2b78202fc16e",0,0,0,0,0,"Beach 1.jpg","pic"
"1852","67469dde494c2b78202fc16e",0,0,0,0,0,"Fireworks 6.jpg","pic"
"1853","67469dde494c2b78202fc16e",7,0,16,10,4,"Flood 1.jpg","pic"
"1854","67469dde494c2b78202fc16e",4,0,0,3,4,"Garbage dump 1.jpg","pic"
"1855","67469dde494c2b78202fc16e",4,10,6,9,10,"Destruction 2.jpg","pic"
"1856","67469dde494c2b78202fc16e",0,0,0,0,0,"Lake 12.jpg","pic"
"1857","6760853e178af224e611e496",0,0,0,0,0,"Beach 1.jpg","pic"
"1858","6760853e178af224e611e496",0,0,5,5,0,"Rocks 1.jpg","pic"
"1859","6760853e178af224e611e496",0,0,0,0,0,"Lake 12.jpg","pic"
"1860","6760853e178af224e611e496",60,90,80,70,95,"Flood 1.jpg","pic"
"1861","6760853e178af224e611e496",0,0,5,0,0,"Fireworks 6.jpg","pic"
"1862","6760853e178af224e611e496",65,75,65,60,10,"Toilet 4.jpg","pic"
"1863","6760853e178af224e611e496",10,60,0,40,60,"Garbage dump 1.jpg","pic"
"1864","6760853e178af224e611e496",0,70,90,80,80,"Fire 10.jpg","pic"
"1865","6760853e178af224e611e496",0,0,0,0,0,"Snow 1.jpg","pic"
"1866","6760853e178af224e611e496",65,60,55,60,75,"Dirt 1.jpg","pic"
"1867","6760853e178af224e611e496",0,0,0,0,0,"Rainbow 2.jpg","pic"
"1868","6760853e178af224e611e496",90,90,100,90,100,"Destruction 2.jpg","pic"
"1869","6760853e178af224e611e496",25,10,5,30,10,"Prison 2.jpg","pic"
"1870","6760853e178af224e611e496",0,0,0,0,0,"Clean 1.jpg","pic"
"1871","6760853e178af224e611e496",0,0,0,0,0,"Heart 3.jpg","pic"
"1872","6760853e178af224e611e496",0,0,90,75,80,"Ferret 1.jpg","pic"
"1873","67dfd2986014ad9eaa886f26",0,14,14,0,7,"Flood 1.jpg","pic"
"1874","67dfd2986014ad9eaa886f26",2,12,13,3,8,"Heart 3.jpg","pic"
"1875","67dfd2986014ad9eaa886f26",1,0,0,2,0,"Snow 1.jpg","pic"
"1876","67dfd2986014ad9eaa886f26",3,0,3,1,1,"Garbage dump 1.jpg","pic"
"1877","67dfd2986014ad9eaa886f26",20,0,1,0,0,"Dirt 1.jpg","pic"
"1878","67dfd2986014ad9eaa886f26",40,34,0,0,1,"Ferret 1.jpg","pic"
"1879","67dfd2986014ad9eaa886f26",42,1,0,0,1,"Fire 10.jpg","pic"
"1880","67dfd2986014ad9eaa886f26",35,2,1,2,1,"Clean 1.jpg","pic"
"1881","67dfd2986014ad9eaa886f26",0,47,0,0,33,"Destruction 2.jpg","pic"
"1882","67dfd2986014ad9eaa886f26",0,0,0,0,0,"Lake 12.jpg","pic"
"1883","67dfd2986014ad9eaa886f26",0,0,0,0,0,"Rocks 1.jpg","pic"
"1884","67dfd2986014ad9eaa886f26",53,0,0,31,0,"Beach 1.jpg","pic"
"1885","67dfd2986014ad9eaa886f26",46,18,0,18,36,"Toilet 4.jpg","pic"
"1886","67dfd2986014ad9eaa886f26",0,0,0,0,0,"Fireworks 6.jpg","pic"
"1887","67dfd2986014ad9eaa886f26",0,0,0,0,0,"Rainbow 2.jpg","pic"
"1888","67dfd2986014ad9eaa886f26",0,0,0,0,1,"Prison 2.jpg","pic"
"1889","67d9625169884c7fdecaf0a6",59,0,0,0,0,"Dirt 1.jpg","pic"
"1890","67d9625169884c7fdecaf0a6",24,55,54,62,26,"Garbage dump 1.jpg","pic"
"1891","67d9625169884c7fdecaf0a6",34,22,45,64,53,"Fire 10.jpg","pic"
"1892","67d9625169884c7fdecaf0a6",26,35,58,55,51,"Rocks 1.jpg","pic"
"1893","67d9625169884c7fdecaf0a6",25,5,9,67,0,"Destruction 2.jpg","pic"
"1894","67d9625169884c7fdecaf0a6",47,57,73,0,30,"Ferret 1.jpg","pic"
"1895","67d9625169884c7fdecaf0a6",35,0,47,59,67,"Rainbow 2.jpg","pic"
"1896","67d9625169884c7fdecaf0a6",31,50,50,53,47,"Prison 2.jpg","pic"
"1897","67d9625169884c7fdecaf0a6",41,50,46,64,53,"Clean 1.jpg","pic"
"1898","67d9625169884c7fdecaf0a6",64,19,54,49,72,"Snow 1.jpg","pic"
"1899","67d9625169884c7fdecaf0a6",66,25,48,73,54,"Beach 1.jpg","pic"
"1900","67d9625169884c7fdecaf0a6",37,50,52,62,28,"Fireworks 6.jpg","pic"
"1901","67d9625169884c7fdecaf0a6",46,17,57,25,39,"Toilet 4.jpg","pic"
"1902","67d9625169884c7fdecaf0a6",58,45,26,35,48,"Flood 1.jpg","pic"
"1903","67d9625169884c7fdecaf0a6",53,33,66,16,44,"Lake 12.jpg","pic"
"1904","67d9625169884c7fdecaf0a6",22,37,53,52,41,"Heart 3.jpg","pic"
"1905","5bbf523d83f9790001ce549a",66,100,0,65,63,"Dirt 1.jpg","pic"
"1906","5bbf523d83f9790001ce549a",0,0,0,0,0,"Beach 1.jpg","pic"
"1907","5bbf523d83f9790001ce549a",0,0,0,0,0,"Snow 1.jpg","pic"
"1908","5bbf523d83f9790001ce549a",0,0,0,0,0,"Rainbow 2.jpg","pic"
"1909","5bbf523d83f9790001ce549a",89,70,0,40,34,"Heart 3.jpg","pic"
"1910","5bbf523d83f9790001ce549a",0,0,0,0,0,"Lake 12.jpg","pic"
"1911","5bbf523d83f9790001ce549a",0,0,0,0,0,"Fireworks 6.jpg","pic"
"1912","5bbf523d83f9790001ce549a",73,82,94,80,88,"Fire 10.jpg","pic"
"1913","5bbf523d83f9790001ce549a",100,100,100,100,100,"Destruction 2.jpg","pic"
"1914","5bbf523d83f9790001ce549a",71,82,0,59,100,"Toilet 4.jpg","pic"
"1915","5bbf523d83f9790001ce549a",0,0,0,0,0,"Rocks 1.jpg","pic"
"1916","5bbf523d83f9790001ce549a",0,0,0,0,0,"Clean 1.jpg","pic"
"1917","5bbf523d83f9790001ce549a",68,77,11,0,66,"Ferret 1.jpg","pic"
"1918","5bbf523d83f9790001ce549a",82,100,93,88,100,"Prison 2.jpg","pic"
"1919","5bbf523d83f9790001ce549a",78,55,77,60,62,"Flood 1.jpg","pic"
"1920","5bbf523d83f9790001ce549a",100,100,35,76,100,"Garbage dump 1.jpg","pic"
"1921","675a2ef45fbe0cc52b8403ae",60,16,22,20,23,"Beach 1.jpg","pic"
"1922","675a2ef45fbe0cc52b8403ae",51,47,47,32,65,"Prison 2.jpg","pic"
"1923","675a2ef45fbe0cc52b8403ae",36,21,45,48,49,"Lake 12.jpg","pic"
"1924","675a2ef45fbe0cc52b8403ae",27,62,40,35,61,"Clean 1.jpg","pic"
"1925","675a2ef45fbe0cc52b8403ae",29,72,60,28,47,"Fireworks 6.jpg","pic"
"1926","675a2ef45fbe0cc52b8403ae",31,29,32,74,22,"Garbage dump 1.jpg","pic"
"1927","675a2ef45fbe0cc52b8403ae",82,30,50,58,25,"Heart 3.jpg","pic"
"1928","675a2ef45fbe0cc52b8403ae",24,40,27,63,23,"Rainbow 2.jpg","pic"
"1929","675a2ef45fbe0cc52b8403ae",33,41,21,25,37,"Flood 1.jpg","pic"
"1930","675a2ef45fbe0cc52b8403ae",29,29,39,40,60,"Fire 10.jpg","pic"
"1931","675a2ef45fbe0cc52b8403ae",48,73,75,62,87,"Destruction 2.jpg","pic"
"1932","675a2ef45fbe0cc52b8403ae",79,62,76,71,82,"Ferret 1.jpg","pic"
"1933","675a2ef45fbe0cc52b8403ae",75,82,87,77,81,"Rocks 1.jpg","pic"
"1934","675a2ef45fbe0cc52b8403ae",70,66,64,68,52,"Snow 1.jpg","pic"
"1935","675a2ef45fbe0cc52b8403ae",48,24,42,68,73,"Dirt 1.jpg","pic"
"1936","675a2ef45fbe0cc52b8403ae",72,26,50,68,67,"Toilet 4.jpg","pic"
"1937","6941b8c9dd38cb0309c3280f",0,1,1,2,1,"Clean 1.jpg","pic"
"1938","6941b8c9dd38cb0309c3280f",5,3,1,1,1,"Rocks 1.jpg","pic"
"1939","6941b8c9dd38cb0309c3280f",0,0,0,0,0,"Lake 12.jpg","pic"
"1940","6941b8c9dd38cb0309c3280f",0,0,100,88,46,"Ferret 1.jpg","pic"
"1941","6941b8c9dd38cb0309c3280f",35,100,38,32,50,"Fire 10.jpg","pic"
"1942","6941b8c9dd38cb0309c3280f",0,0,0,0,0,"Rainbow 2.jpg","pic"
"1943","6941b8c9dd38cb0309c3280f",77,73,73,92,61,"Flood 1.jpg","pic"
"1944","6941b8c9dd38cb0309c3280f",97,96,89,98,72,"Prison 2.jpg","pic"
"1945","6941b8c9dd38cb0309c3280f",31,17,0,26,0,"Dirt 1.jpg","pic"
"1946","6941b8c9dd38cb0309c3280f",0,100,100,100,100,"Destruction 2.jpg","pic"
"1947","6941b8c9dd38cb0309c3280f",0,0,0,0,0,"Snow 1.jpg","pic"
"1948","6941b8c9dd38cb0309c3280f",0,0,0,0,0,"Fireworks 6.jpg","pic"
"1949","6941b8c9dd38cb0309c3280f",76,69,0,0,54,"Garbage dump 1.jpg","pic"
"1950","6941b8c9dd38cb0309c3280f",0,0,0,0,0,"Heart 3.jpg","pic"
"1951","6941b8c9dd38cb0309c3280f",55,47,40,58,36,"Toilet 4.jpg","pic"
"1952","6941b8c9dd38cb0309c3280f",0,0,0,0,0,"Beach 1.jpg","pic"
"1953","67911b9be5af0ac0763a28c7",63,62,67,72,56,"Heart 3.jpg","pic"
"1954","67911b9be5af0ac0763a28c7",84,68,55,79,89,"Garbage dump 1.jpg","pic"
"1955","67911b9be5af0ac0763a28c7",78,76,74,93,87,"Toilet 4.jpg","pic"
"1956","67911b9be5af0ac0763a28c7",5,0,1,6,0,"Rocks 1.jpg","pic"
"1957","67911b9be5af0ac0763a28c7",0,1,1,1,0,"Snow 1.jpg","pic"
"1958","67911b9be5af0ac0763a28c7",87,94,98,94,96,"Destruction 2.jpg","pic"
"1959","67911b9be5af0ac0763a28c7",84,95,89,89,96,"Prison 2.jpg","pic"
"1960","67911b9be5af0ac0763a28c7",0,0,0,0,0,"Fireworks 6.jpg","pic"
"1961","67911b9be5af0ac0763a28c7",81,86,71,88,68,"Dirt 1.jpg","pic"
"1962","67911b9be5af0ac0763a28c7",0,0,0,0,0,"Rainbow 2.jpg","pic"
"1963","67911b9be5af0ac0763a28c7",0,0,0,0,0,"Beach 1.jpg","pic"
"1964","67911b9be5af0ac0763a28c7",0,0,0,0,0,"Lake 12.jpg","pic"
"1965","67911b9be5af0ac0763a28c7",65,6,100,88,48,"Ferret 1.jpg","pic"
"1966","67911b9be5af0ac0763a28c7",0,0,0,0,0,"Clean 1.jpg","pic"
"1967","67911b9be5af0ac0763a28c7",75,91,95,84,86,"Flood 1.jpg","pic"
"1968","67911b9be5af0ac0763a28c7",75,92,99,99,96,"Fire 10.jpg","pic"
"1969","5d9d2e421af9ed0011c31894",62,39,0,48,35,"Garbage dump 1.jpg","pic"
"1970","5d9d2e421af9ed0011c31894",1,0,22,64,13,"Prison 2.jpg","pic"
"1971","5d9d2e421af9ed0011c31894",0,1,0,0,1,"Snow 1.jpg","pic"
"1972","5d9d2e421af9ed0011c31894",18,0,0,0,2,"Rocks 1.jpg","pic"
"1973","5d9d2e421af9ed0011c31894",0,1,1,0,0,"Rainbow 2.jpg","pic"
"1974","5d9d2e421af9ed0011c31894",35,1,0,17,1,"Toilet 4.jpg","pic"
"1975","5d9d2e421af9ed0011c31894",1,0,2,1,2,"Heart 3.jpg","pic"
"1976","5d9d2e421af9ed0011c31894",22,5,11,31,11,"Flood 1.jpg","pic"
"1977","5d9d2e421af9ed0011c31894",20,9,8,21,15,"Dirt 1.jpg","pic"
"1978","5d9d2e421af9ed0011c31894",0,0,12,19,0,"Ferret 1.jpg","pic"
"1979","5d9d2e421af9ed0011c31894",0,0,0,0,0,"Fireworks 6.jpg","pic"
"1980","5d9d2e421af9ed0011c31894",0,0,0,0,1,"Clean 1.jpg","pic"
"1981","5d9d2e421af9ed0011c31894",0,0,1,0,0,"Lake 12.jpg","pic"
"1982","5d9d2e421af9ed0011c31894",0,0,0,0,0,"Beach 1.jpg","pic"
"1983","5d9d2e421af9ed0011c31894",30,34,10,48,25,"Fire 10.jpg","pic"
"1984","5d9d2e421af9ed0011c31894",24,39,25,55,34,"Destruction 2.jpg","pic"
"1985","564e93659b124900127eb55b",0,2,2,0,0,"Heart 3.jpg","pic"
"1986","564e93659b124900127eb55b",0,0,0,4,0,"Rocks 1.jpg","pic"
"1987","564e93659b124900127eb55b",100,100,100,83,100,"Flood 1.jpg","pic"
"1988","564e93659b124900127eb55b",0,0,0,0,4,"Snow 1.jpg","pic"
"1989","564e93659b124900127eb55b",0,0,0,0,0,"Clean 1.jpg","pic"
"1990","564e93659b124900127eb55b",0,0,0,0,0,"Beach 1.jpg","pic"
"1991","564e93659b124900127eb55b",16,0,100,90,43,"Ferret 1.jpg","pic"
"1992","564e93659b124900127eb55b",0,0,0,3,0,"Rainbow 2.jpg","pic"
"1993","564e93659b124900127eb55b",84,84,73,62,100,"Toilet 4.jpg","pic"
"1994","564e93659b124900127eb55b",75,50,84,91,66,"Prison 2.jpg","pic"
"1995","564e93659b124900127eb55b",82,69,0,22,66,"Dirt 1.jpg","pic"
"1996","564e93659b124900127eb55b",0,0,0,0,0,"Lake 12.jpg","pic"
"1997","564e93659b124900127eb55b",100,97,82,81,92,"Destruction 2.jpg","pic"
"1998","564e93659b124900127eb55b",60,78,94,71,100,"Fire 10.jpg","pic"
"1999","564e93659b124900127eb55b",93,100,10,81,82,"Garbage dump 1.jpg","pic"
"2000","564e93659b124900127eb55b",78,48,52,78,62,"Fireworks 6.jpg","pic"
"2001","67dd4210d92f4c3aac8d944c",4,10,4,12,75,"Heart 3.jpg","pic"
"2002","67dd4210d92f4c3aac8d944c",12,8,12,7,8,"Rocks 1.jpg","pic"
"2003","67dd4210d92f4c3aac8d944c",9,11,11,15,7,"Fireworks 6.jpg","pic"
"2004","67dd4210d92f4c3aac8d944c",13,17,17,11,12,"Destruction 2.jpg","pic"
"2005","67dd4210d92f4c3aac8d944c",88,7,9,14,9,"Beach 1.jpg","pic"
"2006","67dd4210d92f4c3aac8d944c",11,16,16,7,10,"Ferret 1.jpg","pic"
"2007","67dd4210d92f4c3aac8d944c",11,11,11,14,10,"Prison 2.jpg","pic"
"2008","67dd4210d92f4c3aac8d944c",20,14,21,21,9,"Lake 12.jpg","pic"
"2009","67dd4210d92f4c3aac8d944c",81,10,8,49,8,"Rainbow 2.jpg","pic"
"2010","67dd4210d92f4c3aac8d944c",89,4,6,8,7,"Garbage dump 1.jpg","pic"
"2011","67dd4210d92f4c3aac8d944c",13,11,9,88,82,"Flood 1.jpg","pic"
"2012","67dd4210d92f4c3aac8d944c",25,9,6,14,14,"Toilet 4.jpg","pic"
"2013","67dd4210d92f4c3aac8d944c",38,8,15,19,16,"Clean 1.jpg","pic"
"2014","67dd4210d92f4c3aac8d944c",16,13,13,12,7,"Dirt 1.jpg","pic"
"2015","67dd4210d92f4c3aac8d944c",17,9,10,23,18,"Snow 1.jpg","pic"
"2016","67dd4210d92f4c3aac8d944c",18,7,89,27,6,"Fire 10.jpg","pic"
"2017","674cb1e5dd135ab435dece3f",49,27,11,31,17,"Dirt 1.jpg","pic"
"2018","674cb1e5dd135ab435dece3f",56,63,25,46,34,"Flood 1.jpg","pic"
"2019","674cb1e5dd135ab435dece3f",9,17,31,39,38,"Ferret 1.jpg","pic"
"2020","674cb1e5dd135ab435dece3f",47,15,32,31,43,"Destruction 2.jpg","pic"
"2021","674cb1e5dd135ab435dece3f",5,3,3,5,0,"Lake 12.jpg","pic"
"2022","674cb1e5dd135ab435dece3f",8,14,1,25,3,"Fireworks 6.jpg","pic"
"2023","674cb1e5dd135ab435dece3f",23,28,27,30,16,"Beach 1.jpg","pic"
"2024","674cb1e5dd135ab435dece3f",9,17,23,13,18,"Rainbow 2.jpg","pic"
"2025","674cb1e5dd135ab435dece3f",22,20,26,36,16,"Rocks 1.jpg","pic"
"2026","674cb1e5dd135ab435dece3f",28,60,41,36,54,"Fire 10.jpg","pic"
"2027","674cb1e5dd135ab435dece3f",38,64,37,11,56,"Heart 3.jpg","pic"
"2028","674cb1e5dd135ab435dece3f",43,68,50,30,50,"Garbage dump 1.jpg","pic"
"2029","674cb1e5dd135ab435dece3f",41,9,5,13,5,"Clean 1.jpg","pic"
"2030","674cb1e5dd135ab435dece3f",9,18,8,9,3,"Snow 1.jpg","pic"
"2031","674cb1e5dd135ab435dece3f",20,39,67,45,52,"Prison 2.jpg","pic"
"2032","674cb1e5dd135ab435dece3f",38,30,41,32,39,"Toilet 4.jpg","pic"
"2033","668bf688d58206e61f399a88",12,6,24,16,8,"Heart 3.jpg","pic"
"2034","668bf688d58206e61f399a88",57,37,78,76,50,"Ferret 1.jpg","pic"
"2035","668bf688d58206e61f399a88",70,72,69,80,60,"Destruction 2.jpg","pic"
"2036","668bf688d58206e61f399a88",48,50,49,8,44,"Dirt 1.jpg","pic"
"2037","668bf688d58206e61f399a88",7,2,7,5,4,"Rocks 1.jpg","pic"
"2038","668bf688d58206e61f399a88",3,4,3,3,3,"Fireworks 6.jpg","pic"
"2039","668bf688d58206e61f399a88",8,6,4,11,5,"Snow 1.jpg","pic"
"2040","668bf688d58206e61f399a88",77,94,89,63,73,"Garbage dump 1.jpg","pic"
"2041","668bf688d58206e61f399a88",86,72,72,94,90,"Toilet 4.jpg","pic"
"2042","668bf688d58206e61f399a88",68,70,49,76,82,"Flood 1.jpg","pic"
"2043","668bf688d58206e61f399a88",95,84,98,97,91,"Prison 2.jpg","pic"
"2044","668bf688d58206e61f399a88",3,3,4,2,2,"Clean 1.jpg","pic"
"2045","668bf688d58206e61f399a88",2,0,1,2,4,"Beach 1.jpg","pic"
"2046","668bf688d58206e61f399a88",66,87,86,81,82,"Fire 10.jpg","pic"
"2047","668bf688d58206e61f399a88",48,47,46,50,49,"Lake 12.jpg","pic"
"2048","668bf688d58206e61f399a88",2,1,1,1,4,"Rainbow 2.jpg","pic"
"2049","6287f4819c5fc8c4d48cc885",68,74,16,54,77,"Destruction 2.jpg","pic"
"2050","6287f4819c5fc8c4d48cc885",56,62,9,0,6,"Prison 2.jpg","pic"
"2051","6287f4819c5fc8c4d48cc885",0,0,0,0,0,"Snow 1.jpg","pic"
"2052","6287f4819c5fc8c4d48cc885",0,0,0,0,0,"Rocks 1.jpg","pic"
"2053","6287f4819c5fc8c4d48cc885",0,0,0,0,0,"Clean 1.jpg","pic"
"2054","6287f4819c5fc8c4d48cc885",0,0,0,0,0,"Heart 3.jpg","pic"
"2055","6287f4819c5fc8c4d48cc885",10,10,78,66,65,"Toilet 4.jpg","pic"
"2056","6287f4819c5fc8c4d48cc885",35,37,90,95,63,"Ferret 1.jpg","pic"
"2057","6287f4819c5fc8c4d48cc885",85,88,47,78,84,"Fire 10.jpg","pic"
"2058","6287f4819c5fc8c4d48cc885",27,56,0,77,84,"Garbage dump 1.jpg","pic"
"2059","6287f4819c5fc8c4d48cc885",9,7,0,0,0,"Rainbow 2.jpg","pic"
"2060","6287f4819c5fc8c4d48cc885",0,0,0,0,0,"Lake 12.jpg","pic"
"2061","6287f4819c5fc8c4d48cc885",61,51,0,60,50,"Flood 1.jpg","pic"
"2062","6287f4819c5fc8c4d48cc885",0,0,0,0,0,"Fireworks 6.jpg","pic"
"2063","6287f4819c5fc8c4d48cc885",0,0,0,0,0,"Beach 1.jpg","pic"
"2064","6287f4819c5fc8c4d48cc885",0,0,0,54,31,"Dirt 1.jpg","pic"
"2065","67cb4f07e42b150f96dc180b",65,23,86,71,61,"Rainbow 2.jpg","pic"
"2066","67cb4f07e42b150f96dc180b",81,14,28,25,28,"Snow 1.jpg","pic"
"2067","67cb4f07e42b150f96dc180b",75,21,89,17,5,"Fireworks 6.jpg","pic"
"2068","67cb4f07e42b150f96dc180b",79,23,51,48,45,"Fire 10.jpg","pic"
"2069","67cb4f07e42b150f96dc180b",72,33,42,27,39,"Rocks 1.jpg","pic"
"2070","67cb4f07e42b150f96dc180b",36,21,42,68,32,"Destruction 2.jpg","pic"
"2071","67cb4f07e42b150f96dc180b",23,51,50,18,57,"Flood 1.jpg","pic"
"2072","67cb4f07e42b150f96dc180b",64,14,8,38,8,"Ferret 1.jpg","pic"
"2073","67cb4f07e42b150f96dc180b",72,6,81,29,45,"Garbage dump 1.jpg","pic"
"2074","67cb4f07e42b150f96dc180b",100,10,3,98,18,"Lake 12.jpg","pic"
"2075","67cb4f07e42b150f96dc180b",84,34,19,54,19,"Heart 3.jpg","pic"
"2076","67cb4f07e42b150f96dc180b",77,37,26,49,12,"Dirt 1.jpg","pic"
"2077","67cb4f07e42b150f96dc180b",62,33,47,30,57,"Toilet 4.jpg","pic"
"2078","67cb4f07e42b150f96dc180b",67,29,60,38,29,"Clean 1.jpg","pic"
"2079","67cb4f07e42b150f96dc180b",75,27,84,45,34,"Beach 1.jpg","pic"
"2080","67cb4f07e42b150f96dc180b",64,32,30,40,61,"Prison 2.jpg","pic"
"2081","63ae31ff5c725a41082afc56",88,86,57,88,83,"Toilet 4.jpg","pic"
"2082","63ae31ff5c725a41082afc56",88,88,90,89,64,"Snow 1.jpg","pic"
"2083","63ae31ff5c725a41082afc56",6,5,3,8,6,"Beach 1.jpg","pic"
"2084","63ae31ff5c725a41082afc56",14,6,13,50,12,"Rocks 1.jpg","pic"
"2085","63ae31ff5c725a41082afc56",85,91,84,84,83,"Garbage dump 1.jpg","pic"
"2086","63ae31ff5c725a41082afc56",86,94,89,82,85,"Flood 1.jpg","pic"
"2087","63ae31ff5c725a41082afc56",48,45,42,45,51,"Fire 10.jpg","pic"
"2088","63ae31ff5c725a41082afc56",16,15,14,16,15,"Clean 1.jpg","pic"
"2089","63ae31ff5c725a41082afc56",99,100,98,73,85,"Destruction 2.jpg","pic"
"2090","63ae31ff5c725a41082afc56",17,48,81,47,19,"Heart 3.jpg","pic"
"2091","63ae31ff5c725a41082afc56",21,9,13,18,11,"Lake 12.jpg","pic"
"2092","63ae31ff5c725a41082afc56",93,97,94,92,53,"Ferret 1.jpg","pic"
"2093","63ae31ff5c725a41082afc56",12,16,13,45,14,"Fireworks 6.jpg","pic"
"2094","63ae31ff5c725a41082afc56",93,91,75,92,76,"Dirt 1.jpg","pic"
"2095","63ae31ff5c725a41082afc56",91,99,52,89,78,"Prison 2.jpg","pic"
"2096","63ae31ff5c725a41082afc56",12,12,16,21,16,"Rainbow 2.jpg","pic"
"2097","67463480327b48a3f1380669",4,3,3,1,1,"Rocks 1.jpg","pic"
"2098","67463480327b48a3f1380669",4,3,10,3,2,"Lake 12.jpg","pic"
"2099","67463480327b48a3f1380669",2,1,2,4,4,"Flood 1.jpg","pic"
"2100","67463480327b48a3f1380669",4,5,4,4,4,"Fire 10.jpg","pic"
"2101","67463480327b48a3f1380669",1,1,1,3,2,"Clean 1.jpg","pic"
"2102","67463480327b48a3f1380669",1,1,2,4,2,"Rainbow 2.jpg","pic"
"2103","67463480327b48a3f1380669",31,12,22,3,2,"Prison 2.jpg","pic"
"2104","67463480327b48a3f1380669",24,1,45,1,3,"Destruction 2.jpg","pic"
"2105","67463480327b48a3f1380669",51,8,26,1,24,"Garbage dump 1.jpg","pic"
"2106","67463480327b48a3f1380669",1,3,2,2,2,"Beach 1.jpg","pic"
"2107","67463480327b48a3f1380669",32,11,27,16,0,"Toilet 4.jpg","pic"
"2108","67463480327b48a3f1380669",13,2,13,2,0,"Dirt 1.jpg","pic"
"2109","67463480327b48a3f1380669",2,5,61,2,34,"Ferret 1.jpg","pic"
"2110","67463480327b48a3f1380669",2,2,54,41,17,"Fireworks 6.jpg","pic"
"2111","67463480327b48a3f1380669",1,3,2,3,1,"Snow 1.jpg","pic"
"2112","67463480327b48a3f1380669",2,1,1,1,2,"Heart 3.jpg","pic"
"2113","66240955715b3b45903381ed",10,5,0,0,8,"Heart 3.jpg","pic"
"2114","66240955715b3b45903381ed",5,7,0,5,0,"Clean 1.jpg","pic"
"2115","66240955715b3b45903381ed",17,0,4,13,0,"Toilet 4.jpg","pic"
"2116","66240955715b3b45903381ed",3,0,0,7,2,"Rainbow 2.jpg","pic"
"2117","66240955715b3b45903381ed",20,16,8,9,12,"Prison 2.jpg","pic"
"2118","66240955715b3b45903381ed",16,0,0,11,0,"Dirt 1.jpg","pic"
"2119","66240955715b3b45903381ed",14,17,0,35,6,"Garbage dump 1.jpg","pic"
"2120","66240955715b3b45903381ed",6,14,3,13,0,"Rocks 1.jpg","pic"
"2121","66240955715b3b45903381ed",13,16,17,26,16,"Fire 10.jpg","pic"
"2122","66240955715b3b45903381ed",10,9,11,11,8,"Fireworks 6.jpg","pic"
"2123","66240955715b3b45903381ed",0,11,0,12,0,"Snow 1.jpg","pic"
"2124","66240955715b3b45903381ed",26,33,9,16,24,"Destruction 2.jpg","pic"
"2125","66240955715b3b45903381ed",0,10,7,14,0,"Lake 12.jpg","pic"
"2126","66240955715b3b45903381ed",6,6,19,19,7,"Ferret 1.jpg","pic"
"2127","66240955715b3b45903381ed",0,13,4,11,0,"Beach 1.jpg","pic"
"2128","66240955715b3b45903381ed",9,10,14,19,11,"Flood 1.jpg","pic"
"2129","672c74f54295206bddb0146a",10,60,0,0,30,"Garbage dump 1.jpg","pic"
"2130","672c74f54295206bddb0146a",0,0,0,0,0,"Fireworks 6.jpg","pic"
"2131","672c74f54295206bddb0146a",0,0,0,0,0,"Dirt 1.jpg","pic"
"2132","672c74f54295206bddb0146a",0,20,15,10,0,"Beach 1.jpg","pic"
"2133","672c74f54295206bddb0146a",0,0,0,0,0,"Rocks 1.jpg","pic"
"2134","672c74f54295206bddb0146a",35,10,0,0,0,"Flood 1.jpg","pic"
"2135","672c74f54295206bddb0146a",20,50,0,0,20,"Destruction 2.jpg","pic"
"2136","672c74f54295206bddb0146a",0,0,0,0,0,"Snow 1.jpg","pic"
"2137","672c74f54295206bddb0146a",0,0,0,0,0,"Clean 1.jpg","pic"
"2138","672c74f54295206bddb0146a",0,0,0,0,0,"Fire 10.jpg","pic"
"2139","672c74f54295206bddb0146a",0,0,0,0,0,"Heart 3.jpg","pic"
"2140","672c74f54295206bddb0146a",60,30,5,5,0,"Prison 2.jpg","pic"
"2141","672c74f54295206bddb0146a",0,0,0,0,0,"Toilet 4.jpg","pic"
"2142","672c74f54295206bddb0146a",0,0,0,0,0,"Lake 12.jpg","pic"
"2143","672c74f54295206bddb0146a",0,0,5,0,0,"Ferret 1.jpg","pic"
"2144","672c74f54295206bddb0146a",0,0,0,0,0,"Rainbow 2.jpg","pic"
"2145","67e406244bfad9999a051c1e",10,8,18,92,5,"Dirt 1.jpg","pic"
"2146","67e406244bfad9999a051c1e",10,8,11,93,10,"Beach 1.jpg","pic"
"2147","67e406244bfad9999a051c1e",34,9,11,10,8,"Heart 3.jpg","pic"
"2148","67e406244bfad9999a051c1e",8,11,12,11,8,"Ferret 1.jpg","pic"
"2149","67e406244bfad9999a051c1e",21,10,19,8,9,"Snow 1.jpg","pic"
"2150","67e406244bfad9999a051c1e",12,14,14,92,11,"Toilet 4.jpg","pic"
"2151","67e406244bfad9999a051c1e",10,6,9,88,15,"Prison 2.jpg","pic"
"2152","67e406244bfad9999a051c1e",18,12,10,10,16,"Garbage dump 1.jpg","pic"
"2153","67e406244bfad9999a051c1e",9,11,10,21,10,"Rainbow 2.jpg","pic"
"2154","67e406244bfad9999a051c1e",56,5,10,25,6,"Rocks 1.jpg","pic"
"2155","67e406244bfad9999a051c1e",14,6,8,70,12,"Fire 10.jpg","pic"
"2156","67e406244bfad9999a051c1e",21,14,18,71,11,"Clean 1.jpg","pic"
"2157","67e406244bfad9999a051c1e",77,12,10,23,11,"Flood 1.jpg","pic"
"2158","67e406244bfad9999a051c1e",40,11,11,15,7,"Lake 12.jpg","pic"
"2159","67e406244bfad9999a051c1e",38,26,10,59,10,"Fireworks 6.jpg","pic"
"2160","67e406244bfad9999a051c1e",17,10,15,20,10,"Destruction 2.jpg","pic"
"2161","67dd40b531ab9c33ff61e98e",7,12,10,8,10,"Rocks 1.jpg","pic"
"2162","67dd40b531ab9c33ff61e98e",13,11,8,96,7,"Destruction 2.jpg","pic"
"2163","67dd40b531ab9c33ff61e98e",11,7,5,21,7,"Fire 10.jpg","pic"
"2164","67dd40b531ab9c33ff61e98e",8,7,5,11,4,"Ferret 1.jpg","pic"
"2165","67dd40b531ab9c33ff61e98e",25,8,10,9,8,"Dirt 1.jpg","pic"
"2166","67dd40b531ab9c33ff61e98e",15,9,11,16,12,"Clean 1.jpg","pic"
"2167","67dd40b531ab9c33ff61e98e",11,8,7,8,7,"Garbage dump 1.jpg","pic"
"2168","67dd40b531ab9c33ff61e98e",7,20,14,16,12,"Lake 12.jpg","pic"
"2169","67dd40b531ab9c33ff61e98e",22,8,15,20,14,"Beach 1.jpg","pic"
"2170","67dd40b531ab9c33ff61e98e",22,10,9,16,12,"Heart 3.jpg","pic"
"2171","67dd40b531ab9c33ff61e98e",21,14,15,14,10,"Fireworks 6.jpg","pic"
"2172","67dd40b531ab9c33ff61e98e",22,16,16,13,10,"Flood 1.jpg","pic"
"2173","67dd40b531ab9c33ff61e98e",16,12,13,15,10,"Prison 2.jpg","pic"
"2174","67dd40b531ab9c33ff61e98e",11,10,13,14,10,"Rainbow 2.jpg","pic"
"2175","67dd40b531ab9c33ff61e98e",19,12,12,10,12,"Toilet 4.jpg","pic"
"2176","67dd40b531ab9c33ff61e98e",21,14,12,14,7,"Snow 1.jpg","pic"
"2177","69455d744f6c8f2faec72b92",6,6,5,0,2,"Rainbow 2.jpg","pic"
"2178","69455d744f6c8f2faec72b92",50,11,15,13,1,"Lake 12.jpg","pic"
"2179","69455d744f6c8f2faec72b92",23,20,6,24,29,"Clean 1.jpg","pic"
"2180","69455d744f6c8f2faec72b92",54,25,15,12,6,"Fire 10.jpg","pic"
"2181","69455d744f6c8f2faec72b92",31,30,31,37,80,"Flood 1.jpg","pic"
"2182","69455d744f6c8f2faec72b92",33,11,34,13,38,"Dirt 1.jpg","pic"
"2183","69455d744f6c8f2faec72b92",57,63,14,9,33,"Heart 3.jpg","pic"
"2184","69455d744f6c8f2faec72b92",6,9,41,41,12,"Toilet 4.jpg","pic"
"2185","69455d744f6c8f2faec72b92",20,41,16,19,48,"Ferret 1.jpg","pic"
"2186","69455d744f6c8f2faec72b92",9,10,11,13,32,"Snow 1.jpg","pic"
"2187","69455d744f6c8f2faec72b92",49,48,49,24,68,"Garbage dump 1.jpg","pic"
"2188","69455d744f6c8f2faec72b92",22,30,16,8,11,"Fireworks 6.jpg","pic"
"2189","69455d744f6c8f2faec72b92",44,14,22,11,10,"Prison 2.jpg","pic"
"2190","69455d744f6c8f2faec72b92",30,42,4,12,18,"Destruction 2.jpg","pic"
"2191","69455d744f6c8f2faec72b92",3,4,3,4,26,"Beach 1.jpg","pic"
"2192","69455d744f6c8f2faec72b92",29,20,16,5,26,"Rocks 1.jpg","pic"
"2193","663a5db9ced6c4bf9bd77d3e",47,11,0,0,0,"Rainbow 2.jpg","pic"
"2194","663a5db9ced6c4bf9bd77d3e",26,90,95,84,74,"Destruction 2.jpg","pic"
"2195","663a5db9ced6c4bf9bd77d3e",15,0,0,0,0,"Snow 1.jpg","pic"
"2196","663a5db9ced6c4bf9bd77d3e",29,3,0,4,0,"Beach 1.jpg","pic"
"2197","663a5db9ced6c4bf9bd77d3e",0,0,10,21,0,"Fireworks 6.jpg","pic"
"2198","663a5db9ced6c4bf9bd77d3e",0,0,0,0,0,"Lake 12.jpg","pic"
"2199","663a5db9ced6c4bf9bd77d3e",100,82,100,62,82,"Prison 2.jpg","pic"
"2200","663a5db9ced6c4bf9bd77d3e",85,63,89,100,87,"Flood 1.jpg","pic"
"2201","663a5db9ced6c4bf9bd77d3e",0,43,62,55,64,"Fire 10.jpg","pic"
"2202","663a5db9ced6c4bf9bd77d3e",100,62,100,81,85,"Toilet 4.jpg","pic"
"2203","663a5db9ced6c4bf9bd77d3e",11,0,35,51,25,"Ferret 1.jpg","pic"
"2204","663a5db9ced6c4bf9bd77d3e",0,0,0,0,0,"Clean 1.jpg","pic"
"2205","663a5db9ced6c4bf9bd77d3e",37,66,84,87,71,"Garbage dump 1.jpg","pic"
"2206","663a5db9ced6c4bf9bd77d3e",0,0,0,0,0,"Heart 3.jpg","pic"
"2207","663a5db9ced6c4bf9bd77d3e",10,0,0,0,0,"Rocks 1.jpg","pic"
"2208","663a5db9ced6c4bf9bd77d3e",31,82,64,84,78,"Dirt 1.jpg","pic"
"2209","60fdd5214fe9e80b975361bd",7,7,80,56,10,"Ferret 1.jpg","pic"
"2210","60fdd5214fe9e80b975361bd",4,3,3,3,10,"Fireworks 6.jpg","pic"
"2211","60fdd5214fe9e80b975361bd",12,71,88,77,76,"Fire 10.jpg","pic"
"2212","60fdd5214fe9e80b975361bd",3,3,4,3,5,"Beach 1.jpg","pic"
"2213","60fdd5214fe9e80b975361bd",89,32,94,89,56,"Prison 2.jpg","pic"
"2214","60fdd5214fe9e80b975361bd",5,6,8,6,6,"Clean 1.jpg","pic"
"2215","60fdd5214fe9e80b975361bd",5,6,8,4,5,"Heart 3.jpg","pic"
"2216","60fdd5214fe9e80b975361bd",15,78,15,74,9,"Dirt 1.jpg","pic"
"2217","60fdd5214fe9e80b975361bd",8,14,14,8,11,"Lake 12.jpg","pic"
"2218","60fdd5214fe9e80b975361bd",6,6,7,7,14,"Rainbow 2.jpg","pic"
"2219","60fdd5214fe9e80b975361bd",58,79,14,21,62,"Garbage dump 1.jpg","pic"
"2220","60fdd5214fe9e80b975361bd",3,2,2,5,9,"Rocks 1.jpg","pic"
"2221","60fdd5214fe9e80b975361bd",2,68,78,64,81,"Destruction 2.jpg","pic"
"2222","60fdd5214fe9e80b975361bd",77,52,70,3,57,"Toilet 4.jpg","pic"
"2223","60fdd5214fe9e80b975361bd",9,7,7,12,4,"Snow 1.jpg","pic"
"2224","60fdd5214fe9e80b975361bd",66,3,3,82,52,"Flood 1.jpg","pic"
"2225","60f6ce6de6cf393bcde0c14d",97,100,34,52,72,"Garbage dump 1.jpg","pic"
"2226","60f6ce6de6cf393bcde0c14d",0,0,0,0,0,"Heart 3.jpg","pic"
"2227","60f6ce6de6cf393bcde0c14d",86,84,13,62,73,"Prison 2.jpg","pic"
"2228","60f6ce6de6cf393bcde0c14d",0,0,0,0,0,"Beach 1.jpg","pic"
"2229","60f6ce6de6cf393bcde0c14d",0,0,0,0,0,"Snow 1.jpg","pic"
"2230","60f6ce6de6cf393bcde0c14d",0,0,0,0,0,"Rocks 1.jpg","pic"
"2231","60f6ce6de6cf393bcde0c14d",0,0,0,0,0,"Rainbow 2.jpg","pic"
"2232","60f6ce6de6cf393bcde0c14d",89,92,61,85,76,"Destruction 2.jpg","pic"
"2233","60f6ce6de6cf393bcde0c14d",0,0,0,0,0,"Lake 12.jpg","pic"
"2234","60f6ce6de6cf393bcde0c14d",1,1,1,1,2,"Fireworks 6.jpg","pic"
"2235","60f6ce6de6cf393bcde0c14d",89,99,58,61,83,"Flood 1.jpg","pic"
"2236","60f6ce6de6cf393bcde0c14d",1,1,0,0,0,"Clean 1.jpg","pic"
"2237","60f6ce6de6cf393bcde0c14d",100,97,98,99,98,"Ferret 1.jpg","pic"
"2238","60f6ce6de6cf393bcde0c14d",72,77,52,25,75,"Toilet 4.jpg","pic"
"2239","60f6ce6de6cf393bcde0c14d",0,0,0,0,1,"Dirt 1.jpg","pic"
"2240","60f6ce6de6cf393bcde0c14d",97,97,99,99,98,"Fire 10.jpg","pic"
"2241","66c39523c807184f4582c50a",0,0,0,0,0,"Fireworks 6.jpg","pic"
"2242","66c39523c807184f4582c50a",0,0,10,70,15,"Dirt 1.jpg","pic"
"2243","66c39523c807184f4582c50a",0,0,0,0,0,"Beach 1.jpg","pic"
"2244","66c39523c807184f4582c50a",70,100,30,70,100,"Destruction 2.jpg","pic"
"2245","66c39523c807184f4582c50a",65,21,85,80,70,"Toilet 4.jpg","pic"
"2246","66c39523c807184f4582c50a",15,100,100,100,100,"Flood 1.jpg","pic"
"2247","66c39523c807184f4582c50a",0,0,100,100,0,"Ferret 1.jpg","pic"
"2248","66c39523c807184f4582c50a",0,0,0,0,0,"Rainbow 2.jpg","pic"
"2249","66c39523c807184f4582c50a",70,40,70,70,50,"Prison 2.jpg","pic"
"2250","66c39523c807184f4582c50a",0,0,0,0,0,"Rocks 1.jpg","pic"
"2251","66c39523c807184f4582c50a",0,0,0,0,0,"Snow 1.jpg","pic"
"2252","66c39523c807184f4582c50a",65,50,0,100,50,"Garbage dump 1.jpg","pic"
"2253","66c39523c807184f4582c50a",0,0,0,0,0,"Clean 1.jpg","pic"
"2254","66c39523c807184f4582c50a",0,0,0,0,0,"Heart 3.jpg","pic"
"2255","66c39523c807184f4582c50a",20,75,100,100,60,"Fire 10.jpg","pic"
"2256","66c39523c807184f4582c50a",0,0,0,0,0,"Lake 12.jpg","pic"
"2257","67164c92298409e37c670b3d",0,0,0,7,0,"Fire 10.jpg","pic"
"2258","67164c92298409e37c670b3d",0,0,0,0,0,"Snow 1.jpg","pic"
"2259","67164c92298409e37c670b3d",0,0,0,0,0,"Rainbow 2.jpg","pic"
"2260","67164c92298409e37c670b3d",99,28,71,63,26,"Prison 2.jpg","pic"
"2261","67164c92298409e37c670b3d",86,0,0,22,17,"Garbage dump 1.jpg","pic"
"2262","67164c92298409e37c670b3d",0,0,0,0,0,"Heart 3.jpg","pic"
"2263","67164c92298409e37c670b3d",76,90,33,45,62,"Flood 1.jpg","pic"
"2264","67164c92298409e37c670b3d",87,0,66,60,72,"Toilet 4.jpg","pic"
"2265","67164c92298409e37c670b3d",0,0,0,0,0,"Beach 1.jpg","pic"
"2266","67164c92298409e37c670b3d",0,0,0,0,0,"Lake 12.jpg","pic"
"2267","67164c92298409e37c670b3d",0,0,0,9,0,"Fireworks 6.jpg","pic"
"2268","67164c92298409e37c670b3d",100,0,0,76,100,"Destruction 2.jpg","pic"
"2269","67164c92298409e37c670b3d",0,0,0,0,0,"Rocks 1.jpg","pic"
"2270","67164c92298409e37c670b3d",0,0,88,58,0,"Ferret 1.jpg","pic"
"2271","67164c92298409e37c670b3d",0,0,0,0,0,"Clean 1.jpg","pic"
"2272","67164c92298409e37c670b3d",34,0,0,16,0,"Dirt 1.jpg","pic"
"2273","66ec318029fc5a15efe40c57",5,10,0,10,15,"Garbage dump 1.jpg","pic"
"2274","66ec318029fc5a15efe40c57",0,0,0,10,0,"Rainbow 2.jpg","pic"
"2275","66ec318029fc5a15efe40c57",0,0,0,14,0,"Dirt 1.jpg","pic"
"2276","66ec318029fc5a15efe40c57",4,0,0,10,0,"Toilet 4.jpg","pic"
"2277","66ec318029fc5a15efe40c57",0,0,0,6,0,"Lake 12.jpg","pic"
"2278","66ec318029fc5a15efe40c57",0,3,0,8,0,"Snow 1.jpg","pic"
"2279","66ec318029fc5a15efe40c57",0,0,0,5,0,"Heart 3.jpg","pic"
"2280","66ec318029fc5a15efe40c57",0,2,1,10,4,"Ferret 1.jpg","pic"
"2281","66ec318029fc5a15efe40c57",2,0,1,10,1,"Prison 2.jpg","pic"
"2282","66ec318029fc5a15efe40c57",0,0,1,8,0,"Fireworks 6.jpg","pic"
"2283","66ec318029fc5a15efe40c57",2,2,2,10,3,"Flood 1.jpg","pic"
"2284","66ec318029fc5a15efe40c57",0,0,0,5,0,"Rocks 1.jpg","pic"
"2285","66ec318029fc5a15efe40c57",0,2,1,15,2,"Fire 10.jpg","pic"
"2286","66ec318029fc5a15efe40c57",0,2,0,8,0,"Clean 1.jpg","pic"
"2287","66ec318029fc5a15efe40c57",2,3,2,15,4,"Destruction 2.jpg","pic"
"2288","66ec318029fc5a15efe40c57",0,0,0,4,0,"Beach 1.jpg","pic"
"2289","6810cb4c7a4dd46a3c6ede04",91,28,30,11,86,"Clean 1.jpg","pic"
"2290","6810cb4c7a4dd46a3c6ede04",88,16,76,7,82,"Lake 12.jpg","pic"
"2291","6810cb4c7a4dd46a3c6ede04",73,12,80,9,19,"Flood 1.jpg","pic"
"2292","6810cb4c7a4dd46a3c6ede04",95,22,71,0,12,"Fire 10.jpg","pic"
"2293","6810cb4c7a4dd46a3c6ede04",4,8,64,6,89,"Snow 1.jpg","pic"
"2294","6810cb4c7a4dd46a3c6ede04",100,0,91,0,87,"Destruction 2.jpg","pic"
"2295","6810cb4c7a4dd46a3c6ede04",94,7,44,0,30,"Fireworks 6.jpg","pic"
"2296","6810cb4c7a4dd46a3c6ede04",82,25,32,20,26,"Rainbow 2.jpg","pic"
"2297","6810cb4c7a4dd46a3c6ede04",19,28,60,12,72,"Rocks 1.jpg","pic"
"2298","6810cb4c7a4dd46a3c6ede04",0,13,64,70,31,"Prison 2.jpg","pic"
"2299","6810cb4c7a4dd46a3c6ede04",78,13,81,23,18,"Garbage dump 1.jpg","pic"
"2300","6810cb4c7a4dd46a3c6ede04",95,9,90,0,37,"Toilet 4.jpg","pic"
"2301","6810cb4c7a4dd46a3c6ede04",8,71,74,82,38,"Dirt 1.jpg","pic"
"2302","6810cb4c7a4dd46a3c6ede04",1,0,100,100,60,"Ferret 1.jpg","pic"
"2303","6810cb4c7a4dd46a3c6ede04",100,0,0,0,8,"Heart 3.jpg","pic"
"2304","6810cb4c7a4dd46a3c6ede04",87,85,0,0,34,"Beach 1.jpg","pic"
"2305","67f2ecf2ef369d872787cfb8",8,2,0,5,59,"Rocks 1.jpg","pic"
"2306","67f2ecf2ef369d872787cfb8",34,3,3,12,39,"Destruction 2.jpg","pic"
"2307","67f2ecf2ef369d872787cfb8",21,20,38,61,36,"Fire 10.jpg","pic"
"2308","67f2ecf2ef369d872787cfb8",6,4,15,8,19,"Fireworks 6.jpg","pic"
"2309","67f2ecf2ef369d872787cfb8",31,3,9,11,11,"Prison 2.jpg","pic"
"2310","67f2ecf2ef369d872787cfb8",3,1,60,98,2,"Toilet 4.jpg","pic"
"2311","67f2ecf2ef369d872787cfb8",18,0,1,10,1,"Beach 1.jpg","pic"
"2312","67f2ecf2ef369d872787cfb8",14,2,1,61,27,"Snow 1.jpg","pic"
"2313","67f2ecf2ef369d872787cfb8",12,6,55,21,7,"Lake 12.jpg","pic"
"2314","67f2ecf2ef369d872787cfb8",25,4,6,15,3,"Dirt 1.jpg","pic"
"2315","67f2ecf2ef369d872787cfb8",3,3,4,8,1,"Rainbow 2.jpg","pic"
"2316","67f2ecf2ef369d872787cfb8",26,5,10,9,45,"Flood 1.jpg","pic"
"2317","67f2ecf2ef369d872787cfb8",38,3,4,28,3,"Clean 1.jpg","pic"
"2318","67f2ecf2ef369d872787cfb8",63,3,2,21,3,"Garbage dump 1.jpg","pic"
"2319","67f2ecf2ef369d872787cfb8",10,43,97,98,4,"Ferret 1.jpg","pic"
"2320","67f2ecf2ef369d872787cfb8",45,4,3,44,9,"Heart 3.jpg","pic"
"2321","66e5cf7a11cb28aa31d19da8",11,13,0,14,13,"Garbage dump 1.jpg","pic"
"2322","66e5cf7a11cb28aa31d19da8",0,0,0,0,0,"Lake 12.jpg","pic"
"2323","66e5cf7a11cb28aa31d19da8",0,5,0,4,0,"Heart 3.jpg","pic"
"2324","66e5cf7a11cb28aa31d19da8",9,3,4,10,10,"Prison 2.jpg","pic"
"2325","66e5cf7a11cb28aa31d19da8",0,0,0,0,0,"Rocks 1.jpg","pic"
"2326","66e5cf7a11cb28aa31d19da8",17,8,0,8,2,"Toilet 4.jpg","pic"
"2327","66e5cf7a11cb28aa31d19da8",4,0,0,5,0,"Snow 1.jpg","pic"
"2328","66e5cf7a11cb28aa31d19da8",32,20,10,22,17,"Fire 10.jpg","pic"
"2329","66e5cf7a11cb28aa31d19da8",0,0,0,6,0,"Fireworks 6.jpg","pic"
"2330","66e5cf7a11cb28aa31d19da8",0,0,0,0,0,"Clean 1.jpg","pic"
"2331","66e5cf7a11cb28aa31d19da8",0,0,0,0,0,"Beach 1.jpg","pic"
"2332","66e5cf7a11cb28aa31d19da8",18,36,11,14,15,"Flood 1.jpg","pic"
"2333","66e5cf7a11cb28aa31d19da8",0,0,0,0,0,"Rainbow 2.jpg","pic"
"2334","66e5cf7a11cb28aa31d19da8",2,5,5,11,5,"Dirt 1.jpg","pic"
"2335","66e5cf7a11cb28aa31d19da8",9,8,17,18,22,"Ferret 1.jpg","pic"
"2336","66e5cf7a11cb28aa31d19da8",23,26,10,18,23,"Destruction 2.jpg","pic"
"2337","660c9fe7b2e6bf22bcc608b1",88,88,91,44,89,"Garbage dump 1.jpg","pic"
"2338","660c9fe7b2e6bf22bcc608b1",86,85,85,47,77,"Toilet 4.jpg","pic"
"2339","660c9fe7b2e6bf22bcc608b1",34,30,98,49,55,"Ferret 1.jpg","pic"
"2340","660c9fe7b2e6bf22bcc608b1",3,8,6,39,9,"Fireworks 6.jpg","pic"
"2341","660c9fe7b2e6bf22bcc608b1",5,8,18,34,5,"Lake 12.jpg","pic"
"2342","660c9fe7b2e6bf22bcc608b1",22,8,9,73,7,"Beach 1.jpg","pic"
"2343","660c9fe7b2e6bf22bcc608b1",8,22,4,80,4,"Heart 3.jpg","pic"
"2344","660c9fe7b2e6bf22bcc608b1",2,8,14,80,9,"Rocks 1.jpg","pic"
"2345","660c9fe7b2e6bf22bcc608b1",45,52,46,78,65,"Snow 1.jpg","pic"
"2346","660c9fe7b2e6bf22bcc608b1",58,49,95,46,65,"Flood 1.jpg","pic"
"2347","660c9fe7b2e6bf22bcc608b1",46,45,84,23,76,"Dirt 1.jpg","pic"
"2348","660c9fe7b2e6bf22bcc608b1",17,14,7,17,3,"Rainbow 2.jpg","pic"
"2349","660c9fe7b2e6bf22bcc608b1",6,8,7,10,8,"Fire 10.jpg","pic"
"2350","660c9fe7b2e6bf22bcc608b1",72,59,51,67,72,"Destruction 2.jpg","pic"
"2351","660c9fe7b2e6bf22bcc608b1",45,42,92,66,77,"Prison 2.jpg","pic"
"2352","660c9fe7b2e6bf22bcc608b1",6,6,2,28,0,"Clean 1.jpg","pic"
"2353","60dc4e2299f89a7ca94b2c91",29,25,0,0,6,"Destruction 2.jpg","pic"
"2354","60dc4e2299f89a7ca94b2c91",0,0,0,0,0,"Lake 12.jpg","pic"
"2355","60dc4e2299f89a7ca94b2c91",0,19,0,0,3,"Fire 10.jpg","pic"
"2356","60dc4e2299f89a7ca94b2c91",0,16,0,0,14,"Flood 1.jpg","pic"
"2357","60dc4e2299f89a7ca94b2c91",0,0,51,0,0,"Ferret 1.jpg","pic"
"2358","60dc4e2299f89a7ca94b2c91",0,0,0,0,0,"Snow 1.jpg","pic"
"2359","60dc4e2299f89a7ca94b2c91",0,0,0,0,0,"Rainbow 2.jpg","pic"
"2360","60dc4e2299f89a7ca94b2c91",0,0,0,0,0,"Heart 3.jpg","pic"
"2361","60dc4e2299f89a7ca94b2c91",0,14,31,0,25,"Dirt 1.jpg","pic"
"2362","60dc4e2299f89a7ca94b2c91",0,0,0,0,0,"Rocks 1.jpg","pic"
"2363","60dc4e2299f89a7ca94b2c91",0,10,0,0,0,"Garbage dump 1.jpg","pic"
"2364","60dc4e2299f89a7ca94b2c91",0,4,0,0,0,"Prison 2.jpg","pic"
"2365","60dc4e2299f89a7ca94b2c91",0,0,0,0,0,"Clean 1.jpg","pic"
"2366","60dc4e2299f89a7ca94b2c91",0,0,0,0,0,"Toilet 4.jpg","pic"
"2367","60dc4e2299f89a7ca94b2c91",0,0,0,0,0,"Beach 1.jpg","pic"
"2368","60dc4e2299f89a7ca94b2c91",0,0,0,0,0,"Fireworks 6.jpg","pic"
"2369","694362776ee0b39779195255",18,0,0,44,14,"Dirt 1.jpg","pic"
"2370","694362776ee0b39779195255",50,72,40,66,71,"Fire 10.jpg","pic"
"2371","694362776ee0b39779195255",0,51,0,24,58,"Garbage dump 1.jpg","pic"
"2372","694362776ee0b39779195255",57,86,70,34,80,"Destruction 2.jpg","pic"
"2373","694362776ee0b39779195255",0,0,0,0,0,"Lake 12.jpg","pic"
"2374","694362776ee0b39779195255",0,0,0,0,0,"Clean 1.jpg","pic"
"2375","694362776ee0b39779195255",14,0,0,32,21,"Toilet 4.jpg","pic"
"2376","694362776ee0b39779195255",0,0,55,69,18,"Ferret 1.jpg","pic"
"2377","694362776ee0b39779195255",24,73,63,37,80,"Flood 1.jpg","pic"
"2378","694362776ee0b39779195255",0,0,0,0,0,"Fireworks 6.jpg","pic"
"2379","694362776ee0b39779195255",0,0,0,0,0,"Heart 3.jpg","pic"
"2380","694362776ee0b39779195255",0,0,0,0,0,"Beach 1.jpg","pic"
"2381","694362776ee0b39779195255",0,0,0,0,0,"Rainbow 2.jpg","pic"
"2382","694362776ee0b39779195255",0,0,0,0,0,"Rocks 1.jpg","pic"
"2383","694362776ee0b39779195255",0,0,0,0,0,"Snow 1.jpg","pic"
"2384","694362776ee0b39779195255",18,0,0,30,30,"Prison 2.jpg","pic"
"2385","682498beb28b43fa10e34496",1,19,19,4,70,"Destruction 2.jpg","pic"
"2386","682498beb28b43fa10e34496",2,2,3,2,3,"Heart 3.jpg","pic"
"2387","682498beb28b43fa10e34496",2,4,4,5,2,"Snow 1.jpg","pic"
"2388","682498beb28b43fa10e34496",4,3,4,3,2,"Prison 2.jpg","pic"
"2389","682498beb28b43fa10e34496",4,5,10,29,8,"Garbage dump 1.jpg","pic"
"2390","682498beb28b43fa10e34496",0,5,5,2,1,"Lake 12.jpg","pic"
"2391","682498beb28b43fa10e34496",1,2,4,5,6,"Fire 10.jpg","pic"
"2392","682498beb28b43fa10e34496",3,5,33,2,4,"Dirt 1.jpg","pic"
"2393","682498beb28b43fa10e34496",2,3,4,3,4,"Beach 1.jpg","pic"
"2394","682498beb28b43fa10e34496",3,6,7,3,2,"Clean 1.jpg","pic"
"2395","682498beb28b43fa10e34496",1,2,1,3,4,"Fireworks 6.jpg","pic"
"2396","682498beb28b43fa10e34496",2,1,4,1,77,"Rocks 1.jpg","pic"
"2397","682498beb28b43fa10e34496",1,4,2,1,3,"Toilet 4.jpg","pic"
"2398","682498beb28b43fa10e34496",1,5,4,3,3,"Flood 1.jpg","pic"
"2399","682498beb28b43fa10e34496",2,3,5,2,9,"Rainbow 2.jpg","pic"
"2400","682498beb28b43fa10e34496",3,4,2,2,11,"Ferret 1.jpg","pic"
"2401","663d78724bf4501737f36653",27,32,19,14,15,"Rainbow 2.jpg","pic"
"2402","663d78724bf4501737f36653",48,47,44,42,35,"Prison 2.jpg","pic"
"2403","663d78724bf4501737f36653",28,34,30,34,37,"Garbage dump 1.jpg","pic"
"2404","663d78724bf4501737f36653",18,23,17,17,27,"Beach 1.jpg","pic"
"2405","663d78724bf4501737f36653",19,19,17,22,25,"Rocks 1.jpg","pic"
"2406","663d78724bf4501737f36653",19,19,18,14,23,"Snow 1.jpg","pic"
"2407","663d78724bf4501737f36653",50,50,50,50,50,"Fireworks 6.jpg","pic"
"2408","663d78724bf4501737f36653",11,12,17,9,10,"Lake 12.jpg","pic"
"2409","663d78724bf4501737f36653",15,30,14,16,28,"Heart 3.jpg","pic"
"2410","663d78724bf4501737f36653",38,30,34,42,40,"Fire 10.jpg","pic"
"2411","663d78724bf4501737f36653",57,30,30,36,20,"Flood 1.jpg","pic"
"2412","663d78724bf4501737f36653",25,35,16,33,24,"Toilet 4.jpg","pic"
"2413","663d78724bf4501737f36653",28,30,22,34,35,"Dirt 1.jpg","pic"
"2414","663d78724bf4501737f36653",49,29,34,48,30,"Ferret 1.jpg","pic"
"2415","663d78724bf4501737f36653",7,4,4,6,3,"Clean 1.jpg","pic"
"2416","663d78724bf4501737f36653",51,54,18,51,72,"Destruction 2.jpg","pic"
"2417","6631b0ab30153f0b76483e0a",4,5,4,4,0,"Heart 3.jpg","pic"
"2418","6631b0ab30153f0b76483e0a",56,25,88,36,83,"Ferret 1.jpg","pic"
"2419","6631b0ab30153f0b76483e0a",4,1,2,3,6,"Clean 1.jpg","pic"
"2420","6631b0ab30153f0b76483e0a",65,7,28,87,51,"Dirt 1.jpg","pic"
"2421","6631b0ab30153f0b76483e0a",5,4,2,3,5,"Snow 1.jpg","pic"
"2422","6631b0ab30153f0b76483e0a",3,2,3,2,3,"Rainbow 2.jpg","pic"
"2423","6631b0ab30153f0b76483e0a",4,4,3,4,2,"Lake 12.jpg","pic"
"2424","6631b0ab30153f0b76483e0a",89,41,90,99,69,"Toilet 4.jpg","pic"
"2425","6631b0ab30153f0b76483e0a",2,1,1,2,1,"Rocks 1.jpg","pic"
"2426","6631b0ab30153f0b76483e0a",0,0,2,0,4,"Fireworks 6.jpg","pic"
"2427","6631b0ab30153f0b76483e0a",84,90,94,90,96,"Destruction 2.jpg","pic"
"2428","6631b0ab30153f0b76483e0a",95,45,46,99,69,"Prison 2.jpg","pic"
"2429","6631b0ab30153f0b76483e0a",92,0,90,96,92,"Fire 10.jpg","pic"
"2430","6631b0ab30153f0b76483e0a",53,0,22,78,47,"Flood 1.jpg","pic"
"2431","6631b0ab30153f0b76483e0a",47,0,17,84,82,"Garbage dump 1.jpg","pic"
"2432","6631b0ab30153f0b76483e0a",0,0,0,0,0,"Beach 1.jpg","pic"
"2433","675b6faf10ae4b79d1d6455e",39,45,73,53,45,"Heart 3.jpg","pic"
"2434","675b6faf10ae4b79d1d6455e",33,70,62,58,76,"Fireworks 6.jpg","pic"
"2435","675b6faf10ae4b79d1d6455e",43,47,50,62,40,"Rocks 1.jpg","pic"
"2436","675b6faf10ae4b79d1d6455e",35,43,81,61,73,"Beach 1.jpg","pic"
"2437","675b6faf10ae4b79d1d6455e",30,42,69,58,39,"Snow 1.jpg","pic"
"2438","675b6faf10ae4b79d1d6455e",45,72,53,60,74,"Rainbow 2.jpg","pic"
"2439","675b6faf10ae4b79d1d6455e",55,84,46,75,38,"Flood 1.jpg","pic"
"2440","675b6faf10ae4b79d1d6455e",40,53,80,67,77,"Lake 12.jpg","pic"
"2441","675b6faf10ae4b79d1d6455e",36,38,79,60,73,"Dirt 1.jpg","pic"
"2442","675b6faf10ae4b79d1d6455e",44,62,76,62,71,"Toilet 4.jpg","pic"
"2443","675b6faf10ae4b79d1d6455e",43,46,75,69,44,"Prison 2.jpg","pic"
"2444","675b6faf10ae4b79d1d6455e",65,69,44,44,72,"Fire 10.jpg","pic"
"2445","675b6faf10ae4b79d1d6455e",42,48,52,59,53,"Destruction 2.jpg","pic"
"2446","675b6faf10ae4b79d1d6455e",47,44,83,74,74,"Ferret 1.jpg","pic"
"2447","675b6faf10ae4b79d1d6455e",44,52,76,74,64,"Garbage dump 1.jpg","pic"
"2448","675b6faf10ae4b79d1d6455e",42,52,38,52,40,"Clean 1.jpg","pic"
"2449","67e1dc9c35b6facf1079fb30",4,58,27,59,0,"Ferret 1.jpg","pic"
"2450","67e1dc9c35b6facf1079fb30",0,0,0,0,0,"Rocks 1.jpg","pic"
"2451","67e1dc9c35b6facf1079fb30",0,0,0,0,0,"Clean 1.jpg","pic"
"2452","67e1dc9c35b6facf1079fb30",0,0,0,0,0,"Snow 1.jpg","pic"
"2453","67e1dc9c35b6facf1079fb30",0,0,0,0,0,"Lake 12.jpg","pic"
"2454","67e1dc9c35b6facf1079fb30",22,48,52,80,1,"Destruction 2.jpg","pic"
"2455","67e1dc9c35b6facf1079fb30",40,45,2,0,0,"Toilet 4.jpg","pic"
"2456","67e1dc9c35b6facf1079fb30",0,0,0,0,0,"Beach 1.jpg","pic"
"2457","67e1dc9c35b6facf1079fb30",30,43,94,83,0,"Fire 10.jpg","pic"
"2458","67e1dc9c35b6facf1079fb30",0,12,81,74,0,"Flood 1.jpg","pic"
"2459","67e1dc9c35b6facf1079fb30",0,0,17,58,0,"Prison 2.jpg","pic"
"2460","67e1dc9c35b6facf1079fb30",0,0,0,0,0,"Heart 3.jpg","pic"
"2461","67e1dc9c35b6facf1079fb30",0,0,0,72,42,"Garbage dump 1.jpg","pic"
"2462","67e1dc9c35b6facf1079fb30",0,53,0,72,0,"Dirt 1.jpg","pic"
"2463","67e1dc9c35b6facf1079fb30",0,0,0,0,0,"Fireworks 6.jpg","pic"
"2464","67e1dc9c35b6facf1079fb30",0,0,0,0,0,"Rainbow 2.jpg","pic"
"2465","66465704f0921cfc20ba6e57",47,40,38,46,46,"Rocks 1.jpg","pic"
"2466","66465704f0921cfc20ba6e57",46,46,46,43,44,"Heart 3.jpg","pic"
"2467","66465704f0921cfc20ba6e57",70,75,45,47,71,"Flood 1.jpg","pic"
"2468","66465704f0921cfc20ba6e57",79,98,74,78,85,"Destruction 2.jpg","pic"
"2469","66465704f0921cfc20ba6e57",45,36,35,46,36,"Snow 1.jpg","pic"
"2470","66465704f0921cfc20ba6e57",50,47,48,47,43,"Clean 1.jpg","pic"
"2471","66465704f0921cfc20ba6e57",53,52,51,50,47,"Garbage dump 1.jpg","pic"
"2472","66465704f0921cfc20ba6e57",69,80,76,67,24,"Fire 10.jpg","pic"
"2473","66465704f0921cfc20ba6e57",49,25,43,65,28,"Fireworks 6.jpg","pic"
"2474","66465704f0921cfc20ba6e57",59,50,52,59,48,"Rainbow 2.jpg","pic"
"2475","66465704f0921cfc20ba6e57",60,56,56,59,55,"Dirt 1.jpg","pic"
"2476","66465704f0921cfc20ba6e57",46,9,72,84,64,"Toilet 4.jpg","pic"
"2477","66465704f0921cfc20ba6e57",67,59,70,65,70,"Beach 1.jpg","pic"
"2478","66465704f0921cfc20ba6e57",69,74,62,59,55,"Lake 12.jpg","pic"
"2479","66465704f0921cfc20ba6e57",73,64,63,57,65,"Ferret 1.jpg","pic"
"2480","66465704f0921cfc20ba6e57",81,66,66,71,70,"Prison 2.jpg","pic"
"2481","67c78fbc58d20f4b7fe41479",5,6,2,97,2,"Clean 1.jpg","pic"
"2482","67c78fbc58d20f4b7fe41479",69,25,95,95,79,"Garbage dump 1.jpg","pic"
"2483","67c78fbc58d20f4b7fe41479",5,34,47,15,1,"Snow 1.jpg","pic"
"2484","67c78fbc58d20f4b7fe41479",2,8,5,80,3,"Rainbow 2.jpg","pic"
"2485","67c78fbc58d20f4b7fe41479",26,33,77,97,43,"Toilet 4.jpg","pic"
"2486","67c78fbc58d20f4b7fe41479",79,78,89,89,94,"Destruction 2.jpg","pic"
"2487","67c78fbc58d20f4b7fe41479",68,34,82,73,50,"Prison 2.jpg","pic"
"2488","67c78fbc58d20f4b7fe41479",34,44,40,42,32,"Rocks 1.jpg","pic"
"2489","67c78fbc58d20f4b7fe41479",18,24,50,93,30,"Ferret 1.jpg","pic"
"2490","67c78fbc58d20f4b7fe41479",26,24,7,66,29,"Lake 12.jpg","pic"
"2491","67c78fbc58d20f4b7fe41479",64,92,94,95,90,"Flood 1.jpg","pic"
"2492","67c78fbc58d20f4b7fe41479",23,34,63,81,27,"Dirt 1.jpg","pic"
"2493","67c78fbc58d20f4b7fe41479",20,6,10,53,5,"Heart 3.jpg","pic"
"2494","67c78fbc58d20f4b7fe41479",38,21,14,52,29,"Beach 1.jpg","pic"
"2495","67c78fbc58d20f4b7fe41479",31,94,93,92,94,"Fire 10.jpg","pic"
"2496","67c78fbc58d20f4b7fe41479",23,25,94,86,43,"Fireworks 6.jpg","pic"
"2497","6633ee8ca35ae4b909110ee3",25,100,0,50,100,"Toilet 4.jpg","pic"
"2498","6633ee8ca35ae4b909110ee3",0,25,0,10,0,"Fireworks 6.jpg","pic"
"2499","6633ee8ca35ae4b909110ee3",0,0,0,0,0,"Heart 3.jpg","pic"
"2500","6633ee8ca35ae4b909110ee3",10,10,0,5,5,"Flood 1.jpg","pic"
"2501","6633ee8ca35ae4b909110ee3",0,0,0,0,0,"Dirt 1.jpg","pic"
"2502","6633ee8ca35ae4b909110ee3",0,0,0,0,0,"Clean 1.jpg","pic"
"2503","6633ee8ca35ae4b909110ee3",0,20,0,0,20,"Destruction 2.jpg","pic"
"2504","6633ee8ca35ae4b909110ee3",20,0,0,0,0,"Prison 2.jpg","pic"
"2505","6633ee8ca35ae4b909110ee3",0,0,0,0,0,"Garbage dump 1.jpg","pic"
"2506","6633ee8ca35ae4b909110ee3",0,0,0,0,0,"Beach 1.jpg","pic"
"2507","6633ee8ca35ae4b909110ee3",0,20,5,10,10,"Fire 10.jpg","pic"
"2508","6633ee8ca35ae4b909110ee3",0,0,0,25,0,"Rocks 1.jpg","pic"
"2509","6633ee8ca35ae4b909110ee3",0,0,0,0,0,"Snow 1.jpg","pic"
"2510","6633ee8ca35ae4b909110ee3",0,0,0,50,0,"Rainbow 2.jpg","pic"
"2511","6633ee8ca35ae4b909110ee3",0,0,0,50,0,"Lake 12.jpg","pic"
"2512","6633ee8ca35ae4b909110ee3",0,0,0,0,0,"Ferret 1.jpg","pic"
"2513","60ca4cfb5c287146cad0695a",0,0,0,0,0,"Rainbow 2.jpg","pic"
"2514","60ca4cfb5c287146cad0695a",87,80,70,81,79,"Toilet 4.jpg","pic"
"2515","60ca4cfb5c287146cad0695a",34,38,0,34,35,"Dirt 1.jpg","pic"
"2516","60ca4cfb5c287146cad0695a",82,76,85,85,70,"Prison 2.jpg","pic"
"2517","60ca4cfb5c287146cad0695a",0,20,0,22,9,"Rocks 1.jpg","pic"
"2518","60ca4cfb5c287146cad0695a",0,0,0,0,0,"Lake 12.jpg","pic"
"2519","60ca4cfb5c287146cad0695a",89,100,77,88,91,"Destruction 2.jpg","pic"
"2520","60ca4cfb5c287146cad0695a",0,20,11,0,0,"Heart 3.jpg","pic"
"2521","60ca4cfb5c287146cad0695a",0,9,10,0,2,"Clean 1.jpg","pic"
"2522","60ca4cfb5c287146cad0695a",95,94,56,100,93,"Garbage dump 1.jpg","pic"
"2523","60ca4cfb5c287146cad0695a",100,100,100,99,100,"Flood 1.jpg","pic"
"2524","60ca4cfb5c287146cad0695a",85,73,91,92,77,"Ferret 1.jpg","pic"
"2525","60ca4cfb5c287146cad0695a",0,0,0,0,0,"Beach 1.jpg","pic"
"2526","60ca4cfb5c287146cad0695a",0,6,0,0,0,"Fireworks 6.jpg","pic"
"2527","60ca4cfb5c287146cad0695a",0,15,0,0,9,"Snow 1.jpg","pic"
"2528","60ca4cfb5c287146cad0695a",90,87,84,89,90,"Fire 10.jpg","pic"
"2529","67ac95764f3091a540c69b5b",10,0,0,0,0,"Rainbow 2.jpg","pic"
"2530","67ac95764f3091a540c69b5b",20,15,0,35,0,"Garbage dump 1.jpg","pic"
"2531","67ac95764f3091a540c69b5b",0,0,0,15,0,"Fireworks 6.jpg","pic"
"2532","67ac95764f3091a540c69b5b",0,0,0,5,0,"Heart 3.jpg","pic"
"2533","67ac95764f3091a540c69b5b",20,0,0,10,0,"Snow 1.jpg","pic"
"2534","67ac95764f3091a540c69b5b",5,5,5,0,0,"Beach 1.jpg","pic"
"2535","67ac95764f3091a540c69b5b",25,0,0,30,0,"Toilet 4.jpg","pic"
"2536","67ac95764f3091a540c69b5b",25,0,0,20,0,"Dirt 1.jpg","pic"
"2537","67ac95764f3091a540c69b5b",40,9,0,10,0,"Fire 10.jpg","pic"
"2538","67ac95764f3091a540c69b5b",15,5,1,20,0,"Lake 12.jpg","pic"
"2539","67ac95764f3091a540c69b5b",50,25,0,25,0,"Flood 1.jpg","pic"
"2540","67ac95764f3091a540c69b5b",10,0,0,0,0,"Clean 1.jpg","pic"
"2541","67ac95764f3091a540c69b5b",60,20,1,30,0,"Destruction 2.jpg","pic"
"2542","67ac95764f3091a540c69b5b",26,5,0,10,0,"Rocks 1.jpg","pic"
"2543","67ac95764f3091a540c69b5b",0,0,3,15,0,"Ferret 1.jpg","pic"
"2544","67ac95764f3091a540c69b5b",50,0,0,13,0,"Prison 2.jpg","pic"
"2545","67f1b8abe144ffdfc27d371a",0,3,2,0,2,"Heart 3.jpg","pic"
"2546","67f1b8abe144ffdfc27d371a",100,48,45,97,49,"Toilet 4.jpg","pic"
"2547","67f1b8abe144ffdfc27d371a",0,2,0,0,1,"Rainbow 2.jpg","pic"
"2548","67f1b8abe144ffdfc27d371a",0,0,0,0,1,"Fireworks 6.jpg","pic"
"2549","67f1b8abe144ffdfc27d371a",0,0,0,0,1,"Lake 12.jpg","pic"
"2550","67f1b8abe144ffdfc27d371a",3,2,1,3,0,"Beach 1.jpg","pic"
"2551","67f1b8abe144ffdfc27d371a",1,1,3,2,58,"Snow 1.jpg","pic"
"2552","67f1b8abe144ffdfc27d371a",0,2,0,3,3,"Dirt 1.jpg","pic"
"2553","67f1b8abe144ffdfc27d371a",100,100,100,99,95,"Destruction 2.jpg","pic"
"2554","67f1b8abe144ffdfc27d371a",0,1,0,0,0,"Rocks 1.jpg","pic"
"2555","67f1b8abe144ffdfc27d371a",98,95,95,95,98,"Garbage dump 1.jpg","pic"
"2556","67f1b8abe144ffdfc27d371a",97,98,100,95,100,"Flood 1.jpg","pic"
"2557","67f1b8abe144ffdfc27d371a",96,100,100,96,96,"Fire 10.jpg","pic"
"2558","67f1b8abe144ffdfc27d371a",60,42,100,76,67,"Ferret 1.jpg","pic"
"2559","67f1b8abe144ffdfc27d371a",32,10,73,71,52,"Prison 2.jpg","pic"
"2560","67f1b8abe144ffdfc27d371a",3,3,4,1,1,"Clean 1.jpg","pic"
"2561","67624c835727c93b1676104a",18,17,8,7,9,"Rocks 1.jpg","pic"
"2562","67624c835727c93b1676104a",38,50,20,18,4,"Prison 2.jpg","pic"
"2563","67624c835727c93b1676104a",20,13,17,23,16,"Fire 10.jpg","pic"
"2564","67624c835727c93b1676104a",0,7,16,0,4,"Heart 3.jpg","pic"
"2565","67624c835727c93b1676104a",16,7,0,4,7,"Clean 1.jpg","pic"
"2566","67624c835727c93b1676104a",19,5,22,20,27,"Fireworks 6.jpg","pic"
"2567","67624c835727c93b1676104a",100,15,17,20,24,"Garbage dump 1.jpg","pic"
"2568","67624c835727c93b1676104a",15,18,22,18,37,"Ferret 1.jpg","pic"
"2569","67624c835727c93b1676104a",25,21,48,12,35,"Dirt 1.jpg","pic"
"2570","67624c835727c93b1676104a",95,22,4,31,76,"Toilet 4.jpg","pic"
"2571","67624c835727c93b1676104a",18,45,47,12,20,"Destruction 2.jpg","pic"
"2572","67624c835727c93b1676104a",22,0,58,0,0,"Snow 1.jpg","pic"
"2573","67624c835727c93b1676104a",27,24,25,22,15,"Rainbow 2.jpg","pic"
"2574","67624c835727c93b1676104a",0,1,0,0,0,"Beach 1.jpg","pic"
"2575","67624c835727c93b1676104a",49,21,6,41,35,"Flood 1.jpg","pic"
"2576","67624c835727c93b1676104a",17,18,34,36,36,"Lake 12.jpg","pic"
"2577","67f308952524e8b1d811964c",10,0,0,1,0,"Lake 12.jpg","pic"
"2578","67f308952524e8b1d811964c",20,0,0,0,0,"Beach 1.jpg","pic"
"2579","67f308952524e8b1d811964c",59,50,50,3,60,"Fire 10.jpg","pic"
"2580","67f308952524e8b1d811964c",1,0,20,0,1,"Rocks 1.jpg","pic"
"2581","67f308952524e8b1d811964c",0,0,20,0,0,"Snow 1.jpg","pic"
"2582","67f308952524e8b1d811964c",0,30,0,0,0,"Fireworks 6.jpg","pic"
"2583","67f308952524e8b1d811964c",30,0,0,100,60,"Garbage dump 1.jpg","pic"
"2584","67f308952524e8b1d811964c",0,0,1,0,17,"Heart 3.jpg","pic"
"2585","67f308952524e8b1d811964c",19,100,100,0,100,"Ferret 1.jpg","pic"
"2586","67f308952524e8b1d811964c",50,40,40,100,30,"Dirt 1.jpg","pic"
"2587","67f308952524e8b1d811964c",0,40,30,0,40,"Toilet 4.jpg","pic"
"2588","67f308952524e8b1d811964c",19,40,40,0,45,"Prison 2.jpg","pic"
"2589","67f308952524e8b1d811964c",98,100,100,100,100,"Destruction 2.jpg","pic"
"2590","67f308952524e8b1d811964c",0,2,1,0,0,"Clean 1.jpg","pic"
"2591","67f308952524e8b1d811964c",0,0,0,0,0,"Rainbow 2.jpg","pic"
"2592","67f308952524e8b1d811964c",20,100,50,100,100,"Flood 1.jpg","pic"
"2593","62c84ca82b03c9aedbca4a2a",50,0,100,100,50,"Toilet 4.jpg","pic"
"2594","62c84ca82b03c9aedbca4a2a",0,0,0,0,0,"Lake 12.jpg","pic"
"2595","62c84ca82b03c9aedbca4a2a",0,0,0,0,0,"Rocks 1.jpg","pic"
"2596","62c84ca82b03c9aedbca4a2a",0,0,0,4,0,"Fire 10.jpg","pic"
"2597","62c84ca82b03c9aedbca4a2a",50,0,75,100,50,"Garbage dump 1.jpg","pic"
"2598","62c84ca82b03c9aedbca4a2a",0,0,0,0,0,"Heart 3.jpg","pic"
"2599","62c84ca82b03c9aedbca4a2a",0,0,0,0,0,"Rainbow 2.jpg","pic"
"2600","62c84ca82b03c9aedbca4a2a",0,0,100,100,0,"Ferret 1.jpg","pic"
"2601","62c84ca82b03c9aedbca4a2a",85,50,85,85,50,"Prison 2.jpg","pic"
"2602","62c84ca82b03c9aedbca4a2a",0,0,0,0,0,"Snow 1.jpg","pic"
"2603","62c84ca82b03c9aedbca4a2a",100,50,100,100,100,"Destruction 2.jpg","pic"
"2604","62c84ca82b03c9aedbca4a2a",0,0,0,0,0,"Beach 1.jpg","pic"
"2605","62c84ca82b03c9aedbca4a2a",100,100,100,100,100,"Dirt 1.jpg","pic"
"2606","62c84ca82b03c9aedbca4a2a",0,0,0,0,0,"Clean 1.jpg","pic"
"2607","62c84ca82b03c9aedbca4a2a",0,0,0,0,0,"Fireworks 6.jpg","pic"
"2608","62c84ca82b03c9aedbca4a2a",100,100,100,100,100,"Flood 1.jpg","pic"
"2609","66294149f5c3cf16d5ebfd5e",12,24,9,11,10,"Rainbow 2.jpg","pic"
"2610","66294149f5c3cf16d5ebfd5e",26,53,11,22,69,"Clean 1.jpg","pic"
"2611","66294149f5c3cf16d5ebfd5e",74,91,71,74,86,"Flood 1.jpg","pic"
"2612","66294149f5c3cf16d5ebfd5e",56,69,64,71,65,"Prison 2.jpg","pic"
"2613","66294149f5c3cf16d5ebfd5e",30,20,70,47,49,"Toilet 4.jpg","pic"
"2614","66294149f5c3cf16d5ebfd5e",5,10,8,8,7,"Lake 12.jpg","pic"
"2615","66294149f5c3cf16d5ebfd5e",10,9,6,10,7,"Rocks 1.jpg","pic"
"2616","66294149f5c3cf16d5ebfd5e",64,32,62,71,56,"Ferret 1.jpg","pic"
"2617","66294149f5c3cf16d5ebfd5e",34,29,17,37,15,"Fireworks 6.jpg","pic"
"2618","66294149f5c3cf16d5ebfd5e",76,67,73,87,89,"Fire 10.jpg","pic"
"2619","66294149f5c3cf16d5ebfd5e",86,75,70,86,81,"Destruction 2.jpg","pic"
"2620","66294149f5c3cf16d5ebfd5e",79,75,9,80,65,"Garbage dump 1.jpg","pic"
"2621","66294149f5c3cf16d5ebfd5e",12,34,13,16,62,"Dirt 1.jpg","pic"
"2622","66294149f5c3cf16d5ebfd5e",56,68,64,52,62,"Snow 1.jpg","pic"
"2623","66294149f5c3cf16d5ebfd5e",6,3,3,5,26,"Beach 1.jpg","pic"
"2624","66294149f5c3cf16d5ebfd5e",12,13,5,10,7,"Heart 3.jpg","pic"
"2625","65a7027c88eae2b9a68ae596",0,3,1,1,2,"Fire 10.jpg","pic"
"2626","65a7027c88eae2b9a68ae596",2,3,2,3,1,"Fireworks 6.jpg","pic"
"2627","65a7027c88eae2b9a68ae596",61,45,37,56,35,"Prison 2.jpg","pic"
"2628","65a7027c88eae2b9a68ae596",67,86,73,64,92,"Toilet 4.jpg","pic"
"2629","65a7027c88eae2b9a68ae596",77,78,94,81,91,"Destruction 2.jpg","pic"
"2630","65a7027c88eae2b9a68ae596",0,0,1,0,0,"Lake 12.jpg","pic"
"2631","65a7027c88eae2b9a68ae596",0,1,1,0,1,"Rocks 1.jpg","pic"
"2632","65a7027c88eae2b9a68ae596",0,1,1,0,0,"Clean 1.jpg","pic"
"2633","65a7027c88eae2b9a68ae596",0,0,0,0,0,"Rainbow 2.jpg","pic"
"2634","65a7027c88eae2b9a68ae596",1,0,0,0,0,"Beach 1.jpg","pic"
"2635","65a7027c88eae2b9a68ae596",76,82,44,78,84,"Flood 1.jpg","pic"
"2636","65a7027c88eae2b9a68ae596",0,0,0,0,0,"Snow 1.jpg","pic"
"2637","65a7027c88eae2b9a68ae596",55,39,80,66,54,"Ferret 1.jpg","pic"
"2638","65a7027c88eae2b9a68ae596",49,51,28,56,50,"Garbage dump 1.jpg","pic"
"2639","65a7027c88eae2b9a68ae596",0,0,1,1,0,"Heart 3.jpg","pic"
"2640","65a7027c88eae2b9a68ae596",76,72,58,74,65,"Dirt 1.jpg","pic"
"2641","66c4f3cb14cbfc4db836bd4e",99,67,96,84,73,"Prison 2.jpg","pic"
"2642","66c4f3cb14cbfc4db836bd4e",2,3,2,1,2,"Lake 12.jpg","pic"
"2643","66c4f3cb14cbfc4db836bd4e",2,0,2,1,1,"Beach 1.jpg","pic"
"2644","66c4f3cb14cbfc4db836bd4e",75,69,71,69,74,"Destruction 2.jpg","pic"
"2645","66c4f3cb14cbfc4db836bd4e",95,1,87,96,78,"Fire 10.jpg","pic"
"2646","66c4f3cb14cbfc4db836bd4e",97,61,97,97,92,"Dirt 1.jpg","pic"
"2647","66c4f3cb14cbfc4db836bd4e",0,2,2,0,3,"Rocks 1.jpg","pic"
"2648","66c4f3cb14cbfc4db836bd4e",99,96,90,97,96,"Flood 1.jpg","pic"
"2649","66c4f3cb14cbfc4db836bd4e",2,2,3,2,9,"Fireworks 6.jpg","pic"
"2650","66c4f3cb14cbfc4db836bd4e",95,76,96,93,82,"Toilet 4.jpg","pic"
"2651","66c4f3cb14cbfc4db836bd4e",94,83,99,92,98,"Ferret 1.jpg","pic"
"2652","66c4f3cb14cbfc4db836bd4e",11,18,22,26,17,"Heart 3.jpg","pic"
"2653","66c4f3cb14cbfc4db836bd4e",97,92,97,97,90,"Garbage dump 1.jpg","pic"
"2654","66c4f3cb14cbfc4db836bd4e",2,5,3,3,4,"Clean 1.jpg","pic"
"2655","66c4f3cb14cbfc4db836bd4e",4,2,3,3,4,"Snow 1.jpg","pic"
"2656","66c4f3cb14cbfc4db836bd4e",6,6,5,5,6,"Rainbow 2.jpg","pic"
"2657","67f1f1d53b5c101545b04cfc",100,100,100,100,100,"Fire 10.jpg","pic"
"2658","67f1f1d53b5c101545b04cfc",1,0,1,14,0,"Beach 1.jpg","pic"
"2659","67f1f1d53b5c101545b04cfc",100,100,100,100,83,"Dirt 1.jpg","pic"
"2660","67f1f1d53b5c101545b04cfc",0,0,0,0,0,"Clean 1.jpg","pic"
"2661","67f1f1d53b5c101545b04cfc",100,84,100,100,100,"Toilet 4.jpg","pic"
"2662","67f1f1d53b5c101545b04cfc",0,0,0,0,0,"Fireworks 6.jpg","pic"
"2663","67f1f1d53b5c101545b04cfc",0,0,0,0,0,"Heart 3.jpg","pic"
"2664","67f1f1d53b5c101545b04cfc",100,100,100,100,100,"Garbage dump 1.jpg","pic"
"2665","67f1f1d53b5c101545b04cfc",100,100,100,100,100,"Rocks 1.jpg","pic"
"2666","67f1f1d53b5c101545b04cfc",100,100,100,100,22,"Flood 1.jpg","pic"
"2667","67f1f1d53b5c101545b04cfc",1,1,0,1,0,"Rainbow 2.jpg","pic"
"2668","67f1f1d53b5c101545b04cfc",100,41,100,100,14,"Prison 2.jpg","pic"
"2669","67f1f1d53b5c101545b04cfc",37,0,68,100,0,"Snow 1.jpg","pic"
"2670","67f1f1d53b5c101545b04cfc",100,100,100,49,100,"Ferret 1.jpg","pic"
"2671","67f1f1d53b5c101545b04cfc",100,100,100,46,51,"Destruction 2.jpg","pic"
"2672","67f1f1d53b5c101545b04cfc",0,0,0,14,0,"Lake 12.jpg","pic"
"2673","6276d97e209059496d37bf74",59,75,41,46,57,"Prison 2.jpg","pic"
"2674","6276d97e209059496d37bf74",89,73,66,79,64,"Destruction 2.jpg","pic"
"2675","6276d97e209059496d37bf74",0,1,8,8,4,"Fireworks 6.jpg","pic"
"2676","6276d97e209059496d37bf74",1,0,0,1,3,"Beach 1.jpg","pic"
"2677","6276d97e209059496d37bf74",31,50,27,50,37,"Snow 1.jpg","pic"
"2678","6276d97e209059496d37bf74",46,15,8,16,16,"Dirt 1.jpg","pic"
"2679","6276d97e209059496d37bf74",92,73,47,75,88,"Garbage dump 1.jpg","pic"
"2680","6276d97e209059496d37bf74",6,11,2,14,0,"Rocks 1.jpg","pic"
"2681","6276d97e209059496d37bf74",0,0,1,1,2,"Clean 1.jpg","pic"
"2682","6276d97e209059496d37bf74",1,0,1,2,1,"Lake 12.jpg","pic"
"2683","6276d97e209059496d37bf74",0,0,0,0,0,"Rainbow 2.jpg","pic"
"2684","6276d97e209059496d37bf74",9,11,7,33,12,"Heart 3.jpg","pic"
"2685","6276d97e209059496d37bf74",80,100,100,100,100,"Fire 10.jpg","pic"
"2686","6276d97e209059496d37bf74",83,100,92,89,92,"Flood 1.jpg","pic"
"2687","6276d97e209059496d37bf74",48,33,92,90,68,"Ferret 1.jpg","pic"
"2688","6276d97e209059496d37bf74",97,79,57,81,87,"Toilet 4.jpg","pic"
"2689","6706af217ea3142dd07d1e83",70,40,48,62,21,"Destruction 2.jpg","pic"
"2690","6706af217ea3142dd07d1e83",29,40,26,32,21,"Rainbow 2.jpg","pic"
"2691","6706af217ea3142dd07d1e83",29,22,28,51,72,"Snow 1.jpg","pic"
"2692","6706af217ea3142dd07d1e83",94,5,82,6,15,"Flood 1.jpg","pic"
"2693","6706af217ea3142dd07d1e83",2,19,17,12,15,"Ferret 1.jpg","pic"
"2694","6706af217ea3142dd07d1e83",30,6,1,11,15,"Fireworks 6.jpg","pic"
"2695","6706af217ea3142dd07d1e83",16,16,12,22,11,"Lake 12.jpg","pic"
"2696","6706af217ea3142dd07d1e83",12,21,0,6,12,"Clean 1.jpg","pic"
"2697","6706af217ea3142dd07d1e83",18,16,21,23,19,"Fire 10.jpg","pic"
"2698","6706af217ea3142dd07d1e83",32,28,28,21,24,"Rocks 1.jpg","pic"
"2699","6706af217ea3142dd07d1e83",10,12,6,30,14,"Dirt 1.jpg","pic"
"2700","6706af217ea3142dd07d1e83",8,12,16,12,15,"Garbage dump 1.jpg","pic"
"2701","6706af217ea3142dd07d1e83",12,19,82,8,73,"Heart 3.jpg","pic"
"2702","6706af217ea3142dd07d1e83",0,22,5,38,35,"Toilet 4.jpg","pic"
"2703","6706af217ea3142dd07d1e83",8,26,21,11,21,"Prison 2.jpg","pic"
"2704","6706af217ea3142dd07d1e83",11,15,19,21,25,"Beach 1.jpg","pic"
"2705","667ab64e047d4032dcc8be52",9,3,2,3,1,"Dirt 1.jpg","pic"
"2706","667ab64e047d4032dcc8be52",68,69,11,32,72,"Garbage dump 1.jpg","pic"
"2707","667ab64e047d4032dcc8be52",24,51,12,44,45,"Toilet 4.jpg","pic"
"2708","667ab64e047d4032dcc8be52",2,2,2,4,1,"Fireworks 6.jpg","pic"
"2709","667ab64e047d4032dcc8be52",0,3,2,1,2,"Rainbow 2.jpg","pic"
"2710","667ab64e047d4032dcc8be52",35,62,35,61,82,"Flood 1.jpg","pic"
"2711","667ab64e047d4032dcc8be52",55,40,22,49,51,"Prison 2.jpg","pic"
"2712","667ab64e047d4032dcc8be52",4,3,3,4,1,"Rocks 1.jpg","pic"
"2713","667ab64e047d4032dcc8be52",8,8,0,7,7,"Heart 3.jpg","pic"
"2714","667ab64e047d4032dcc8be52",0,0,0,1,0,"Clean 1.jpg","pic"
"2715","667ab64e047d4032dcc8be52",69,42,6,48,52,"Destruction 2.jpg","pic"
"2716","667ab64e047d4032dcc8be52",0,0,0,0,0,"Snow 1.jpg","pic"
"2717","667ab64e047d4032dcc8be52",41,55,32,48,69,"Fire 10.jpg","pic"
"2718","667ab64e047d4032dcc8be52",61,68,31,57,69,"Ferret 1.jpg","pic"
"2719","667ab64e047d4032dcc8be52",0,1,0,0,0,"Beach 1.jpg","pic"
"2720","667ab64e047d4032dcc8be52",0,0,0,0,4,"Lake 12.jpg","pic"
"2721","63bc9e8cd8106f8d94c636d4",3,3,2,0,0,"Lake 12.jpg","pic"
"2722","63bc9e8cd8106f8d94c636d4",13,0,1,15,4,"Prison 2.jpg","pic"
"2723","63bc9e8cd8106f8d94c636d4",37,47,3,15,19,"Destruction 2.jpg","pic"
"2724","63bc9e8cd8106f8d94c636d4",4,0,1,0,4,"Snow 1.jpg","pic"
"2725","63bc9e8cd8106f8d94c636d4",3,2,0,2,0,"Toilet 4.jpg","pic"
"2726","63bc9e8cd8106f8d94c636d4",0,0,0,0,0,"Heart 3.jpg","pic"
"2727","63bc9e8cd8106f8d94c636d4",40,29,4,5,39,"Flood 1.jpg","pic"
"2728","63bc9e8cd8106f8d94c636d4",2,1,0,2,1,"Rainbow 2.jpg","pic"
"2729","63bc9e8cd8106f8d94c636d4",3,4,1,1,6,"Beach 1.jpg","pic"
"2730","63bc9e8cd8106f8d94c636d4",0,0,0,0,0,"Dirt 1.jpg","pic"
"2731","63bc9e8cd8106f8d94c636d4",17,7,17,12,0,"Fire 10.jpg","pic"
"2732","63bc9e8cd8106f8d94c636d4",3,1,4,1,3,"Clean 1.jpg","pic"
"2733","63bc9e8cd8106f8d94c636d4",6,0,14,28,15,"Ferret 1.jpg","pic"
"2734","63bc9e8cd8106f8d94c636d4",3,6,4,0,9,"Fireworks 6.jpg","pic"
"2735","63bc9e8cd8106f8d94c636d4",7,3,2,1,5,"Rocks 1.jpg","pic"
"2736","63bc9e8cd8106f8d94c636d4",36,49,10,18,42,"Garbage dump 1.jpg","pic"
"2737","67e40bab848c22a30914c34c",13,65,37,15,50,"Garbage dump 1.jpg","pic"
"2738","67e40bab848c22a30914c34c",16,0,33,41,3,"Ferret 1.jpg","pic"
"2739","67e40bab848c22a30914c34c",7,1,29,0,3,"Destruction 2.jpg","pic"
"2740","67e40bab848c22a30914c34c",26,0,23,0,4,"Beach 1.jpg","pic"
"2741","67e40bab848c22a30914c34c",0,7,5,25,2,"Prison 2.jpg","pic"
"2742","67e40bab848c22a30914c34c",3,0,0,3,0,"Rocks 1.jpg","pic"
"2743","67e40bab848c22a30914c34c",0,0,0,0,3,"Fireworks 6.jpg","pic"
"2744","67e40bab848c22a30914c34c",0,0,0,0,0,"Lake 12.jpg","pic"
"2745","67e40bab848c22a30914c34c",0,3,4,0,2,"Toilet 4.jpg","pic"
"2746","67e40bab848c22a30914c34c",15,36,51,41,54,"Dirt 1.jpg","pic"
"2747","67e40bab848c22a30914c34c",0,34,43,21,34,"Fire 10.jpg","pic"
"2748","67e40bab848c22a30914c34c",25,39,0,4,0,"Heart 3.jpg","pic"
"2749","67e40bab848c22a30914c34c",0,0,0,0,0,"Snow 1.jpg","pic"
"2750","67e40bab848c22a30914c34c",30,4,3,0,0,"Clean 1.jpg","pic"
"2751","67e40bab848c22a30914c34c",6,0,0,0,4,"Rainbow 2.jpg","pic"
"2752","67e40bab848c22a30914c34c",8,56,43,46,45,"Flood 1.jpg","pic"
"2753","673bc7364722159a7c678802",2,0,52,6,0,"Fireworks 6.jpg","pic"
"2754","673bc7364722159a7c678802",0,0,0,0,0,"Snow 1.jpg","pic"
"2755","673bc7364722159a7c678802",79,55,61,61,61,"Toilet 4.jpg","pic"
"2756","673bc7364722159a7c678802",46,62,83,69,52,"Dirt 1.jpg","pic"
"2757","673bc7364722159a7c678802",52,0,59,65,0,"Prison 2.jpg","pic"
"2758","673bc7364722159a7c678802",81,76,70,62,74,"Destruction 2.jpg","pic"
"2759","673bc7364722159a7c678802",62,55,53,66,77,"Rainbow 2.jpg","pic"
"2760","673bc7364722159a7c678802",58,16,80,74,0,"Ferret 1.jpg","pic"
"2761","673bc7364722159a7c678802",0,25,8,4,30,"Lake 12.jpg","pic"
"2762","673bc7364722159a7c678802",12,4,0,3,0,"Beach 1.jpg","pic"
"2763","673bc7364722159a7c678802",58,64,75,70,54,"Flood 1.jpg","pic"
"2764","673bc7364722159a7c678802",80,16,3,64,75,"Garbage dump 1.jpg","pic"
"2765","673bc7364722159a7c678802",1,1,10,5,3,"Fire 10.jpg","pic"
"2766","673bc7364722159a7c678802",3,5,5,7,3,"Rocks 1.jpg","pic"
"2767","673bc7364722159a7c678802",62,50,67,42,60,"Clean 1.jpg","pic"
"2768","673bc7364722159a7c678802",0,7,3,0,5,"Heart 3.jpg","pic"
"2769","66b01097e95b0626c2cd7b5c",60,65,35,35,50,"Fire 10.jpg","pic"
"2770","66b01097e95b0626c2cd7b5c",0,0,0,0,0,"Heart 3.jpg","pic"
"2771","66b01097e95b0626c2cd7b5c",70,60,50,50,40,"Flood 1.jpg","pic"
"2772","66b01097e95b0626c2cd7b5c",25,20,0,25,0,"Lake 12.jpg","pic"
"2773","66b01097e95b0626c2cd7b5c",100,99,70,100,100,"Destruction 2.jpg","pic"
"2774","66b01097e95b0626c2cd7b5c",0,0,0,0,0,"Beach 1.jpg","pic"
"2775","66b01097e95b0626c2cd7b5c",0,0,0,0,0,"Snow 1.jpg","pic"
"2776","66b01097e95b0626c2cd7b5c",0,0,65,40,0,"Toilet 4.jpg","pic"
"2777","66b01097e95b0626c2cd7b5c",0,0,0,0,0,"Rocks 1.jpg","pic"
"2778","66b01097e95b0626c2cd7b5c",0,0,0,0,0,"Rainbow 2.jpg","pic"
"2779","66b01097e95b0626c2cd7b5c",60,30,70,60,0,"Prison 2.jpg","pic"
"2780","66b01097e95b0626c2cd7b5c",75,50,70,75,45,"Garbage dump 1.jpg","pic"
"2781","66b01097e95b0626c2cd7b5c",0,0,0,24,0,"Dirt 1.jpg","pic"
"2782","66b01097e95b0626c2cd7b5c",0,0,75,59,65,"Ferret 1.jpg","pic"
"2783","66b01097e95b0626c2cd7b5c",0,0,0,0,0,"Fireworks 6.jpg","pic"
"2784","66b01097e95b0626c2cd7b5c",0,0,0,0,0,"Clean 1.jpg","pic"
"2785","675b6bf5887bccb7fad6c44d",0,0,3,0,3,"Dirt 1.jpg","pic"
"2786","675b6bf5887bccb7fad6c44d",0,0,0,0,0,"Heart 3.jpg","pic"
"2787","675b6bf5887bccb7fad6c44d",0,0,0,0,0,"Rocks 1.jpg","pic"
"2788","675b6bf5887bccb7fad6c44d",0,0,0,0,0,"Fireworks 6.jpg","pic"
"2789","675b6bf5887bccb7fad6c44d",0,0,0,0,0,"Beach 1.jpg","pic"
"2790","675b6bf5887bccb7fad6c44d",46,0,46,47,47,"Clean 1.jpg","pic"
"2791","675b6bf5887bccb7fad6c44d",32,44,44,35,63,"Prison 2.jpg","pic"
"2792","675b6bf5887bccb7fad6c44d",45,52,76,40,60,"Ferret 1.jpg","pic"
"2793","675b6bf5887bccb7fad6c44d",100,0,0,2,98,"Flood 1.jpg","pic"
"2794","675b6bf5887bccb7fad6c44d",0,0,0,0,0,"Rainbow 2.jpg","pic"
"2795","675b6bf5887bccb7fad6c44d",0,0,0,0,0,"Fire 10.jpg","pic"
"2796","675b6bf5887bccb7fad6c44d",0,0,0,0,0,"Destruction 2.jpg","pic"
"2797","675b6bf5887bccb7fad6c44d",59,56,42,59,79,"Snow 1.jpg","pic"
"2798","675b6bf5887bccb7fad6c44d",0,0,0,0,0,"Lake 12.jpg","pic"
"2799","675b6bf5887bccb7fad6c44d",60,59,63,59,60,"Toilet 4.jpg","pic"
"2800","675b6bf5887bccb7fad6c44d",39,43,41,37,51,"Garbage dump 1.jpg","pic"
"2801","67294473dbb580a0ca93f60f",89,82,56,80,76,"Prison 2.jpg","pic"
"2802","67294473dbb580a0ca93f60f",2,2,0,3,3,"Rainbow 2.jpg","pic"
"2803","67294473dbb580a0ca93f60f",1,2,2,2,1,"Heart 3.jpg","pic"
"2804","67294473dbb580a0ca93f60f",72,68,32,79,54,"Garbage dump 1.jpg","pic"
"2805","67294473dbb580a0ca93f60f",1,2,3,2,1,"Dirt 1.jpg","pic"
"2806","67294473dbb580a0ca93f60f",89,85,87,83,69,"Fire 10.jpg","pic"
"2807","67294473dbb580a0ca93f60f",3,3,1,2,1,"Lake 12.jpg","pic"
"2808","67294473dbb580a0ca93f60f",2,2,2,2,0,"Rocks 1.jpg","pic"
"2809","67294473dbb580a0ca93f60f",91,82,61,88,74,"Flood 1.jpg","pic"
"2810","67294473dbb580a0ca93f60f",4,1,1,3,2,"Toilet 4.jpg","pic"
"2811","67294473dbb580a0ca93f60f",2,3,2,2,2,"Fireworks 6.jpg","pic"
"2812","67294473dbb580a0ca93f60f",1,1,2,2,2,"Snow 1.jpg","pic"
"2813","67294473dbb580a0ca93f60f",3,2,2,2,2,"Clean 1.jpg","pic"
"2814","67294473dbb580a0ca93f60f",2,0,1,3,1,"Beach 1.jpg","pic"
"2815","67294473dbb580a0ca93f60f",18,25,47,65,25,"Ferret 1.jpg","pic"
"2816","67294473dbb580a0ca93f60f",91,75,67,99,56,"Destruction 2.jpg","pic"
"2817","5bf408f7f35e0c000101693a",30,21,12,50,55,"Toilet 4.jpg","pic"
"2818","5bf408f7f35e0c000101693a",1,1,33,28,1,"Ferret 1.jpg","pic"
"2819","5bf408f7f35e0c000101693a",31,17,2,28,14,"Garbage dump 1.jpg","pic"
"2820","5bf408f7f35e0c000101693a",20,19,32,57,21,"Prison 2.jpg","pic"
"2821","5bf408f7f35e0c000101693a",0,0,0,20,0,"Fireworks 6.jpg","pic"
"2822","5bf408f7f35e0c000101693a",0,0,1,0,0,"Heart 3.jpg","pic"
"2823","5bf408f7f35e0c000101693a",89,79,90,47,86,"Dirt 1.jpg","pic"
"2824","5bf408f7f35e0c000101693a",94,93,81,86,83,"Flood 1.jpg","pic"
"2825","5bf408f7f35e0c000101693a",0,0,0,0,0,"Clean 1.jpg","pic"
"2826","5bf408f7f35e0c000101693a",86,92,88,86,93,"Destruction 2.jpg","pic"
"2827","5bf408f7f35e0c000101693a",79,86,71,96,75,"Fire 10.jpg","pic"
"2828","5bf408f7f35e0c000101693a",0,0,0,1,0,"Lake 12.jpg","pic"
"2829","5bf408f7f35e0c000101693a",0,0,0,16,0,"Beach 1.jpg","pic"
"2830","5bf408f7f35e0c000101693a",21,0,0,0,0,"Snow 1.jpg","pic"
"2831","5bf408f7f35e0c000101693a",0,0,0,0,0,"Rainbow 2.jpg","pic"
"2832","5bf408f7f35e0c000101693a",0,0,0,0,0,"Rocks 1.jpg","pic"
"2833","639b9ab341f4429b1b3c06a2",0,0,0,0,0,"Beach 1.jpg","pic"
"2834","639b9ab341f4429b1b3c06a2",0,0,0,0,0,"Heart 3.jpg","pic"
"2835","639b9ab341f4429b1b3c06a2",0,0,0,0,0,"Clean 1.jpg","pic"
"2836","639b9ab341f4429b1b3c06a2",21,15,1,17,37,"Toilet 4.jpg","pic"
"2837","639b9ab341f4429b1b3c06a2",0,0,0,6,0,"Fireworks 6.jpg","pic"
"2838","639b9ab341f4429b1b3c06a2",2,0,0,4,0,"Prison 2.jpg","pic"
"2839","639b9ab341f4429b1b3c06a2",0,0,0,0,0,"Rocks 1.jpg","pic"
"2840","639b9ab341f4429b1b3c06a2",24,38,9,22,35,"Destruction 2.jpg","pic"
"2841","639b9ab341f4429b1b3c06a2",0,5,0,7,3,"Ferret 1.jpg","pic"
"2842","639b9ab341f4429b1b3c06a2",6,14,4,16,25,"Fire 10.jpg","pic"
"2843","639b9ab341f4429b1b3c06a2",28,18,0,21,23,"Garbage dump 1.jpg","pic"
"2844","639b9ab341f4429b1b3c06a2",0,3,0,0,0,"Lake 12.jpg","pic"
"2845","639b9ab341f4429b1b3c06a2",7,0,0,0,0,"Rainbow 2.jpg","pic"
"2846","639b9ab341f4429b1b3c06a2",13,10,0,32,6,"Snow 1.jpg","pic"
"2847","639b9ab341f4429b1b3c06a2",23,31,11,21,23,"Dirt 1.jpg","pic"
"2848","639b9ab341f4429b1b3c06a2",24,28,7,17,18,"Flood 1.jpg","pic"
"2849","6766ddcb03bbfa66fafb36a8",19,11,1,7,2,"Toilet 4.jpg","pic"
"2850","6766ddcb03bbfa66fafb36a8",6,16,0,0,11,"Garbage dump 1.jpg","pic"
"2851","6766ddcb03bbfa66fafb36a8",6,2,1,2,3,"Dirt 1.jpg","pic"
"2852","6766ddcb03bbfa66fafb36a8",0,3,1,0,0,"Heart 3.jpg","pic"
"2853","6766ddcb03bbfa66fafb36a8",44,24,6,3,4,"Prison 2.jpg","pic"
"2854","6766ddcb03bbfa66fafb36a8",3,2,2,0,3,"Rainbow 2.jpg","pic"
"2855","6766ddcb03bbfa66fafb36a8",9,24,3,0,4,"Destruction 2.jpg","pic"
"2856","6766ddcb03bbfa66fafb36a8",2,1,1,1,2,"Clean 1.jpg","pic"
"2857","6766ddcb03bbfa66fafb36a8",0,0,0,0,0,"Rocks 1.jpg","pic"
"2858","6766ddcb03bbfa66fafb36a8",5,2,6,5,2,"Ferret 1.jpg","pic"
"2859","6766ddcb03bbfa66fafb36a8",2,2,0,2,1,"Fire 10.jpg","pic"
"2860","6766ddcb03bbfa66fafb36a8",0,0,0,0,0,"Beach 1.jpg","pic"
"2861","6766ddcb03bbfa66fafb36a8",0,0,0,0,0,"Lake 12.jpg","pic"
"2862","6766ddcb03bbfa66fafb36a8",48,34,0,3,6,"Flood 1.jpg","pic"
"2863","6766ddcb03bbfa66fafb36a8",0,0,1,0,0,"Fireworks 6.jpg","pic"
"2864","6766ddcb03bbfa66fafb36a8",0,0,0,0,0,"Snow 1.jpg","pic"
"2865","59f22a9fd6380600018b2929",0,0,0,0,0,"Clean 1.jpg","pic"
"2866","59f22a9fd6380600018b2929",0,0,0,0,1,"Rocks 1.jpg","pic"
"2867","59f22a9fd6380600018b2929",71,12,0,0,7,"Prison 2.jpg","pic"
"2868","59f22a9fd6380600018b2929",0,0,0,0,0,"Heart 3.jpg","pic"
"2869","59f22a9fd6380600018b2929",0,0,0,0,0,"Rainbow 2.jpg","pic"
"2870","59f22a9fd6380600018b2929",36,19,0,22,12,"Fire 10.jpg","pic"
"2871","59f22a9fd6380600018b2929",0,0,0,0,0,"Snow 1.jpg","pic"
"2872","59f22a9fd6380600018b2929",54,36,7,11,42,"Destruction 2.jpg","pic"
"2873","59f22a9fd6380600018b2929",6,0,0,4,0,"Dirt 1.jpg","pic"
"2874","59f22a9fd6380600018b2929",0,0,0,0,0,"Fireworks 6.jpg","pic"
"2875","59f22a9fd6380600018b2929",50,53,0,0,46,"Garbage dump 1.jpg","pic"
"2876","59f22a9fd6380600018b2929",0,0,0,0,0,"Lake 12.jpg","pic"
"2877","59f22a9fd6380600018b2929",0,0,0,0,0,"Beach 1.jpg","pic"
"2878","59f22a9fd6380600018b2929",21,32,13,16,17,"Flood 1.jpg","pic"
"2879","59f22a9fd6380600018b2929",50,47,72,0,0,"Toilet 4.jpg","pic"
"2880","59f22a9fd6380600018b2929",0,0,98,0,5,"Ferret 1.jpg","pic"
"2881","6754246c81ce61cb6ffe887f",6,3,6,4,2,"Rocks 1.jpg","pic"
"2882","6754246c81ce61cb6ffe887f",8,3,1,6,1,"Beach 1.jpg","pic"
"2883","6754246c81ce61cb6ffe887f",51,60,67,61,70,"Flood 1.jpg","pic"
"2884","6754246c81ce61cb6ffe887f",56,8,75,59,38,"Prison 2.jpg","pic"
"2885","6754246c81ce61cb6ffe887f",51,67,78,89,80,"Fire 10.jpg","pic"
"2886","6754246c81ce61cb6ffe887f",9,4,6,5,3,"Rainbow 2.jpg","pic"
"2887","6754246c81ce61cb6ffe887f",10,7,15,5,3,"Heart 3.jpg","pic"
"2888","6754246c81ce61cb6ffe887f",12,9,8,9,11,"Fireworks 6.jpg","pic"
"2889","6754246c81ce61cb6ffe887f",5,8,6,52,17,"Snow 1.jpg","pic"
"2890","6754246c81ce61cb6ffe887f",63,14,76,72,75,"Toilet 4.jpg","pic"
"2891","6754246c81ce61cb6ffe887f",76,72,85,70,84,"Destruction 2.jpg","pic"
"2892","6754246c81ce61cb6ffe887f",52,52,50,57,17,"Garbage dump 1.jpg","pic"
"2893","6754246c81ce61cb6ffe887f",66,10,76,69,55,"Ferret 1.jpg","pic"
"2894","6754246c81ce61cb6ffe887f",10,2,7,6,9,"Clean 1.jpg","pic"
"2895","6754246c81ce61cb6ffe887f",7,3,6,40,4,"Lake 12.jpg","pic"
"2896","6754246c81ce61cb6ffe887f",66,28,52,53,47,"Dirt 1.jpg","pic"
"2897","67e2ed15da79347d97d600c6",42,21,87,24,19,"Toilet 4.jpg","pic"
"2898","67e2ed15da79347d97d600c6",49,34,68,28,29,"Snow 1.jpg","pic"
"2899","67e2ed15da79347d97d600c6",87,19,47,51,32,"Fireworks 6.jpg","pic"
"2900","67e2ed15da79347d97d600c6",61,29,44,19,30,"Garbage dump 1.jpg","pic"
"2901","67e2ed15da79347d97d600c6",57,29,57,22,43,"Dirt 1.jpg","pic"
"2902","67e2ed15da79347d97d600c6",46,45,35,90,19,"Beach 1.jpg","pic"
"2903","67e2ed15da79347d97d600c6",58,40,54,31,35,"Clean 1.jpg","pic"
"2904","67e2ed15da79347d97d600c6",46,24,36,35,38,"Flood 1.jpg","pic"
"2905","67e2ed15da79347d97d600c6",80,31,61,24,23,"Heart 3.jpg","pic"
"2906","67e2ed15da79347d97d600c6",96,26,62,81,31,"Destruction 2.jpg","pic"
"2907","67e2ed15da79347d97d600c6",72,34,46,40,45,"Prison 2.jpg","pic"
"2908","67e2ed15da79347d97d600c6",83,26,79,38,35,"Fire 10.jpg","pic"
"2909","67e2ed15da79347d97d600c6",95,1,100,66,2,"Rocks 1.jpg","pic"
"2910","67e2ed15da79347d97d600c6",92,1,2,35,1,"Ferret 1.jpg","pic"
"2911","67e2ed15da79347d97d600c6",72,6,11,32,32,"Lake 12.jpg","pic"
"2912","67e2ed15da79347d97d600c6",85,33,50,39,36,"Rainbow 2.jpg","pic"
"2913","65b1193868f3449f46325ea8",66,21,39,28,14,"Lake 12.jpg","pic"
"2914","65b1193868f3449f46325ea8",56,34,74,77,90,"Snow 1.jpg","pic"
"2915","65b1193868f3449f46325ea8",47,31,19,64,20,"Toilet 4.jpg","pic"
"2916","65b1193868f3449f46325ea8",55,19,53,41,39,"Rainbow 2.jpg","pic"
"2917","65b1193868f3449f46325ea8",29,24,55,56,40,"Heart 3.jpg","pic"
"2918","65b1193868f3449f46325ea8",31,24,35,32,30,"Destruction 2.jpg","pic"
"2919","65b1193868f3449f46325ea8",29,19,28,27,20,"Fire 10.jpg","pic"
"2920","65b1193868f3449f46325ea8",37,51,41,58,26,"Garbage dump 1.jpg","pic"
"2921","65b1193868f3449f46325ea8",84,36,29,38,29,"Flood 1.jpg","pic"
"2922","65b1193868f3449f46325ea8",49,22,35,23,96,"Dirt 1.jpg","pic"
"2923","65b1193868f3449f46325ea8",85,30,72,37,38,"Rocks 1.jpg","pic"
"2924","65b1193868f3449f46325ea8",63,26,70,80,42,"Beach 1.jpg","pic"
"2925","65b1193868f3449f46325ea8",98,3,100,5,1,"Prison 2.jpg","pic"
"2926","65b1193868f3449f46325ea8",97,16,91,43,16,"Clean 1.jpg","pic"
"2927","65b1193868f3449f46325ea8",84,17,38,21,30,"Fireworks 6.jpg","pic"
"2928","65b1193868f3449f46325ea8",84,39,64,25,43,"Ferret 1.jpg","pic"
"2929","614ba174b4090c0f7ed64278",42,14,23,23,71,"Dirt 1.jpg","pic"
"2930","614ba174b4090c0f7ed64278",26,59,83,76,60,"Destruction 2.jpg","pic"
"2931","614ba174b4090c0f7ed64278",66,32,51,25,22,"Fireworks 6.jpg","pic"
"2932","614ba174b4090c0f7ed64278",16,79,65,81,80,"Prison 2.jpg","pic"
"2933","614ba174b4090c0f7ed64278",62,28,33,23,28,"Rocks 1.jpg","pic"
"2934","614ba174b4090c0f7ed64278",22,80,65,71,32,"Toilet 4.jpg","pic"
"2935","614ba174b4090c0f7ed64278",66,67,33,33,25,"Rainbow 2.jpg","pic"
"2936","614ba174b4090c0f7ed64278",82,20,82,18,26,"Lake 12.jpg","pic"
"2937","614ba174b4090c0f7ed64278",66,32,66,28,63,"Beach 1.jpg","pic"
"2938","614ba174b4090c0f7ed64278",88,12,25,27,17,"Heart 3.jpg","pic"
"2939","614ba174b4090c0f7ed64278",73,67,54,33,44,"Fire 10.jpg","pic"
"2940","614ba174b4090c0f7ed64278",67,32,66,36,38,"Flood 1.jpg","pic"
"2941","614ba174b4090c0f7ed64278",74,29,56,33,28,"Snow 1.jpg","pic"
"2942","614ba174b4090c0f7ed64278",18,72,86,81,77,"Garbage dump 1.jpg","pic"
"2943","614ba174b4090c0f7ed64278",67,64,49,27,35,"Clean 1.jpg","pic"
"2944","614ba174b4090c0f7ed64278",63,59,41,35,43,"Ferret 1.jpg","pic"
"2945","69417b79c252f58b79bf6754",8,0,0,0,0,"Fireworks 6.jpg","pic"
"2946","69417b79c252f58b79bf6754",30,0,14,10,7,"Prison 2.jpg","pic"
"2947","69417b79c252f58b79bf6754",4,0,7,18,6,"Flood 1.jpg","pic"
"2948","69417b79c252f58b79bf6754",0,0,0,0,0,"Snow 1.jpg","pic"
"2949","69417b79c252f58b79bf6754",0,0,0,0,0,"Lake 12.jpg","pic"
"2950","69417b79c252f58b79bf6754",0,0,27,28,9,"Ferret 1.jpg","pic"
"2951","69417b79c252f58b79bf6754",8,0,0,3,3,"Dirt 1.jpg","pic"
"2952","69417b79c252f58b79bf6754",12,11,10,7,14,"Toilet 4.jpg","pic"
"2953","69417b79c252f58b79bf6754",77,72,25,21,58,"Garbage dump 1.jpg","pic"
"2954","69417b79c252f58b79bf6754",6,0,0,0,0,"Rainbow 2.jpg","pic"
"2955","69417b79c252f58b79bf6754",0,0,0,0,0,"Beach 1.jpg","pic"
"2956","69417b79c252f58b79bf6754",0,3,0,0,0,"Fire 10.jpg","pic"
"2957","69417b79c252f58b79bf6754",44,21,41,72,24,"Destruction 2.jpg","pic"
"2958","69417b79c252f58b79bf6754",0,0,0,0,0,"Rocks 1.jpg","pic"
"2959","69417b79c252f58b79bf6754",0,0,0,0,0,"Clean 1.jpg","pic"
"2960","69417b79c252f58b79bf6754",0,0,0,0,0,"Heart 3.jpg","pic"
"2961","6712fe1173dfa2bfa2d6294b",77,81,48,44,77,"Fire 10.jpg","pic"
"2962","6712fe1173dfa2bfa2d6294b",7,0,40,66,43,"Ferret 1.jpg","pic"
"2963","6712fe1173dfa2bfa2d6294b",0,0,0,0,0,"Heart 3.jpg","pic"
"2964","6712fe1173dfa2bfa2d6294b",94,88,60,87,72,"Flood 1.jpg","pic"
"2965","6712fe1173dfa2bfa2d6294b",0,0,0,0,0,"Beach 1.jpg","pic"
"2966","6712fe1173dfa2bfa2d6294b",0,0,9,0,0,"Rocks 1.jpg","pic"
"2967","6712fe1173dfa2bfa2d6294b",0,0,0,0,0,"Lake 12.jpg","pic"
"2968","6712fe1173dfa2bfa2d6294b",85,73,58,80,73,"Dirt 1.jpg","pic"
"2969","6712fe1173dfa2bfa2d6294b",11,12,18,19,10,"Snow 1.jpg","pic"
"2970","6712fe1173dfa2bfa2d6294b",87,30,66,80,86,"Prison 2.jpg","pic"
"2971","6712fe1173dfa2bfa2d6294b",51,14,0,78,43,"Garbage dump 1.jpg","pic"
"2972","6712fe1173dfa2bfa2d6294b",0,0,0,0,0,"Fireworks 6.jpg","pic"
"2973","6712fe1173dfa2bfa2d6294b",85,72,20,80,50,"Toilet 4.jpg","pic"
"2974","6712fe1173dfa2bfa2d6294b",0,0,0,0,0,"Rainbow 2.jpg","pic"
"2975","6712fe1173dfa2bfa2d6294b",89,100,70,34,91,"Destruction 2.jpg","pic"
"2976","6712fe1173dfa2bfa2d6294b",0,0,0,0,0,"Clean 1.jpg","pic"
"2977","67dd46602623d4bf857f7fa2",5,0,3,5,3,"Flood 1.jpg","pic"
"2978","67dd46602623d4bf857f7fa2",0,0,0,2,0,"Fireworks 6.jpg","pic"
"2979","67dd46602623d4bf857f7fa2",15,0,0,0,0,"Dirt 1.jpg","pic"
"2980","67dd46602623d4bf857f7fa2",24,0,0,0,0,"Heart 3.jpg","pic"
"2981","67dd46602623d4bf857f7fa2",0,0,0,0,0,"Lake 12.jpg","pic"
"2982","67dd46602623d4bf857f7fa2",8,2,37,0,1,"Beach 1.jpg","pic"
"2983","67dd46602623d4bf857f7fa2",0,76,50,100,61,"Fire 10.jpg","pic"
"2984","67dd46602623d4bf857f7fa2",0,0,0,0,0,"Garbage dump 1.jpg","pic"
"2985","67dd46602623d4bf857f7fa2",1,0,4,4,3,"Toilet 4.jpg","pic"
"2986","67dd46602623d4bf857f7fa2",0,52,72,76,56,"Prison 2.jpg","pic"
"2987","67dd46602623d4bf857f7fa2",18,0,0,0,0,"Snow 1.jpg","pic"
"2988","67dd46602623d4bf857f7fa2",0,68,35,64,48,"Destruction 2.jpg","pic"
"2989","67dd46602623d4bf857f7fa2",0,2,0,0,5,"Rainbow 2.jpg","pic"
"2990","67dd46602623d4bf857f7fa2",19,1,0,0,0,"Clean 1.jpg","pic"
"2991","67dd46602623d4bf857f7fa2",0,0,0,0,3,"Rocks 1.jpg","pic"
"2992","67dd46602623d4bf857f7fa2",43,0,0,4,0,"Ferret 1.jpg","pic"
"2993","6701e7c8b53a034b66f93fd8",7,0,0,1,1,"Dirt 1.jpg","pic"
"2994","6701e7c8b53a034b66f93fd8",37,7,30,11,8,"Prison 2.jpg","pic"
"2995","6701e7c8b53a034b66f93fd8",0,20,23,23,29,"Fire 10.jpg","pic"
"2996","6701e7c8b53a034b66f93fd8",29,19,0,0,52,"Garbage dump 1.jpg","pic"
"2997","6701e7c8b53a034b66f93fd8",1,0,1,0,0,"Fireworks 6.jpg","pic"
"2998","6701e7c8b53a034b66f93fd8",81,37,1,19,46,"Flood 1.jpg","pic"
"2999","6701e7c8b53a034b66f93fd8",0,0,0,0,0,"Snow 1.jpg","pic"
"3000","6701e7c8b53a034b66f93fd8",53,32,17,23,76,"Destruction 2.jpg","pic"
"3001","6701e7c8b53a034b66f93fd8",0,0,0,0,0,"Rainbow 2.jpg","pic"
"3002","6701e7c8b53a034b66f93fd8",0,1,23,8,10,"Ferret 1.jpg","pic"
"3003","6701e7c8b53a034b66f93fd8",0,0,0,0,0,"Clean 1.jpg","pic"
"3004","6701e7c8b53a034b66f93fd8",0,0,0,0,0,"Beach 1.jpg","pic"
"3005","6701e7c8b53a034b66f93fd8",13,0,0,0,0,"Rocks 1.jpg","pic"
"3006","6701e7c8b53a034b66f93fd8",0,1,0,0,0,"Heart 3.jpg","pic"
"3007","6701e7c8b53a034b66f93fd8",49,9,31,14,34,"Toilet 4.jpg","pic"
"3008","6701e7c8b53a034b66f93fd8",0,0,3,0,0,"Lake 12.jpg","pic"
"3009","5ecd78784dc5af0d97078c8b",1,2,7,64,1,"Fireworks 6.jpg","pic"
"3010","5ecd78784dc5af0d97078c8b",2,3,2,2,2,"Rainbow 2.jpg","pic"
"3011","5ecd78784dc5af0d97078c8b",38,84,0,0,94,"Garbage dump 1.jpg","pic"
"3012","5ecd78784dc5af0d97078c8b",0,0,0,0,0,"Heart 3.jpg","pic"
"3013","5ecd78784dc5af0d97078c8b",0,14,60,87,0,"Flood 1.jpg","pic"
"3014","5ecd78784dc5af0d97078c8b",0,0,0,0,0,"Lake 12.jpg","pic"
"3015","5ecd78784dc5af0d97078c8b",0,0,0,0,0,"Snow 1.jpg","pic"
"3016","5ecd78784dc5af0d97078c8b",53,99,47,87,76,"Destruction 2.jpg","pic"
"3017","5ecd78784dc5af0d97078c8b",0,0,0,0,0,"Clean 1.jpg","pic"
"3018","5ecd78784dc5af0d97078c8b",0,0,0,0,0,"Beach 1.jpg","pic"
"3019","5ecd78784dc5af0d97078c8b",0,80,96,96,0,"Fire 10.jpg","pic"
"3020","5ecd78784dc5af0d97078c8b",0,0,0,0,0,"Rocks 1.jpg","pic"
"3021","5ecd78784dc5af0d97078c8b",0,0,82,83,98,"Ferret 1.jpg","pic"
"3022","5ecd78784dc5af0d97078c8b",55,75,0,0,0,"Prison 2.jpg","pic"
"3023","5ecd78784dc5af0d97078c8b",77,87,0,0,20,"Toilet 4.jpg","pic"
"3024","5ecd78784dc5af0d97078c8b",61,75,0,0,0,"Dirt 1.jpg","pic"
"3025","5ed9c3054268815691ed0e2c",1,0,1,2,1,"Rocks 1.jpg","pic"
"3026","5ed9c3054268815691ed0e2c",2,2,2,3,1,"Rainbow 2.jpg","pic"
"3027","5ed9c3054268815691ed0e2c",30,8,30,33,20,"Toilet 4.jpg","pic"
"3028","5ed9c3054268815691ed0e2c",33,19,53,33,23,"Ferret 1.jpg","pic"
"3029","5ed9c3054268815691ed0e2c",6,5,2,8,3,"Heart 3.jpg","pic"
"3030","5ed9c3054268815691ed0e2c",31,20,10,26,38,"Garbage dump 1.jpg","pic"
"3031","5ed9c3054268815691ed0e2c",51,29,36,32,33,"Flood 1.jpg","pic"
"3032","5ed9c3054268815691ed0e2c",3,4,3,2,3,"Lake 12.jpg","pic"
"3033","5ed9c3054268815691ed0e2c",52,19,26,20,25,"Fire 10.jpg","pic"
"3034","5ed9c3054268815691ed0e2c",70,34,55,38,34,"Prison 2.jpg","pic"
"3035","5ed9c3054268815691ed0e2c",67,43,26,41,38,"Destruction 2.jpg","pic"
"3036","5ed9c3054268815691ed0e2c",40,34,7,28,24,"Dirt 1.jpg","pic"
"3037","5ed9c3054268815691ed0e2c",2,3,0,4,1,"Fireworks 6.jpg","pic"
"3038","5ed9c3054268815691ed0e2c",2,1,1,1,3,"Snow 1.jpg","pic"
"3039","5ed9c3054268815691ed0e2c",4,3,2,5,1,"Beach 1.jpg","pic"
"3040","5ed9c3054268815691ed0e2c",2,0,2,1,5,"Clean 1.jpg","pic"
"3041","63ed78d1217e614a3c6b392e",33,0,0,0,0,"Rocks 1.jpg","pic"
"3042","63ed78d1217e614a3c6b392e",43,100,100,100,100,"Destruction 2.jpg","pic"
"3043","63ed78d1217e614a3c6b392e",42,47,46,41,49,"Prison 2.jpg","pic"
"3044","63ed78d1217e614a3c6b392e",19,19,21,20,19,"Ferret 1.jpg","pic"
"3045","63ed78d1217e614a3c6b392e",0,0,0,0,0,"Rainbow 2.jpg","pic"
"3046","63ed78d1217e614a3c6b392e",24,18,22,25,15,"Clean 1.jpg","pic"
"3047","63ed78d1217e614a3c6b392e",29,4,10,23,14,"Snow 1.jpg","pic"
"3048","63ed78d1217e614a3c6b392e",48,100,100,100,100,"Fire 10.jpg","pic"
"3049","63ed78d1217e614a3c6b392e",0,0,0,0,0,"Beach 1.jpg","pic"
"3050","63ed78d1217e614a3c6b392e",0,0,0,0,0,"Heart 3.jpg","pic"
"3051","63ed78d1217e614a3c6b392e",17,0,0,26,0,"Fireworks 6.jpg","pic"
"3052","63ed78d1217e614a3c6b392e",45,100,100,100,40,"Flood 1.jpg","pic"
"3053","63ed78d1217e614a3c6b392e",30,0,0,50,0,"Toilet 4.jpg","pic"
"3054","63ed78d1217e614a3c6b392e",0,0,0,0,0,"Dirt 1.jpg","pic"
"3055","63ed78d1217e614a3c6b392e",0,0,0,0,0,"Lake 12.jpg","pic"
"3056","63ed78d1217e614a3c6b392e",0,0,0,0,0,"Garbage dump 1.jpg","pic"
"3057","66d7a4ca0fcf61aba9eb9328",6,79,81,86,87,"Toilet 4.jpg","pic"
"3058","66d7a4ca0fcf61aba9eb9328",7,89,81,84,89,"Fire 10.jpg","pic"
"3059","66d7a4ca0fcf61aba9eb9328",25,27,27,69,17,"Snow 1.jpg","pic"
"3060","66d7a4ca0fcf61aba9eb9328",12,89,90,91,82,"Ferret 1.jpg","pic"
"3061","66d7a4ca0fcf61aba9eb9328",6,86,84,84,91,"Flood 1.jpg","pic"
"3062","66d7a4ca0fcf61aba9eb9328",22,22,15,54,13,"Rainbow 2.jpg","pic"
"3063","66d7a4ca0fcf61aba9eb9328",34,87,73,80,93,"Destruction 2.jpg","pic"
"3064","66d7a4ca0fcf61aba9eb9328",67,18,10,12,9,"Fireworks 6.jpg","pic"
"3065","66d7a4ca0fcf61aba9eb9328",68,22,23,23,13,"Lake 12.jpg","pic"
"3066","66d7a4ca0fcf61aba9eb9328",10,6,5,26,14,"Beach 1.jpg","pic"
"3067","66d7a4ca0fcf61aba9eb9328",12,11,14,68,21,"Clean 1.jpg","pic"
"3068","66d7a4ca0fcf61aba9eb9328",13,12,50,68,19,"Prison 2.jpg","pic"
"3069","66d7a4ca0fcf61aba9eb9328",12,83,75,83,96,"Dirt 1.jpg","pic"
"3070","66d7a4ca0fcf61aba9eb9328",23,42,18,67,24,"Rocks 1.jpg","pic"
"3071","66d7a4ca0fcf61aba9eb9328",27,30,12,64,36,"Heart 3.jpg","pic"
"3072","66d7a4ca0fcf61aba9eb9328",45,19,32,20,26,"Garbage dump 1.jpg","pic"
"3073","67bc755b022467c613763798",0,0,0,100,0,"Snow 1.jpg","pic"
"3074","67bc755b022467c613763798",59,84,81,75,78,"Flood 1.jpg","pic"
"3075","67bc755b022467c613763798",49,12,99,49,47,"Ferret 1.jpg","pic"
"3076","67bc755b022467c613763798",13,24,22,19,20,"Fireworks 6.jpg","pic"
"3077","67bc755b022467c613763798",10,10,52,5,16,"Destruction 2.jpg","pic"
"3078","67bc755b022467c613763798",21,81,83,23,64,"Prison 2.jpg","pic"
"3079","67bc755b022467c613763798",9,8,9,15,19,"Toilet 4.jpg","pic"
"3080","67bc755b022467c613763798",0,0,0,0,0,"Lake 12.jpg","pic"
"3081","67bc755b022467c613763798",0,0,0,0,0,"Rocks 1.jpg","pic"
"3082","67bc755b022467c613763798",20,0,0,23,0,"Heart 3.jpg","pic"
"3083","67bc755b022467c613763798",0,0,0,0,0,"Rainbow 2.jpg","pic"
"3084","67bc755b022467c613763798",10,21,22,16,20,"Dirt 1.jpg","pic"
"3085","67bc755b022467c613763798",0,0,0,0,0,"Beach 1.jpg","pic"
"3086","67bc755b022467c613763798",0,0,0,0,0,"Clean 1.jpg","pic"
"3087","67bc755b022467c613763798",46,12,14,46,21,"Garbage dump 1.jpg","pic"
"3088","67bc755b022467c613763798",65,50,50,100,70,"Fire 10.jpg","pic"
"3089","677aefb67112f646f3fc77f6",11,20,8,24,14,"Heart 3.jpg","pic"
"3090","677aefb67112f646f3fc77f6",82,76,58,66,69,"Fire 10.jpg","pic"
"3091","677aefb67112f646f3fc77f6",71,71,24,61,76,"Dirt 1.jpg","pic"
"3092","677aefb67112f646f3fc77f6",75,71,51,82,68,"Prison 2.jpg","pic"
"3093","677aefb67112f646f3fc77f6",27,27,57,21,28,"Lake 12.jpg","pic"
"3094","677aefb67112f646f3fc77f6",86,62,47,63,64,"Toilet 4.jpg","pic"
"3095","677aefb67112f646f3fc77f6",38,49,60,73,23,"Snow 1.jpg","pic"
"3096","677aefb67112f646f3fc77f6",71,59,87,71,55,"Ferret 1.jpg","pic"
"3097","677aefb67112f646f3fc77f6",29,27,24,31,27,"Rainbow 2.jpg","pic"
"3098","677aefb67112f646f3fc77f6",27,30,16,17,28,"Fireworks 6.jpg","pic"
"3099","677aefb67112f646f3fc77f6",81,66,57,69,79,"Garbage dump 1.jpg","pic"
"3100","677aefb67112f646f3fc77f6",31,20,33,22,30,"Clean 1.jpg","pic"
"3101","677aefb67112f646f3fc77f6",80,77,47,67,69,"Destruction 2.jpg","pic"
"3102","677aefb67112f646f3fc77f6",33,32,38,22,25,"Beach 1.jpg","pic"
"3103","677aefb67112f646f3fc77f6",72,73,39,50,64,"Flood 1.jpg","pic"
"3104","677aefb67112f646f3fc77f6",44,41,40,47,38,"Rocks 1.jpg","pic"
"3105","628deac8711dee5dbda650ae",0,0,0,0,0,"Prison 2.jpg","pic"
"3106","628deac8711dee5dbda650ae",0,0,0,0,0,"Fireworks 6.jpg","pic"
"3107","628deac8711dee5dbda650ae",0,0,0,0,0,"Snow 1.jpg","pic"
"3108","628deac8711dee5dbda650ae",0,0,0,0,0,"Heart 3.jpg","pic"
"3109","628deac8711dee5dbda650ae",0,0,0,0,0,"Lake 12.jpg","pic"
"3110","628deac8711dee5dbda650ae",0,0,0,0,0,"Beach 1.jpg","pic"
"3111","628deac8711dee5dbda650ae",0,0,0,0,0,"Fire 10.jpg","pic"
"3112","628deac8711dee5dbda650ae",0,0,3,4,0,"Ferret 1.jpg","pic"
"3113","628deac8711dee5dbda650ae",0,0,0,0,0,"Rainbow 2.jpg","pic"
"3114","628deac8711dee5dbda650ae",0,0,0,0,0,"Rocks 1.jpg","pic"
"3115","628deac8711dee5dbda650ae",0,0,0,0,8,"Garbage dump 1.jpg","pic"
"3116","628deac8711dee5dbda650ae",0,0,0,0,0,"Clean 1.jpg","pic"
"3117","628deac8711dee5dbda650ae",0,0,0,0,0,"Destruction 2.jpg","pic"
"3118","628deac8711dee5dbda650ae",0,0,0,0,0,"Toilet 4.jpg","pic"
"3119","628deac8711dee5dbda650ae",0,0,0,0,0,"Dirt 1.jpg","pic"
"3120","628deac8711dee5dbda650ae",0,0,0,5,0,"Flood 1.jpg","pic"
"3121","56588a127d69570012dfe00a",3,9,5,2,2,"Lake 12.jpg","pic"
"3122","56588a127d69570012dfe00a",48,19,43,37,30,"Flood 1.jpg","pic"
"3123","56588a127d69570012dfe00a",71,51,47,78,4,"Fire 10.jpg","pic"
"3124","56588a127d69570012dfe00a",2,7,4,4,2,"Rocks 1.jpg","pic"
"3125","56588a127d69570012dfe00a",9,1,2,2,1,"Dirt 1.jpg","pic"
"3126","56588a127d69570012dfe00a",3,2,2,2,3,"Heart 3.jpg","pic"
"3127","56588a127d69570012dfe00a",54,2,55,59,37,"Ferret 1.jpg","pic"
"3128","56588a127d69570012dfe00a",0,0,1,2,0,"Clean 1.jpg","pic"
"3129","56588a127d69570012dfe00a",38,2,20,0,16,"Prison 2.jpg","pic"
"3130","56588a127d69570012dfe00a",0,0,0,3,0,"Destruction 2.jpg","pic"
"3131","56588a127d69570012dfe00a",2,4,1,0,5,"Garbage dump 1.jpg","pic"
"3132","56588a127d69570012dfe00a",2,3,3,0,2,"Beach 1.jpg","pic"
"3133","56588a127d69570012dfe00a",1,2,1,3,2,"Rainbow 2.jpg","pic"
"3134","56588a127d69570012dfe00a",1,2,1,2,2,"Fireworks 6.jpg","pic"
"3135","56588a127d69570012dfe00a",38,22,1,2,2,"Toilet 4.jpg","pic"
"3136","56588a127d69570012dfe00a",2,3,2,3,6,"Snow 1.jpg","pic"
"3137","63eec085b1d2e79ac4fbbd78",28,37,56,30,32,"Clean 1.jpg","pic"
"3138","63eec085b1d2e79ac4fbbd78",38,42,47,53,52,"Prison 2.jpg","pic"
"3139","63eec085b1d2e79ac4fbbd78",19,31,53,33,21,"Dirt 1.jpg","pic"
"3140","63eec085b1d2e79ac4fbbd78",46,54,50,61,63,"Destruction 2.jpg","pic"
"3141","63eec085b1d2e79ac4fbbd78",49,38,48,54,53,"Ferret 1.jpg","pic"
"3142","63eec085b1d2e79ac4fbbd78",47,28,29,17,53,"Heart 3.jpg","pic"
"3143","63eec085b1d2e79ac4fbbd78",64,24,18,30,21,"Lake 12.jpg","pic"
"3144","63eec085b1d2e79ac4fbbd78",14,18,15,9,18,"Snow 1.jpg","pic"
"3145","63eec085b1d2e79ac4fbbd78",37,13,29,54,32,"Garbage dump 1.jpg","pic"
"3146","63eec085b1d2e79ac4fbbd78",27,29,38,37,36,"Fire 10.jpg","pic"
"3147","63eec085b1d2e79ac4fbbd78",49,34,4,29,80,"Toilet 4.jpg","pic"
"3148","63eec085b1d2e79ac4fbbd78",17,11,20,24,15,"Rainbow 2.jpg","pic"
"3149","63eec085b1d2e79ac4fbbd78",28,11,11,20,8,"Fireworks 6.jpg","pic"
"3150","63eec085b1d2e79ac4fbbd78",12,10,15,1,10,"Flood 1.jpg","pic"
"3151","63eec085b1d2e79ac4fbbd78",12,14,17,10,18,"Beach 1.jpg","pic"
"3152","63eec085b1d2e79ac4fbbd78",9,13,20,9,12,"Rocks 1.jpg","pic"
"3153","60463896f9a82809f6eda231",0,0,0,25,0,"Beach 1.jpg","pic"
"3154","60463896f9a82809f6eda231",25,25,25,25,70,"Fire 10.jpg","pic"
"3155","60463896f9a82809f6eda231",0,0,0,0,0,"Clean 1.jpg","pic"
"3156","60463896f9a82809f6eda231",0,0,0,0,0,"Rocks 1.jpg","pic"
"3157","60463896f9a82809f6eda231",0,0,0,50,0,"Fireworks 6.jpg","pic"
"3158","60463896f9a82809f6eda231",75,25,50,0,50,"Prison 2.jpg","pic"
"3159","60463896f9a82809f6eda231",0,0,0,25,0,"Rainbow 2.jpg","pic"
"3160","60463896f9a82809f6eda231",35,50,25,20,100,"Destruction 2.jpg","pic"
"3161","60463896f9a82809f6eda231",0,0,0,0,0,"Snow 1.jpg","pic"
"3162","60463896f9a82809f6eda231",13,15,15,13,13,"Dirt 1.jpg","pic"
"3163","60463896f9a82809f6eda231",25,50,0,0,35,"Garbage dump 1.jpg","pic"
"3164","60463896f9a82809f6eda231",0,0,0,12,0,"Lake 12.jpg","pic"
"3165","60463896f9a82809f6eda231",50,75,50,26,75,"Flood 1.jpg","pic"
"3166","60463896f9a82809f6eda231",10,0,10,15,14,"Ferret 1.jpg","pic"
"3167","60463896f9a82809f6eda231",30,25,0,0,11,"Toilet 4.jpg","pic"
"3168","60463896f9a82809f6eda231",0,0,0,0,0,"Heart 3.jpg","pic"
"3169","673e5a3412198a5e62837745",80,15,16,7,23,"Heart 3.jpg","pic"
"3170","673e5a3412198a5e62837745",74,22,20,18,15,"Flood 1.jpg","pic"
"3171","673e5a3412198a5e62837745",84,17,21,21,20,"Clean 1.jpg","pic"
"3172","673e5a3412198a5e62837745",80,20,23,17,23,"Dirt 1.jpg","pic"
"3173","673e5a3412198a5e62837745",85,17,19,11,19,"Lake 12.jpg","pic"
"3174","673e5a3412198a5e62837745",89,22,24,18,21,"Rocks 1.jpg","pic"
"3175","673e5a3412198a5e62837745",58,52,50,45,27,"Rainbow 2.jpg","pic"
"3176","673e5a3412198a5e62837745",74,30,32,32,22,"Beach 1.jpg","pic"
"3177","673e5a3412198a5e62837745",73,20,28,12,16,"Ferret 1.jpg","pic"
"3178","673e5a3412198a5e62837745",81,15,11,14,13,"Fireworks 6.jpg","pic"
"3179","673e5a3412198a5e62837745",77,23,24,17,19,"Prison 2.jpg","pic"
"3180","673e5a3412198a5e62837745",82,13,26,20,23,"Garbage dump 1.jpg","pic"
"3181","673e5a3412198a5e62837745",76,21,17,14,13,"Fire 10.jpg","pic"
"3182","673e5a3412198a5e62837745",82,19,18,13,22,"Toilet 4.jpg","pic"
"3183","673e5a3412198a5e62837745",81,15,20,16,20,"Snow 1.jpg","pic"
"3184","673e5a3412198a5e62837745",21,44,63,53,74,"Destruction 2.jpg","pic"
"3185","55b249bdfdf99b28e3c14b05",98,97,100,98,97,"Flood 1.jpg","pic"
"3186","55b249bdfdf99b28e3c14b05",99,3,4,3,3,"Heart 3.jpg","pic"
"3187","55b249bdfdf99b28e3c14b05",100,1,2,3,3,"Clean 1.jpg","pic"
"3188","55b249bdfdf99b28e3c14b05",99,3,3,1,1,"Fireworks 6.jpg","pic"
"3189","55b249bdfdf99b28e3c14b05",96,3,1,2,3,"Lake 12.jpg","pic"
"3190","55b249bdfdf99b28e3c14b05",3,97,95,99,98,"Ferret 1.jpg","pic"
"3191","55b249bdfdf99b28e3c14b05",3,99,95,98,97,"Destruction 2.jpg","pic"
"3192","55b249bdfdf99b28e3c14b05",3,97,2,99,98,"Rocks 1.jpg","pic"
"3193","55b249bdfdf99b28e3c14b05",2,97,100,99,97,"Prison 2.jpg","pic"
"3194","55b249bdfdf99b28e3c14b05",0,98,99,99,100,"Garbage dump 1.jpg","pic"
"3195","55b249bdfdf99b28e3c14b05",98,6,0,3,2,"Rainbow 2.jpg","pic"
"3196","55b249bdfdf99b28e3c14b05",97,2,2,1,1,"Beach 1.jpg","pic"
"3197","55b249bdfdf99b28e3c14b05",96,4,2,5,1,"Snow 1.jpg","pic"
"3198","55b249bdfdf99b28e3c14b05",3,96,98,98,97,"Dirt 1.jpg","pic"
"3199","55b249bdfdf99b28e3c14b05",96,1,2,2,4,"Fire 10.jpg","pic"
"3200","55b249bdfdf99b28e3c14b05",1,96,96,98,96,"Toilet 4.jpg","pic"
"3201","6266e63b82fa38e800e33a24",0,0,0,0,2,"Clean 1.jpg","pic"
"3202","6266e63b82fa38e800e33a24",10,52,76,50,48,"Ferret 1.jpg","pic"
"3203","6266e63b82fa38e800e33a24",8,3,0,0,0,"Lake 12.jpg","pic"
"3204","6266e63b82fa38e800e33a24",0,0,0,0,0,"Beach 1.jpg","pic"
"3205","6266e63b82fa38e800e33a24",42,63,71,55,77,"Toilet 4.jpg","pic"
"3206","6266e63b82fa38e800e33a24",60,85,78,69,80,"Flood 1.jpg","pic"
"3207","6266e63b82fa38e800e33a24",1,0,3,1,0,"Fireworks 6.jpg","pic"
"3208","6266e63b82fa38e800e33a24",58,69,74,65,73,"Prison 2.jpg","pic"
"3209","6266e63b82fa38e800e33a24",60,67,76,71,70,"Destruction 2.jpg","pic"
"3210","6266e63b82fa38e800e33a24",0,5,0,1,0,"Rainbow 2.jpg","pic"
"3211","6266e63b82fa38e800e33a24",3,50,4,2,2,"Snow 1.jpg","pic"
"3212","6266e63b82fa38e800e33a24",77,74,61,72,70,"Dirt 1.jpg","pic"
"3213","6266e63b82fa38e800e33a24",63,55,58,54,40,"Fire 10.jpg","pic"
"3214","6266e63b82fa38e800e33a24",72,74,60,79,84,"Garbage dump 1.jpg","pic"
"3215","6266e63b82fa38e800e33a24",0,0,0,1,0,"Rocks 1.jpg","pic"
"3216","6266e63b82fa38e800e33a24",52,32,2,0,3,"Heart 3.jpg","pic"
"3217","60c381c26357c51532f1b378",0,0,0,0,0,"Snow 1.jpg","pic"
"3218","60c381c26357c51532f1b378",0,0,0,25,0,"Lake 12.jpg","pic"
"3219","60c381c26357c51532f1b378",0,0,17,71,0,"Toilet 4.jpg","pic"
"3220","60c381c26357c51532f1b378",0,0,0,0,0,"Beach 1.jpg","pic"
"3221","60c381c26357c51532f1b378",5,0,0,6,0,"Dirt 1.jpg","pic"
"3222","60c381c26357c51532f1b378",0,0,0,0,0,"Fireworks 6.jpg","pic"
"3223","60c381c26357c51532f1b378",0,6,37,76,4,"Ferret 1.jpg","pic"
"3224","60c381c26357c51532f1b378",0,0,0,0,0,"Clean 1.jpg","pic"
"3225","60c381c26357c51532f1b378",17,0,0,0,0,"Fire 10.jpg","pic"
"3226","60c381c26357c51532f1b378",53,11,0,0,4,"Destruction 2.jpg","pic"
"3227","60c381c26357c51532f1b378",25,4,0,0,0,"Rocks 1.jpg","pic"
"3228","60c381c26357c51532f1b378",7,2,0,0,0,"Rainbow 2.jpg","pic"
"3229","60c381c26357c51532f1b378",78,10,5,27,6,"Prison 2.jpg","pic"
"3230","60c381c26357c51532f1b378",90,7,0,19,22,"Garbage dump 1.jpg","pic"
"3231","60c381c26357c51532f1b378",26,0,0,12,3,"Heart 3.jpg","pic"
"3232","60c381c26357c51532f1b378",41,15,29,43,0,"Flood 1.jpg","pic"
"3233","67d21364aa4dc87ecd8f3f1b",1,8,13,10,10,"Lake 12.jpg","pic"
"3234","67d21364aa4dc87ecd8f3f1b",0,10,15,5,0,"Ferret 1.jpg","pic"
"3235","67d21364aa4dc87ecd8f3f1b",15,10,10,10,2,"Clean 1.jpg","pic"
"3236","67d21364aa4dc87ecd8f3f1b",0,0,0,5,0,"Rocks 1.jpg","pic"
"3237","67d21364aa4dc87ecd8f3f1b",0,15,5,0,0,"Prison 2.jpg","pic"
"3238","67d21364aa4dc87ecd8f3f1b",0,0,0,20,0,"Fire 10.jpg","pic"
"3239","67d21364aa4dc87ecd8f3f1b",0,0,0,0,0,"Toilet 4.jpg","pic"
"3240","67d21364aa4dc87ecd8f3f1b",0,0,0,0,0,"Snow 1.jpg","pic"
"3241","67d21364aa4dc87ecd8f3f1b",0,0,0,0,0,"Rainbow 2.jpg","pic"
"3242","67d21364aa4dc87ecd8f3f1b",0,0,0,0,0,"Garbage dump 1.jpg","pic"
"3243","67d21364aa4dc87ecd8f3f1b",0,0,0,0,0,"Dirt 1.jpg","pic"
"3244","67d21364aa4dc87ecd8f3f1b",0,5,0,0,0,"Beach 1.jpg","pic"
"3245","67d21364aa4dc87ecd8f3f1b",0,0,0,0,0,"Destruction 2.jpg","pic"
"3246","67d21364aa4dc87ecd8f3f1b",0,0,0,0,0,"Flood 1.jpg","pic"
"3247","67d21364aa4dc87ecd8f3f1b",0,0,0,0,0,"Heart 3.jpg","pic"
"3248","67d21364aa4dc87ecd8f3f1b",0,0,0,0,0,"Fireworks 6.jpg","pic"
"3249","62dc4a5fef307ee53c61afcc",35,32,15,41,29,"Garbage dump 1.jpg","pic"
"3250","62dc4a5fef307ee53c61afcc",34,27,26,33,54,"Toilet 4.jpg","pic"
"3251","62dc4a5fef307ee53c61afcc",38,37,26,50,34,"Flood 1.jpg","pic"
"3252","62dc4a5fef307ee53c61afcc",13,30,16,31,33,"Fireworks 6.jpg","pic"
"3253","62dc4a5fef307ee53c61afcc",23,23,40,39,41,"Heart 3.jpg","pic"
"3254","62dc4a5fef307ee53c61afcc",22,26,8,37,22,"Rocks 1.jpg","pic"
"3255","62dc4a5fef307ee53c61afcc",23,21,9,30,13,"Snow 1.jpg","pic"
"3256","62dc4a5fef307ee53c61afcc",16,23,38,40,44,"Dirt 1.jpg","pic"
"3257","62dc4a5fef307ee53c61afcc",20,24,27,38,19,"Beach 1.jpg","pic"
"3258","62dc4a5fef307ee53c61afcc",18,35,31,33,15,"Rainbow 2.jpg","pic"
"3259","62dc4a5fef307ee53c61afcc",16,24,9,56,15,"Lake 12.jpg","pic"
"3260","62dc4a5fef307ee53c61afcc",10,17,25,27,20,"Prison 2.jpg","pic"
"3261","62dc4a5fef307ee53c61afcc",22,23,8,41,15,"Destruction 2.jpg","pic"
"3262","62dc4a5fef307ee53c61afcc",24,35,19,39,25,"Fire 10.jpg","pic"
"3263","62dc4a5fef307ee53c61afcc",17,9,5,35,19,"Clean 1.jpg","pic"
"3264","62dc4a5fef307ee53c61afcc",12,35,22,45,47,"Ferret 1.jpg","pic"
"3265","682c3f62f2680e9a67130379",3,0,0,0,0,"11_2.mp3","music"
"3266","682c3f62f2680e9a67130379",1,0,0,0,0,"6_10.mp3","music"
"3267","682c3f62f2680e9a67130379",0,0,0,0,0,"10_1.mp3","music"
"3268","682c3f62f2680e9a67130379",0,4,0,0,0,"4_1.mp3","music"
"3269","682c3f62f2680e9a67130379",3,1,78,3,0,"7_10.mp3","music"
"3270","682c3f62f2680e9a67130379",3,0,3,2,0,"10_2.mp3","music"
"3271","682c3f62f2680e9a67130379",0,0,2,0,0,"5_14.mp3","music"
"3272","682c3f62f2680e9a67130379",2,0,0,4,0,"2_1.mp3","music"
"3273","682c3f62f2680e9a67130379",3,1,1,2,0,"7_13.mp3","music"
"3274","682c3f62f2680e9a67130379",0,0,0,0,0,"12_2.mp3","music"
"3275","682c3f62f2680e9a67130379",1,0,1,3,0,"11_10.mp3","music"
"3276","682c3f62f2680e9a67130379",0,0,0,0,1,"4_2.mp3","music"
"3277","682c3f62f2680e9a67130379",0,0,0,0,2,"8_2.mp3","music"
"3278","682c3f62f2680e9a67130379",0,0,0,0,0,"11_11.mp3","music"
"3279","682c3f62f2680e9a67130379",0,1,0,2,1,"6_5.mp3","music"
"3280","682c3f62f2680e9a67130379",2,1,0,1,0,"3_1.mp3","music"
"3281","62a889993e01c9e01ee7066e",0,0,0,0,0,"4_1.mp3","music"
"3282","62a889993e01c9e01ee7066e",0,0,0,25,0,"6_5.mp3","music"
"3283","62a889993e01c9e01ee7066e",0,0,0,0,0,"4_2.mp3","music"
"3284","62a889993e01c9e01ee7066e",0,0,5,30,5,"7_10.mp3","music"
"3285","62a889993e01c9e01ee7066e",20,10,0,0,0,"2_1.mp3","music"
"3286","62a889993e01c9e01ee7066e",20,10,0,0,0,"3_1.mp3","music"
"3287","62a889993e01c9e01ee7066e",0,0,0,20,0,"6_10.mp3","music"
"3288","62a889993e01c9e01ee7066e",0,0,0,0,0,"12_2.mp3","music"
"3289","62a889993e01c9e01ee7066e",0,0,0,0,0,"10_2.mp3","music"
"3290","62a889993e01c9e01ee7066e",0,0,5,35,5,"11_10.mp3","music"
"3291","62a889993e01c9e01ee7066e",30,25,0,0,0,"5_14.mp3","music"
"3292","62a889993e01c9e01ee7066e",0,0,0,0,0,"10_1.mp3","music"
"3293","62a889993e01c9e01ee7066e",25,25,0,0,0,"11_2.mp3","music"
"3294","62a889993e01c9e01ee7066e",25,20,0,0,0,"7_13.mp3","music"
"3295","62a889993e01c9e01ee7066e",0,0,0,0,0,"8_2.mp3","music"
"3296","62a889993e01c9e01ee7066e",25,25,0,15,0,"11_11.mp3","music"
"3297","66f9a40196d53f05f2232cff",0,0,0,0,0,"2_1.mp3","music"
"3298","66f9a40196d53f05f2232cff",5,0,10,10,0,"6_10.mp3","music"
"3299","66f9a40196d53f05f2232cff",5,25,0,0,5,"3_1.mp3","music"
"3300","66f9a40196d53f05f2232cff",30,0,80,50,10,"7_10.mp3","music"
"3301","66f9a40196d53f05f2232cff",0,0,0,0,0,"8_2.mp3","music"
"3302","66f9a40196d53f05f2232cff",20,50,0,0,10,"5_14.mp3","music"
"3303","66f9a40196d53f05f2232cff",0,0,0,0,0,"10_1.mp3","music"
"3304","66f9a40196d53f05f2232cff",0,0,0,0,0,"11_2.mp3","music"
"3305","66f9a40196d53f05f2232cff",0,0,0,0,0,"10_2.mp3","music"
"3306","66f9a40196d53f05f2232cff",0,5,0,0,0,"12_2.mp3","music"
"3307","66f9a40196d53f05f2232cff",0,20,0,0,0,"7_13.mp3","music"
"3308","66f9a40196d53f05f2232cff",0,20,0,0,0,"11_11.mp3","music"
"3309","66f9a40196d53f05f2232cff",0,0,0,0,0,"6_5.mp3","music"
"3310","66f9a40196d53f05f2232cff",0,10,0,0,0,"4_2.mp3","music"
"3311","66f9a40196d53f05f2232cff",0,0,1,20,0,"11_10.mp3","music"
"3312","66f9a40196d53f05f2232cff",0,0,0,0,0,"4_1.mp3","music"
"3313","62d43cee3d60ac98c1dcacc8",60,75,0,0,50,"4_2.mp3","music"
"3314","62d43cee3d60ac98c1dcacc8",65,70,85,0,80,"11_10.mp3","music"
"3315","62d43cee3d60ac98c1dcacc8",100,100,50,75,100,"3_1.mp3","music"
"3316","62d43cee3d60ac98c1dcacc8",0,0,0,0,0,"11_2.mp3","music"
"3317","62d43cee3d60ac98c1dcacc8",0,0,0,0,0,"2_1.mp3","music"
"3318","62d43cee3d60ac98c1dcacc8",0,0,0,0,0,"10_1.mp3","music"
"3319","62d43cee3d60ac98c1dcacc8",0,0,0,0,0,"8_2.mp3","music"
"3320","62d43cee3d60ac98c1dcacc8",0,0,0,0,0,"12_2.mp3","music"
"3321","62d43cee3d60ac98c1dcacc8",90,100,0,55,100,"11_11.mp3","music"
"3322","62d43cee3d60ac98c1dcacc8",100,90,100,100,90,"7_10.mp3","music"
"3323","62d43cee3d60ac98c1dcacc8",25,30,0,0,35,"4_1.mp3","music"
"3324","62d43cee3d60ac98c1dcacc8",0,0,0,0,0,"10_2.mp3","music"
"3325","62d43cee3d60ac98c1dcacc8",80,85,75,85,80,"6_10.mp3","music"
"3326","62d43cee3d60ac98c1dcacc8",90,95,85,80,85,"5_14.mp3","music"
"3327","62d43cee3d60ac98c1dcacc8",65,50,70,75,55,"6_5.mp3","music"
"3328","62d43cee3d60ac98c1dcacc8",90,95,70,75,90,"7_13.mp3","music"
"3329","597761dfd5ddf60001d14b20",0,0,0,0,0,"4_1.mp3","music"
"3330","597761dfd5ddf60001d14b20",67,68,16,17,23,"11_2.mp3","music"
"3331","597761dfd5ddf60001d14b20",15,15,0,0,30,"2_1.mp3","music"
"3332","597761dfd5ddf60001d14b20",0,0,0,0,0,"3_1.mp3","music"
"3333","597761dfd5ddf60001d14b20",20,0,100,80,65,"7_10.mp3","music"
"3334","597761dfd5ddf60001d14b20",0,0,0,0,0,"8_2.mp3","music"
"3335","597761dfd5ddf60001d14b20",20,0,10,60,20,"6_10.mp3","music"
"3336","597761dfd5ddf60001d14b20",30,70,0,0,45,"4_2.mp3","music"
"3337","597761dfd5ddf60001d14b20",0,0,0,0,0,"6_5.mp3","music"
"3338","597761dfd5ddf60001d14b20",15,31,0,10,20,"7_13.mp3","music"
"3339","597761dfd5ddf60001d14b20",0,0,0,0,0,"10_2.mp3","music"
"3340","597761dfd5ddf60001d14b20",0,0,31,100,0,"11_10.mp3","music"
"3341","597761dfd5ddf60001d14b20",0,0,0,0,0,"10_1.mp3","music"
"3342","597761dfd5ddf60001d14b20",50,30,0,0,10,"11_11.mp3","music"
"3343","597761dfd5ddf60001d14b20",0,0,0,0,0,"12_2.mp3","music"
"3344","597761dfd5ddf60001d14b20",0,0,0,0,0,"5_14.mp3","music"
"3345","60dfa0f80964725cfdab1685",38,18,10,0,0,"5_14.mp3","music"
"3346","60dfa0f80964725cfdab1685",0,0,0,0,0,"11_11.mp3","music"
"3347","60dfa0f80964725cfdab1685",0,0,0,0,0,"10_1.mp3","music"
"3348","60dfa0f80964725cfdab1685",0,0,0,0,0,"8_2.mp3","music"
"3349","60dfa0f80964725cfdab1685",83,30,0,0,0,"4_2.mp3","music"
"3350","60dfa0f80964725cfdab1685",0,0,0,0,0,"11_10.mp3","music"
"3351","60dfa0f80964725cfdab1685",78,0,73,79,39,"7_10.mp3","music"
"3352","60dfa0f80964725cfdab1685",0,0,0,0,0,"2_1.mp3","music"
"3353","60dfa0f80964725cfdab1685",0,0,0,0,0,"6_10.mp3","music"
"3354","60dfa0f80964725cfdab1685",0,0,0,0,0,"7_13.mp3","music"
"3355","60dfa0f80964725cfdab1685",63,0,62,59,28,"11_2.mp3","music"
"3356","60dfa0f80964725cfdab1685",0,0,0,0,0,"12_2.mp3","music"
"3357","60dfa0f80964725cfdab1685",0,0,0,0,0,"4_1.mp3","music"
"3358","60dfa0f80964725cfdab1685",77,90,0,0,37,"3_1.mp3","music"
"3359","60dfa0f80964725cfdab1685",0,0,0,0,0,"10_2.mp3","music"
"3360","60dfa0f80964725cfdab1685",0,0,0,0,0,"6_5.mp3","music"
"3361","5c37aa8b832a8400010983b3",0,20,0,3,0,"4_1.mp3","music"
"3362","5c37aa8b832a8400010983b3",20,0,0,10,0,"6_10.mp3","music"
"3363","5c37aa8b832a8400010983b3",16,0,16,33,0,"11_10.mp3","music"
"3364","5c37aa8b832a8400010983b3",29,35,9,15,15,"11_2.mp3","music"
"3365","5c37aa8b832a8400010983b3",0,0,0,8,0,"10_2.mp3","music"
"3366","5c37aa8b832a8400010983b3",12,6,0,0,0,"3_1.mp3","music"
"3367","5c37aa8b832a8400010983b3",0,25,11,4,6,"10_1.mp3","music"
"3368","5c37aa8b832a8400010983b3",10,25,6,0,0,"4_2.mp3","music"
"3369","5c37aa8b832a8400010983b3",0,0,5,14,0,"6_5.mp3","music"
"3370","5c37aa8b832a8400010983b3",0,20,0,0,0,"8_2.mp3","music"
"3371","5c37aa8b832a8400010983b3",4,20,0,20,20,"7_13.mp3","music"
"3372","5c37aa8b832a8400010983b3",0,20,7,0,5,"12_2.mp3","music"
"3373","5c37aa8b832a8400010983b3",0,30,0,0,0,"2_1.mp3","music"
"3374","5c37aa8b832a8400010983b3",40,25,20,0,0,"11_11.mp3","music"
"3375","5c37aa8b832a8400010983b3",45,20,70,80,60,"7_10.mp3","music"
"3376","5c37aa8b832a8400010983b3",0,0,0,25,0,"5_14.mp3","music"
"3377","60abe580aa82f25a7acc9800",0,0,0,0,0,"8_2.mp3","music"
"3378","60abe580aa82f25a7acc9800",0,0,0,0,0,"10_2.mp3","music"
"3379","60abe580aa82f25a7acc9800",0,0,0,0,0,"2_1.mp3","music"
"3380","60abe580aa82f25a7acc9800",0,0,0,0,0,"4_1.mp3","music"
"3381","60abe580aa82f25a7acc9800",0,0,0,0,0,"10_1.mp3","music"
"3382","60abe580aa82f25a7acc9800",9,25,6,8,5,"11_2.mp3","music"
"3383","60abe580aa82f25a7acc9800",0,0,0,0,0,"4_2.mp3","music"
"3384","60abe580aa82f25a7acc9800",0,0,0,0,0,"6_10.mp3","music"
"3385","60abe580aa82f25a7acc9800",26,0,0,38,0,"7_10.mp3","music"
"3386","60abe580aa82f25a7acc9800",0,0,0,0,0,"11_10.mp3","music"
"3387","60abe580aa82f25a7acc9800",18,63,0,0,15,"11_11.mp3","music"
"3388","60abe580aa82f25a7acc9800",0,0,0,0,0,"6_5.mp3","music"
"3389","60abe580aa82f25a7acc9800",10,10,0,0,0,"3_1.mp3","music"
"3390","60abe580aa82f25a7acc9800",0,0,0,0,0,"7_13.mp3","music"
"3391","60abe580aa82f25a7acc9800",0,0,0,0,0,"12_2.mp3","music"
"3392","60abe580aa82f25a7acc9800",0,0,0,0,0,"5_14.mp3","music"
"3393","546ec14dfdf99b2bc7ebd032",0,0,0,0,0,"11_10.mp3","music"
"3394","546ec14dfdf99b2bc7ebd032",17,23,2,6,26,"3_1.mp3","music"
"3395","546ec14dfdf99b2bc7ebd032",17,28,0,9,12,"7_13.mp3","music"
"3396","546ec14dfdf99b2bc7ebd032",0,5,0,0,0,"12_2.mp3","music"
"3397","546ec14dfdf99b2bc7ebd032",0,0,0,0,0,"10_2.mp3","music"
"3398","546ec14dfdf99b2bc7ebd032",19,21,0,8,16,"5_14.mp3","music"
"3399","546ec14dfdf99b2bc7ebd032",0,0,0,0,0,"4_1.mp3","music"
"3400","546ec14dfdf99b2bc7ebd032",12,15,0,10,14,"11_11.mp3","music"
"3401","546ec14dfdf99b2bc7ebd032",18,17,12,27,27,"6_10.mp3","music"
"3402","546ec14dfdf99b2bc7ebd032",17,36,0,12,27,"4_2.mp3","music"
"3403","546ec14dfdf99b2bc7ebd032",0,0,0,0,0,"6_5.mp3","music"
"3404","546ec14dfdf99b2bc7ebd032",0,0,0,0,0,"10_1.mp3","music"
"3405","546ec14dfdf99b2bc7ebd032",0,0,0,0,0,"8_2.mp3","music"
"3406","546ec14dfdf99b2bc7ebd032",48,44,44,53,39,"7_10.mp3","music"
"3407","546ec14dfdf99b2bc7ebd032",26,43,13,20,37,"11_2.mp3","music"
"3408","546ec14dfdf99b2bc7ebd032",30,58,10,21,42,"2_1.mp3","music"
"3409","6785704c3b1ab8813a4958b0",0,0,0,8,46,"7_10.mp3","music"
"3410","6785704c3b1ab8813a4958b0",0,0,0,0,0,"2_1.mp3","music"
"3411","6785704c3b1ab8813a4958b0",0,6,0,0,0,"5_14.mp3","music"
"3412","6785704c3b1ab8813a4958b0",0,0,0,4,14,"11_11.mp3","music"
"3413","6785704c3b1ab8813a4958b0",0,3,0,0,0,"7_13.mp3","music"
"3414","6785704c3b1ab8813a4958b0",0,0,0,0,27,"6_10.mp3","music"
"3415","6785704c3b1ab8813a4958b0",0,0,0,0,17,"4_1.mp3","music"
"3416","6785704c3b1ab8813a4958b0",0,0,0,0,0,"10_2.mp3","music"
"3417","6785704c3b1ab8813a4958b0",13,12,0,0,0,"11_2.mp3","music"
"3418","6785704c3b1ab8813a4958b0",7,3,0,0,0,"10_1.mp3","music"
"3419","6785704c3b1ab8813a4958b0",24,22,0,0,0,"3_1.mp3","music"
"3420","6785704c3b1ab8813a4958b0",0,0,0,0,24,"11_10.mp3","music"
"3421","6785704c3b1ab8813a4958b0",7,10,0,0,0,"4_2.mp3","music"
"3422","6785704c3b1ab8813a4958b0",9,19,0,0,0,"12_2.mp3","music"
"3423","6785704c3b1ab8813a4958b0",0,0,0,0,25,"6_5.mp3","music"
"3424","6785704c3b1ab8813a4958b0",0,0,0,0,40,"8_2.mp3","music"
"3425","5c4723041fba0b0001fca7c3",31,61,8,13,34,"5_14.mp3","music"
"3426","5c4723041fba0b0001fca7c3",0,11,6,28,9,"11_10.mp3","music"
"3427","5c4723041fba0b0001fca7c3",0,5,0,0,0,"4_1.mp3","music"
"3428","5c4723041fba0b0001fca7c3",0,0,10,30,0,"6_5.mp3","music"
"3429","5c4723041fba0b0001fca7c3",0,19,0,6,5,"12_2.mp3","music"
"3430","5c4723041fba0b0001fca7c3",0,8,13,11,1,"8_2.mp3","music"
"3431","5c4723041fba0b0001fca7c3",4,33,88,80,24,"7_10.mp3","music"
"3432","5c4723041fba0b0001fca7c3",8,62,49,12,62,"7_13.mp3","music"
"3433","5c4723041fba0b0001fca7c3",21,88,38,7,59,"11_11.mp3","music"
"3434","5c4723041fba0b0001fca7c3",3,27,4,7,7,"10_1.mp3","music"
"3435","5c4723041fba0b0001fca7c3",9,59,41,26,56,"11_2.mp3","music"
"3436","5c4723041fba0b0001fca7c3",0,39,13,5,33,"2_1.mp3","music"
"3437","5c4723041fba0b0001fca7c3",36,36,62,76,26,"6_10.mp3","music"
"3438","5c4723041fba0b0001fca7c3",45,86,13,1,89,"3_1.mp3","music"
"3439","5c4723041fba0b0001fca7c3",0,38,0,0,14,"4_2.mp3","music"
"3440","5c4723041fba0b0001fca7c3",0,4,1,24,0,"10_2.mp3","music"
"3441","67d29a840debd6b228515177",0,0,0,0,0,"4_1.mp3","music"
"3442","67d29a840debd6b228515177",0,0,0,0,1,"10_2.mp3","music"
"3443","67d29a840debd6b228515177",0,61,0,0,58,"4_2.mp3","music"
"3444","67d29a840debd6b228515177",30,45,0,0,0,"5_14.mp3","music"
"3445","67d29a840debd6b228515177",70,65,0,0,0,"3_1.mp3","music"
"3446","67d29a840debd6b228515177",0,0,0,0,0,"12_2.mp3","music"
"3447","67d29a840debd6b228515177",0,0,0,0,0,"2_1.mp3","music"
"3448","67d29a840debd6b228515177",0,0,0,0,0,"10_1.mp3","music"
"3449","67d29a840debd6b228515177",0,0,0,0,0,"6_10.mp3","music"
"3450","67d29a840debd6b228515177",51,71,0,0,0,"7_13.mp3","music"
"3451","67d29a840debd6b228515177",0,27,94,71,0,"7_10.mp3","music"
"3452","67d29a840debd6b228515177",0,0,0,0,0,"11_2.mp3","music"
"3453","67d29a840debd6b228515177",0,0,0,0,0,"11_10.mp3","music"
"3454","67d29a840debd6b228515177",0,0,0,0,0,"8_2.mp3","music"
"3455","67d29a840debd6b228515177",37,42,0,0,0,"11_11.mp3","music"
"3456","67d29a840debd6b228515177",0,0,0,3,0,"6_5.mp3","music"
"3457","65bf9aeb592e888df327d648",12,0,0,0,0,"11_11.mp3","music"
"3458","65bf9aeb592e888df327d648",0,0,0,0,0,"10_1.mp3","music"
"3459","65bf9aeb592e888df327d648",44,30,5,0,0,"5_14.mp3","music"
"3460","65bf9aeb592e888df327d648",43,8,44,24,0,"7_10.mp3","music"
"3461","65bf9aeb592e888df327d648",0,0,0,0,7,"6_5.mp3","music"
"3462","65bf9aeb592e888df327d648",6,0,0,0,0,"12_2.mp3","music"
"3463","65bf9aeb592e888df327d648",0,0,0,0,0,"11_2.mp3","music"
"3464","65bf9aeb592e888df327d648",14,0,0,0,0,"4_2.mp3","music"
"3465","65bf9aeb592e888df327d648",0,0,0,0,0,"4_1.mp3","music"
"3466","65bf9aeb592e888df327d648",0,0,9,15,0,"6_10.mp3","music"
"3467","65bf9aeb592e888df327d648",59,6,0,0,0,"3_1.mp3","music"
"3468","65bf9aeb592e888df327d648",0,0,0,0,0,"11_10.mp3","music"
"3469","65bf9aeb592e888df327d648",0,0,0,0,0,"10_2.mp3","music"
"3470","65bf9aeb592e888df327d648",52,0,0,0,0,"7_13.mp3","music"
"3471","65bf9aeb592e888df327d648",0,0,0,0,0,"2_1.mp3","music"
"3472","65bf9aeb592e888df327d648",0,0,0,0,0,"8_2.mp3","music"
"3473","6548f960db60a00d76e92695",2,0,1,1,2,"3_1.mp3","music"
"3474","6548f960db60a00d76e92695",35,0,0,16,0,"7_10.mp3","music"
"3475","6548f960db60a00d76e92695",2,31,4,4,2,"11_2.mp3","music"
"3476","6548f960db60a00d76e92695",5,0,2,8,0,"6_5.mp3","music"
"3477","6548f960db60a00d76e92695",0,0,0,0,0,"12_2.mp3","music"
"3478","6548f960db60a00d76e92695",23,0,1,35,0,"6_10.mp3","music"
"3479","6548f960db60a00d76e92695",0,0,0,0,1,"11_11.mp3","music"
"3480","6548f960db60a00d76e92695",0,0,0,0,0,"2_1.mp3","music"
"3481","6548f960db60a00d76e92695",1,13,1,0,0,"4_1.mp3","music"
"3482","6548f960db60a00d76e92695",0,0,0,0,0,"10_1.mp3","music"
"3483","6548f960db60a00d76e92695",47,8,0,36,29,"11_10.mp3","music"
"3484","6548f960db60a00d76e92695",0,0,2,0,0,"5_14.mp3","music"
"3485","6548f960db60a00d76e92695",1,0,2,0,0,"7_13.mp3","music"
"3486","6548f960db60a00d76e92695",0,44,0,0,0,"4_2.mp3","music"
"3487","6548f960db60a00d76e92695",0,0,0,0,0,"10_2.mp3","music"
"3488","6548f960db60a00d76e92695",0,0,0,0,0,"8_2.mp3","music"
"3489","66f8522292767238ed42ebbd",0,0,0,0,0,"11_11.mp3","music"
"3490","66f8522292767238ed42ebbd",0,0,0,0,0,"11_2.mp3","music"
"3491","66f8522292767238ed42ebbd",0,0,0,0,0,"5_14.mp3","music"
"3492","66f8522292767238ed42ebbd",0,0,0,0,0,"10_1.mp3","music"
"3493","66f8522292767238ed42ebbd",0,0,0,0,0,"6_10.mp3","music"
"3494","66f8522292767238ed42ebbd",0,0,0,0,0,"4_2.mp3","music"
"3495","66f8522292767238ed42ebbd",0,0,0,0,0,"4_1.mp3","music"
"3496","66f8522292767238ed42ebbd",0,0,0,0,0,"2_1.mp3","music"
"3497","66f8522292767238ed42ebbd",0,0,0,0,0,"8_2.mp3","music"
"3498","66f8522292767238ed42ebbd",0,0,0,0,0,"10_2.mp3","music"
"3499","66f8522292767238ed42ebbd",0,0,7,10,0,"7_10.mp3","music"
"3500","66f8522292767238ed42ebbd",0,0,0,0,0,"12_2.mp3","music"
"3501","66f8522292767238ed42ebbd",0,0,0,0,0,"6_5.mp3","music"
"3502","66f8522292767238ed42ebbd",0,0,0,0,0,"7_13.mp3","music"
"3503","66f8522292767238ed42ebbd",0,0,0,0,0,"11_10.mp3","music"
"3504","66f8522292767238ed42ebbd",0,0,0,0,0,"3_1.mp3","music"
"3505","674f97fef70c3dd15d138c3e",0,0,0,0,0,"11_11.mp3","music"
"3506","674f97fef70c3dd15d138c3e",10,66,0,0,0,"3_1.mp3","music"
"3507","674f97fef70c3dd15d138c3e",0,0,0,0,0,"12_2.mp3","music"
"3508","674f97fef70c3dd15d138c3e",0,0,0,0,0,"10_2.mp3","music"
"3509","674f97fef70c3dd15d138c3e",0,0,0,0,0,"6_5.mp3","music"
"3510","674f97fef70c3dd15d138c3e",0,0,0,0,0,"7_13.mp3","music"
"3511","674f97fef70c3dd15d138c3e",0,0,0,0,0,"4_2.mp3","music"
"3512","674f97fef70c3dd15d138c3e",0,0,0,0,0,"8_2.mp3","music"
"3513","674f97fef70c3dd15d138c3e",0,0,0,0,0,"6_10.mp3","music"
"3514","674f97fef70c3dd15d138c3e",77,10,69,76,15,"7_10.mp3","music"
"3515","674f97fef70c3dd15d138c3e",72,15,0,73,0,"11_2.mp3","music"
"3516","674f97fef70c3dd15d138c3e",0,0,0,0,0,"4_1.mp3","music"
"3517","674f97fef70c3dd15d138c3e",15,31,0,0,0,"5_14.mp3","music"
"3518","674f97fef70c3dd15d138c3e",0,28,0,0,0,"10_1.mp3","music"
"3519","674f97fef70c3dd15d138c3e",0,15,0,0,0,"2_1.mp3","music"
"3520","674f97fef70c3dd15d138c3e",0,0,35,22,0,"11_10.mp3","music"
"3521","655386dc470f6217a78fec03",0,10,0,0,0,"12_2.mp3","music"
"3522","655386dc470f6217a78fec03",9,0,0,11,0,"8_2.mp3","music"
"3523","655386dc470f6217a78fec03",33,41,8,2,1,"3_1.mp3","music"
"3524","655386dc470f6217a78fec03",15,35,0,0,1,"4_2.mp3","music"
"3525","655386dc470f6217a78fec03",1,0,0,2,0,"10_2.mp3","music"
"3526","655386dc470f6217a78fec03",20,42,2,3,16,"10_1.mp3","music"
"3527","655386dc470f6217a78fec03",16,2,0,0,2,"6_5.mp3","music"
"3528","655386dc470f6217a78fec03",7,12,1,2,26,"11_2.mp3","music"
"3529","655386dc470f6217a78fec03",17,46,2,2,37,"2_1.mp3","music"
"3530","655386dc470f6217a78fec03",38,20,51,54,69,"6_10.mp3","music"
"3531","655386dc470f6217a78fec03",92,66,31,0,28,"11_11.mp3","music"
"3532","655386dc470f6217a78fec03",78,16,26,26,32,"7_10.mp3","music"
"3533","655386dc470f6217a78fec03",78,72,6,0,15,"5_14.mp3","music"
"3534","655386dc470f6217a78fec03",20,21,7,25,3,"11_10.mp3","music"
"3535","655386dc470f6217a78fec03",35,19,0,2,0,"4_1.mp3","music"
"3536","655386dc470f6217a78fec03",73,95,1,0,10,"7_13.mp3","music"
"3537","5d1acc6eb0c5a8001786de55",36,22,0,12,4,"7_13.mp3","music"
"3538","5d1acc6eb0c5a8001786de55",0,0,0,0,0,"8_2.mp3","music"
"3539","5d1acc6eb0c5a8001786de55",11,0,8,9,0,"4_1.mp3","music"
"3540","5d1acc6eb0c5a8001786de55",16,5,0,17,0,"10_1.mp3","music"
"3541","5d1acc6eb0c5a8001786de55",20,28,3,44,0,"5_14.mp3","music"
"3542","5d1acc6eb0c5a8001786de55",0,0,49,48,0,"6_10.mp3","music"
"3543","5d1acc6eb0c5a8001786de55",0,18,0,0,0,"4_2.mp3","music"
"3544","5d1acc6eb0c5a8001786de55",9,6,0,30,0,"12_2.mp3","music"
"3545","5d1acc6eb0c5a8001786de55",17,0,24,49,0,"11_10.mp3","music"
"3546","5d1acc6eb0c5a8001786de55",0,0,0,24,0,"11_2.mp3","music"
"3547","5d1acc6eb0c5a8001786de55",63,16,0,7,14,"3_1.mp3","music"
"3548","5d1acc6eb0c5a8001786de55",19,0,49,43,0,"7_10.mp3","music"
"3549","5d1acc6eb0c5a8001786de55",0,16,0,0,0,"11_11.mp3","music"
"3550","5d1acc6eb0c5a8001786de55",0,0,20,75,0,"6_5.mp3","music"
"3551","5d1acc6eb0c5a8001786de55",0,0,8,0,0,"10_2.mp3","music"
"3552","5d1acc6eb0c5a8001786de55",24,0,0,0,0,"2_1.mp3","music"
"3553","672268205351c30413c9837e",0,0,0,0,0,"8_2.mp3","music"
"3554","672268205351c30413c9837e",0,11,0,0,0,"10_1.mp3","music"
"3555","672268205351c30413c9837e",0,0,15,24,0,"11_10.mp3","music"
"3556","672268205351c30413c9837e",11,86,0,0,16,"11_2.mp3","music"
"3557","672268205351c30413c9837e",5,95,0,0,0,"2_1.mp3","music"
"3558","672268205351c30413c9837e",27,94,0,1,7,"4_2.mp3","music"
"3559","672268205351c30413c9837e",61,88,0,0,7,"11_11.mp3","music"
"3560","672268205351c30413c9837e",0,0,0,7,0,"6_5.mp3","music"
"3561","672268205351c30413c9837e",0,0,24,73,0,"6_10.mp3","music"
"3562","672268205351c30413c9837e",0,0,0,0,0,"10_2.mp3","music"
"3563","672268205351c30413c9837e",5,0,96,100,2,"7_10.mp3","music"
"3564","672268205351c30413c9837e",69,100,0,8,63,"7_13.mp3","music"
"3565","672268205351c30413c9837e",20,71,0,0,0,"5_14.mp3","music"
"3566","672268205351c30413c9837e",0,0,0,0,0,"4_1.mp3","music"
"3567","672268205351c30413c9837e",90,100,0,0,48,"3_1.mp3","music"
"3568","672268205351c30413c9837e",0,29,0,0,0,"12_2.mp3","music"
"3569","58f90ebc3f4fef000199e2fd",50,0,63,76,42,"7_10.mp3","music"
"3570","58f90ebc3f4fef000199e2fd",0,21,0,0,7,"12_2.mp3","music"
"3571","58f90ebc3f4fef000199e2fd",63,60,0,23,14,"7_13.mp3","music"
"3572","58f90ebc3f4fef000199e2fd",80,65,0,38,27,"11_11.mp3","music"
"3573","58f90ebc3f4fef000199e2fd",0,0,0,19,0,"6_5.mp3","music"
"3574","58f90ebc3f4fef000199e2fd",69,81,0,23,48,"5_14.mp3","music"
"3575","58f90ebc3f4fef000199e2fd",0,0,0,27,0,"10_2.mp3","music"
"3576","58f90ebc3f4fef000199e2fd",0,0,0,85,26,"4_1.mp3","music"
"3577","58f90ebc3f4fef000199e2fd",63,47,20,67,21,"11_2.mp3","music"
"3578","58f90ebc3f4fef000199e2fd",72,63,11,19,21,"2_1.mp3","music"
"3579","58f90ebc3f4fef000199e2fd",0,0,0,18,0,"8_2.mp3","music"
"3580","58f90ebc3f4fef000199e2fd",0,0,28,67,15,"11_10.mp3","music"
"3581","58f90ebc3f4fef000199e2fd",72,64,0,5,17,"4_2.mp3","music"
"3582","58f90ebc3f4fef000199e2fd",84,85,0,25,43,"3_1.mp3","music"
"3583","58f90ebc3f4fef000199e2fd",31,23,0,0,0,"10_1.mp3","music"
"3584","58f90ebc3f4fef000199e2fd",0,0,15,76,13,"6_10.mp3","music"
"3585","6761134a283b8ace0b1e0345",3,1,0,4,2,"8_2.mp3","music"
"3586","6761134a283b8ace0b1e0345",47,27,8,21,34,"11_2.mp3","music"
"3587","6761134a283b8ace0b1e0345",1,0,1,1,3,"12_2.mp3","music"
"3588","6761134a283b8ace0b1e0345",2,0,14,66,1,"6_10.mp3","music"
"3589","6761134a283b8ace0b1e0345",54,37,3,9,51,"2_1.mp3","music"
"3590","6761134a283b8ace0b1e0345",74,48,15,1,48,"5_14.mp3","music"
"3591","6761134a283b8ace0b1e0345",23,4,44,25,2,"11_10.mp3","music"
"3592","6761134a283b8ace0b1e0345",1,2,11,0,3,"10_2.mp3","music"
"3593","6761134a283b8ace0b1e0345",67,64,3,1,26,"7_13.mp3","music"
"3594","6761134a283b8ace0b1e0345",19,1,1,0,0,"10_1.mp3","music"
"3595","6761134a283b8ace0b1e0345",51,20,2,8,10,"4_2.mp3","music"
"3596","6761134a283b8ace0b1e0345",20,50,6,0,46,"11_11.mp3","music"
"3597","6761134a283b8ace0b1e0345",1,1,0,3,0,"4_1.mp3","music"
"3598","6761134a283b8ace0b1e0345",44,1,43,62,18,"7_10.mp3","music"
"3599","6761134a283b8ace0b1e0345",2,0,1,14,2,"6_5.mp3","music"
"3600","6761134a283b8ace0b1e0345",70,50,3,9,21,"3_1.mp3","music"
"3601","662d7fba32d6a738b194d893",25,26,7,45,10,"6_10.mp3","music"
"3602","662d7fba32d6a738b194d893",60,58,28,40,9,"11_2.mp3","music"
"3603","662d7fba32d6a738b194d893",4,10,0,4,3,"4_1.mp3","music"
"3604","662d7fba32d6a738b194d893",11,15,3,5,7,"10_1.mp3","music"
"3605","662d7fba32d6a738b194d893",56,40,3,29,23,"4_2.mp3","music"
"3606","662d7fba32d6a738b194d893",18,16,4,11,7,"11_11.mp3","music"
"3607","662d7fba32d6a738b194d893",57,60,22,24,13,"3_1.mp3","music"
"3608","662d7fba32d6a738b194d893",40,22,60,76,10,"7_10.mp3","music"
"3609","662d7fba32d6a738b194d893",53,53,17,22,26,"5_14.mp3","music"
"3610","662d7fba32d6a738b194d893",4,9,3,7,1,"10_2.mp3","music"
"3611","662d7fba32d6a738b194d893",3,7,1,6,3,"8_2.mp3","music"
"3612","662d7fba32d6a738b194d893",30,12,26,52,17,"11_10.mp3","music"
"3613","662d7fba32d6a738b194d893",37,40,11,30,9,"2_1.mp3","music"
"3614","662d7fba32d6a738b194d893",16,12,4,9,9,"12_2.mp3","music"
"3615","662d7fba32d6a738b194d893",42,49,10,23,18,"7_13.mp3","music"
"3616","662d7fba32d6a738b194d893",5,7,6,15,7,"6_5.mp3","music"
"3617","64b3ebc9ad6778799f835dcb",100,0,50,100,54,"7_10.mp3","music"
"3618","64b3ebc9ad6778799f835dcb",0,0,0,0,0,"7_13.mp3","music"
"3619","64b3ebc9ad6778799f835dcb",0,0,0,0,0,"6_5.mp3","music"
"3620","64b3ebc9ad6778799f835dcb",0,0,0,85,0,"6_10.mp3","music"
"3621","64b3ebc9ad6778799f835dcb",0,0,14,52,0,"11_10.mp3","music"
"3622","64b3ebc9ad6778799f835dcb",100,22,0,0,0,"5_14.mp3","music"
"3623","64b3ebc9ad6778799f835dcb",0,0,0,0,0,"12_2.mp3","music"
"3624","64b3ebc9ad6778799f835dcb",0,0,0,0,0,"10_1.mp3","music"
"3625","64b3ebc9ad6778799f835dcb",20,23,0,0,0,"2_1.mp3","music"
"3626","64b3ebc9ad6778799f835dcb",0,0,0,0,0,"10_2.mp3","music"
"3627","64b3ebc9ad6778799f835dcb",100,100,0,0,51,"11_11.mp3","music"
"3628","64b3ebc9ad6778799f835dcb",0,0,0,0,0,"4_2.mp3","music"
"3629","64b3ebc9ad6778799f835dcb",0,0,0,0,0,"3_1.mp3","music"
"3630","64b3ebc9ad6778799f835dcb",0,0,0,0,0,"8_2.mp3","music"
"3631","64b3ebc9ad6778799f835dcb",0,0,0,0,0,"4_1.mp3","music"
"3632","64b3ebc9ad6778799f835dcb",0,0,0,0,0,"11_2.mp3","music"
"3633","57dd186e6598aa0001992616",42,18,8,15,9,"7_10.mp3","music"
"3634","57dd186e6598aa0001992616",29,32,1,14,22,"7_13.mp3","music"
"3635","57dd186e6598aa0001992616",0,4,1,0,0,"6_5.mp3","music"
"3636","57dd186e6598aa0001992616",26,11,16,65,48,"11_10.mp3","music"
"3637","57dd186e6598aa0001992616",34,50,2,5,32,"3_1.mp3","music"
"3638","57dd186e6598aa0001992616",4,11,3,10,38,"8_2.mp3","music"
"3639","57dd186e6598aa0001992616",38,38,3,13,36,"11_11.mp3","music"
"3640","57dd186e6598aa0001992616",5,13,0,0,0,"12_2.mp3","music"
"3641","57dd186e6598aa0001992616",26,8,4,12,3,"4_1.mp3","music"
"3642","57dd186e6598aa0001992616",21,18,2,8,12,"10_2.mp3","music"
"3643","57dd186e6598aa0001992616",72,66,2,60,9,"5_14.mp3","music"
"3644","57dd186e6598aa0001992616",19,42,4,11,24,"2_1.mp3","music"
"3645","57dd186e6598aa0001992616",5,24,0,20,0,"10_1.mp3","music"
"3646","57dd186e6598aa0001992616",0,12,0,2,0,"11_2.mp3","music"
"3647","57dd186e6598aa0001992616",0,10,3,50,55,"6_10.mp3","music"
"3648","57dd186e6598aa0001992616",4,36,2,10,18,"4_2.mp3","music"
"3649","6944131af019fea3b689eb5f",0,0,0,0,0,"2_1.mp3","music"
"3650","6944131af019fea3b689eb5f",0,0,0,0,0,"4_1.mp3","music"
"3651","6944131af019fea3b689eb5f",0,0,0,0,0,"10_1.mp3","music"
"3652","6944131af019fea3b689eb5f",0,15,0,51,0,"11_2.mp3","music"
"3653","6944131af019fea3b689eb5f",0,0,0,40,0,"6_10.mp3","music"
"3654","6944131af019fea3b689eb5f",10,30,0,0,0,"5_14.mp3","music"
"3655","6944131af019fea3b689eb5f",15,20,0,0,0,"4_2.mp3","music"
"3656","6944131af019fea3b689eb5f",0,70,0,0,0,"3_1.mp3","music"
"3657","6944131af019fea3b689eb5f",0,0,0,0,0,"7_13.mp3","music"
"3658","6944131af019fea3b689eb5f",0,0,0,0,0,"12_2.mp3","music"
"3659","6944131af019fea3b689eb5f",0,0,0,0,0,"11_11.mp3","music"
"3660","6944131af019fea3b689eb5f",0,0,70,65,55,"7_10.mp3","music"
"3661","6944131af019fea3b689eb5f",0,0,0,0,0,"10_2.mp3","music"
"3662","6944131af019fea3b689eb5f",0,0,0,0,0,"11_10.mp3","music"
"3663","6944131af019fea3b689eb5f",0,0,0,0,0,"8_2.mp3","music"
"3664","6944131af019fea3b689eb5f",0,0,0,0,0,"6_5.mp3","music"
"3665","612517df29cd32c6632b4a44",33,0,19,70,6,"7_10.mp3","music"
"3666","612517df29cd32c6632b4a44",0,0,0,0,0,"12_2.mp3","music"
"3667","612517df29cd32c6632b4a44",0,0,0,0,0,"6_5.mp3","music"
"3668","612517df29cd32c6632b4a44",0,0,0,0,0,"4_1.mp3","music"
"3669","612517df29cd32c6632b4a44",0,9,0,0,0,"11_11.mp3","music"
"3670","612517df29cd32c6632b4a44",0,3,0,0,0,"4_2.mp3","music"
"3671","612517df29cd32c6632b4a44",0,0,0,0,0,"10_1.mp3","music"
"3672","612517df29cd32c6632b4a44",0,20,0,0,0,"7_13.mp3","music"
"3673","612517df29cd32c6632b4a44",0,0,5,0,0,"6_10.mp3","music"
"3674","612517df29cd32c6632b4a44",7,16,12,22,12,"11_2.mp3","music"
"3675","612517df29cd32c6632b4a44",9,11,24,29,0,"11_10.mp3","music"
"3676","612517df29cd32c6632b4a44",0,0,0,0,0,"10_2.mp3","music"
"3677","612517df29cd32c6632b4a44",0,2,8,6,5,"5_14.mp3","music"
"3678","612517df29cd32c6632b4a44",0,7,0,0,8,"2_1.mp3","music"
"3679","612517df29cd32c6632b4a44",0,0,0,9,0,"8_2.mp3","music"
"3680","612517df29cd32c6632b4a44",0,25,0,10,0,"3_1.mp3","music"
"3681","64345edc0fd9813bdd9ef181",0,0,0,0,0,"6_5.mp3","music"
"3682","64345edc0fd9813bdd9ef181",0,0,0,0,0,"6_10.mp3","music"
"3683","64345edc0fd9813bdd9ef181",0,0,0,0,0,"4_1.mp3","music"
"3684","64345edc0fd9813bdd9ef181",0,0,0,0,0,"8_2.mp3","music"
"3685","64345edc0fd9813bdd9ef181",0,0,0,0,0,"11_10.mp3","music"
"3686","64345edc0fd9813bdd9ef181",0,0,0,0,0,"12_2.mp3","music"
"3687","64345edc0fd9813bdd9ef181",0,0,0,0,0,"5_14.mp3","music"
"3688","64345edc0fd9813bdd9ef181",0,0,0,0,0,"2_1.mp3","music"
"3689","64345edc0fd9813bdd9ef181",0,0,0,0,0,"10_1.mp3","music"
"3690","64345edc0fd9813bdd9ef181",0,0,0,0,0,"3_1.mp3","music"
"3691","64345edc0fd9813bdd9ef181",0,0,0,0,0,"7_13.mp3","music"
"3692","64345edc0fd9813bdd9ef181",0,0,0,0,0,"10_2.mp3","music"
"3693","64345edc0fd9813bdd9ef181",0,0,0,0,0,"11_11.mp3","music"
"3694","64345edc0fd9813bdd9ef181",50,35,64,80,25,"7_10.mp3","music"
"3695","64345edc0fd9813bdd9ef181",0,0,0,0,0,"4_2.mp3","music"
"3696","64345edc0fd9813bdd9ef181",0,0,0,0,0,"11_2.mp3","music"
"3697","6682fbc595609e3f88048a53",1,0,7,0,1,"7_10.mp3","music"
"3698","6682fbc595609e3f88048a53",0,0,0,0,2,"10_1.mp3","music"
"3699","6682fbc595609e3f88048a53",0,0,0,0,0,"11_2.mp3","music"
"3700","6682fbc595609e3f88048a53",0,0,0,0,0,"10_2.mp3","music"
"3701","6682fbc595609e3f88048a53",0,0,0,0,0,"6_10.mp3","music"
"3702","6682fbc595609e3f88048a53",0,0,0,0,0,"6_5.mp3","music"
"3703","6682fbc595609e3f88048a53",0,0,0,0,0,"4_1.mp3","music"
"3704","6682fbc595609e3f88048a53",0,0,0,0,0,"11_11.mp3","music"
"3705","6682fbc595609e3f88048a53",14,0,0,0,0,"3_1.mp3","music"
"3706","6682fbc595609e3f88048a53",10,0,0,0,0,"7_13.mp3","music"
"3707","6682fbc595609e3f88048a53",0,10,0,0,0,"4_2.mp3","music"
"3708","6682fbc595609e3f88048a53",0,0,0,0,0,"11_10.mp3","music"
"3709","6682fbc595609e3f88048a53",0,0,0,0,0,"12_2.mp3","music"
"3710","6682fbc595609e3f88048a53",32,0,0,0,0,"2_1.mp3","music"
"3711","6682fbc595609e3f88048a53",0,0,0,0,0,"8_2.mp3","music"
"3712","6682fbc595609e3f88048a53",17,35,0,0,0,"5_14.mp3","music"
"3713","67cb51b23d74b436185a20eb",2,2,2,2,3,"5_14.mp3","music"
"3714","67cb51b23d74b436185a20eb",2,0,2,1,0,"6_10.mp3","music"
"3715","67cb51b23d74b436185a20eb",20,2,13,5,3,"8_2.mp3","music"
"3716","67cb51b23d74b436185a20eb",0,0,34,8,4,"11_10.mp3","music"
"3717","67cb51b23d74b436185a20eb",21,4,15,7,5,"6_5.mp3","music"
"3718","67cb51b23d74b436185a20eb",30,11,13,1,11,"3_1.mp3","music"
"3719","67cb51b23d74b436185a20eb",29,0,21,0,22,"4_2.mp3","music"
"3720","67cb51b23d74b436185a20eb",21,0,0,3,2,"4_1.mp3","music"
"3721","67cb51b23d74b436185a20eb",14,23,50,45,41,"10_2.mp3","music"
"3722","67cb51b23d74b436185a20eb",27,25,59,25,0,"11_2.mp3","music"
"3723","67cb51b23d74b436185a20eb",14,4,53,47,6,"7_10.mp3","music"
"3724","67cb51b23d74b436185a20eb",6,16,48,15,12,"7_13.mp3","music"
"3725","67cb51b23d74b436185a20eb",0,0,13,2,1,"11_11.mp3","music"
"3726","67cb51b23d74b436185a20eb",25,6,11,0,0,"12_2.mp3","music"
"3727","67cb51b23d74b436185a20eb",0,0,0,0,4,"2_1.mp3","music"
"3728","67cb51b23d74b436185a20eb",0,0,0,0,0,"10_1.mp3","music"
"3729","65ccfdf16bdcab83d5bd1163",9,11,1,63,1,"10_2.mp3","music"
"3730","65ccfdf16bdcab83d5bd1163",40,1,12,66,0,"11_10.mp3","music"
"3731","65ccfdf16bdcab83d5bd1163",18,10,1,49,18,"6_5.mp3","music"
"3732","65ccfdf16bdcab83d5bd1163",27,25,0,0,0,"4_2.mp3","music"
"3733","65ccfdf16bdcab83d5bd1163",23,23,0,0,0,"2_1.mp3","music"
"3734","65ccfdf16bdcab83d5bd1163",24,10,22,57,26,"7_10.mp3","music"
"3735","65ccfdf16bdcab83d5bd1163",22,5,16,30,15,"5_14.mp3","music"
"3736","65ccfdf16bdcab83d5bd1163",12,3,11,30,4,"8_2.mp3","music"
"3737","65ccfdf16bdcab83d5bd1163",21,11,0,0,0,"3_1.mp3","music"
"3738","65ccfdf16bdcab83d5bd1163",6,5,0,1,3,"10_1.mp3","music"
"3739","65ccfdf16bdcab83d5bd1163",1,8,0,0,1,"4_1.mp3","music"
"3740","65ccfdf16bdcab83d5bd1163",23,17,2,0,0,"7_13.mp3","music"
"3741","65ccfdf16bdcab83d5bd1163",1,8,1,1,0,"12_2.mp3","music"
"3742","65ccfdf16bdcab83d5bd1163",15,3,11,49,17,"6_10.mp3","music"
"3743","65ccfdf16bdcab83d5bd1163",12,11,14,38,19,"11_2.mp3","music"
"3744","65ccfdf16bdcab83d5bd1163",18,20,2,1,0,"11_11.mp3","music"
"3745","63474e67a5fd298c6103c409",0,0,25,15,0,"7_10.mp3","music"
"3746","63474e67a5fd298c6103c409",18,38,0,0,4,"2_1.mp3","music"
"3747","63474e67a5fd298c6103c409",4,3,12,27,29,"10_2.mp3","music"
"3748","63474e67a5fd298c6103c409",41,37,1,5,10,"3_1.mp3","music"
"3749","63474e67a5fd298c6103c409",19,24,11,25,10,"11_11.mp3","music"
"3750","63474e67a5fd298c6103c409",0,0,6,2,15,"11_10.mp3","music"
"3751","63474e67a5fd298c6103c409",38,22,28,13,45,"11_2.mp3","music"
"3752","63474e67a5fd298c6103c409",24,8,19,26,33,"6_5.mp3","music"
"3753","63474e67a5fd298c6103c409",20,14,25,35,44,"8_2.mp3","music"
"3754","63474e67a5fd298c6103c409",15,19,23,24,14,"5_14.mp3","music"
"3755","63474e67a5fd298c6103c409",14,15,24,22,25,"4_1.mp3","music"
"3756","63474e67a5fd298c6103c409",16,2,4,33,3,"6_10.mp3","music"
"3757","63474e67a5fd298c6103c409",1,17,0,12,18,"12_2.mp3","music"
"3758","63474e67a5fd298c6103c409",6,14,29,11,18,"10_1.mp3","music"
"3759","63474e67a5fd298c6103c409",16,6,16,10,7,"4_2.mp3","music"
"3760","63474e67a5fd298c6103c409",27,34,3,8,7,"7_13.mp3","music"
"3761","65e375588229327640a29ad9",18,15,0,2,0,"5_14.mp3","music"
"3762","65e375588229327640a29ad9",0,0,0,20,0,"8_2.mp3","music"
"3763","65e375588229327640a29ad9",11,1,3,4,1,"2_1.mp3","music"
"3764","65e375588229327640a29ad9",58,59,12,0,20,"3_1.mp3","music"
"3765","65e375588229327640a29ad9",0,0,8,64,1,"6_10.mp3","music"
"3766","65e375588229327640a29ad9",0,0,0,0,0,"12_2.mp3","music"
"3767","65e375588229327640a29ad9",0,0,0,18,1,"4_1.mp3","music"
"3768","65e375588229327640a29ad9",21,17,48,68,12,"11_2.mp3","music"
"3769","65e375588229327640a29ad9",14,0,9,85,0,"11_10.mp3","music"
"3770","65e375588229327640a29ad9",0,0,0,8,0,"10_2.mp3","music"
"3771","65e375588229327640a29ad9",18,10,2,5,9,"7_13.mp3","music"
"3772","65e375588229327640a29ad9",0,0,3,33,0,"6_5.mp3","music"
"3773","65e375588229327640a29ad9",2,8,4,7,5,"4_2.mp3","music"
"3774","65e375588229327640a29ad9",73,1,48,75,20,"7_10.mp3","music"
"3775","65e375588229327640a29ad9",0,1,0,6,0,"11_11.mp3","music"
"3776","65e375588229327640a29ad9",0,0,0,0,0,"10_1.mp3","music"
"3777","580cab86b869700001d71628",25,55,2,1,0,"12_2.mp3","music"
"3778","580cab86b869700001d71628",1,50,13,64,22,"4_1.mp3","music"
"3779","580cab86b869700001d71628",76,49,37,21,46,"7_13.mp3","music"
"3780","580cab86b869700001d71628",6,12,23,50,3,"10_2.mp3","music"
"3781","580cab86b869700001d71628",66,49,1,2,1,"3_1.mp3","music"
"3782","580cab86b869700001d71628",27,93,17,48,16,"11_11.mp3","music"
"3783","580cab86b869700001d71628",99,99,7,13,4,"4_2.mp3","music"
"3784","580cab86b869700001d71628",88,31,2,99,2,"11_10.mp3","music"
"3785","580cab86b869700001d71628",2,53,76,97,50,"6_5.mp3","music"
"3786","580cab86b869700001d71628",50,77,3,24,3,"10_1.mp3","music"
"3787","580cab86b869700001d71628",1,19,33,50,47,"8_2.mp3","music"
"3788","580cab86b869700001d71628",94,42,88,81,61,"7_10.mp3","music"
"3789","580cab86b869700001d71628",77,74,53,52,20,"11_2.mp3","music"
"3790","580cab86b869700001d71628",90,97,1,49,2,"5_14.mp3","music"
"3791","580cab86b869700001d71628",53,2,84,98,45,"6_10.mp3","music"
"3792","580cab86b869700001d71628",91,91,45,48,34,"2_1.mp3","music"
"3793","67ed8001c2b6765fa734649d",3,0,1,2,1,"8_2.mp3","music"
"3794","67ed8001c2b6765fa734649d",2,1,9,23,5,"11_10.mp3","music"
"3795","67ed8001c2b6765fa734649d",1,1,16,2,2,"7_13.mp3","music"
"3796","67ed8001c2b6765fa734649d",15,12,25,22,3,"11_11.mp3","music"
"3797","67ed8001c2b6765fa734649d",1,1,5,1,2,"4_2.mp3","music"
"3798","67ed8001c2b6765fa734649d",24,5,19,21,7,"7_10.mp3","music"
"3799","67ed8001c2b6765fa734649d",7,5,11,4,1,"10_2.mp3","music"
"3800","67ed8001c2b6765fa734649d",4,2,0,3,5,"3_1.mp3","music"
"3801","67ed8001c2b6765fa734649d",3,4,6,8,3,"10_1.mp3","music"
"3802","67ed8001c2b6765fa734649d",8,2,4,3,3,"5_14.mp3","music"
"3803","67ed8001c2b6765fa734649d",1,3,1,0,2,"2_1.mp3","music"
"3804","67ed8001c2b6765fa734649d",1,18,29,15,2,"4_1.mp3","music"
"3805","67ed8001c2b6765fa734649d",3,3,3,1,2,"6_10.mp3","music"
"3806","67ed8001c2b6765fa734649d",3,7,19,9,5,"12_2.mp3","music"
"3807","67ed8001c2b6765fa734649d",17,11,9,15,1,"11_2.mp3","music"
"3808","67ed8001c2b6765fa734649d",35,14,19,25,22,"6_5.mp3","music"
"3809","69416ab139b4b8d585aa4848",59,0,76,96,67,"11_10.mp3","music"
"3810","69416ab139b4b8d585aa4848",86,98,0,19,57,"5_14.mp3","music"
"3811","69416ab139b4b8d585aa4848",0,0,0,11,0,"6_5.mp3","music"
"3812","69416ab139b4b8d585aa4848",15,12,52,30,10,"6_10.mp3","music"
"3813","69416ab139b4b8d585aa4848",100,80,0,60,82,"4_2.mp3","music"
"3814","69416ab139b4b8d585aa4848",100,90,10,88,86,"11_2.mp3","music"
"3815","69416ab139b4b8d585aa4848",0,0,0,15,0,"10_2.mp3","music"
"3816","69416ab139b4b8d585aa4848",91,94,0,36,0,"11_11.mp3","music"
"3817","69416ab139b4b8d585aa4848",0,41,0,0,0,"10_1.mp3","music"
"3818","69416ab139b4b8d585aa4848",27,100,0,13,28,"3_1.mp3","music"
"3819","69416ab139b4b8d585aa4848",23,12,0,0,6,"2_1.mp3","music"
"3820","69416ab139b4b8d585aa4848",70,90,0,9,8,"7_13.mp3","music"
"3821","69416ab139b4b8d585aa4848",11,50,0,7,0,"12_2.mp3","music"
"3822","69416ab139b4b8d585aa4848",0,0,0,0,0,"4_1.mp3","music"
"3823","69416ab139b4b8d585aa4848",0,0,0,20,0,"8_2.mp3","music"
"3824","69416ab139b4b8d585aa4848",58,60,100,100,100,"7_10.mp3","music"
"3825","559347f6fdf99b790feb6435",38,57,26,4,23,"4_2.mp3","music"
"3826","559347f6fdf99b790feb6435",13,24,7,16,16,"12_2.mp3","music"
"3827","559347f6fdf99b790feb6435",41,60,7,33,19,"11_11.mp3","music"
"3828","559347f6fdf99b790feb6435",40,52,17,35,10,"5_14.mp3","music"
"3829","559347f6fdf99b790feb6435",49,12,80,85,47,"7_10.mp3","music"
"3830","559347f6fdf99b790feb6435",35,82,3,12,13,"3_1.mp3","music"
"3831","559347f6fdf99b790feb6435",12,6,2,22,5,"8_2.mp3","music"
"3832","559347f6fdf99b790feb6435",41,19,23,33,10,"11_10.mp3","music"
"3833","559347f6fdf99b790feb6435",10,11,5,12,4,"6_5.mp3","music"
"3834","559347f6fdf99b790feb6435",34,58,14,31,24,"2_1.mp3","music"
"3835","559347f6fdf99b790feb6435",17,29,9,18,14,"4_1.mp3","music"
"3836","559347f6fdf99b790feb6435",41,26,60,74,40,"6_10.mp3","music"
"3837","559347f6fdf99b790feb6435",42,50,10,10,12,"7_13.mp3","music"
"3838","559347f6fdf99b790feb6435",37,35,0,19,25,"10_1.mp3","music"
"3839","559347f6fdf99b790feb6435",11,9,11,8,11,"10_2.mp3","music"
"3840","559347f6fdf99b790feb6435",33,51,32,48,15,"11_2.mp3","music"
"3841","61350714824fe9ef61afde03",0,0,0,72,0,"4_1.mp3","music"
"3842","61350714824fe9ef61afde03",0,68,0,0,0,"12_2.mp3","music"
"3843","61350714824fe9ef61afde03",0,46,0,0,0,"11_11.mp3","music"
"3844","61350714824fe9ef61afde03",0,89,0,0,0,"4_2.mp3","music"
"3845","61350714824fe9ef61afde03",0,0,3,66,0,"8_2.mp3","music"
"3846","61350714824fe9ef61afde03",0,0,87,75,20,"7_10.mp3","music"
"3847","61350714824fe9ef61afde03",0,0,0,95,0,"6_5.mp3","music"
"3848","61350714824fe9ef61afde03",53,88,0,0,0,"2_1.mp3","music"
"3849","61350714824fe9ef61afde03",0,46,0,0,0,"11_2.mp3","music"
"3850","61350714824fe9ef61afde03",0,0,0,50,0,"10_2.mp3","music"
"3851","61350714824fe9ef61afde03",67,74,0,0,0,"5_14.mp3","music"
"3852","61350714824fe9ef61afde03",0,0,0,90,0,"6_10.mp3","music"
"3853","61350714824fe9ef61afde03",0,0,0,0,0,"10_1.mp3","music"
"3854","61350714824fe9ef61afde03",0,0,24,100,0,"11_10.mp3","music"
"3855","61350714824fe9ef61afde03",0,0,0,0,0,"7_13.mp3","music"
"3856","61350714824fe9ef61afde03",0,100,0,0,0,"3_1.mp3","music"
"3857","669fdf35b877ffb7641b412e",42,0,0,47,0,"7_10.mp3","music"
"3858","669fdf35b877ffb7641b412e",0,0,0,0,0,"8_2.mp3","music"
"3859","669fdf35b877ffb7641b412e",0,0,0,10,0,"6_10.mp3","music"
"3860","669fdf35b877ffb7641b412e",100,100,0,0,53,"11_2.mp3","music"
"3861","669fdf35b877ffb7641b412e",0,0,0,0,0,"12_2.mp3","music"
"3862","669fdf35b877ffb7641b412e",0,0,0,20,0,"4_1.mp3","music"
"3863","669fdf35b877ffb7641b412e",0,0,0,0,0,"3_1.mp3","music"
"3864","669fdf35b877ffb7641b412e",0,0,0,100,0,"6_5.mp3","music"
"3865","669fdf35b877ffb7641b412e",0,0,0,0,0,"2_1.mp3","music"
"3866","669fdf35b877ffb7641b412e",100,100,0,0,0,"5_14.mp3","music"
"3867","669fdf35b877ffb7641b412e",0,0,0,100,0,"10_2.mp3","music"
"3868","669fdf35b877ffb7641b412e",0,0,0,19,0,"11_10.mp3","music"
"3869","669fdf35b877ffb7641b412e",0,9,0,0,0,"10_1.mp3","music"
"3870","669fdf35b877ffb7641b412e",90,100,0,0,0,"11_11.mp3","music"
"3871","669fdf35b877ffb7641b412e",0,16,0,0,0,"7_13.mp3","music"
"3872","669fdf35b877ffb7641b412e",0,68,0,0,0,"4_2.mp3","music"
"3873","666883e7cd549b6798159085",0,0,0,0,0,"11_10.mp3","music"
"3874","666883e7cd549b6798159085",0,0,5,10,0,"7_10.mp3","music"
"3875","666883e7cd549b6798159085",0,0,0,0,0,"6_5.mp3","music"
"3876","666883e7cd549b6798159085",0,4,0,0,0,"2_1.mp3","music"
"3877","666883e7cd549b6798159085",10,10,0,0,0,"7_13.mp3","music"
"3878","666883e7cd549b6798159085",0,0,0,0,0,"8_2.mp3","music"
"3879","666883e7cd549b6798159085",15,15,0,0,0,"11_11.mp3","music"
"3880","666883e7cd549b6798159085",0,0,0,0,0,"4_1.mp3","music"
"3881","666883e7cd549b6798159085",0,0,0,0,0,"10_2.mp3","music"
"3882","666883e7cd549b6798159085",5,5,0,0,0,"3_1.mp3","music"
"3883","666883e7cd549b6798159085",10,10,5,0,0,"11_2.mp3","music"
"3884","666883e7cd549b6798159085",10,10,0,0,0,"12_2.mp3","music"
"3885","666883e7cd549b6798159085",10,10,0,0,0,"4_2.mp3","music"
"3886","666883e7cd549b6798159085",10,10,0,0,0,"5_14.mp3","music"
"3887","666883e7cd549b6798159085",5,0,0,0,0,"10_1.mp3","music"
"3888","666883e7cd549b6798159085",0,0,5,5,0,"6_10.mp3","music"
"3889","59948cbdcf1d1700016efa45",1,2,0,2,0,"6_5.mp3","music"
"3890","59948cbdcf1d1700016efa45",0,12,0,0,0,"10_1.mp3","music"
"3891","59948cbdcf1d1700016efa45",1,4,0,2,2,"4_1.mp3","music"
"3892","59948cbdcf1d1700016efa45",14,33,1,2,33,"5_14.mp3","music"
"3893","59948cbdcf1d1700016efa45",50,41,1,1,13,"4_2.mp3","music"
"3894","59948cbdcf1d1700016efa45",0,31,23,77,21,"7_10.mp3","music"
"3895","59948cbdcf1d1700016efa45",29,58,0,0,16,"3_1.mp3","music"
"3896","59948cbdcf1d1700016efa45",1,13,2,16,22,"11_11.mp3","music"
"3897","59948cbdcf1d1700016efa45",61,41,0,0,5,"7_13.mp3","music"
"3898","59948cbdcf1d1700016efa45",0,0,0,7,0,"8_2.mp3","music"
"3899","59948cbdcf1d1700016efa45",0,0,0,9,0,"10_2.mp3","music"
"3900","59948cbdcf1d1700016efa45",24,52,0,0,26,"2_1.mp3","music"
"3901","59948cbdcf1d1700016efa45",0,24,0,0,0,"12_2.mp3","music"
"3902","59948cbdcf1d1700016efa45",0,0,32,75,64,"11_10.mp3","music"
"3903","59948cbdcf1d1700016efa45",1,9,28,53,31,"6_10.mp3","music"
"3904","59948cbdcf1d1700016efa45",4,24,2,37,29,"11_2.mp3","music"
"3905","608bfa04767191aa4d57bfd8",100,89,54,0,72,"3_1.mp3","music"
"3906","608bfa04767191aa4d57bfd8",0,5,5,17,12,"10_2.mp3","music"
"3907","608bfa04767191aa4d57bfd8",10,19,12,81,57,"6_10.mp3","music"
"3908","608bfa04767191aa4d57bfd8",89,79,20,16,74,"4_2.mp3","music"
"3909","608bfa04767191aa4d57bfd8",3,16,10,20,8,"6_5.mp3","music"
"3910","608bfa04767191aa4d57bfd8",2,5,11,4,4,"8_2.mp3","music"
"3911","608bfa04767191aa4d57bfd8",74,65,72,57,70,"5_14.mp3","music"
"3912","608bfa04767191aa4d57bfd8",93,91,7,3,78,"11_11.mp3","music"
"3913","608bfa04767191aa4d57bfd8",8,8,6,7,12,"12_2.mp3","music"
"3914","608bfa04767191aa4d57bfd8",13,21,8,12,5,"11_2.mp3","music"
"3915","608bfa04767191aa4d57bfd8",84,76,60,5,87,"7_13.mp3","music"
"3916","608bfa04767191aa4d57bfd8",8,4,8,3,7,"10_1.mp3","music"
"3917","608bfa04767191aa4d57bfd8",89,82,60,67,87,"2_1.mp3","music"
"3918","608bfa04767191aa4d57bfd8",11,12,15,12,7,"4_1.mp3","music"
"3919","608bfa04767191aa4d57bfd8",70,68,94,83,81,"7_10.mp3","music"
"3920","608bfa04767191aa4d57bfd8",8,10,79,93,9,"11_10.mp3","music"
"3921","65e64c08cd1bf3d6ab957af7",0,0,0,11,0,"11_10.mp3","music"
"3922","65e64c08cd1bf3d6ab957af7",0,0,0,0,0,"10_2.mp3","music"
"3923","65e64c08cd1bf3d6ab957af7",7,0,0,18,0,"11_11.mp3","music"
"3924","65e64c08cd1bf3d6ab957af7",0,0,0,0,0,"8_2.mp3","music"
"3925","65e64c08cd1bf3d6ab957af7",0,0,17,62,20,"6_10.mp3","music"
"3926","65e64c08cd1bf3d6ab957af7",0,0,0,0,0,"12_2.mp3","music"
"3927","65e64c08cd1bf3d6ab957af7",0,0,0,0,0,"2_1.mp3","music"
"3928","65e64c08cd1bf3d6ab957af7",33,28,0,0,0,"7_13.mp3","music"
"3929","65e64c08cd1bf3d6ab957af7",0,13,0,0,0,"5_14.mp3","music"
"3930","65e64c08cd1bf3d6ab957af7",0,0,23,49,15,"11_2.mp3","music"
"3931","65e64c08cd1bf3d6ab957af7",0,15,0,0,0,"4_2.mp3","music"
"3932","65e64c08cd1bf3d6ab957af7",0,11,0,0,0,"10_1.mp3","music"
"3933","65e64c08cd1bf3d6ab957af7",0,0,0,0,44,"7_10.mp3","music"
"3934","65e64c08cd1bf3d6ab957af7",66,49,0,0,0,"3_1.mp3","music"
"3935","65e64c08cd1bf3d6ab957af7",0,0,0,0,0,"4_1.mp3","music"
"3936","65e64c08cd1bf3d6ab957af7",0,0,0,0,0,"6_5.mp3","music"
"3937","6637b21240220c2517fffa1a",0,17,5,8,1,"11_11.mp3","music"
"3938","6637b21240220c2517fffa1a",1,0,0,8,1,"10_2.mp3","music"
"3939","6637b21240220c2517fffa1a",1,11,0,11,6,"4_2.mp3","music"
"3940","6637b21240220c2517fffa1a",5,29,0,0,0,"3_1.mp3","music"
"3941","6637b21240220c2517fffa1a",0,0,0,0,0,"5_14.mp3","music"
"3942","6637b21240220c2517fffa1a",8,5,40,62,13,"11_10.mp3","music"
"3943","6637b21240220c2517fffa1a",0,0,4,9,3,"6_5.mp3","music"
"3944","6637b21240220c2517fffa1a",0,0,0,0,0,"10_1.mp3","music"
"3945","6637b21240220c2517fffa1a",0,0,5,7,0,"8_2.mp3","music"
"3946","6637b21240220c2517fffa1a",0,0,0,3,0,"4_1.mp3","music"
"3947","6637b21240220c2517fffa1a",0,0,0,0,0,"12_2.mp3","music"
"3948","6637b21240220c2517fffa1a",5,12,0,0,0,"7_13.mp3","music"
"3949","6637b21240220c2517fffa1a",14,0,16,50,76,"11_2.mp3","music"
"3950","6637b21240220c2517fffa1a",38,33,79,70,89,"7_10.mp3","music"
"3951","6637b21240220c2517fffa1a",0,0,0,0,0,"2_1.mp3","music"
"3952","6637b21240220c2517fffa1a",8,0,53,54,84,"6_10.mp3","music"
"3953","675df96b5f9fce8b022ec062",5,6,6,5,5,"10_1.mp3","music"
"3954","675df96b5f9fce8b022ec062",7,7,5,5,12,"4_1.mp3","music"
"3955","675df96b5f9fce8b022ec062",31,32,40,29,30,"11_10.mp3","music"
"3956","675df96b5f9fce8b022ec062",63,60,14,25,43,"4_2.mp3","music"
"3957","675df96b5f9fce8b022ec062",49,37,64,69,26,"7_10.mp3","music"
"3958","675df96b5f9fce8b022ec062",49,56,31,33,38,"5_14.mp3","music"
"3959","675df96b5f9fce8b022ec062",55,31,57,61,15,"6_10.mp3","music"
"3960","675df96b5f9fce8b022ec062",70,69,19,25,5,"3_1.mp3","music"
"3961","675df96b5f9fce8b022ec062",31,74,11,15,9,"12_2.mp3","music"
"3962","675df96b5f9fce8b022ec062",41,37,2,4,10,"11_11.mp3","music"
"3963","675df96b5f9fce8b022ec062",9,13,10,16,8,"8_2.mp3","music"
"3964","675df96b5f9fce8b022ec062",57,55,6,10,24,"7_13.mp3","music"
"3965","675df96b5f9fce8b022ec062",8,4,4,7,13,"10_2.mp3","music"
"3966","675df96b5f9fce8b022ec062",18,3,13,19,6,"6_5.mp3","music"
"3967","675df96b5f9fce8b022ec062",36,61,7,7,21,"2_1.mp3","music"
"3968","675df96b5f9fce8b022ec062",65,56,40,65,30,"11_2.mp3","music"
"3969","5bb10d4288f88d0001f3d151",11,9,1,6,4,"11_2.mp3","music"
"3970","5bb10d4288f88d0001f3d151",4,45,1,8,6,"11_11.mp3","music"
"3971","5bb10d4288f88d0001f3d151",5,3,86,81,42,"7_10.mp3","music"
"3972","5bb10d4288f88d0001f3d151",2,22,0,1,2,"4_2.mp3","music"
"3973","5bb10d4288f88d0001f3d151",14,7,4,13,0,"7_13.mp3","music"
"3974","5bb10d4288f88d0001f3d151",12,9,1,3,22,"2_1.mp3","music"
"3975","5bb10d4288f88d0001f3d151",1,1,20,45,3,"11_10.mp3","music"
"3976","5bb10d4288f88d0001f3d151",1,1,2,11,0,"10_2.mp3","music"
"3977","5bb10d4288f88d0001f3d151",74,74,6,42,22,"5_14.mp3","music"
"3978","5bb10d4288f88d0001f3d151",1,1,2,3,1,"6_5.mp3","music"
"3979","5bb10d4288f88d0001f3d151",9,2,2,8,1,"4_1.mp3","music"
"3980","5bb10d4288f88d0001f3d151",2,3,0,0,1,"10_1.mp3","music"
"3981","5bb10d4288f88d0001f3d151",2,0,2,2,2,"8_2.mp3","music"
"3982","5bb10d4288f88d0001f3d151",0,1,2,0,0,"12_2.mp3","music"
"3983","5bb10d4288f88d0001f3d151",18,3,69,78,12,"6_10.mp3","music"
"3984","5bb10d4288f88d0001f3d151",10,27,1,27,1,"3_1.mp3","music"
"3985","64d91e8194411a7a62506acc",57,71,7,26,24,"5_14.mp3","music"
"3986","64d91e8194411a7a62506acc",8,4,6,65,9,"6_5.mp3","music"
"3987","64d91e8194411a7a62506acc",88,92,8,7,67,"7_13.mp3","music"
"3988","64d91e8194411a7a62506acc",10,23,22,38,36,"4_1.mp3","music"
"3989","64d91e8194411a7a62506acc",5,23,7,4,7,"12_2.mp3","music"
"3990","64d91e8194411a7a62506acc",37,22,9,9,15,"2_1.mp3","music"
"3991","64d91e8194411a7a62506acc",68,70,44,62,69,"3_1.mp3","music"
"3992","64d91e8194411a7a62506acc",55,69,22,9,32,"4_2.mp3","music"
"3993","64d91e8194411a7a62506acc",7,11,95,92,3,"7_10.mp3","music"
"3994","64d91e8194411a7a62506acc",7,7,62,66,11,"11_10.mp3","music"
"3995","64d91e8194411a7a62506acc",48,31,6,7,40,"11_11.mp3","music"
"3996","64d91e8194411a7a62506acc",8,7,8,6,7,"10_1.mp3","music"
"3997","64d91e8194411a7a62506acc",27,52,7,14,30,"11_2.mp3","music"
"3998","64d91e8194411a7a62506acc",7,11,8,8,5,"10_2.mp3","music"
"3999","64d91e8194411a7a62506acc",8,8,20,63,8,"8_2.mp3","music"
"4000","64d91e8194411a7a62506acc",6,10,18,50,7,"6_10.mp3","music"
"4001","68423451060859f8ce31ee5a",18,2,2,63,32,"12_2.mp3","music"
"4002","68423451060859f8ce31ee5a",41,20,5,65,39,"7_13.mp3","music"
"4003","68423451060859f8ce31ee5a",10,10,2,14,58,"8_2.mp3","music"
"4004","68423451060859f8ce31ee5a",47,13,4,62,55,"4_2.mp3","music"
"4005","68423451060859f8ce31ee5a",6,4,3,16,61,"5_14.mp3","music"
"4006","68423451060859f8ce31ee5a",53,65,9,66,55,"2_1.mp3","music"
"4007","68423451060859f8ce31ee5a",22,12,8,35,55,"10_2.mp3","music"
"4008","68423451060859f8ce31ee5a",24,4,4,16,53,"11_2.mp3","music"
"4009","68423451060859f8ce31ee5a",35,9,3,14,65,"6_10.mp3","music"
"4010","68423451060859f8ce31ee5a",16,5,5,71,57,"3_1.mp3","music"
"4011","68423451060859f8ce31ee5a",21,19,5,59,23,"11_11.mp3","music"
"4012","68423451060859f8ce31ee5a",35,9,2,71,17,"6_5.mp3","music"
"4013","68423451060859f8ce31ee5a",22,8,9,70,60,"10_1.mp3","music"
"4014","68423451060859f8ce31ee5a",2,1,2,8,16,"4_1.mp3","music"
"4015","68423451060859f8ce31ee5a",6,1,2,16,77,"7_10.mp3","music"
"4016","68423451060859f8ce31ee5a",24,6,2,43,14,"11_10.mp3","music"
"4017","67d94f701307ac0887c44909",10,1,2,8,16,"10_2.mp3","music"
"4018","67d94f701307ac0887c44909",17,7,6,25,10,"11_10.mp3","music"
"4019","67d94f701307ac0887c44909",37,7,21,33,18,"11_11.mp3","music"
"4020","67d94f701307ac0887c44909",30,50,32,30,37,"5_14.mp3","music"
"4021","67d94f701307ac0887c44909",35,34,38,34,32,"3_1.mp3","music"
"4022","67d94f701307ac0887c44909",47,33,42,31,13,"12_2.mp3","music"
"4023","67d94f701307ac0887c44909",31,51,30,67,28,"6_5.mp3","music"
"4024","67d94f701307ac0887c44909",46,42,39,49,17,"7_10.mp3","music"
"4025","67d94f701307ac0887c44909",43,26,28,52,15,"6_10.mp3","music"
"4026","67d94f701307ac0887c44909",43,43,52,45,35,"11_2.mp3","music"
"4027","67d94f701307ac0887c44909",29,30,29,22,31,"4_2.mp3","music"
"4028","67d94f701307ac0887c44909",21,12,11,25,19,"8_2.mp3","music"
"4029","67d94f701307ac0887c44909",28,38,33,52,23,"7_13.mp3","music"
"4030","67d94f701307ac0887c44909",45,34,46,50,13,"2_1.mp3","music"
"4031","67d94f701307ac0887c44909",38,41,54,55,27,"10_1.mp3","music"
"4032","67d94f701307ac0887c44909",57,13,32,73,33,"4_1.mp3","music"
"4033","64275e53f51a5ed4f6b7d019",0,0,0,0,0,"6_5.mp3","music"
"4034","64275e53f51a5ed4f6b7d019",0,0,0,0,0,"11_2.mp3","music"
"4035","64275e53f51a5ed4f6b7d019",0,0,0,0,0,"11_11.mp3","music"
"4036","64275e53f51a5ed4f6b7d019",0,0,0,0,0,"7_10.mp3","music"
"4037","64275e53f51a5ed4f6b7d019",0,0,0,0,0,"7_13.mp3","music"
"4038","64275e53f51a5ed4f6b7d019",0,0,0,0,0,"4_1.mp3","music"
"4039","64275e53f51a5ed4f6b7d019",0,0,0,0,0,"12_2.mp3","music"
"4040","64275e53f51a5ed4f6b7d019",0,0,0,0,0,"10_2.mp3","music"
"4041","64275e53f51a5ed4f6b7d019",0,0,0,0,0,"6_10.mp3","music"
"4042","64275e53f51a5ed4f6b7d019",0,0,0,0,0,"2_1.mp3","music"
"4043","64275e53f51a5ed4f6b7d019",10,0,0,0,0,"5_14.mp3","music"
"4044","64275e53f51a5ed4f6b7d019",0,0,0,0,0,"10_1.mp3","music"
"4045","64275e53f51a5ed4f6b7d019",10,0,0,0,0,"4_2.mp3","music"
"4046","64275e53f51a5ed4f6b7d019",10,0,0,0,0,"3_1.mp3","music"
"4047","64275e53f51a5ed4f6b7d019",0,0,0,0,0,"11_10.mp3","music"
"4048","64275e53f51a5ed4f6b7d019",0,0,0,0,0,"8_2.mp3","music"
"4049","67e92dbd9199b830fbecdf2e",13,9,13,10,5,"10_1.mp3","music"
"4050","67e92dbd9199b830fbecdf2e",5,8,8,5,10,"10_2.mp3","music"
"4051","67e92dbd9199b830fbecdf2e",45,46,61,65,29,"7_10.mp3","music"
"4052","67e92dbd9199b830fbecdf2e",22,16,21,23,17,"6_10.mp3","music"
"4053","67e92dbd9199b830fbecdf2e",17,17,19,72,14,"12_2.mp3","music"
"4054","67e92dbd9199b830fbecdf2e",23,33,20,45,21,"5_14.mp3","music"
"4055","67e92dbd9199b830fbecdf2e",3,5,5,39,6,"8_2.mp3","music"
"4056","67e92dbd9199b830fbecdf2e",8,8,8,16,9,"2_1.mp3","music"
"4057","67e92dbd9199b830fbecdf2e",10,7,9,6,11,"4_1.mp3","music"
"4058","67e92dbd9199b830fbecdf2e",9,10,16,16,10,"4_2.mp3","music"
"4059","67e92dbd9199b830fbecdf2e",11,9,21,37,20,"11_11.mp3","music"
"4060","67e92dbd9199b830fbecdf2e",11,8,11,5,15,"6_5.mp3","music"
"4061","67e92dbd9199b830fbecdf2e",13,11,17,22,7,"3_1.mp3","music"
"4062","67e92dbd9199b830fbecdf2e",11,10,8,18,20,"11_2.mp3","music"
"4063","67e92dbd9199b830fbecdf2e",5,5,35,36,15,"11_10.mp3","music"
"4064","67e92dbd9199b830fbecdf2e",21,13,11,11,19,"7_13.mp3","music"
"4065","5c1655c7ad682500017070d2",0,0,0,0,0,"10_1.mp3","music"
"4066","5c1655c7ad682500017070d2",0,0,10,20,6,"6_10.mp3","music"
"4067","5c1655c7ad682500017070d2",0,6,0,0,0,"5_14.mp3","music"
"4068","5c1655c7ad682500017070d2",0,0,0,0,0,"4_2.mp3","music"
"4069","5c1655c7ad682500017070d2",0,0,0,0,0,"2_1.mp3","music"
"4070","5c1655c7ad682500017070d2",0,0,0,0,0,"12_2.mp3","music"
"4071","5c1655c7ad682500017070d2",0,0,0,0,0,"4_1.mp3","music"
"4072","5c1655c7ad682500017070d2",36,9,9,26,6,"7_10.mp3","music"
"4073","5c1655c7ad682500017070d2",0,0,0,0,0,"11_11.mp3","music"
"4074","5c1655c7ad682500017070d2",0,0,0,0,0,"6_5.mp3","music"
"4075","5c1655c7ad682500017070d2",0,0,0,0,0,"7_13.mp3","music"
"4076","5c1655c7ad682500017070d2",0,0,0,5,0,"11_10.mp3","music"
"4077","5c1655c7ad682500017070d2",0,0,0,0,0,"10_2.mp3","music"
"4078","5c1655c7ad682500017070d2",0,0,0,0,0,"11_2.mp3","music"
"4079","5c1655c7ad682500017070d2",0,0,0,0,0,"8_2.mp3","music"
"4080","5c1655c7ad682500017070d2",0,0,0,0,0,"3_1.mp3","music"
"4081","67104c7deff954cb22438402",0,0,12,34,0,"6_10.mp3","music"
"4082","67104c7deff954cb22438402",50,59,0,0,13,"3_1.mp3","music"
"4083","67104c7deff954cb22438402",0,0,0,0,0,"12_2.mp3","music"
"4084","67104c7deff954cb22438402",58,0,45,73,43,"7_10.mp3","music"
"4085","67104c7deff954cb22438402",0,0,0,0,0,"4_1.mp3","music"
"4086","67104c7deff954cb22438402",0,0,0,0,0,"6_5.mp3","music"
"4087","67104c7deff954cb22438402",0,14,1,21,7,"8_2.mp3","music"
"4088","67104c7deff954cb22438402",25,23,0,0,0,"10_1.mp3","music"
"4089","67104c7deff954cb22438402",20,49,0,0,6,"2_1.mp3","music"
"4090","67104c7deff954cb22438402",18,21,0,11,5,"11_2.mp3","music"
"4091","67104c7deff954cb22438402",1,0,0,28,4,"10_2.mp3","music"
"4092","67104c7deff954cb22438402",20,53,0,0,13,"11_11.mp3","music"
"4093","67104c7deff954cb22438402",0,0,0,21,0,"11_10.mp3","music"
"4094","67104c7deff954cb22438402",48,75,0,0,15,"7_13.mp3","music"
"4095","67104c7deff954cb22438402",15,40,0,0,2,"5_14.mp3","music"
"4096","67104c7deff954cb22438402",8,50,0,0,10,"4_2.mp3","music"
"4097","671acd4b14ebfd595a8b6c09",25,24,8,0,9,"11_11.mp3","music"
"4098","671acd4b14ebfd595a8b6c09",0,40,9,0,0,"4_2.mp3","music"
"4099","671acd4b14ebfd595a8b6c09",17,0,0,0,0,"12_2.mp3","music"
"4100","671acd4b14ebfd595a8b6c09",0,14,0,32,0,"6_10.mp3","music"
"4101","671acd4b14ebfd595a8b6c09",0,0,0,0,0,"6_5.mp3","music"
"4102","671acd4b14ebfd595a8b6c09",17,0,0,0,0,"11_10.mp3","music"
"4103","671acd4b14ebfd595a8b6c09",14,25,0,0,0,"10_1.mp3","music"
"4104","671acd4b14ebfd595a8b6c09",0,0,0,0,0,"10_2.mp3","music"
"4105","671acd4b14ebfd595a8b6c09",37,52,0,13,0,"3_1.mp3","music"
"4106","671acd4b14ebfd595a8b6c09",0,0,0,0,0,"7_13.mp3","music"
"4107","671acd4b14ebfd595a8b6c09",53,7,0,0,0,"2_1.mp3","music"
"4108","671acd4b14ebfd595a8b6c09",0,17,0,0,18,"11_2.mp3","music"
"4109","671acd4b14ebfd595a8b6c09",0,0,0,0,2,"4_1.mp3","music"
"4110","671acd4b14ebfd595a8b6c09",0,0,21,15,0,"7_10.mp3","music"
"4111","671acd4b14ebfd595a8b6c09",0,0,0,0,0,"8_2.mp3","music"
"4112","671acd4b14ebfd595a8b6c09",2,8,0,11,0,"5_14.mp3","music"
"4113","5e42f74f5b772a18434cabf7",31,25,0,5,0,"7_13.mp3","music"
"4114","5e42f74f5b772a18434cabf7",0,0,0,37,0,"4_1.mp3","music"
"4115","5e42f74f5b772a18434cabf7",0,0,0,4,0,"8_2.mp3","music"
"4116","5e42f74f5b772a18434cabf7",0,0,0,22,0,"6_10.mp3","music"
"4117","5e42f74f5b772a18434cabf7",0,0,0,0,0,"10_2.mp3","music"
"4118","5e42f74f5b772a18434cabf7",0,0,0,12,0,"6_5.mp3","music"
"4119","5e42f74f5b772a18434cabf7",21,0,3,23,0,"11_10.mp3","music"
"4120","5e42f74f5b772a18434cabf7",0,7,0,0,0,"12_2.mp3","music"
"4121","5e42f74f5b772a18434cabf7",65,71,0,0,5,"3_1.mp3","music"
"4122","5e42f74f5b772a18434cabf7",39,50,0,3,4,"4_2.mp3","music"
"4123","5e42f74f5b772a18434cabf7",7,20,0,3,2,"2_1.mp3","music"
"4124","5e42f74f5b772a18434cabf7",6,8,0,18,0,"11_2.mp3","music"
"4125","5e42f74f5b772a18434cabf7",0,0,0,0,0,"10_1.mp3","music"
"4126","5e42f74f5b772a18434cabf7",99,4,4,8,2,"7_10.mp3","music"
"4127","5e42f74f5b772a18434cabf7",33,28,0,2,3,"5_14.mp3","music"
"4128","5e42f74f5b772a18434cabf7",0,4,0,2,0,"11_11.mp3","music"
"4129","63026053812fe400f2929701",0,0,0,0,0,"11_11.mp3","music"
"4130","63026053812fe400f2929701",2,5,0,0,0,"7_13.mp3","music"
"4131","63026053812fe400f2929701",0,0,0,0,0,"10_1.mp3","music"
"4132","63026053812fe400f2929701",0,0,0,0,0,"10_2.mp3","music"
"4133","63026053812fe400f2929701",25,29,0,4,11,"4_2.mp3","music"
"4134","63026053812fe400f2929701",0,0,0,0,0,"11_10.mp3","music"
"4135","63026053812fe400f2929701",4,0,0,0,2,"11_2.mp3","music"
"4136","63026053812fe400f2929701",0,0,0,0,0,"8_2.mp3","music"
"4137","63026053812fe400f2929701",0,0,0,0,0,"12_2.mp3","music"
"4138","63026053812fe400f2929701",0,0,0,0,0,"4_1.mp3","music"
"4139","63026053812fe400f2929701",3,0,0,0,0,"5_14.mp3","music"
"4140","63026053812fe400f2929701",5,0,0,0,0,"6_10.mp3","music"
"4141","63026053812fe400f2929701",8,0,28,55,4,"7_10.mp3","music"
"4142","63026053812fe400f2929701",45,20,0,2,5,"3_1.mp3","music"
"4143","63026053812fe400f2929701",0,0,0,0,0,"6_5.mp3","music"
"4144","63026053812fe400f2929701",7,24,0,0,10,"2_1.mp3","music"
"4145","674c9df1e01bfe1baae76974",24,29,29,41,13,"12_2.mp3","music"
"4146","674c9df1e01bfe1baae76974",34,28,18,36,29,"3_1.mp3","music"
"4147","674c9df1e01bfe1baae76974",13,25,31,39,24,"10_1.mp3","music"
"4148","674c9df1e01bfe1baae76974",12,12,22,24,10,"2_1.mp3","music"
"4149","674c9df1e01bfe1baae76974",74,36,51,35,21,"6_10.mp3","music"
"4150","674c9df1e01bfe1baae76974",33,28,57,42,33,"11_10.mp3","music"
"4151","674c9df1e01bfe1baae76974",54,52,49,36,13,"6_5.mp3","music"
"4152","674c9df1e01bfe1baae76974",18,53,14,38,25,"8_2.mp3","music"
"4153","674c9df1e01bfe1baae76974",49,19,26,33,25,"11_2.mp3","music"
"4154","674c9df1e01bfe1baae76974",24,31,30,18,37,"7_13.mp3","music"
"4155","674c9df1e01bfe1baae76974",61,24,43,50,44,"7_10.mp3","music"
"4156","674c9df1e01bfe1baae76974",58,23,48,29,38,"11_11.mp3","music"
"4157","674c9df1e01bfe1baae76974",48,26,58,52,28,"10_2.mp3","music"
"4158","674c9df1e01bfe1baae76974",69,76,46,34,27,"5_14.mp3","music"
"4159","674c9df1e01bfe1baae76974",58,71,52,46,40,"4_2.mp3","music"
"4160","674c9df1e01bfe1baae76974",49,34,23,25,15,"4_1.mp3","music"
"4161","5ef3e3c01ece121907ee721a",0,0,0,0,0,"8_2.mp3","music"
"4162","5ef3e3c01ece121907ee721a",0,0,0,0,0,"6_5.mp3","music"
"4163","5ef3e3c01ece121907ee721a",20,0,0,18,0,"7_10.mp3","music"
"4164","5ef3e3c01ece121907ee721a",0,0,0,0,0,"10_2.mp3","music"
"4165","5ef3e3c01ece121907ee721a",0,0,0,0,0,"5_14.mp3","music"
"4166","5ef3e3c01ece121907ee721a",0,0,0,0,0,"2_1.mp3","music"
"4167","5ef3e3c01ece121907ee721a",0,0,0,0,0,"11_2.mp3","music"
"4168","5ef3e3c01ece121907ee721a",0,0,0,0,0,"10_1.mp3","music"
"4169","5ef3e3c01ece121907ee721a",12,0,0,37,0,"11_10.mp3","music"
"4170","5ef3e3c01ece121907ee721a",0,0,0,0,0,"4_1.mp3","music"
"4171","5ef3e3c01ece121907ee721a",0,17,0,0,0,"11_11.mp3","music"
"4172","5ef3e3c01ece121907ee721a",0,0,0,0,0,"12_2.mp3","music"
"4173","5ef3e3c01ece121907ee721a",21,11,0,0,0,"3_1.mp3","music"
"4174","5ef3e3c01ece121907ee721a",10,17,0,0,0,"7_13.mp3","music"
"4175","5ef3e3c01ece121907ee721a",0,0,0,0,0,"6_10.mp3","music"
"4176","5ef3e3c01ece121907ee721a",0,0,0,0,0,"4_2.mp3","music"
"4177","66699f85a69c5a20e26d0446",8,6,8,9,8,"5_14.mp3","music"
"4178","66699f85a69c5a20e26d0446",9,7,8,24,10,"12_2.mp3","music"
"4179","66699f85a69c5a20e26d0446",13,3,5,25,4,"11_2.mp3","music"
"4180","66699f85a69c5a20e26d0446",18,7,7,16,13,"8_2.mp3","music"
"4181","66699f85a69c5a20e26d0446",8,6,9,8,6,"2_1.mp3","music"
"4182","66699f85a69c5a20e26d0446",11,9,7,13,10,"10_2.mp3","music"
"4183","66699f85a69c5a20e26d0446",10,7,8,12,9,"7_13.mp3","music"
"4184","66699f85a69c5a20e26d0446",7,5,10,37,8,"7_10.mp3","music"
"4185","66699f85a69c5a20e26d0446",11,6,7,15,4,"11_11.mp3","music"
"4186","66699f85a69c5a20e26d0446",13,5,4,13,9,"10_1.mp3","music"
"4187","66699f85a69c5a20e26d0446",4,8,9,15,8,"3_1.mp3","music"
"4188","66699f85a69c5a20e26d0446",23,8,4,11,10,"4_2.mp3","music"
"4189","66699f85a69c5a20e26d0446",14,11,12,10,10,"4_1.mp3","music"
"4190","66699f85a69c5a20e26d0446",15,9,9,23,10,"11_10.mp3","music"
"4191","66699f85a69c5a20e26d0446",15,9,7,18,12,"6_10.mp3","music"
"4192","66699f85a69c5a20e26d0446",7,7,7,7,14,"6_5.mp3","music"
"4193","60bff9298f56d55c8ecd9adf",75,50,0,59,0,"6_10.mp3","music"
"4194","60bff9298f56d55c8ecd9adf",45,40,0,17,0,"6_5.mp3","music"
"4195","60bff9298f56d55c8ecd9adf",75,85,20,46,0,"11_2.mp3","music"
"4196","60bff9298f56d55c8ecd9adf",84,100,0,12,0,"11_11.mp3","music"
"4197","60bff9298f56d55c8ecd9adf",25,32,0,10,0,"2_1.mp3","music"
"4198","60bff9298f56d55c8ecd9adf",54,0,77,66,0,"7_10.mp3","music"
"4199","60bff9298f56d55c8ecd9adf",68,48,66,41,54,"11_10.mp3","music"
"4200","60bff9298f56d55c8ecd9adf",81,100,0,62,0,"10_1.mp3","music"
"4201","60bff9298f56d55c8ecd9adf",91,79,19,63,0,"3_1.mp3","music"
"4202","60bff9298f56d55c8ecd9adf",0,0,0,11,0,"8_2.mp3","music"
"4203","60bff9298f56d55c8ecd9adf",25,50,0,14,0,"4_1.mp3","music"
"4204","60bff9298f56d55c8ecd9adf",88,71,0,70,0,"5_14.mp3","music"
"4205","60bff9298f56d55c8ecd9adf",0,0,0,17,0,"10_2.mp3","music"
"4206","60bff9298f56d55c8ecd9adf",90,80,0,19,0,"4_2.mp3","music"
"4207","60bff9298f56d55c8ecd9adf",74,87,20,19,35,"7_13.mp3","music"
"4208","60bff9298f56d55c8ecd9adf",85,77,0,0,0,"12_2.mp3","music"
"4209","5f6b8930b9d9530b1b065360",29,14,0,11,0,"7_10.mp3","music"
"4210","5f6b8930b9d9530b1b065360",0,0,0,0,0,"8_2.mp3","music"
"4211","5f6b8930b9d9530b1b065360",0,0,0,8,0,"6_5.mp3","music"
"4212","5f6b8930b9d9530b1b065360",9,0,0,8,0,"11_10.mp3","music"
"4213","5f6b8930b9d9530b1b065360",7,15,0,0,0,"11_2.mp3","music"
"4214","5f6b8930b9d9530b1b065360",15,14,0,0,0,"4_2.mp3","music"
"4215","5f6b8930b9d9530b1b065360",0,23,0,0,0,"7_13.mp3","music"
"4216","5f6b8930b9d9530b1b065360",0,0,0,0,0,"2_1.mp3","music"
"4217","5f6b8930b9d9530b1b065360",14,0,0,0,0,"3_1.mp3","music"
"4218","5f6b8930b9d9530b1b065360",0,10,0,0,0,"11_11.mp3","music"
"4219","5f6b8930b9d9530b1b065360",0,0,0,0,0,"4_1.mp3","music"
"4220","5f6b8930b9d9530b1b065360",0,0,0,0,0,"6_10.mp3","music"
"4221","5f6b8930b9d9530b1b065360",0,0,0,0,0,"10_2.mp3","music"
"4222","5f6b8930b9d9530b1b065360",0,0,0,0,0,"12_2.mp3","music"
"4223","5f6b8930b9d9530b1b065360",8,0,0,0,0,"5_14.mp3","music"
"4224","5f6b8930b9d9530b1b065360",0,0,0,0,0,"10_1.mp3","music"
"4225","6754212bee2fa6f30842fb86",34,58,81,46,38,"10_2.mp3","music"
"4226","6754212bee2fa6f30842fb86",46,54,36,54,27,"7_10.mp3","music"
"4227","6754212bee2fa6f30842fb86",50,37,33,58,28,"10_1.mp3","music"
"4228","6754212bee2fa6f30842fb86",33,34,44,59,20,"7_13.mp3","music"
"4229","6754212bee2fa6f30842fb86",31,19,22,63,19,"2_1.mp3","music"
"4230","6754212bee2fa6f30842fb86",34,24,61,66,23,"8_2.mp3","music"
"4231","6754212bee2fa6f30842fb86",28,24,30,56,11,"4_2.mp3","music"
"4232","6754212bee2fa6f30842fb86",12,8,6,10,11,"6_5.mp3","music"
"4233","6754212bee2fa6f30842fb86",1,12,4,12,23,"12_2.mp3","music"
"4234","6754212bee2fa6f30842fb86",10,2,4,52,20,"3_1.mp3","music"
"4235","6754212bee2fa6f30842fb86",11,1,24,16,15,"5_14.mp3","music"
"4236","6754212bee2fa6f30842fb86",11,2,1,10,5,"4_1.mp3","music"
"4237","6754212bee2fa6f30842fb86",18,16,9,75,6,"11_11.mp3","music"
"4238","6754212bee2fa6f30842fb86",34,28,19,26,21,"11_2.mp3","music"
"4239","6754212bee2fa6f30842fb86",26,17,34,0,13,"11_10.mp3","music"
"4240","6754212bee2fa6f30842fb86",9,12,5,20,18,"6_10.mp3","music"
"4241","5d697ea28572fc000126b779",0,4,3,0,1,"6_10.mp3","music"
"4242","5d697ea28572fc000126b779",81,96,43,87,47,"11_2.mp3","music"
"4243","5d697ea28572fc000126b779",2,4,2,4,4,"8_2.mp3","music"
"4244","5d697ea28572fc000126b779",5,0,4,4,3,"6_5.mp3","music"
"4245","5d697ea28572fc000126b779",0,44,0,4,3,"5_14.mp3","music"
"4246","5d697ea28572fc000126b779",74,54,6,50,35,"7_13.mp3","music"
"4247","5d697ea28572fc000126b779",94,97,9,4,25,"4_2.mp3","music"
"4248","5d697ea28572fc000126b779",0,3,5,2,1,"11_10.mp3","music"
"4249","5d697ea28572fc000126b779",88,94,3,16,3,"11_11.mp3","music"
"4250","5d697ea28572fc000126b779",4,2,4,4,3,"10_1.mp3","music"
"4251","5d697ea28572fc000126b779",95,22,87,73,45,"7_10.mp3","music"
"4252","5d697ea28572fc000126b779",2,63,0,3,2,"2_1.mp3","music"
"4253","5d697ea28572fc000126b779",4,49,2,2,2,"12_2.mp3","music"
"4254","5d697ea28572fc000126b779",82,85,5,2,6,"3_1.mp3","music"
"4255","5d697ea28572fc000126b779",0,5,4,3,2,"10_2.mp3","music"
"4256","5d697ea28572fc000126b779",5,1,2,1,1,"4_1.mp3","music"
"4257","663dff19b292e4e2c5c11a1b",43,44,27,36,48,"7_13.mp3","music"
"4258","663dff19b292e4e2c5c11a1b",18,12,9,52,16,"6_5.mp3","music"
"4259","663dff19b292e4e2c5c11a1b",16,10,17,19,15,"10_1.mp3","music"
"4260","663dff19b292e4e2c5c11a1b",18,0,1,30,4,"11_10.mp3","music"
"4261","663dff19b292e4e2c5c11a1b",40,13,12,12,8,"11_11.mp3","music"
"4262","663dff19b292e4e2c5c11a1b",51,35,13,14,18,"4_2.mp3","music"
"4263","663dff19b292e4e2c5c11a1b",63,4,10,56,24,"6_10.mp3","music"
"4264","663dff19b292e4e2c5c11a1b",14,6,21,38,31,"10_2.mp3","music"
"4265","663dff19b292e4e2c5c11a1b",44,6,15,23,23,"11_2.mp3","music"
"4266","663dff19b292e4e2c5c11a1b",0,0,0,0,0,"8_2.mp3","music"
"4267","663dff19b292e4e2c5c11a1b",35,19,5,19,17,"5_14.mp3","music"
"4268","663dff19b292e4e2c5c11a1b",0,0,0,0,0,"12_2.mp3","music"
"4269","663dff19b292e4e2c5c11a1b",44,12,61,26,27,"7_10.mp3","music"
"4270","663dff19b292e4e2c5c11a1b",0,0,0,0,0,"4_1.mp3","music"
"4271","663dff19b292e4e2c5c11a1b",14,34,0,5,17,"3_1.mp3","music"
"4272","663dff19b292e4e2c5c11a1b",34,37,0,16,21,"2_1.mp3","music"
"4273","67001b28a9974a03b6ffec54",0,0,0,0,0,"12_2.mp3","music"
"4274","67001b28a9974a03b6ffec54",5,0,1,10,0,"7_10.mp3","music"
"4275","67001b28a9974a03b6ffec54",0,0,0,0,0,"10_2.mp3","music"
"4276","67001b28a9974a03b6ffec54",15,10,0,0,0,"3_1.mp3","music"
"4277","67001b28a9974a03b6ffec54",5,5,0,0,0,"4_2.mp3","music"
"4278","67001b28a9974a03b6ffec54",1,0,0,10,15,"11_2.mp3","music"
"4279","67001b28a9974a03b6ffec54",10,5,0,0,0,"5_14.mp3","music"
"4280","67001b28a9974a03b6ffec54",0,0,0,5,0,"6_5.mp3","music"
"4281","67001b28a9974a03b6ffec54",0,0,0,0,0,"8_2.mp3","music"
"4282","67001b28a9974a03b6ffec54",0,0,0,15,5,"4_1.mp3","music"
"4283","67001b28a9974a03b6ffec54",0,0,1,20,0,"6_10.mp3","music"
"4284","67001b28a9974a03b6ffec54",10,5,0,0,0,"10_1.mp3","music"
"4285","67001b28a9974a03b6ffec54",20,10,0,5,0,"7_13.mp3","music"
"4286","67001b28a9974a03b6ffec54",10,5,0,0,0,"2_1.mp3","music"
"4287","67001b28a9974a03b6ffec54",0,0,0,0,0,"11_10.mp3","music"
"4288","67001b28a9974a03b6ffec54",10,10,0,10,0,"11_11.mp3","music"
"4289","5db0a97f127d4000117cdfa0",32,58,1,21,24,"3_1.mp3","music"
"4290","5db0a97f127d4000117cdfa0",53,68,3,25,16,"11_11.mp3","music"
"4291","5db0a97f127d4000117cdfa0",34,66,0,30,26,"11_2.mp3","music"
"4292","5db0a97f127d4000117cdfa0",6,9,0,17,0,"4_1.mp3","music"
"4293","5db0a97f127d4000117cdfa0",46,65,0,21,14,"2_1.mp3","music"
"4294","5db0a97f127d4000117cdfa0",6,3,1,6,0,"7_10.mp3","music"
"4295","5db0a97f127d4000117cdfa0",6,52,0,16,0,"10_1.mp3","music"
"4296","5db0a97f127d4000117cdfa0",0,0,0,0,0,"6_5.mp3","music"
"4297","5db0a97f127d4000117cdfa0",0,0,0,0,0,"11_10.mp3","music"
"4298","5db0a97f127d4000117cdfa0",24,32,0,14,0,"10_2.mp3","music"
"4299","5db0a97f127d4000117cdfa0",38,43,0,31,15,"5_14.mp3","music"
"4300","5db0a97f127d4000117cdfa0",31,42,0,27,22,"4_2.mp3","music"
"4301","5db0a97f127d4000117cdfa0",0,0,0,3,0,"8_2.mp3","music"
"4302","5db0a97f127d4000117cdfa0",0,2,0,1,0,"6_10.mp3","music"
"4303","5db0a97f127d4000117cdfa0",38,53,0,27,17,"7_13.mp3","music"
"4304","5db0a97f127d4000117cdfa0",26,45,0,23,27,"12_2.mp3","music"
"4305","56d39b96da2aaa000dab6178",25,22,30,30,14,"6_10.mp3","music"
"4306","56d39b96da2aaa000dab6178",3,3,3,6,2,"2_1.mp3","music"
"4307","56d39b96da2aaa000dab6178",57,63,3,4,45,"11_11.mp3","music"
"4308","56d39b96da2aaa000dab6178",3,2,3,4,3,"8_2.mp3","music"
"4309","56d39b96da2aaa000dab6178",5,5,5,3,5,"4_1.mp3","music"
"4310","56d39b96da2aaa000dab6178",65,68,2,32,65,"3_1.mp3","music"
"4311","56d39b96da2aaa000dab6178",12,28,6,6,12,"10_1.mp3","music"
"4312","56d39b96da2aaa000dab6178",4,3,4,5,7,"10_2.mp3","music"
"4313","56d39b96da2aaa000dab6178",5,5,22,24,8,"11_10.mp3","music"
"4314","56d39b96da2aaa000dab6178",10,3,66,68,32,"7_10.mp3","music"
"4315","56d39b96da2aaa000dab6178",55,58,15,22,60,"4_2.mp3","music"
"4316","56d39b96da2aaa000dab6178",71,76,10,18,72,"5_14.mp3","music"
"4317","56d39b96da2aaa000dab6178",31,23,11,7,21,"7_13.mp3","music"
"4318","56d39b96da2aaa000dab6178",3,1,2,4,6,"6_5.mp3","music"
"4319","56d39b96da2aaa000dab6178",44,52,33,42,48,"11_2.mp3","music"
"4320","56d39b96da2aaa000dab6178",4,3,2,4,2,"12_2.mp3","music"
"4321","67296c945c2b23b3b4f9d079",13,34,0,0,0,"7_13.mp3","music"
"4322","67296c945c2b23b3b4f9d079",63,69,0,1,0,"4_2.mp3","music"
"4323","67296c945c2b23b3b4f9d079",0,0,0,0,0,"11_10.mp3","music"
"4324","67296c945c2b23b3b4f9d079",41,24,0,0,0,"2_1.mp3","music"
"4325","67296c945c2b23b3b4f9d079",0,0,0,0,0,"10_2.mp3","music"
"4326","67296c945c2b23b3b4f9d079",28,13,0,3,0,"11_2.mp3","music"
"4327","67296c945c2b23b3b4f9d079",79,63,7,0,0,"11_11.mp3","music"
"4328","67296c945c2b23b3b4f9d079",63,57,0,0,7,"12_2.mp3","music"
"4329","67296c945c2b23b3b4f9d079",0,0,0,0,0,"6_10.mp3","music"
"4330","67296c945c2b23b3b4f9d079",0,0,0,0,0,"10_1.mp3","music"
"4331","67296c945c2b23b3b4f9d079",42,27,0,0,0,"5_14.mp3","music"
"4332","67296c945c2b23b3b4f9d079",0,0,0,0,0,"6_5.mp3","music"
"4333","67296c945c2b23b3b4f9d079",8,0,71,89,0,"7_10.mp3","music"
"4334","67296c945c2b23b3b4f9d079",14,0,10,14,0,"4_1.mp3","music"
"4335","67296c945c2b23b3b4f9d079",0,0,0,0,0,"8_2.mp3","music"
"4336","67296c945c2b23b3b4f9d079",50,65,0,0,0,"3_1.mp3","music"
"4337","5d0d16d991270800010b7dd7",3,5,5,3,4,"12_2.mp3","music"
"4338","5d0d16d991270800010b7dd7",30,8,8,5,5,"8_2.mp3","music"
"4339","5d0d16d991270800010b7dd7",12,30,18,3,11,"5_14.mp3","music"
"4340","5d0d16d991270800010b7dd7",67,53,38,3,9,"2_1.mp3","music"
"4341","5d0d16d991270800010b7dd7",75,21,68,65,29,"6_10.mp3","music"
"4342","5d0d16d991270800010b7dd7",40,3,14,23,2,"6_5.mp3","music"
"4343","5d0d16d991270800010b7dd7",70,4,80,91,26,"7_10.mp3","music"
"4344","5d0d16d991270800010b7dd7",30,13,13,17,20,"11_2.mp3","music"
"4345","5d0d16d991270800010b7dd7",61,80,39,29,28,"11_11.mp3","music"
"4346","5d0d16d991270800010b7dd7",63,14,18,28,7,"4_1.mp3","music"
"4347","5d0d16d991270800010b7dd7",67,79,5,7,4,"7_13.mp3","music"
"4348","5d0d16d991270800010b7dd7",64,9,84,81,54,"11_10.mp3","music"
"4349","5d0d16d991270800010b7dd7",70,66,15,11,27,"4_2.mp3","music"
"4350","5d0d16d991270800010b7dd7",69,44,53,35,24,"3_1.mp3","music"
"4351","5d0d16d991270800010b7dd7",77,61,40,78,25,"10_2.mp3","music"
"4352","5d0d16d991270800010b7dd7",78,36,67,60,33,"10_1.mp3","music"
"4353","650b03136ab3d4c832d98b71",0,0,0,0,0,"5_14.mp3","music"
"4354","650b03136ab3d4c832d98b71",0,0,0,0,0,"4_2.mp3","music"
"4355","650b03136ab3d4c832d98b71",0,0,0,0,0,"3_1.mp3","music"
"4356","650b03136ab3d4c832d98b71",0,0,7,20,11,"7_10.mp3","music"
"4357","650b03136ab3d4c832d98b71",0,0,0,0,0,"7_13.mp3","music"
"4358","650b03136ab3d4c832d98b71",0,0,0,0,0,"4_1.mp3","music"
"4359","650b03136ab3d4c832d98b71",0,0,0,0,0,"6_5.mp3","music"
"4360","650b03136ab3d4c832d98b71",0,0,0,0,0,"8_2.mp3","music"
"4361","650b03136ab3d4c832d98b71",0,0,0,0,0,"10_1.mp3","music"
"4362","650b03136ab3d4c832d98b71",0,0,0,0,0,"12_2.mp3","music"
"4363","650b03136ab3d4c832d98b71",0,0,0,0,0,"10_2.mp3","music"
"4364","650b03136ab3d4c832d98b71",0,0,0,0,0,"2_1.mp3","music"
"4365","650b03136ab3d4c832d98b71",0,0,0,0,0,"11_10.mp3","music"
"4366","650b03136ab3d4c832d98b71",0,0,0,0,0,"6_10.mp3","music"
"4367","650b03136ab3d4c832d98b71",0,0,0,0,0,"11_2.mp3","music"
"4368","650b03136ab3d4c832d98b71",0,0,1,0,0,"11_11.mp3","music"
"4369","66c3f9c82a62ec48ab383e47",25,9,42,85,22,"6_10.mp3","music"
"4370","66c3f9c82a62ec48ab383e47",15,12,9,87,63,"4_1.mp3","music"
"4371","66c3f9c82a62ec48ab383e47",70,58,27,21,33,"12_2.mp3","music"
"4372","66c3f9c82a62ec48ab383e47",12,19,11,30,31,"7_13.mp3","music"
"4373","66c3f9c82a62ec48ab383e47",22,15,14,7,22,"10_2.mp3","music"
"4374","66c3f9c82a62ec48ab383e47",80,80,70,70,74,"2_1.mp3","music"
"4375","66c3f9c82a62ec48ab383e47",33,69,91,72,88,"7_10.mp3","music"
"4376","66c3f9c82a62ec48ab383e47",69,20,33,86,28,"11_11.mp3","music"
"4377","66c3f9c82a62ec48ab383e47",18,16,12,47,74,"8_2.mp3","music"
"4378","66c3f9c82a62ec48ab383e47",37,12,37,9,26,"5_14.mp3","music"
"4379","66c3f9c82a62ec48ab383e47",25,0,8,22,11,"4_2.mp3","music"
"4380","66c3f9c82a62ec48ab383e47",12,10,7,23,14,"10_1.mp3","music"
"4381","66c3f9c82a62ec48ab383e47",50,67,67,53,76,"11_10.mp3","music"
"4382","66c3f9c82a62ec48ab383e47",73,77,84,13,64,"6_5.mp3","music"
"4383","66c3f9c82a62ec48ab383e47",13,12,15,57,24,"3_1.mp3","music"
"4384","66c3f9c82a62ec48ab383e47",24,30,12,12,19,"11_2.mp3","music"
"4385","5981b8259c83ca00012bddcb",15,4,0,0,0,"4_1.mp3","music"
"4386","5981b8259c83ca00012bddcb",9,9,0,0,0,"2_1.mp3","music"
"4387","5981b8259c83ca00012bddcb",16,0,0,0,0,"4_2.mp3","music"
"4388","5981b8259c83ca00012bddcb",0,0,0,0,0,"10_2.mp3","music"
"4389","5981b8259c83ca00012bddcb",16,0,0,34,0,"11_10.mp3","music"
"4390","5981b8259c83ca00012bddcb",0,0,0,0,0,"6_5.mp3","music"
"4391","5981b8259c83ca00012bddcb",0,37,0,0,0,"7_13.mp3","music"
"4392","5981b8259c83ca00012bddcb",0,0,0,0,0,"11_2.mp3","music"
"4393","5981b8259c83ca00012bddcb",68,10,0,42,0,"7_10.mp3","music"
"4394","5981b8259c83ca00012bddcb",41,57,0,0,0,"5_14.mp3","music"
"4395","5981b8259c83ca00012bddcb",0,0,0,0,0,"10_1.mp3","music"
"4396","5981b8259c83ca00012bddcb",0,0,0,0,0,"8_2.mp3","music"
"4397","5981b8259c83ca00012bddcb",0,0,0,0,0,"12_2.mp3","music"
"4398","5981b8259c83ca00012bddcb",43,0,0,66,0,"6_10.mp3","music"
"4399","5981b8259c83ca00012bddcb",22,46,0,0,0,"11_11.mp3","music"
"4400","5981b8259c83ca00012bddcb",19,13,0,0,0,"3_1.mp3","music"
"4401","67ef2077db9c1beab477cbed",14,10,2,25,14,"11_2.mp3","music"
"4402","67ef2077db9c1beab477cbed",14,13,16,85,26,"6_10.mp3","music"
"4403","67ef2077db9c1beab477cbed",16,90,9,81,12,"7_13.mp3","music"
"4404","67ef2077db9c1beab477cbed",20,80,27,73,77,"2_1.mp3","music"
"4405","67ef2077db9c1beab477cbed",61,9,12,7,28,"8_2.mp3","music"
"4406","67ef2077db9c1beab477cbed",18,9,16,5,27,"3_1.mp3","music"
"4407","67ef2077db9c1beab477cbed",59,78,47,92,80,"6_5.mp3","music"
"4408","67ef2077db9c1beab477cbed",73,12,26,7,20,"10_2.mp3","music"
"4409","67ef2077db9c1beab477cbed",15,5,13,12,18,"12_2.mp3","music"
"4410","67ef2077db9c1beab477cbed",37,86,84,87,89,"7_10.mp3","music"
"4411","67ef2077db9c1beab477cbed",8,7,0,12,14,"10_1.mp3","music"
"4412","67ef2077db9c1beab477cbed",17,14,13,45,49,"5_14.mp3","music"
"4413","67ef2077db9c1beab477cbed",25,8,13,79,19,"4_2.mp3","music"
"4414","67ef2077db9c1beab477cbed",58,8,9,12,25,"11_10.mp3","music"
"4415","67ef2077db9c1beab477cbed",27,19,35,23,21,"4_1.mp3","music"
"4416","67ef2077db9c1beab477cbed",13,16,9,14,19,"11_11.mp3","music"
"4417","63174b4e900ff6c7b0444f29",2,1,2,1,1,"10_2.mp3","music"
"4418","63174b4e900ff6c7b0444f29",0,0,74,79,17,"7_10.mp3","music"
"4419","63174b4e900ff6c7b0444f29",0,0,0,0,0,"5_14.mp3","music"
"4420","63174b4e900ff6c7b0444f29",0,21,0,0,1,"7_13.mp3","music"
"4421","63174b4e900ff6c7b0444f29",28,53,0,0,16,"4_2.mp3","music"
"4422","63174b4e900ff6c7b0444f29",0,0,0,0,0,"3_1.mp3","music"
"4423","63174b4e900ff6c7b0444f29",0,33,0,0,9,"11_11.mp3","music"
"4424","63174b4e900ff6c7b0444f29",0,0,0,1,0,"8_2.mp3","music"
"4425","63174b4e900ff6c7b0444f29",11,1,0,0,0,"2_1.mp3","music"
"4426","63174b4e900ff6c7b0444f29",0,0,0,0,0,"12_2.mp3","music"
"4427","63174b4e900ff6c7b0444f29",1,0,0,1,0,"4_1.mp3","music"
"4428","63174b4e900ff6c7b0444f29",0,0,0,1,0,"6_5.mp3","music"
"4429","63174b4e900ff6c7b0444f29",11,20,0,0,12,"11_2.mp3","music"
"4430","63174b4e900ff6c7b0444f29",0,0,0,0,0,"10_1.mp3","music"
"4431","63174b4e900ff6c7b0444f29",0,0,0,0,0,"6_10.mp3","music"
"4432","63174b4e900ff6c7b0444f29",0,0,0,30,0,"11_10.mp3","music"
"4433","56e6a66af6ed900006a5867c",13,29,8,11,8,"4_2.mp3","music"
"4434","56e6a66af6ed900006a5867c",8,12,50,62,20,"7_10.mp3","music"
"4435","56e6a66af6ed900006a5867c",10,15,26,32,15,"6_10.mp3","music"
"4436","56e6a66af6ed900006a5867c",19,5,22,35,16,"11_10.mp3","music"
"4437","56e6a66af6ed900006a5867c",7,5,0,15,9,"11_11.mp3","music"
"4438","56e6a66af6ed900006a5867c",54,78,0,15,35,"3_1.mp3","music"
"4439","56e6a66af6ed900006a5867c",67,49,6,41,8,"5_14.mp3","music"
"4440","56e6a66af6ed900006a5867c",5,5,7,10,17,"6_5.mp3","music"
"4441","56e6a66af6ed900006a5867c",12,28,4,8,11,"7_13.mp3","music"
"4442","56e6a66af6ed900006a5867c",0,4,2,2,6,"4_1.mp3","music"
"4443","56e6a66af6ed900006a5867c",21,14,2,34,19,"11_2.mp3","music"
"4444","56e6a66af6ed900006a5867c",5,5,6,2,0,"10_2.mp3","music"
"4445","56e6a66af6ed900006a5867c",0,6,0,3,6,"8_2.mp3","music"
"4446","56e6a66af6ed900006a5867c",30,8,2,18,4,"2_1.mp3","music"
"4447","56e6a66af6ed900006a5867c",17,46,4,28,27,"12_2.mp3","music"
"4448","56e6a66af6ed900006a5867c",6,28,2,15,3,"10_1.mp3","music"
"4449","55bb9ae7fdf99b26d27fda01",66,53,17,14,45,"3_1.mp3","music"
"4450","55bb9ae7fdf99b26d27fda01",69,8,75,49,48,"7_10.mp3","music"
"4451","55bb9ae7fdf99b26d27fda01",16,19,12,32,16,"10_2.mp3","music"
"4452","55bb9ae7fdf99b26d27fda01",11,11,20,30,22,"8_2.mp3","music"
"4453","55bb9ae7fdf99b26d27fda01",16,29,25,46,11,"4_1.mp3","music"
"4454","55bb9ae7fdf99b26d27fda01",9,17,52,63,55,"6_10.mp3","music"
"4455","55bb9ae7fdf99b26d27fda01",10,12,21,19,12,"12_2.mp3","music"
"4456","55bb9ae7fdf99b26d27fda01",15,18,20,51,19,"6_5.mp3","music"
"4457","55bb9ae7fdf99b26d27fda01",23,11,35,14,21,"10_1.mp3","music"
"4458","55bb9ae7fdf99b26d27fda01",28,20,47,61,23,"11_10.mp3","music"
"4459","55bb9ae7fdf99b26d27fda01",15,49,15,18,15,"2_1.mp3","music"
"4460","55bb9ae7fdf99b26d27fda01",39,35,19,29,19,"4_2.mp3","music"
"4461","55bb9ae7fdf99b26d27fda01",12,19,21,21,17,"5_14.mp3","music"
"4462","55bb9ae7fdf99b26d27fda01",14,12,10,14,12,"11_2.mp3","music"
"4463","55bb9ae7fdf99b26d27fda01",38,14,21,38,32,"11_11.mp3","music"
"4464","55bb9ae7fdf99b26d27fda01",46,14,16,42,49,"7_13.mp3","music"
"4465","67e944da95c1ca7712027013",12,11,16,34,14,"5_14.mp3","music"
"4466","67e944da95c1ca7712027013",13,14,39,55,15,"8_2.mp3","music"
"4467","67e944da95c1ca7712027013",16,8,8,49,9,"3_1.mp3","music"
"4468","67e944da95c1ca7712027013",17,9,11,9,14,"11_10.mp3","music"
"4469","67e944da95c1ca7712027013",5,51,6,20,30,"10_2.mp3","music"
"4470","67e944da95c1ca7712027013",9,8,10,12,10,"4_1.mp3","music"
"4471","67e944da95c1ca7712027013",50,10,45,18,72,"12_2.mp3","music"
"4472","67e944da95c1ca7712027013",60,9,6,10,81,"11_11.mp3","music"
"4473","67e944da95c1ca7712027013",13,10,15,67,28,"10_1.mp3","music"
"4474","67e944da95c1ca7712027013",20,51,6,12,75,"6_10.mp3","music"
"4475","67e944da95c1ca7712027013",56,19,51,17,79,"4_2.mp3","music"
"4476","67e944da95c1ca7712027013",71,13,51,10,85,"6_5.mp3","music"
"4477","67e944da95c1ca7712027013",8,3,54,25,81,"7_10.mp3","music"
"4478","67e944da95c1ca7712027013",67,14,26,17,10,"11_2.mp3","music"
"4479","67e944da95c1ca7712027013",38,12,30,5,9,"2_1.mp3","music"
"4480","67e944da95c1ca7712027013",65,20,70,9,13,"7_13.mp3","music"
"4481","66b504cd131c63b36b682b8d",0,0,0,5,0,"10_2.mp3","music"
"4482","66b504cd131c63b36b682b8d",15,5,0,0,0,"5_14.mp3","music"
"4483","66b504cd131c63b36b682b8d",0,0,0,6,0,"11_10.mp3","music"
"4484","66b504cd131c63b36b682b8d",13,6,0,4,0,"12_2.mp3","music"
"4485","66b504cd131c63b36b682b8d",14,7,0,6,0,"11_11.mp3","music"
"4486","66b504cd131c63b36b682b8d",17,6,0,5,0,"7_13.mp3","music"
"4487","66b504cd131c63b36b682b8d",0,0,0,17,3,"6_10.mp3","music"
"4488","66b504cd131c63b36b682b8d",27,9,0,4,0,"4_2.mp3","music"
"4489","66b504cd131c63b36b682b8d",4,0,0,4,0,"2_1.mp3","music"
"4490","66b504cd131c63b36b682b8d",29,7,0,3,17,"3_1.mp3","music"
"4491","66b504cd131c63b36b682b8d",12,6,0,1,0,"8_2.mp3","music"
"4492","66b504cd131c63b36b682b8d",18,5,0,6,0,"10_1.mp3","music"
"4493","66b504cd131c63b36b682b8d",0,0,0,6,0,"6_5.mp3","music"
"4494","66b504cd131c63b36b682b8d",0,0,0,16,0,"11_2.mp3","music"
"4495","66b504cd131c63b36b682b8d",13,0,5,34,10,"7_10.mp3","music"
"4496","66b504cd131c63b36b682b8d",14,6,0,8,4,"4_1.mp3","music"
"4497","65c12e15de9c876d82fcd335",0,0,5,0,0,"6_5.mp3","music"
"4498","65c12e15de9c876d82fcd335",0,0,0,0,0,"11_11.mp3","music"
"4499","65c12e15de9c876d82fcd335",84,71,18,33,17,"3_1.mp3","music"
"4500","65c12e15de9c876d82fcd335",65,55,24,83,31,"11_2.mp3","music"
"4501","65c12e15de9c876d82fcd335",0,0,0,0,0,"4_1.mp3","music"
"4502","65c12e15de9c876d82fcd335",0,0,0,0,0,"2_1.mp3","music"
"4503","65c12e15de9c876d82fcd335",0,0,0,0,0,"7_13.mp3","music"
"4504","65c12e15de9c876d82fcd335",0,0,0,0,0,"10_2.mp3","music"
"4505","65c12e15de9c876d82fcd335",0,0,0,0,0,"10_1.mp3","music"
"4506","65c12e15de9c876d82fcd335",0,0,0,0,0,"12_2.mp3","music"
"4507","65c12e15de9c876d82fcd335",69,71,22,61,22,"4_2.mp3","music"
"4508","65c12e15de9c876d82fcd335",0,0,0,0,0,"8_2.mp3","music"
"4509","65c12e15de9c876d82fcd335",0,0,0,0,0,"6_10.mp3","music"
"4510","65c12e15de9c876d82fcd335",100,62,94,100,80,"7_10.mp3","music"
"4511","65c12e15de9c876d82fcd335",28,19,0,0,10,"5_14.mp3","music"
"4512","65c12e15de9c876d82fcd335",47,12,53,86,20,"11_10.mp3","music"
"4513","5e9a2251a69f690b9cc31ede",0,0,1,11,0,"8_2.mp3","music"
"4514","5e9a2251a69f690b9cc31ede",49,56,28,49,38,"5_14.mp3","music"
"4515","5e9a2251a69f690b9cc31ede",94,25,98,98,71,"7_10.mp3","music"
"4516","5e9a2251a69f690b9cc31ede",22,27,0,22,27,"12_2.mp3","music"
"4517","5e9a2251a69f690b9cc31ede",1,0,39,49,1,"6_10.mp3","music"
"4518","5e9a2251a69f690b9cc31ede",0,0,1,0,0,"6_5.mp3","music"
"4519","5e9a2251a69f690b9cc31ede",63,80,51,72,46,"11_2.mp3","music"
"4520","5e9a2251a69f690b9cc31ede",1,0,2,1,1,"4_1.mp3","music"
"4521","5e9a2251a69f690b9cc31ede",66,58,29,51,73,"4_2.mp3","music"
"4522","5e9a2251a69f690b9cc31ede",1,1,1,1,1,"10_1.mp3","music"
"4523","5e9a2251a69f690b9cc31ede",2,1,2,2,1,"10_2.mp3","music"
"4524","5e9a2251a69f690b9cc31ede",1,19,1,1,1,"7_13.mp3","music"
"4525","5e9a2251a69f690b9cc31ede",19,25,7,18,22,"11_11.mp3","music"
"4526","5e9a2251a69f690b9cc31ede",26,2,2,87,0,"11_10.mp3","music"
"4527","5e9a2251a69f690b9cc31ede",13,27,2,1,1,"2_1.mp3","music"
"4528","5e9a2251a69f690b9cc31ede",64,90,2,76,48,"3_1.mp3","music"
"4529","5b9efb73d1ff7a00013bfe84",96,78,50,62,78,"4_2.mp3","music"
"4530","5b9efb73d1ff7a00013bfe84",87,64,52,50,34,"7_13.mp3","music"
"4531","5b9efb73d1ff7a00013bfe84",62,56,17,57,69,"11_2.mp3","music"
"4532","5b9efb73d1ff7a00013bfe84",83,80,24,55,24,"12_2.mp3","music"
"4533","5b9efb73d1ff7a00013bfe84",64,72,15,48,19,"5_14.mp3","music"
"4534","5b9efb73d1ff7a00013bfe84",37,31,7,36,0,"8_2.mp3","music"
"4535","5b9efb73d1ff7a00013bfe84",77,79,14,29,30,"2_1.mp3","music"
"4536","5b9efb73d1ff7a00013bfe84",23,18,49,7,14,"11_10.mp3","music"
"4537","5b9efb73d1ff7a00013bfe84",20,4,20,73,30,"6_10.mp3","music"
"4538","5b9efb73d1ff7a00013bfe84",71,69,6,38,20,"11_11.mp3","music"
"4539","5b9efb73d1ff7a00013bfe84",36,14,2,36,0,"10_2.mp3","music"
"4540","5b9efb73d1ff7a00013bfe84",65,37,57,82,36,"7_10.mp3","music"
"4541","5b9efb73d1ff7a00013bfe84",16,4,0,9,3,"10_1.mp3","music"
"4542","5b9efb73d1ff7a00013bfe84",87,85,11,14,30,"3_1.mp3","music"
"4543","5b9efb73d1ff7a00013bfe84",33,15,0,19,12,"4_1.mp3","music"
"4544","5b9efb73d1ff7a00013bfe84",0,6,24,37,9,"6_5.mp3","music"
"4545","677c358117d1ac70048fd3c6",0,0,0,0,0,"10_2.mp3","music"
"4546","677c358117d1ac70048fd3c6",0,0,0,0,0,"6_5.mp3","music"
"4547","677c358117d1ac70048fd3c6",0,0,0,0,0,"12_2.mp3","music"
"4548","677c358117d1ac70048fd3c6",0,0,0,0,0,"2_1.mp3","music"
"4549","677c358117d1ac70048fd3c6",0,0,0,0,0,"4_1.mp3","music"
"4550","677c358117d1ac70048fd3c6",0,0,0,0,0,"11_10.mp3","music"
"4551","677c358117d1ac70048fd3c6",0,0,0,0,0,"8_2.mp3","music"
"4552","677c358117d1ac70048fd3c6",0,0,0,0,0,"5_14.mp3","music"
"4553","677c358117d1ac70048fd3c6",0,0,0,0,0,"4_2.mp3","music"
"4554","677c358117d1ac70048fd3c6",0,54,0,0,0,"11_2.mp3","music"
"4555","677c358117d1ac70048fd3c6",0,0,0,0,0,"3_1.mp3","music"
"4556","677c358117d1ac70048fd3c6",14,0,14,23,8,"7_10.mp3","music"
"4557","677c358117d1ac70048fd3c6",0,0,0,0,0,"10_1.mp3","music"
"4558","677c358117d1ac70048fd3c6",0,0,0,0,0,"11_11.mp3","music"
"4559","677c358117d1ac70048fd3c6",0,0,0,0,0,"7_13.mp3","music"
"4560","677c358117d1ac70048fd3c6",0,0,0,0,0,"6_10.mp3","music"
"4561","67e73cc7cf25bb683f36f62c",13,22,16,12,15,"8_2.mp3","music"
"4562","67e73cc7cf25bb683f36f62c",2,3,3,2,1,"12_2.mp3","music"
"4563","67e73cc7cf25bb683f36f62c",1,0,0,4,1,"10_1.mp3","music"
"4564","67e73cc7cf25bb683f36f62c",0,1,1,2,0,"10_2.mp3","music"
"4565","67e73cc7cf25bb683f36f62c",3,2,2,3,1,"6_5.mp3","music"
"4566","67e73cc7cf25bb683f36f62c",9,12,18,3,5,"3_1.mp3","music"
"4567","67e73cc7cf25bb683f36f62c",0,0,3,3,8,"11_11.mp3","music"
"4568","67e73cc7cf25bb683f36f62c",2,0,20,3,3,"11_2.mp3","music"
"4569","67e73cc7cf25bb683f36f62c",6,3,2,1,4,"2_1.mp3","music"
"4570","67e73cc7cf25bb683f36f62c",63,2,3,2,2,"7_10.mp3","music"
"4571","67e73cc7cf25bb683f36f62c",0,0,0,1,2,"6_10.mp3","music"
"4572","67e73cc7cf25bb683f36f62c",1,2,2,1,1,"11_10.mp3","music"
"4573","67e73cc7cf25bb683f36f62c",1,1,3,1,1,"4_2.mp3","music"
"4574","67e73cc7cf25bb683f36f62c",1,2,3,3,3,"5_14.mp3","music"
"4575","67e73cc7cf25bb683f36f62c",2,8,10,0,6,"4_1.mp3","music"
"4576","67e73cc7cf25bb683f36f62c",2,0,2,4,1,"7_13.mp3","music"
"4577","676334ae578dda6ef33f5886",0,0,0,0,1,"7_10.mp3","music"
"4578","676334ae578dda6ef33f5886",2,0,82,0,21,"6_10.mp3","music"
"4579","676334ae578dda6ef33f5886",0,0,0,0,0,"5_14.mp3","music"
"4580","676334ae578dda6ef33f5886",0,0,0,0,0,"4_1.mp3","music"
"4581","676334ae578dda6ef33f5886",0,0,0,0,53,"10_1.mp3","music"
"4582","676334ae578dda6ef33f5886",0,48,48,50,52,"11_10.mp3","music"
"4583","676334ae578dda6ef33f5886",0,26,0,0,0,"10_2.mp3","music"
"4584","676334ae578dda6ef33f5886",0,0,0,0,0,"11_2.mp3","music"
"4585","676334ae578dda6ef33f5886",0,1,1,46,2,"12_2.mp3","music"
"4586","676334ae578dda6ef33f5886",0,0,0,0,75,"6_5.mp3","music"
"4587","676334ae578dda6ef33f5886",0,83,0,0,0,"2_1.mp3","music"
"4588","676334ae578dda6ef33f5886",0,0,0,0,0,"3_1.mp3","music"
"4589","676334ae578dda6ef33f5886",0,0,0,0,0,"8_2.mp3","music"
"4590","676334ae578dda6ef33f5886",0,0,54,0,1,"7_13.mp3","music"
"4591","676334ae578dda6ef33f5886",0,0,0,0,0,"11_11.mp3","music"
"4592","676334ae578dda6ef33f5886",0,0,0,0,0,"4_2.mp3","music"
"4593","63268ad93b6ecc1acf782a21",0,8,0,0,0,"11_2.mp3","music"
"4594","63268ad93b6ecc1acf782a21",0,0,0,0,0,"6_5.mp3","music"
"4595","63268ad93b6ecc1acf782a21",3,13,0,0,5,"2_1.mp3","music"
"4596","63268ad93b6ecc1acf782a21",14,12,3,0,9,"4_2.mp3","music"
"4597","63268ad93b6ecc1acf782a21",0,0,0,8,0,"6_10.mp3","music"
"4598","63268ad93b6ecc1acf782a21",0,0,12,15,0,"11_10.mp3","music"
"4599","63268ad93b6ecc1acf782a21",3,0,0,0,0,"8_2.mp3","music"
"4600","63268ad93b6ecc1acf782a21",0,0,0,0,0,"4_1.mp3","music"
"4601","63268ad93b6ecc1acf782a21",0,0,0,0,0,"10_1.mp3","music"
"4602","63268ad93b6ecc1acf782a21",0,0,0,6,0,"10_2.mp3","music"
"4603","63268ad93b6ecc1acf782a21",0,0,0,0,0,"12_2.mp3","music"
"4604","63268ad93b6ecc1acf782a21",0,9,0,0,5,"7_13.mp3","music"
"4605","63268ad93b6ecc1acf782a21",11,11,0,8,4,"11_11.mp3","music"
"4606","63268ad93b6ecc1acf782a21",39,46,0,4,13,"5_14.mp3","music"
"4607","63268ad93b6ecc1acf782a21",8,3,0,0,4,"3_1.mp3","music"
"4608","63268ad93b6ecc1acf782a21",32,8,72,65,0,"7_10.mp3","music"
"4609","663e4e95e7e0acca1b1cd005",75,0,74,79,36,"7_10.mp3","music"
"4610","663e4e95e7e0acca1b1cd005",36,14,65,0,10,"4_2.mp3","music"
"4611","663e4e95e7e0acca1b1cd005",0,24,0,0,0,"10_1.mp3","music"
"4612","663e4e95e7e0acca1b1cd005",0,88,0,0,45,"11_11.mp3","music"
"4613","663e4e95e7e0acca1b1cd005",0,0,0,74,0,"6_10.mp3","music"
"4614","663e4e95e7e0acca1b1cd005",100,100,0,0,0,"3_1.mp3","music"
"4615","663e4e95e7e0acca1b1cd005",57,0,0,60,41,"11_2.mp3","music"
"4616","663e4e95e7e0acca1b1cd005",0,0,0,0,0,"10_2.mp3","music"
"4617","663e4e95e7e0acca1b1cd005",0,0,0,65,0,"11_10.mp3","music"
"4618","663e4e95e7e0acca1b1cd005",0,0,0,0,0,"6_5.mp3","music"
"4619","663e4e95e7e0acca1b1cd005",0,81,0,0,0,"5_14.mp3","music"
"4620","663e4e95e7e0acca1b1cd005",0,0,0,0,0,"7_13.mp3","music"
"4621","663e4e95e7e0acca1b1cd005",59,0,0,0,0,"2_1.mp3","music"
"4622","663e4e95e7e0acca1b1cd005",0,0,0,0,0,"8_2.mp3","music"
"4623","663e4e95e7e0acca1b1cd005",0,11,0,0,0,"12_2.mp3","music"
"4624","663e4e95e7e0acca1b1cd005",0,0,0,0,2,"4_1.mp3","music"
"4625","671d5f4c6dae15f98003d7b2",2,1,0,0,1,"8_2.mp3","music"
"4626","671d5f4c6dae15f98003d7b2",0,6,99,41,1,"6_10.mp3","music"
"4627","671d5f4c6dae15f98003d7b2",5,2,3,3,3,"6_5.mp3","music"
"4628","671d5f4c6dae15f98003d7b2",1,1,3,1,3,"4_1.mp3","music"
"4629","671d5f4c6dae15f98003d7b2",8,2,2,4,3,"2_1.mp3","music"
"4630","671d5f4c6dae15f98003d7b2",3,0,1,2,3,"12_2.mp3","music"
"4631","671d5f4c6dae15f98003d7b2",3,1,2,2,3,"11_2.mp3","music"
"4632","671d5f4c6dae15f98003d7b2",2,1,0,2,1,"7_10.mp3","music"
"4633","671d5f4c6dae15f98003d7b2",0,2,1,2,4,"4_2.mp3","music"
"4634","671d5f4c6dae15f98003d7b2",2,0,0,0,2,"11_11.mp3","music"
"4635","671d5f4c6dae15f98003d7b2",55,32,41,25,37,"3_1.mp3","music"
"4636","671d5f4c6dae15f98003d7b2",23,35,30,47,49,"5_14.mp3","music"
"4637","671d5f4c6dae15f98003d7b2",0,0,2,2,0,"10_1.mp3","music"
"4638","671d5f4c6dae15f98003d7b2",98,61,4,1,98,"7_13.mp3","music"
"4639","671d5f4c6dae15f98003d7b2",37,76,44,3,98,"10_2.mp3","music"
"4640","671d5f4c6dae15f98003d7b2",0,0,0,2,0,"11_10.mp3","music"
"4641","6824fd5f12b792fdaec9b2be",0,0,0,0,0,"8_2.mp3","music"
"4642","6824fd5f12b792fdaec9b2be",0,0,0,0,0,"6_5.mp3","music"
"4643","6824fd5f12b792fdaec9b2be",0,5,0,0,0,"2_1.mp3","music"
"4644","6824fd5f12b792fdaec9b2be",0,0,0,0,0,"7_10.mp3","music"
"4645","6824fd5f12b792fdaec9b2be",0,0,0,0,0,"10_2.mp3","music"
"4646","6824fd5f12b792fdaec9b2be",0,6,0,0,0,"4_2.mp3","music"
"4647","6824fd5f12b792fdaec9b2be",0,0,0,0,0,"7_13.mp3","music"
"4648","6824fd5f12b792fdaec9b2be",0,0,0,0,0,"11_11.mp3","music"
"4649","6824fd5f12b792fdaec9b2be",0,0,0,0,1,"5_14.mp3","music"
"4650","6824fd5f12b792fdaec9b2be",0,0,0,0,2,"4_1.mp3","music"
"4651","6824fd5f12b792fdaec9b2be",0,0,0,0,0,"10_1.mp3","music"
"4652","6824fd5f12b792fdaec9b2be",0,0,0,0,0,"6_10.mp3","music"
"4653","6824fd5f12b792fdaec9b2be",0,0,0,0,0,"3_1.mp3","music"
"4654","6824fd5f12b792fdaec9b2be",0,0,0,0,0,"12_2.mp3","music"
"4655","6824fd5f12b792fdaec9b2be",0,0,0,0,0,"11_2.mp3","music"
"4656","6824fd5f12b792fdaec9b2be",0,0,0,0,0,"11_10.mp3","music"
"4657","66293a86e40515e886439323",1,0,2,31,3,"8_2.mp3","music"
"4658","66293a86e40515e886439323",0,0,0,14,0,"6_10.mp3","music"
"4659","66293a86e40515e886439323",0,0,0,13,0,"11_10.mp3","music"
"4660","66293a86e40515e886439323",22,37,0,0,0,"4_2.mp3","music"
"4661","66293a86e40515e886439323",0,10,0,0,0,"7_13.mp3","music"
"4662","66293a86e40515e886439323",12,20,0,0,0,"11_11.mp3","music"
"4663","66293a86e40515e886439323",0,0,0,0,0,"12_2.mp3","music"
"4664","66293a86e40515e886439323",29,33,0,0,0,"3_1.mp3","music"
"4665","66293a86e40515e886439323",0,0,0,11,0,"4_1.mp3","music"
"4666","66293a86e40515e886439323",10,0,0,19,0,"11_2.mp3","music"
"4667","66293a86e40515e886439323",0,0,0,0,0,"5_14.mp3","music"
"4668","66293a86e40515e886439323",0,0,0,0,0,"2_1.mp3","music"
"4669","66293a86e40515e886439323",0,0,0,0,0,"10_1.mp3","music"
"4670","66293a86e40515e886439323",0,0,0,24,0,"6_5.mp3","music"
"4671","66293a86e40515e886439323",0,0,8,26,0,"7_10.mp3","music"
"4672","66293a86e40515e886439323",0,0,0,11,0,"10_2.mp3","music"
"4673","62b20c0065e9809e66d13fa5",0,4,0,0,0,"4_1.mp3","music"
"4674","62b20c0065e9809e66d13fa5",0,0,0,0,19,"3_1.mp3","music"
"4675","62b20c0065e9809e66d13fa5",0,0,0,16,0,"10_1.mp3","music"
"4676","62b20c0065e9809e66d13fa5",0,49,0,0,16,"12_2.mp3","music"
"4677","62b20c0065e9809e66d13fa5",9,30,0,0,15,"7_13.mp3","music"
"4678","62b20c0065e9809e66d13fa5",0,15,0,0,0,"11_2.mp3","music"
"4679","62b20c0065e9809e66d13fa5",61,0,35,69,15,"7_10.mp3","music"
"4680","62b20c0065e9809e66d13fa5",10,25,0,0,0,"4_2.mp3","music"
"4681","62b20c0065e9809e66d13fa5",10,30,0,0,11,"5_14.mp3","music"
"4682","62b20c0065e9809e66d13fa5",9,42,0,0,5,"2_1.mp3","music"
"4683","62b20c0065e9809e66d13fa5",0,0,0,30,0,"6_5.mp3","music"
"4684","62b20c0065e9809e66d13fa5",0,40,0,0,0,"11_11.mp3","music"
"4685","62b20c0065e9809e66d13fa5",0,25,0,0,0,"10_2.mp3","music"
"4686","62b20c0065e9809e66d13fa5",0,0,5,43,0,"6_10.mp3","music"
"4687","62b20c0065e9809e66d13fa5",0,0,0,51,0,"11_10.mp3","music"
"4688","62b20c0065e9809e66d13fa5",0,5,0,25,0,"8_2.mp3","music"
"4689","67f2fbc77b115d1edb94ef11",7,9,16,20,25,"4_2.mp3","music"
"4690","67f2fbc77b115d1edb94ef11",31,23,15,16,16,"11_11.mp3","music"
"4691","67f2fbc77b115d1edb94ef11",31,21,12,61,23,"3_1.mp3","music"
"4692","67f2fbc77b115d1edb94ef11",14,13,22,24,15,"4_1.mp3","music"
"4693","67f2fbc77b115d1edb94ef11",18,20,25,25,36,"10_2.mp3","music"
"4694","67f2fbc77b115d1edb94ef11",30,25,14,23,18,"10_1.mp3","music"
"4695","67f2fbc77b115d1edb94ef11",41,27,14,20,20,"6_10.mp3","music"
"4696","67f2fbc77b115d1edb94ef11",24,17,15,36,22,"11_2.mp3","music"
"4697","67f2fbc77b115d1edb94ef11",34,30,12,62,44,"5_14.mp3","music"
"4698","67f2fbc77b115d1edb94ef11",51,16,8,14,11,"11_10.mp3","music"
"4699","67f2fbc77b115d1edb94ef11",54,20,12,21,17,"7_13.mp3","music"
"4700","67f2fbc77b115d1edb94ef11",71,18,11,11,16,"8_2.mp3","music"
"4701","67f2fbc77b115d1edb94ef11",47,52,27,21,20,"12_2.mp3","music"
"4702","67f2fbc77b115d1edb94ef11",74,23,13,22,35,"7_10.mp3","music"
"4703","67f2fbc77b115d1edb94ef11",73,61,19,17,11,"2_1.mp3","music"
"4704","67f2fbc77b115d1edb94ef11",64,19,10,21,12,"6_5.mp3","music"
"4705","5a443812817d1800018d1179",0,0,0,0,0,"6_5.mp3","music"
"4706","5a443812817d1800018d1179",0,0,5,1,0,"11_10.mp3","music"
"4707","5a443812817d1800018d1179",1,1,1,1,0,"11_11.mp3","music"
"4708","5a443812817d1800018d1179",2,1,1,6,0,"6_10.mp3","music"
"4709","5a443812817d1800018d1179",1,1,1,6,0,"4_1.mp3","music"
"4710","5a443812817d1800018d1179",1,1,2,4,0,"8_2.mp3","music"
"4711","5a443812817d1800018d1179",1,1,0,1,0,"3_1.mp3","music"
"4712","5a443812817d1800018d1179",4,3,9,11,0,"7_10.mp3","music"
"4713","5a443812817d1800018d1179",2,1,1,0,0,"4_2.mp3","music"
"4714","5a443812817d1800018d1179",9,2,0,2,0,"10_1.mp3","music"
"4715","5a443812817d1800018d1179",2,1,2,8,1,"11_2.mp3","music"
"4716","5a443812817d1800018d1179",0,0,0,0,0,"7_13.mp3","music"
"4717","5a443812817d1800018d1179",0,0,0,0,0,"2_1.mp3","music"
"4718","5a443812817d1800018d1179",0,0,0,0,0,"5_14.mp3","music"
"4719","5a443812817d1800018d1179",0,0,0,0,0,"10_2.mp3","music"
"4720","5a443812817d1800018d1179",0,0,0,0,0,"12_2.mp3","music"
"4721","6407946a4bb4212372843398",60,65,0,0,0,"10_1.mp3","music"
"4722","6407946a4bb4212372843398",0,0,0,0,0,"8_2.mp3","music"
"4723","6407946a4bb4212372843398",50,70,0,0,20,"12_2.mp3","music"
"4724","6407946a4bb4212372843398",75,70,0,0,15,"3_1.mp3","music"
"4725","6407946a4bb4212372843398",0,0,0,0,0,"11_10.mp3","music"
"4726","6407946a4bb4212372843398",55,65,0,0,10,"11_2.mp3","music"
"4727","6407946a4bb4212372843398",20,75,0,0,20,"2_1.mp3","music"
"4728","6407946a4bb4212372843398",70,80,25,55,60,"4_2.mp3","music"
"4729","6407946a4bb4212372843398",0,0,0,0,0,"10_2.mp3","music"
"4730","6407946a4bb4212372843398",50,60,0,0,0,"5_14.mp3","music"
"4731","6407946a4bb4212372843398",50,70,0,0,20,"7_13.mp3","music"
"4732","6407946a4bb4212372843398",65,60,0,0,25,"11_11.mp3","music"
"4733","6407946a4bb4212372843398",0,0,0,0,0,"4_1.mp3","music"
"4734","6407946a4bb4212372843398",0,0,0,0,0,"6_5.mp3","music"
"4735","6407946a4bb4212372843398",60,25,60,85,70,"7_10.mp3","music"
"4736","6407946a4bb4212372843398",25,50,0,70,0,"6_10.mp3","music"
"4737","63f82a4ff43ec144ca3622a8",0,0,0,0,0,"7_10.mp3","music"
"4738","63f82a4ff43ec144ca3622a8",0,0,0,2,2,"6_10.mp3","music"
"4739","63f82a4ff43ec144ca3622a8",0,0,0,0,1,"4_1.mp3","music"
"4740","63f82a4ff43ec144ca3622a8",0,0,0,1,2,"6_5.mp3","music"
"4741","63f82a4ff43ec144ca3622a8",2,2,1,0,0,"12_2.mp3","music"
"4742","63f82a4ff43ec144ca3622a8",1,0,0,0,0,"11_11.mp3","music"
"4743","63f82a4ff43ec144ca3622a8",1,1,0,2,0,"4_2.mp3","music"
"4744","63f82a4ff43ec144ca3622a8",0,0,0,0,0,"3_1.mp3","music"
"4745","63f82a4ff43ec144ca3622a8",0,1,0,0,0,"10_1.mp3","music"
"4746","63f82a4ff43ec144ca3622a8",2,9,2,2,0,"11_2.mp3","music"
"4747","63f82a4ff43ec144ca3622a8",0,0,0,0,0,"10_2.mp3","music"
"4748","63f82a4ff43ec144ca3622a8",0,0,0,0,0,"8_2.mp3","music"
"4749","63f82a4ff43ec144ca3622a8",0,2,0,0,0,"7_13.mp3","music"
"4750","63f82a4ff43ec144ca3622a8",0,0,0,0,0,"5_14.mp3","music"
"4751","63f82a4ff43ec144ca3622a8",0,0,0,0,0,"2_1.mp3","music"
"4752","63f82a4ff43ec144ca3622a8",0,0,0,0,0,"11_10.mp3","music"
"4753","615ddab1e4f013092538b6c5",56,5,56,70,20,"7_10.mp3","music"
"4754","615ddab1e4f013092538b6c5",33,5,26,35,51,"11_2.mp3","music"
"4755","615ddab1e4f013092538b6c5",23,9,42,70,12,"11_10.mp3","music"
"4756","615ddab1e4f013092538b6c5",64,18,13,24,64,"7_13.mp3","music"
"4757","615ddab1e4f013092538b6c5",9,27,4,23,31,"12_2.mp3","music"
"4758","615ddab1e4f013092538b6c5",5,5,4,55,12,"8_2.mp3","music"
"4759","615ddab1e4f013092538b6c5",24,19,5,49,24,"4_2.mp3","music"
"4760","615ddab1e4f013092538b6c5",33,30,7,52,37,"5_14.mp3","music"
"4761","615ddab1e4f013092538b6c5",3,14,2,20,23,"10_1.mp3","music"
"4762","615ddab1e4f013092538b6c5",17,30,0,6,13,"2_1.mp3","music"
"4763","615ddab1e4f013092538b6c5",16,4,62,77,54,"6_10.mp3","music"
"4764","615ddab1e4f013092538b6c5",63,17,7,2,35,"3_1.mp3","music"
"4765","615ddab1e4f013092538b6c5",6,5,21,83,23,"6_5.mp3","music"
"4766","615ddab1e4f013092538b6c5",26,4,5,18,0,"4_1.mp3","music"
"4767","615ddab1e4f013092538b6c5",61,11,3,64,53,"11_11.mp3","music"
"4768","615ddab1e4f013092538b6c5",19,14,4,33,16,"10_2.mp3","music"
"4769","57656f6c2bfddf000125cce5",37,34,1,9,29,"4_2.mp3","music"
"4770","57656f6c2bfddf000125cce5",3,6,16,61,10,"6_5.mp3","music"
"4771","57656f6c2bfddf000125cce5",53,13,57,83,21,"7_10.mp3","music"
"4772","57656f6c2bfddf000125cce5",72,69,6,16,30,"7_13.mp3","music"
"4773","57656f6c2bfddf000125cce5",61,68,0,12,11,"3_1.mp3","music"
"4774","57656f6c2bfddf000125cce5",24,57,7,5,14,"11_11.mp3","music"
"4775","57656f6c2bfddf000125cce5",6,9,4,58,8,"10_2.mp3","music"
"4776","57656f6c2bfddf000125cce5",8,4,6,61,8,"8_2.mp3","music"
"4777","57656f6c2bfddf000125cce5",9,10,9,34,14,"10_1.mp3","music"
"4778","57656f6c2bfddf000125cce5",13,20,12,65,8,"6_10.mp3","music"
"4779","57656f6c2bfddf000125cce5",0,9,9,9,6,"4_1.mp3","music"
"4780","57656f6c2bfddf000125cce5",54,70,8,14,21,"2_1.mp3","music"
"4781","57656f6c2bfddf000125cce5",4,5,58,62,12,"11_10.mp3","music"
"4782","57656f6c2bfddf000125cce5",56,53,7,10,15,"12_2.mp3","music"
"4783","57656f6c2bfddf000125cce5",10,17,9,11,12,"11_2.mp3","music"
"4784","57656f6c2bfddf000125cce5",54,64,9,7,15,"5_14.mp3","music"
"4785","667c66be2cfdb420fd63f2c9",24,30,0,0,0,"4_2.mp3","music"
"4786","667c66be2cfdb420fd63f2c9",0,0,0,0,0,"10_2.mp3","music"
"4787","667c66be2cfdb420fd63f2c9",0,0,0,0,0,"11_11.mp3","music"
"4788","667c66be2cfdb420fd63f2c9",0,0,0,0,0,"8_2.mp3","music"
"4789","667c66be2cfdb420fd63f2c9",0,0,0,0,0,"5_14.mp3","music"
"4790","667c66be2cfdb420fd63f2c9",0,0,0,0,0,"4_1.mp3","music"
"4791","667c66be2cfdb420fd63f2c9",0,0,0,0,0,"6_10.mp3","music"
"4792","667c66be2cfdb420fd63f2c9",0,0,0,0,0,"2_1.mp3","music"
"4793","667c66be2cfdb420fd63f2c9",0,0,0,0,0,"7_10.mp3","music"
"4794","667c66be2cfdb420fd63f2c9",0,0,0,0,0,"3_1.mp3","music"
"4795","667c66be2cfdb420fd63f2c9",22,16,0,0,0,"7_13.mp3","music"
"4796","667c66be2cfdb420fd63f2c9",0,0,0,0,0,"6_5.mp3","music"
"4797","667c66be2cfdb420fd63f2c9",0,0,0,0,0,"10_1.mp3","music"
"4798","667c66be2cfdb420fd63f2c9",0,0,0,0,0,"11_2.mp3","music"
"4799","667c66be2cfdb420fd63f2c9",0,0,0,0,0,"11_10.mp3","music"
"4800","667c66be2cfdb420fd63f2c9",15,18,0,0,0,"12_2.mp3","music"
"4801","5ca3ccae7958d0001689df68",0,0,0,64,0,"2_1.mp3","music"
"4802","5ca3ccae7958d0001689df68",1,1,1,0,1,"6_5.mp3","music"
"4803","5ca3ccae7958d0001689df68",0,0,0,0,0,"3_1.mp3","music"
"4804","5ca3ccae7958d0001689df68",2,1,2,1,0,"4_1.mp3","music"
"4805","5ca3ccae7958d0001689df68",0,0,0,0,0,"10_2.mp3","music"
"4806","5ca3ccae7958d0001689df68",59,100,54,72,59,"11_2.mp3","music"
"4807","5ca3ccae7958d0001689df68",0,0,0,0,0,"4_2.mp3","music"
"4808","5ca3ccae7958d0001689df68",0,0,54,100,0,"11_10.mp3","music"
"4809","5ca3ccae7958d0001689df68",0,0,0,0,4,"7_13.mp3","music"
"4810","5ca3ccae7958d0001689df68",0,0,0,0,0,"10_1.mp3","music"
"4811","5ca3ccae7958d0001689df68",0,0,0,0,0,"8_2.mp3","music"
"4812","5ca3ccae7958d0001689df68",0,0,0,0,0,"12_2.mp3","music"
"4813","5ca3ccae7958d0001689df68",3,1,1,1,4,"5_14.mp3","music"
"4814","5ca3ccae7958d0001689df68",0,0,66,24,2,"6_10.mp3","music"
"4815","5ca3ccae7958d0001689df68",100,100,100,100,100,"7_10.mp3","music"
"4816","5ca3ccae7958d0001689df68",0,2,3,0,1,"11_11.mp3","music"
"4817","651c18b7be672ec76e5f6860",59,54,2,3,2,"7_13.mp3","music"
"4818","651c18b7be672ec76e5f6860",27,18,3,24,6,"11_10.mp3","music"
"4819","651c18b7be672ec76e5f6860",27,19,31,40,6,"7_10.mp3","music"
"4820","651c18b7be672ec76e5f6860",18,19,2,26,4,"10_2.mp3","music"
"4821","651c18b7be672ec76e5f6860",5,4,5,52,4,"6_5.mp3","music"
"4822","651c18b7be672ec76e5f6860",66,52,2,2,3,"3_1.mp3","music"
"4823","651c18b7be672ec76e5f6860",46,40,1,13,4,"5_14.mp3","music"
"4824","651c18b7be672ec76e5f6860",28,33,2,29,2,"11_11.mp3","music"
"4825","651c18b7be672ec76e5f6860",2,1,1,30,2,"8_2.mp3","music"
"4826","651c18b7be672ec76e5f6860",24,10,2,49,2,"11_2.mp3","music"
"4827","651c18b7be672ec76e5f6860",16,17,3,56,1,"6_10.mp3","music"
"4828","651c18b7be672ec76e5f6860",36,35,2,16,9,"10_1.mp3","music"
"4829","651c18b7be672ec76e5f6860",40,42,2,15,3,"12_2.mp3","music"
"4830","651c18b7be672ec76e5f6860",44,31,2,45,10,"4_2.mp3","music"
"4831","651c18b7be672ec76e5f6860",20,22,2,38,9,"4_1.mp3","music"
"4832","651c18b7be672ec76e5f6860",14,24,3,15,11,"2_1.mp3","music"
"4833","6544ff9e0fb2eaaf83e2de5c",1,0,6,1,2,"11_2.mp3","music"
"4834","6544ff9e0fb2eaaf83e2de5c",34,8,2,0,2,"5_14.mp3","music"
"4835","6544ff9e0fb2eaaf83e2de5c",35,29,1,0,10,"3_1.mp3","music"
"4836","6544ff9e0fb2eaaf83e2de5c",8,2,0,0,3,"4_2.mp3","music"
"4837","6544ff9e0fb2eaaf83e2de5c",2,0,12,32,6,"6_10.mp3","music"
"4838","6544ff9e0fb2eaaf83e2de5c",0,1,0,0,0,"8_2.mp3","music"
"4839","6544ff9e0fb2eaaf83e2de5c",19,0,43,39,33,"7_10.mp3","music"
"4840","6544ff9e0fb2eaaf83e2de5c",0,0,0,0,0,"6_5.mp3","music"
"4841","6544ff9e0fb2eaaf83e2de5c",0,6,0,0,0,"10_1.mp3","music"
"4842","6544ff9e0fb2eaaf83e2de5c",0,7,0,0,0,"12_2.mp3","music"
"4843","6544ff9e0fb2eaaf83e2de5c",0,8,0,0,3,"7_13.mp3","music"
"4844","6544ff9e0fb2eaaf83e2de5c",0,0,0,0,0,"2_1.mp3","music"
"4845","6544ff9e0fb2eaaf83e2de5c",0,0,0,0,0,"10_2.mp3","music"
"4846","6544ff9e0fb2eaaf83e2de5c",8,12,0,0,0,"11_11.mp3","music"
"4847","6544ff9e0fb2eaaf83e2de5c",0,0,0,9,5,"11_10.mp3","music"
"4848","6544ff9e0fb2eaaf83e2de5c",0,0,0,4,0,"4_1.mp3","music"
"4849","6942e57738f4e53ee0c5442b",52,72,43,12,48,"11_11.mp3","music"
"4850","6942e57738f4e53ee0c5442b",32,35,12,22,24,"12_2.mp3","music"
"4851","6942e57738f4e53ee0c5442b",78,70,95,100,87,"7_10.mp3","music"
"4852","6942e57738f4e53ee0c5442b",4,4,3,1,3,"6_5.mp3","music"
"4853","6942e57738f4e53ee0c5442b",5,2,4,3,5,"10_1.mp3","music"
"4854","6942e57738f4e53ee0c5442b",61,58,91,97,72,"11_10.mp3","music"
"4855","6942e57738f4e53ee0c5442b",4,4,5,34,7,"8_2.mp3","music"
"4856","6942e57738f4e53ee0c5442b",95,91,3,27,43,"4_2.mp3","music"
"4857","6942e57738f4e53ee0c5442b",92,75,3,45,98,"3_1.mp3","music"
"4858","6942e57738f4e53ee0c5442b",49,43,3,1,22,"7_13.mp3","music"
"4859","6942e57738f4e53ee0c5442b",4,3,3,5,5,"5_14.mp3","music"
"4860","6942e57738f4e53ee0c5442b",75,68,44,45,3,"11_2.mp3","music"
"4861","6942e57738f4e53ee0c5442b",66,9,96,98,80,"6_10.mp3","music"
"4862","6942e57738f4e53ee0c5442b",65,52,32,35,65,"4_1.mp3","music"
"4863","6942e57738f4e53ee0c5442b",10,0,9,19,0,"10_2.mp3","music"
"4864","6942e57738f4e53ee0c5442b",47,29,0,3,2,"2_1.mp3","music"
"4865","665e0d4039fbf0b54bab1900",0,0,0,0,0,"8_2.mp3","music"
"4866","665e0d4039fbf0b54bab1900",10,0,0,0,0,"11_2.mp3","music"
"4867","665e0d4039fbf0b54bab1900",10,50,0,0,0,"4_2.mp3","music"
"4868","665e0d4039fbf0b54bab1900",0,0,0,0,0,"6_10.mp3","music"
"4869","665e0d4039fbf0b54bab1900",35,15,0,0,0,"7_13.mp3","music"
"4870","665e0d4039fbf0b54bab1900",0,5,0,0,0,"5_14.mp3","music"
"4871","665e0d4039fbf0b54bab1900",40,70,50,35,0,"11_11.mp3","music"
"4872","665e0d4039fbf0b54bab1900",0,0,0,0,0,"4_1.mp3","music"
"4873","665e0d4039fbf0b54bab1900",0,0,0,0,0,"10_1.mp3","music"
"4874","665e0d4039fbf0b54bab1900",0,0,0,0,0,"7_10.mp3","music"
"4875","665e0d4039fbf0b54bab1900",0,0,0,0,0,"6_5.mp3","music"
"4876","665e0d4039fbf0b54bab1900",15,0,0,0,0,"12_2.mp3","music"
"4877","665e0d4039fbf0b54bab1900",0,0,0,0,0,"11_10.mp3","music"
"4878","665e0d4039fbf0b54bab1900",15,15,15,19,15,"10_2.mp3","music"
"4879","665e0d4039fbf0b54bab1900",30,20,0,0,0,"2_1.mp3","music"
"4880","665e0d4039fbf0b54bab1900",0,0,0,0,0,"3_1.mp3","music"
"4881","5e4e844553bc702cdf68404d",10,20,0,0,5,"7_13.mp3","music"
"4882","5e4e844553bc702cdf68404d",0,0,0,0,0,"10_2.mp3","music"
"4883","5e4e844553bc702cdf68404d",0,0,0,0,0,"10_1.mp3","music"
"4884","5e4e844553bc702cdf68404d",40,5,25,45,15,"6_10.mp3","music"
"4885","5e4e844553bc702cdf68404d",0,0,0,0,0,"6_5.mp3","music"
"4886","5e4e844553bc702cdf68404d",5,0,0,0,0,"11_11.mp3","music"
"4887","5e4e844553bc702cdf68404d",0,0,0,0,0,"11_2.mp3","music"
"4888","5e4e844553bc702cdf68404d",0,15,0,11,5,"2_1.mp3","music"
"4889","5e4e844553bc702cdf68404d",30,15,0,5,10,"3_1.mp3","music"
"4890","5e4e844553bc702cdf68404d",0,0,0,0,0,"4_1.mp3","music"
"4891","5e4e844553bc702cdf68404d",10,5,0,0,0,"5_14.mp3","music"
"4892","5e4e844553bc702cdf68404d",15,20,0,20,10,"7_10.mp3","music"
"4893","5e4e844553bc702cdf68404d",0,0,10,0,15,"11_10.mp3","music"
"4894","5e4e844553bc702cdf68404d",0,0,0,0,0,"8_2.mp3","music"
"4895","5e4e844553bc702cdf68404d",0,15,0,10,0,"12_2.mp3","music"
"4896","5e4e844553bc702cdf68404d",30,35,0,5,0,"4_2.mp3","music"
"4897","5e954b384491ad117052cd48",0,0,0,0,0,"5_14.mp3","music"
"4898","5e954b384491ad117052cd48",65,60,0,0,0,"3_1.mp3","music"
"4899","5e954b384491ad117052cd48",0,0,0,0,0,"10_1.mp3","music"
"4900","5e954b384491ad117052cd48",30,10,90,90,50,"6_10.mp3","music"
"4901","5e954b384491ad117052cd48",60,50,0,0,0,"4_2.mp3","music"
"4902","5e954b384491ad117052cd48",0,0,0,0,0,"10_2.mp3","music"
"4903","5e954b384491ad117052cd48",5,0,0,0,0,"4_1.mp3","music"
"4904","5e954b384491ad117052cd48",30,5,40,25,25,"11_2.mp3","music"
"4905","5e954b384491ad117052cd48",10,0,45,70,20,"11_10.mp3","music"
"4906","5e954b384491ad117052cd48",65,10,0,0,0,"2_1.mp3","music"
"4907","5e954b384491ad117052cd48",50,25,0,5,0,"11_11.mp3","music"
"4908","5e954b384491ad117052cd48",85,70,0,0,0,"7_13.mp3","music"
"4909","5e954b384491ad117052cd48",10,5,100,100,5,"7_10.mp3","music"
"4910","5e954b384491ad117052cd48",0,0,0,0,0,"8_2.mp3","music"
"4911","5e954b384491ad117052cd48",0,0,0,0,0,"12_2.mp3","music"
"4912","5e954b384491ad117052cd48",0,0,0,0,0,"6_5.mp3","music"
"4913","64d52f6f30852f26223d1e84",0,0,0,0,0,"6_5.mp3","music"
"4914","64d52f6f30852f26223d1e84",0,0,0,0,0,"11_10.mp3","music"
"4915","64d52f6f30852f26223d1e84",0,0,0,0,0,"4_1.mp3","music"
"4916","64d52f6f30852f26223d1e84",0,0,0,0,0,"10_2.mp3","music"
"4917","64d52f6f30852f26223d1e84",0,0,0,0,0,"12_2.mp3","music"
"4918","64d52f6f30852f26223d1e84",20,35,0,0,0,"11_2.mp3","music"
"4919","64d52f6f30852f26223d1e84",0,0,0,0,0,"6_10.mp3","music"
"4920","64d52f6f30852f26223d1e84",30,23,0,0,0,"11_11.mp3","music"
"4921","64d52f6f30852f26223d1e84",30,18,0,0,0,"3_1.mp3","music"
"4922","64d52f6f30852f26223d1e84",0,0,0,0,0,"2_1.mp3","music"
"4923","64d52f6f30852f26223d1e84",0,0,0,0,0,"8_2.mp3","music"
"4924","64d52f6f30852f26223d1e84",12,0,0,0,0,"5_14.mp3","music"
"4925","64d52f6f30852f26223d1e84",0,0,0,0,0,"4_2.mp3","music"
"4926","64d52f6f30852f26223d1e84",0,0,0,0,0,"10_1.mp3","music"
"4927","64d52f6f30852f26223d1e84",0,0,25,28,0,"7_10.mp3","music"
"4928","64d52f6f30852f26223d1e84",16,0,0,0,0,"7_13.mp3","music"
"4929","632b3017a1169b3aa44c0d66",42,14,0,51,0,"3_1.mp3","music"
"4930","632b3017a1169b3aa44c0d66",29,15,0,25,0,"4_1.mp3","music"
"4931","632b3017a1169b3aa44c0d66",66,55,15,48,9,"11_2.mp3","music"
"4932","632b3017a1169b3aa44c0d66",75,34,0,32,15,"5_14.mp3","music"
"4933","632b3017a1169b3aa44c0d66",28,13,0,49,7,"11_10.mp3","music"
"4934","632b3017a1169b3aa44c0d66",35,23,3,59,33,"12_2.mp3","music"
"4935","632b3017a1169b3aa44c0d66",20,0,3,40,1,"10_1.mp3","music"
"4936","632b3017a1169b3aa44c0d66",10,5,4,55,2,"2_1.mp3","music"
"4937","632b3017a1169b3aa44c0d66",89,64,72,33,35,"7_10.mp3","music"
"4938","632b3017a1169b3aa44c0d66",0,0,0,60,3,"6_5.mp3","music"
"4939","632b3017a1169b3aa44c0d66",1,9,0,31,2,"8_2.mp3","music"
"4940","632b3017a1169b3aa44c0d66",31,22,7,46,81,"4_2.mp3","music"
"4941","632b3017a1169b3aa44c0d66",1,4,3,33,0,"10_2.mp3","music"
"4942","632b3017a1169b3aa44c0d66",6,3,2,75,8,"6_10.mp3","music"
"4943","632b3017a1169b3aa44c0d66",44,25,0,35,17,"7_13.mp3","music"
"4944","632b3017a1169b3aa44c0d66",48,64,8,31,8,"11_11.mp3","music"
"4945","670ff2e18c2f93beac6a6a72",0,0,15,36,0,"6_5.mp3","music"
"4946","670ff2e18c2f93beac6a6a72",42,36,0,0,0,"2_1.mp3","music"
"4947","670ff2e18c2f93beac6a6a72",52,0,0,53,0,"5_14.mp3","music"
"4948","670ff2e18c2f93beac6a6a72",62,70,66,70,60,"11_10.mp3","music"
"4949","670ff2e18c2f93beac6a6a72",22,16,57,69,17,"6_10.mp3","music"
"4950","670ff2e18c2f93beac6a6a72",0,0,100,97,78,"7_10.mp3","music"
"4951","670ff2e18c2f93beac6a6a72",0,0,0,0,0,"12_2.mp3","music"
"4952","670ff2e18c2f93beac6a6a72",88,83,12,31,26,"11_11.mp3","music"
"4953","670ff2e18c2f93beac6a6a72",95,89,45,16,14,"4_2.mp3","music"
"4954","670ff2e18c2f93beac6a6a72",0,0,100,92,11,"11_2.mp3","music"
"4955","670ff2e18c2f93beac6a6a72",0,0,0,0,0,"8_2.mp3","music"
"4956","670ff2e18c2f93beac6a6a72",72,67,0,0,0,"10_1.mp3","music"
"4957","670ff2e18c2f93beac6a6a72",88,100,0,42,71,"3_1.mp3","music"
"4958","670ff2e18c2f93beac6a6a72",0,0,0,18,0,"10_2.mp3","music"
"4959","670ff2e18c2f93beac6a6a72",0,0,0,0,0,"4_1.mp3","music"
"4960","670ff2e18c2f93beac6a6a72",85,84,0,0,76,"7_13.mp3","music"
"4961","629e1738fcc7d0b6acfe5280",0,27,0,49,40,"6_5.mp3","music"
"4962","629e1738fcc7d0b6acfe5280",0,30,46,52,44,"3_1.mp3","music"
"4963","629e1738fcc7d0b6acfe5280",0,32,1,26,11,"10_1.mp3","music"
"4964","629e1738fcc7d0b6acfe5280",0,50,45,45,49,"4_1.mp3","music"
"4965","629e1738fcc7d0b6acfe5280",0,50,0,24,0,"10_2.mp3","music"
"4966","629e1738fcc7d0b6acfe5280",0,70,1,23,0,"4_2.mp3","music"
"4967","629e1738fcc7d0b6acfe5280",0,72,0,60,0,"11_2.mp3","music"
"4968","629e1738fcc7d0b6acfe5280",13,20,58,72,12,"11_10.mp3","music"
"4969","629e1738fcc7d0b6acfe5280",0,0,29,24,0,"8_2.mp3","music"
"4970","629e1738fcc7d0b6acfe5280",3,53,15,34,0,"11_11.mp3","music"
"4971","629e1738fcc7d0b6acfe5280",0,43,66,100,28,"7_10.mp3","music"
"4972","629e1738fcc7d0b6acfe5280",0,65,34,2,0,"7_13.mp3","music"
"4973","629e1738fcc7d0b6acfe5280",0,40,5,39,1,"12_2.mp3","music"
"4974","629e1738fcc7d0b6acfe5280",37,39,19,59,35,"5_14.mp3","music"
"4975","629e1738fcc7d0b6acfe5280",40,40,52,51,16,"2_1.mp3","music"
"4976","629e1738fcc7d0b6acfe5280",49,31,60,61,49,"6_10.mp3","music"
"4977","665e26502758155528c8793e",6,8,7,7,2,"7_13.mp3","music"
"4978","665e26502758155528c8793e",10,11,6,43,11,"6_5.mp3","music"
"4979","665e26502758155528c8793e",8,12,3,7,3,"12_2.mp3","music"
"4980","665e26502758155528c8793e",33,56,29,15,17,"11_11.mp3","music"
"4981","665e26502758155528c8793e",79,36,63,85,44,"7_10.mp3","music"
"4982","665e26502758155528c8793e",30,25,37,67,42,"11_2.mp3","music"
"4983","665e26502758155528c8793e",51,39,50,84,63,"6_10.mp3","music"
"4984","665e26502758155528c8793e",57,9,41,90,52,"11_10.mp3","music"
"4985","665e26502758155528c8793e",17,25,15,21,18,"10_1.mp3","music"
"4986","665e26502758155528c8793e",9,19,19,55,24,"8_2.mp3","music"
"4987","665e26502758155528c8793e",73,87,6,38,50,"5_14.mp3","music"
"4988","665e26502758155528c8793e",27,19,11,16,4,"2_1.mp3","music"
"4989","665e26502758155528c8793e",71,73,30,7,12,"3_1.mp3","music"
"4990","665e26502758155528c8793e",17,11,11,83,20,"10_2.mp3","music"
"4991","665e26502758155528c8793e",10,8,11,73,6,"4_1.mp3","music"
"4992","665e26502758155528c8793e",30,29,5,35,21,"4_2.mp3","music"
"4993","64551d250ef342507eb0edf9",0,0,0,0,0,"11_2.mp3","music"
"4994","64551d250ef342507eb0edf9",0,0,0,0,0,"5_14.mp3","music"
"4995","64551d250ef342507eb0edf9",0,0,0,0,0,"7_13.mp3","music"
"4996","64551d250ef342507eb0edf9",0,0,0,38,0,"6_10.mp3","music"
"4997","64551d250ef342507eb0edf9",0,0,0,15,0,"6_5.mp3","music"
"4998","64551d250ef342507eb0edf9",0,0,0,0,0,"4_1.mp3","music"
"4999","64551d250ef342507eb0edf9",14,21,0,56,27,"10_1.mp3","music"
"5000","64551d250ef342507eb0edf9",43,9,8,0,0,"11_11.mp3","music"
"5001","64551d250ef342507eb0edf9",0,7,12,1,0,"12_2.mp3","music"
"5002","64551d250ef342507eb0edf9",15,0,0,53,0,"11_10.mp3","music"
"5003","64551d250ef342507eb0edf9",7,7,10,8,1,"10_2.mp3","music"
"5004","64551d250ef342507eb0edf9",11,7,6,4,0,"8_2.mp3","music"
"5005","64551d250ef342507eb0edf9",11,45,5,1,15,"2_1.mp3","music"
"5006","64551d250ef342507eb0edf9",0,0,38,52,7,"7_10.mp3","music"
"5007","64551d250ef342507eb0edf9",8,10,8,6,4,"4_2.mp3","music"
"5008","64551d250ef342507eb0edf9",15,12,13,23,22,"3_1.mp3","music"
"5009","673cc0c935b49103f2be1e27",10,0,0,0,0,"11_11.mp3","music"
"5010","673cc0c935b49103f2be1e27",5,10,0,0,0,"4_2.mp3","music"
"5011","673cc0c935b49103f2be1e27",0,0,0,0,0,"5_14.mp3","music"
"5012","673cc0c935b49103f2be1e27",0,5,5,10,0,"11_2.mp3","music"
"5013","673cc0c935b49103f2be1e27",0,0,15,35,0,"6_10.mp3","music"
"5014","673cc0c935b49103f2be1e27",0,0,15,20,0,"11_10.mp3","music"
"5015","673cc0c935b49103f2be1e27",10,15,0,0,0,"7_13.mp3","music"
"5016","673cc0c935b49103f2be1e27",0,0,0,0,0,"10_1.mp3","music"
"5017","673cc0c935b49103f2be1e27",0,0,0,0,0,"8_2.mp3","music"
"5018","673cc0c935b49103f2be1e27",0,0,0,0,0,"12_2.mp3","music"
"5019","673cc0c935b49103f2be1e27",0,0,0,0,0,"2_1.mp3","music"
"5020","673cc0c935b49103f2be1e27",15,15,0,0,0,"3_1.mp3","music"
"5021","673cc0c935b49103f2be1e27",0,0,0,0,0,"10_2.mp3","music"
"5022","673cc0c935b49103f2be1e27",0,0,0,5,0,"6_5.mp3","music"
"5023","673cc0c935b49103f2be1e27",0,0,0,0,0,"4_1.mp3","music"
"5024","673cc0c935b49103f2be1e27",30,0,40,45,10,"7_10.mp3","music"
"5025","655b6a0d11066d07716ab0b5",0,0,0,0,0,"6_5.mp3","music"
"5026","655b6a0d11066d07716ab0b5",0,0,0,0,0,"10_1.mp3","music"
"5027","655b6a0d11066d07716ab0b5",0,0,0,0,0,"6_10.mp3","music"
"5028","655b6a0d11066d07716ab0b5",0,0,0,0,0,"11_2.mp3","music"
"5029","655b6a0d11066d07716ab0b5",0,0,0,0,0,"3_1.mp3","music"
"5030","655b6a0d11066d07716ab0b5",0,0,0,0,0,"11_10.mp3","music"
"5031","655b6a0d11066d07716ab0b5",0,1,1,0,0,"10_2.mp3","music"
"5032","655b6a0d11066d07716ab0b5",0,0,0,0,0,"5_14.mp3","music"
"5033","655b6a0d11066d07716ab0b5",0,0,0,0,0,"4_2.mp3","music"
"5034","655b6a0d11066d07716ab0b5",3,0,0,0,0,"11_11.mp3","music"
"5035","655b6a0d11066d07716ab0b5",6,0,0,2,13,"7_10.mp3","music"
"5036","655b6a0d11066d07716ab0b5",0,0,0,0,0,"7_13.mp3","music"
"5037","655b6a0d11066d07716ab0b5",0,6,0,0,0,"12_2.mp3","music"
"5038","655b6a0d11066d07716ab0b5",0,0,0,0,0,"8_2.mp3","music"
"5039","655b6a0d11066d07716ab0b5",1,0,0,1,0,"4_1.mp3","music"
"5040","655b6a0d11066d07716ab0b5",0,7,0,0,0,"2_1.mp3","music"
"5041","63d2a4b549eb02187fd40092",0,0,0,0,0,"6_5.mp3","music"
"5042","63d2a4b549eb02187fd40092",4,21,0,0,0,"11_11.mp3","music"
"5043","63d2a4b549eb02187fd40092",0,0,0,0,0,"12_2.mp3","music"
"5044","63d2a4b549eb02187fd40092",0,0,0,0,0,"10_1.mp3","music"
"5045","63d2a4b549eb02187fd40092",44,0,10,38,10,"7_10.mp3","music"
"5046","63d2a4b549eb02187fd40092",0,0,0,1,0,"8_2.mp3","music"
"5047","63d2a4b549eb02187fd40092",5,10,0,0,0,"5_14.mp3","music"
"5048","63d2a4b549eb02187fd40092",0,0,2,25,0,"6_10.mp3","music"
"5049","63d2a4b549eb02187fd40092",0,0,0,0,0,"4_1.mp3","music"
"5050","63d2a4b549eb02187fd40092",39,41,0,0,0,"3_1.mp3","music"
"5051","63d2a4b549eb02187fd40092",0,0,2,13,0,"11_10.mp3","music"
"5052","63d2a4b549eb02187fd40092",0,0,0,0,0,"10_2.mp3","music"
"5053","63d2a4b549eb02187fd40092",20,17,0,0,0,"7_13.mp3","music"
"5054","63d2a4b549eb02187fd40092",6,8,0,0,0,"2_1.mp3","music"
"5055","63d2a4b549eb02187fd40092",3,8,0,0,0,"4_2.mp3","music"
"5056","63d2a4b549eb02187fd40092",2,0,1,6,0,"11_2.mp3","music"
"5057","63b18d94775ad4aad221103c",0,0,0,1,0,"4_1.mp3","music"
"5058","63b18d94775ad4aad221103c",0,0,0,26,0,"11_2.mp3","music"
"5059","63b18d94775ad4aad221103c",61,76,85,29,17,"4_2.mp3","music"
"5060","63b18d94775ad4aad221103c",0,0,0,0,0,"6_10.mp3","music"
"5061","63b18d94775ad4aad221103c",23,0,0,0,0,"3_1.mp3","music"
"5062","63b18d94775ad4aad221103c",20,30,0,3,3,"10_1.mp3","music"
"5063","63b18d94775ad4aad221103c",100,69,83,70,70,"5_14.mp3","music"
"5064","63b18d94775ad4aad221103c",0,0,0,0,0,"8_2.mp3","music"
"5065","63b18d94775ad4aad221103c",57,67,100,0,81,"7_10.mp3","music"
"5066","63b18d94775ad4aad221103c",100,95,87,100,100,"7_13.mp3","music"
"5067","63b18d94775ad4aad221103c",7,0,0,0,0,"12_2.mp3","music"
"5068","63b18d94775ad4aad221103c",0,0,0,0,0,"6_5.mp3","music"
"5069","63b18d94775ad4aad221103c",22,12,54,0,0,"11_11.mp3","music"
"5070","63b18d94775ad4aad221103c",0,1,0,0,0,"10_2.mp3","music"
"5071","63b18d94775ad4aad221103c",0,0,0,2,0,"11_10.mp3","music"
"5072","63b18d94775ad4aad221103c",69,34,55,62,28,"2_1.mp3","music"
"5073","67ddd68976b22b18710b9fdb",0,17,1,1,2,"11_11.mp3","music"
"5074","67ddd68976b22b18710b9fdb",2,2,2,1,15,"6_5.mp3","music"
"5075","67ddd68976b22b18710b9fdb",2,2,4,2,1,"10_2.mp3","music"
"5076","67ddd68976b22b18710b9fdb",2,2,1,3,2,"8_2.mp3","music"
"5077","67ddd68976b22b18710b9fdb",3,1,3,2,2,"4_1.mp3","music"
"5078","67ddd68976b22b18710b9fdb",3,5,4,2,2,"4_2.mp3","music"
"5079","67ddd68976b22b18710b9fdb",0,0,0,2,0,"5_14.mp3","music"
"5080","67ddd68976b22b18710b9fdb",0,0,0,0,0,"11_2.mp3","music"
"5081","67ddd68976b22b18710b9fdb",100,0,100,94,100,"7_10.mp3","music"
"5082","67ddd68976b22b18710b9fdb",49,14,81,50,13,"6_10.mp3","music"
"5083","67ddd68976b22b18710b9fdb",0,100,0,0,0,"7_13.mp3","music"
"5084","67ddd68976b22b18710b9fdb",46,0,52,0,20,"11_10.mp3","music"
"5085","67ddd68976b22b18710b9fdb",13,74,34,0,0,"3_1.mp3","music"
"5086","67ddd68976b22b18710b9fdb",0,76,1,0,0,"10_1.mp3","music"
"5087","67ddd68976b22b18710b9fdb",0,100,0,0,0,"2_1.mp3","music"
"5088","67ddd68976b22b18710b9fdb",0,0,0,0,0,"12_2.mp3","music"
"5089","69419e9576aea13f332266ff",0,0,86,86,0,"7_10.mp3","music"
"5090","69419e9576aea13f332266ff",0,0,0,0,0,"8_2.mp3","music"
"5091","69419e9576aea13f332266ff",0,0,0,0,0,"11_10.mp3","music"
"5092","69419e9576aea13f332266ff",17,20,0,0,0,"12_2.mp3","music"
"5093","69419e9576aea13f332266ff",26,38,0,0,0,"2_1.mp3","music"
"5094","69419e9576aea13f332266ff",62,62,0,0,0,"11_2.mp3","music"
"5095","69419e9576aea13f332266ff",60,42,0,19,7,"10_1.mp3","music"
"5096","69419e9576aea13f332266ff",0,0,0,0,0,"6_5.mp3","music"
"5097","69419e9576aea13f332266ff",73,53,0,0,4,"4_2.mp3","music"
"5098","69419e9576aea13f332266ff",29,77,0,0,0,"11_11.mp3","music"
"5099","69419e9576aea13f332266ff",84,62,0,19,0,"3_1.mp3","music"
"5100","69419e9576aea13f332266ff",0,0,0,0,0,"10_2.mp3","music"
"5101","69419e9576aea13f332266ff",74,27,0,7,6,"5_14.mp3","music"
"5102","69419e9576aea13f332266ff",0,0,0,0,0,"6_10.mp3","music"
"5103","69419e9576aea13f332266ff",23,27,0,5,3,"4_1.mp3","music"
"5104","69419e9576aea13f332266ff",40,45,0,0,0,"7_13.mp3","music"
"5105","67469dde494c2b78202fc16e",0,0,50,0,0,"7_10.mp3","music"
"5106","67469dde494c2b78202fc16e",0,0,0,0,0,"11_2.mp3","music"
"5107","67469dde494c2b78202fc16e",0,0,0,0,0,"11_11.mp3","music"
"5108","67469dde494c2b78202fc16e",8,14,0,0,0,"7_13.mp3","music"
"5109","67469dde494c2b78202fc16e",6,12,0,0,0,"4_2.mp3","music"
"5110","67469dde494c2b78202fc16e",0,0,0,0,0,"12_2.mp3","music"
"5111","67469dde494c2b78202fc16e",0,0,0,0,0,"8_2.mp3","music"
"5112","67469dde494c2b78202fc16e",0,0,0,6,0,"6_10.mp3","music"
"5113","67469dde494c2b78202fc16e",0,0,0,0,0,"4_1.mp3","music"
"5114","67469dde494c2b78202fc16e",0,0,0,0,0,"6_5.mp3","music"
"5115","67469dde494c2b78202fc16e",0,0,13,13,0,"11_10.mp3","music"
"5116","67469dde494c2b78202fc16e",9,10,0,0,0,"5_14.mp3","music"
"5117","67469dde494c2b78202fc16e",0,0,0,0,0,"3_1.mp3","music"
"5118","67469dde494c2b78202fc16e",0,0,0,0,0,"10_2.mp3","music"
"5119","67469dde494c2b78202fc16e",0,0,0,0,0,"10_1.mp3","music"
"5120","67469dde494c2b78202fc16e",0,9,0,0,0,"2_1.mp3","music"
"5121","6760853e178af224e611e496",10,5,0,5,10,"4_1.mp3","music"
"5122","6760853e178af224e611e496",40,35,0,5,60,"4_2.mp3","music"
"5123","6760853e178af224e611e496",30,40,20,25,80,"3_1.mp3","music"
"5124","6760853e178af224e611e496",15,5,0,0,5,"10_1.mp3","music"
"5125","6760853e178af224e611e496",40,15,70,80,25,"11_10.mp3","music"
"5126","6760853e178af224e611e496",10,40,10,5,75,"2_1.mp3","music"
"5127","6760853e178af224e611e496",5,10,0,0,0,"12_2.mp3","music"
"5128","6760853e178af224e611e496",0,0,0,0,1,"10_2.mp3","music"
"5129","6760853e178af224e611e496",0,0,0,5,0,"6_5.mp3","music"
"5130","6760853e178af224e611e496",0,10,75,30,40,"6_10.mp3","music"
"5131","6760853e178af224e611e496",10,10,90,80,0,"7_10.mp3","music"
"5132","6760853e178af224e611e496",70,80,40,60,80,"11_2.mp3","music"
"5133","6760853e178af224e611e496",30,20,5,0,60,"7_13.mp3","music"
"5134","6760853e178af224e611e496",10,60,0,5,70,"11_11.mp3","music"
"5135","6760853e178af224e611e496",0,0,0,0,0,"8_2.mp3","music"
"5136","6760853e178af224e611e496",60,30,10,0,70,"5_14.mp3","music"
"5137","67dfd2986014ad9eaa886f26",25,0,0,60,0,"12_2.mp3","music"
"5138","67dfd2986014ad9eaa886f26",0,0,0,0,0,"6_5.mp3","music"
"5139","67dfd2986014ad9eaa886f26",50,0,1,0,1,"3_1.mp3","music"
"5140","67dfd2986014ad9eaa886f26",38,29,29,0,1,"10_1.mp3","music"
"5141","67dfd2986014ad9eaa886f26",75,0,0,1,0,"5_14.mp3","music"
"5142","67dfd2986014ad9eaa886f26",1,0,0,0,0,"6_10.mp3","music"
"5143","67dfd2986014ad9eaa886f26",22,0,0,0,0,"4_1.mp3","music"
"5144","67dfd2986014ad9eaa886f26",0,0,0,0,0,"11_2.mp3","music"
"5145","67dfd2986014ad9eaa886f26",0,0,0,0,0,"11_11.mp3","music"
"5146","67dfd2986014ad9eaa886f26",0,0,0,0,0,"2_1.mp3","music"
"5147","67dfd2986014ad9eaa886f26",0,0,0,0,0,"4_2.mp3","music"
"5148","67dfd2986014ad9eaa886f26",0,0,2,0,0,"10_2.mp3","music"
"5149","67dfd2986014ad9eaa886f26",0,0,0,0,0,"11_10.mp3","music"
"5150","67dfd2986014ad9eaa886f26",50,0,0,0,0,"7_10.mp3","music"
"5151","67dfd2986014ad9eaa886f26",46,0,0,17,0,"7_13.mp3","music"
"5152","67dfd2986014ad9eaa886f26",0,2,0,0,0,"8_2.mp3","music"
"5153","67d9625169884c7fdecaf0a6",5,1,1,0,8,"6_5.mp3","music"
"5154","67d9625169884c7fdecaf0a6",46,0,0,0,0,"3_1.mp3","music"
"5155","67d9625169884c7fdecaf0a6",56,53,68,58,76,"4_2.mp3","music"
"5156","67d9625169884c7fdecaf0a6",59,15,13,75,6,"7_10.mp3","music"
"5157","67d9625169884c7fdecaf0a6",30,48,33,53,67,"7_13.mp3","music"
"5158","67d9625169884c7fdecaf0a6",24,51,50,50,35,"4_1.mp3","music"
"5159","67d9625169884c7fdecaf0a6",31,20,18,60,69,"6_10.mp3","music"
"5160","67d9625169884c7fdecaf0a6",21,47,22,64,52,"11_2.mp3","music"
"5161","67d9625169884c7fdecaf0a6",23,50,48,69,20,"12_2.mp3","music"
"5162","67d9625169884c7fdecaf0a6",25,60,41,71,33,"8_2.mp3","music"
"5163","67d9625169884c7fdecaf0a6",17,23,21,63,39,"10_1.mp3","music"
"5164","67d9625169884c7fdecaf0a6",73,39,18,32,28,"11_10.mp3","music"
"5165","67d9625169884c7fdecaf0a6",20,60,52,64,23,"2_1.mp3","music"
"5166","67d9625169884c7fdecaf0a6",23,58,47,49,53,"5_14.mp3","music"
"5167","67d9625169884c7fdecaf0a6",46,52,20,27,49,"10_2.mp3","music"
"5168","67d9625169884c7fdecaf0a6",23,29,65,47,47,"11_11.mp3","music"
"5169","5bbf523d83f9790001ce549a",0,0,0,0,0,"4_1.mp3","music"
"5170","5bbf523d83f9790001ce549a",70,76,0,0,45,"4_2.mp3","music"
"5171","5bbf523d83f9790001ce549a",0,0,47,100,80,"11_10.mp3","music"
"5172","5bbf523d83f9790001ce549a",0,29,0,100,0,"11_2.mp3","music"
"5173","5bbf523d83f9790001ce549a",0,0,0,0,0,"7_13.mp3","music"
"5174","5bbf523d83f9790001ce549a",0,47,0,0,0,"5_14.mp3","music"
"5175","5bbf523d83f9790001ce549a",0,0,0,0,0,"10_2.mp3","music"
"5176","5bbf523d83f9790001ce549a",0,98,0,0,0,"10_1.mp3","music"
"5177","5bbf523d83f9790001ce549a",0,0,0,0,0,"2_1.mp3","music"
"5178","5bbf523d83f9790001ce549a",0,100,0,0,86,"11_11.mp3","music"
"5179","5bbf523d83f9790001ce549a",0,0,0,0,0,"6_10.mp3","music"
"5180","5bbf523d83f9790001ce549a",0,0,0,0,0,"12_2.mp3","music"
"5181","5bbf523d83f9790001ce549a",0,0,0,0,0,"3_1.mp3","music"
"5182","5bbf523d83f9790001ce549a",0,0,0,0,0,"8_2.mp3","music"
"5183","5bbf523d83f9790001ce549a",0,0,0,64,0,"6_5.mp3","music"
"5184","5bbf523d83f9790001ce549a",100,53,100,51,56,"7_10.mp3","music"
"5185","675a2ef45fbe0cc52b8403ae",42,15,27,59,20,"10_1.mp3","music"
"5186","675a2ef45fbe0cc52b8403ae",35,43,42,36,46,"12_2.mp3","music"
"5187","675a2ef45fbe0cc52b8403ae",86,15,26,62,81,"11_10.mp3","music"
"5188","675a2ef45fbe0cc52b8403ae",21,15,54,37,21,"2_1.mp3","music"
"5189","675a2ef45fbe0cc52b8403ae",41,27,49,64,65,"10_2.mp3","music"
"5190","675a2ef45fbe0cc52b8403ae",58,62,38,21,27,"11_2.mp3","music"
"5191","675a2ef45fbe0cc52b8403ae",65,50,38,48,64,"4_1.mp3","music"
"5192","675a2ef45fbe0cc52b8403ae",55,41,26,62,66,"11_11.mp3","music"
"5193","675a2ef45fbe0cc52b8403ae",51,46,41,45,32,"3_1.mp3","music"
"5194","675a2ef45fbe0cc52b8403ae",66,63,75,47,72,"7_13.mp3","music"
"5195","675a2ef45fbe0cc52b8403ae",58,49,54,73,60,"6_10.mp3","music"
"5196","675a2ef45fbe0cc52b8403ae",69,80,73,50,84,"8_2.mp3","music"
"5197","675a2ef45fbe0cc52b8403ae",75,69,75,59,66,"4_2.mp3","music"
"5198","675a2ef45fbe0cc52b8403ae",45,65,51,62,69,"5_14.mp3","music"
"5199","675a2ef45fbe0cc52b8403ae",49,24,38,65,45,"7_10.mp3","music"
"5200","675a2ef45fbe0cc52b8403ae",68,77,59,63,73,"6_5.mp3","music"
"5201","6941b8c9dd38cb0309c3280f",4,15,1,1,2,"4_2.mp3","music"
"5202","6941b8c9dd38cb0309c3280f",27,42,21,28,2,"5_14.mp3","music"
"5203","6941b8c9dd38cb0309c3280f",0,2,1,12,3,"6_5.mp3","music"
"5204","6941b8c9dd38cb0309c3280f",46,45,15,48,11,"11_2.mp3","music"
"5205","6941b8c9dd38cb0309c3280f",1,1,0,0,2,"4_1.mp3","music"
"5206","6941b8c9dd38cb0309c3280f",16,28,1,2,3,"2_1.mp3","music"
"5207","6941b8c9dd38cb0309c3280f",13,15,73,58,25,"11_10.mp3","music"
"5208","6941b8c9dd38cb0309c3280f",0,0,0,0,0,"12_2.mp3","music"
"5209","6941b8c9dd38cb0309c3280f",0,0,0,0,0,"8_2.mp3","music"
"5210","6941b8c9dd38cb0309c3280f",0,0,100,100,47,"7_10.mp3","music"
"5211","6941b8c9dd38cb0309c3280f",0,0,0,0,0,"10_2.mp3","music"
"5212","6941b8c9dd38cb0309c3280f",0,0,0,0,0,"7_13.mp3","music"
"5213","6941b8c9dd38cb0309c3280f",100,100,0,0,0,"3_1.mp3","music"
"5214","6941b8c9dd38cb0309c3280f",100,100,0,0,0,"11_11.mp3","music"
"5215","6941b8c9dd38cb0309c3280f",0,0,19,73,0,"6_10.mp3","music"
"5216","6941b8c9dd38cb0309c3280f",0,0,0,0,0,"10_1.mp3","music"
"5217","67911b9be5af0ac0763a28c7",13,13,6,13,0,"8_2.mp3","music"
"5218","67911b9be5af0ac0763a28c7",29,17,28,20,4,"6_5.mp3","music"
"5219","67911b9be5af0ac0763a28c7",31,55,9,3,0,"12_2.mp3","music"
"5220","67911b9be5af0ac0763a28c7",7,26,3,7,3,"10_1.mp3","music"
"5221","67911b9be5af0ac0763a28c7",3,11,1,1,1,"4_1.mp3","music"
"5222","67911b9be5af0ac0763a28c7",78,82,22,38,0,"2_1.mp3","music"
"5223","67911b9be5af0ac0763a28c7",74,81,5,7,1,"7_13.mp3","music"
"5224","67911b9be5af0ac0763a28c7",64,37,99,93,71,"7_10.mp3","music"
"5225","67911b9be5af0ac0763a28c7",0,0,0,0,0,"10_2.mp3","music"
"5226","67911b9be5af0ac0763a28c7",86,98,1,11,0,"3_1.mp3","music"
"5227","67911b9be5af0ac0763a28c7",44,66,58,35,31,"11_2.mp3","music"
"5228","67911b9be5af0ac0763a28c7",61,73,4,8,0,"11_11.mp3","music"
"5229","67911b9be5af0ac0763a28c7",10,25,83,73,0,"11_10.mp3","music"
"5230","67911b9be5af0ac0763a28c7",53,67,9,43,0,"5_14.mp3","music"
"5231","67911b9be5af0ac0763a28c7",36,5,69,62,15,"6_10.mp3","music"
"5232","67911b9be5af0ac0763a28c7",82,85,14,57,8,"4_2.mp3","music"
"5233","5d9d2e421af9ed0011c31894",0,0,0,0,0,"11_10.mp3","music"
"5234","5d9d2e421af9ed0011c31894",0,0,1,1,0,"6_10.mp3","music"
"5235","5d9d2e421af9ed0011c31894",18,10,0,0,0,"7_13.mp3","music"
"5236","5d9d2e421af9ed0011c31894",0,1,1,1,0,"12_2.mp3","music"
"5237","5d9d2e421af9ed0011c31894",1,0,0,0,2,"3_1.mp3","music"
"5238","5d9d2e421af9ed0011c31894",1,1,2,0,0,"10_2.mp3","music"
"5239","5d9d2e421af9ed0011c31894",0,1,12,24,0,"7_10.mp3","music"
"5240","5d9d2e421af9ed0011c31894",13,13,0,0,1,"2_1.mp3","music"
"5241","5d9d2e421af9ed0011c31894",0,0,0,0,0,"11_2.mp3","music"
"5242","5d9d2e421af9ed0011c31894",0,0,0,0,0,"6_5.mp3","music"
"5243","5d9d2e421af9ed0011c31894",15,14,0,0,0,"5_14.mp3","music"
"5244","5d9d2e421af9ed0011c31894",17,1,0,0,0,"10_1.mp3","music"
"5245","5d9d2e421af9ed0011c31894",0,0,0,0,0,"4_2.mp3","music"
"5246","5d9d2e421af9ed0011c31894",0,0,1,0,0,"8_2.mp3","music"
"5247","5d9d2e421af9ed0011c31894",0,0,0,0,0,"4_1.mp3","music"
"5248","5d9d2e421af9ed0011c31894",5,0,0,0,1,"11_11.mp3","music"
"5249","564e93659b124900127eb55b",37,70,16,26,0,"5_14.mp3","music"
"5250","564e93659b124900127eb55b",0,1,0,0,0,"4_1.mp3","music"
"5251","564e93659b124900127eb55b",0,0,0,17,0,"10_2.mp3","music"
"5252","564e93659b124900127eb55b",54,76,51,69,57,"3_1.mp3","music"
"5253","564e93659b124900127eb55b",11,65,0,12,0,"2_1.mp3","music"
"5254","564e93659b124900127eb55b",54,48,0,6,16,"4_2.mp3","music"
"5255","564e93659b124900127eb55b",18,0,76,90,69,"11_10.mp3","music"
"5256","564e93659b124900127eb55b",0,12,0,0,0,"12_2.mp3","music"
"5257","564e93659b124900127eb55b",0,0,0,0,0,"8_2.mp3","music"
"5258","564e93659b124900127eb55b",0,0,0,16,0,"11_2.mp3","music"
"5259","564e93659b124900127eb55b",66,0,100,94,71,"7_10.mp3","music"
"5260","564e93659b124900127eb55b",0,0,0,0,0,"10_1.mp3","music"
"5261","564e93659b124900127eb55b",0,0,0,0,0,"7_13.mp3","music"
"5262","564e93659b124900127eb55b",0,0,0,0,0,"11_11.mp3","music"
"5263","564e93659b124900127eb55b",0,0,0,16,0,"6_5.mp3","music"
"5264","564e93659b124900127eb55b",100,18,91,95,100,"6_10.mp3","music"
"5265","67dd4210d92f4c3aac8d944c",32,13,17,29,8,"2_1.mp3","music"
"5266","67dd4210d92f4c3aac8d944c",10,15,8,17,12,"12_2.mp3","music"
"5267","67dd4210d92f4c3aac8d944c",16,10,8,14,10,"6_10.mp3","music"
"5268","67dd4210d92f4c3aac8d944c",9,11,8,13,88,"11_11.mp3","music"
"5269","67dd4210d92f4c3aac8d944c",19,19,14,87,8,"7_10.mp3","music"
"5270","67dd4210d92f4c3aac8d944c",9,11,8,19,10,"4_1.mp3","music"
"5271","67dd4210d92f4c3aac8d944c",18,11,16,21,12,"10_1.mp3","music"
"5272","67dd4210d92f4c3aac8d944c",14,11,13,77,12,"11_2.mp3","music"
"5273","67dd4210d92f4c3aac8d944c",11,8,8,84,10,"7_13.mp3","music"
"5274","67dd4210d92f4c3aac8d944c",24,17,12,20,20,"5_14.mp3","music"
"5275","67dd4210d92f4c3aac8d944c",15,10,14,90,90,"11_10.mp3","music"
"5276","67dd4210d92f4c3aac8d944c",15,12,12,7,7,"10_2.mp3","music"
"5277","67dd4210d92f4c3aac8d944c",13,9,9,10,5,"4_2.mp3","music"
"5278","67dd4210d92f4c3aac8d944c",8,9,7,7,9,"3_1.mp3","music"
"5279","67dd4210d92f4c3aac8d944c",46,8,10,16,13,"6_5.mp3","music"
"5280","67dd4210d92f4c3aac8d944c",68,6,10,36,16,"8_2.mp3","music"
"5281","674cb1e5dd135ab435dece3f",21,4,13,48,9,"11_10.mp3","music"
"5282","674cb1e5dd135ab435dece3f",21,2,7,12,13,"11_11.mp3","music"
"5283","674cb1e5dd135ab435dece3f",13,10,16,46,16,"6_10.mp3","music"
"5284","674cb1e5dd135ab435dece3f",16,15,22,26,37,"11_2.mp3","music"
"5285","674cb1e5dd135ab435dece3f",31,14,14,13,13,"7_13.mp3","music"
"5286","674cb1e5dd135ab435dece3f",4,14,9,20,23,"8_2.mp3","music"
"5287","674cb1e5dd135ab435dece3f",43,19,21,19,22,"3_1.mp3","music"
"5288","674cb1e5dd135ab435dece3f",17,34,13,30,35,"6_5.mp3","music"
"5289","674cb1e5dd135ab435dece3f",10,10,20,8,16,"4_1.mp3","music"
"5290","674cb1e5dd135ab435dece3f",27,41,33,46,22,"7_10.mp3","music"
"5291","674cb1e5dd135ab435dece3f",36,27,13,17,20,"10_1.mp3","music"
"5292","674cb1e5dd135ab435dece3f",15,44,35,8,5,"2_1.mp3","music"
"5293","674cb1e5dd135ab435dece3f",21,16,22,34,10,"10_2.mp3","music"
"5294","674cb1e5dd135ab435dece3f",11,18,14,10,18,"5_14.mp3","music"
"5295","674cb1e5dd135ab435dece3f",4,7,6,8,5,"4_2.mp3","music"
"5296","674cb1e5dd135ab435dece3f",13,10,4,14,5,"12_2.mp3","music"
"5297","668bf688d58206e61f399a88",21,3,4,11,9,"6_5.mp3","music"
"5298","668bf688d58206e61f399a88",47,32,74,45,49,"11_10.mp3","music"
"5299","668bf688d58206e61f399a88",3,2,2,5,4,"12_2.mp3","music"
"5300","668bf688d58206e61f399a88",24,14,45,23,10,"7_10.mp3","music"
"5301","668bf688d58206e61f399a88",35,51,53,38,51,"11_2.mp3","music"
"5302","668bf688d58206e61f399a88",5,5,4,6,3,"3_1.mp3","music"
"5303","668bf688d58206e61f399a88",31,24,4,23,11,"11_11.mp3","music"
"5304","668bf688d58206e61f399a88",7,13,2,4,12,"5_14.mp3","music"
"5305","668bf688d58206e61f399a88",6,4,3,8,6,"7_13.mp3","music"
"5306","668bf688d58206e61f399a88",48,47,45,49,49,"6_10.mp3","music"
"5307","668bf688d58206e61f399a88",0,1,0,2,2,"4_1.mp3","music"
"5308","668bf688d58206e61f399a88",5,3,17,8,2,"10_2.mp3","music"
"5309","668bf688d58206e61f399a88",3,5,18,5,3,"10_1.mp3","music"
"5310","668bf688d58206e61f399a88",3,6,17,4,3,"8_2.mp3","music"
"5311","668bf688d58206e61f399a88",11,5,5,7,6,"2_1.mp3","music"
"5312","668bf688d58206e61f399a88",55,63,30,63,59,"4_2.mp3","music"
"5313","6287f4819c5fc8c4d48cc885",0,0,0,0,0,"10_2.mp3","music"
"5314","6287f4819c5fc8c4d48cc885",44,63,0,0,24,"11_11.mp3","music"
"5315","6287f4819c5fc8c4d48cc885",0,0,0,53,0,"6_10.mp3","music"
"5316","6287f4819c5fc8c4d48cc885",0,0,0,0,0,"6_5.mp3","music"
"5317","6287f4819c5fc8c4d48cc885",0,0,0,0,0,"8_2.mp3","music"
"5318","6287f4819c5fc8c4d48cc885",70,64,0,22,29,"5_14.mp3","music"
"5319","6287f4819c5fc8c4d48cc885",23,6,77,69,47,"7_10.mp3","music"
"5320","6287f4819c5fc8c4d48cc885",0,0,0,24,0,"11_10.mp3","music"
"5321","6287f4819c5fc8c4d48cc885",77,74,0,0,6,"4_2.mp3","music"
"5322","6287f4819c5fc8c4d48cc885",70,53,0,48,39,"11_2.mp3","music"
"5323","6287f4819c5fc8c4d48cc885",29,29,0,0,0,"7_13.mp3","music"
"5324","6287f4819c5fc8c4d48cc885",50,67,0,0,0,"12_2.mp3","music"
"5325","6287f4819c5fc8c4d48cc885",87,94,0,0,55,"3_1.mp3","music"
"5326","6287f4819c5fc8c4d48cc885",21,75,0,0,0,"2_1.mp3","music"
"5327","6287f4819c5fc8c4d48cc885",25,71,0,0,32,"10_1.mp3","music"
"5328","6287f4819c5fc8c4d48cc885",0,50,0,0,0,"4_1.mp3","music"
"5329","67cb4f07e42b150f96dc180b",76,3,14,65,27,"7_13.mp3","music"
"5330","67cb4f07e42b150f96dc180b",74,21,21,8,6,"10_2.mp3","music"
"5331","67cb4f07e42b150f96dc180b",80,10,24,53,25,"12_2.mp3","music"
"5332","67cb4f07e42b150f96dc180b",26,43,22,76,5,"6_10.mp3","music"
"5333","67cb4f07e42b150f96dc180b",70,19,10,24,21,"5_14.mp3","music"
"5334","67cb4f07e42b150f96dc180b",20,63,40,15,31,"10_1.mp3","music"
"5335","67cb4f07e42b150f96dc180b",55,63,54,56,7,"7_10.mp3","music"
"5336","67cb4f07e42b150f96dc180b",83,49,51,49,45,"11_2.mp3","music"
"5337","67cb4f07e42b150f96dc180b",47,22,60,61,14,"2_1.mp3","music"
"5338","67cb4f07e42b150f96dc180b",51,44,33,65,33,"8_2.mp3","music"
"5339","67cb4f07e42b150f96dc180b",76,32,50,65,43,"4_1.mp3","music"
"5340","67cb4f07e42b150f96dc180b",69,27,53,38,39,"11_10.mp3","music"
"5341","67cb4f07e42b150f96dc180b",50,32,60,63,37,"4_2.mp3","music"
"5342","67cb4f07e42b150f96dc180b",54,21,25,55,29,"11_11.mp3","music"
"5343","67cb4f07e42b150f96dc180b",55,48,74,33,52,"6_5.mp3","music"
"5344","67cb4f07e42b150f96dc180b",77,27,62,48,19,"3_1.mp3","music"
"5345","63ae31ff5c725a41082afc56",12,8,7,13,12,"4_1.mp3","music"
"5346","63ae31ff5c725a41082afc56",45,52,8,77,5,"12_2.mp3","music"
"5347","63ae31ff5c725a41082afc56",12,4,2,14,17,"8_2.mp3","music"
"5348","63ae31ff5c725a41082afc56",92,43,87,90,55,"11_10.mp3","music"
"5349","63ae31ff5c725a41082afc56",75,81,89,86,63,"6_5.mp3","music"
"5350","63ae31ff5c725a41082afc56",100,91,98,98,34,"7_10.mp3","music"
"5351","63ae31ff5c725a41082afc56",25,19,4,19,11,"11_11.mp3","music"
"5352","63ae31ff5c725a41082afc56",16,19,41,33,16,"10_2.mp3","music"
"5353","63ae31ff5c725a41082afc56",14,3,9,19,19,"4_2.mp3","music"
"5354","63ae31ff5c725a41082afc56",54,25,19,80,31,"11_2.mp3","music"
"5355","63ae31ff5c725a41082afc56",71,13,17,28,48,"5_14.mp3","music"
"5356","63ae31ff5c725a41082afc56",11,27,16,14,11,"10_1.mp3","music"
"5357","63ae31ff5c725a41082afc56",14,15,15,23,15,"6_10.mp3","music"
"5358","63ae31ff5c725a41082afc56",84,40,13,11,13,"3_1.mp3","music"
"5359","63ae31ff5c725a41082afc56",79,69,14,14,20,"2_1.mp3","music"
"5360","63ae31ff5c725a41082afc56",13,20,11,21,8,"7_13.mp3","music"
"5361","67463480327b48a3f1380669",3,3,1,4,1,"6_10.mp3","music"
"5362","67463480327b48a3f1380669",2,21,3,4,2,"10_1.mp3","music"
"5363","67463480327b48a3f1380669",38,21,4,4,4,"3_1.mp3","music"
"5364","67463480327b48a3f1380669",54,39,1,3,2,"11_2.mp3","music"
"5365","67463480327b48a3f1380669",21,26,1,7,17,"7_13.mp3","music"
"5366","67463480327b48a3f1380669",39,51,3,4,26,"5_14.mp3","music"
"5367","67463480327b48a3f1380669",1,2,2,0,2,"4_1.mp3","music"
"5368","67463480327b48a3f1380669",3,2,10,14,4,"11_10.mp3","music"
"5369","67463480327b48a3f1380669",2,1,2,21,5,"6_5.mp3","music"
"5370","67463480327b48a3f1380669",7,10,2,2,2,"8_2.mp3","music"
"5371","67463480327b48a3f1380669",16,1,3,3,2,"10_2.mp3","music"
"5372","67463480327b48a3f1380669",60,62,2,2,19,"2_1.mp3","music"
"5373","67463480327b48a3f1380669",15,59,2,2,2,"4_2.mp3","music"
"5374","67463480327b48a3f1380669",1,6,39,15,5,"7_10.mp3","music"
"5375","67463480327b48a3f1380669",26,27,1,4,2,"11_11.mp3","music"
"5376","67463480327b48a3f1380669",34,23,1,2,4,"12_2.mp3","music"
"5377","66240955715b3b45903381ed",8,13,5,5,0,"3_1.mp3","music"
"5378","66240955715b3b45903381ed",5,8,0,12,0,"4_1.mp3","music"
"5379","66240955715b3b45903381ed",5,6,0,5,2,"4_2.mp3","music"
"5380","66240955715b3b45903381ed",13,5,10,20,5,"6_10.mp3","music"
"5381","66240955715b3b45903381ed",7,11,2,6,0,"11_11.mp3","music"
"5382","66240955715b3b45903381ed",9,0,7,12,5,"11_10.mp3","music"
"5383","66240955715b3b45903381ed",10,18,0,16,0,"7_13.mp3","music"
"5384","66240955715b3b45903381ed",4,16,0,16,0,"2_1.mp3","music"
"5385","66240955715b3b45903381ed",1,9,1,13,4,"10_2.mp3","music"
"5386","66240955715b3b45903381ed",3,7,0,13,0,"11_2.mp3","music"
"5387","66240955715b3b45903381ed",6,11,0,12,0,"10_1.mp3","music"
"5388","66240955715b3b45903381ed",6,15,0,19,0,"12_2.mp3","music"
"5389","66240955715b3b45903381ed",38,0,11,21,0,"7_10.mp3","music"
"5390","66240955715b3b45903381ed",19,12,0,12,5,"5_14.mp3","music"
"5391","66240955715b3b45903381ed",4,4,4,18,1,"6_5.mp3","music"
"5392","66240955715b3b45903381ed",0,3,3,10,1,"8_2.mp3","music"
"5393","672c74f54295206bddb0146a",0,0,0,0,0,"4_1.mp3","music"
"5394","672c74f54295206bddb0146a",0,0,0,0,0,"10_1.mp3","music"
"5395","672c74f54295206bddb0146a",0,0,0,0,0,"11_10.mp3","music"
"5396","672c74f54295206bddb0146a",0,0,0,0,0,"3_1.mp3","music"
"5397","672c74f54295206bddb0146a",0,15,0,0,0,"11_11.mp3","music"
"5398","672c74f54295206bddb0146a",0,0,0,0,0,"6_5.mp3","music"
"5399","672c74f54295206bddb0146a",0,0,0,0,0,"11_2.mp3","music"
"5400","672c74f54295206bddb0146a",10,10,0,0,0,"7_13.mp3","music"
"5401","672c74f54295206bddb0146a",0,0,0,5,0,"6_10.mp3","music"
"5402","672c74f54295206bddb0146a",0,0,0,0,0,"12_2.mp3","music"
"5403","672c74f54295206bddb0146a",0,0,0,0,0,"8_2.mp3","music"
"5404","672c74f54295206bddb0146a",0,0,0,0,0,"10_2.mp3","music"
"5405","672c74f54295206bddb0146a",0,20,0,0,0,"4_2.mp3","music"
"5406","672c74f54295206bddb0146a",0,0,20,10,0,"7_10.mp3","music"
"5407","672c74f54295206bddb0146a",0,0,0,0,0,"5_14.mp3","music"
"5408","672c74f54295206bddb0146a",0,0,0,0,0,"2_1.mp3","music"
"5409","67e406244bfad9999a051c1e",16,8,10,11,11,"7_10.mp3","music"
"5410","67e406244bfad9999a051c1e",8,11,14,18,5,"4_1.mp3","music"
"5411","67e406244bfad9999a051c1e",25,12,15,16,5,"11_2.mp3","music"
"5412","67e406244bfad9999a051c1e",8,14,16,86,10,"12_2.mp3","music"
"5413","67e406244bfad9999a051c1e",15,11,9,84,13,"8_2.mp3","music"
"5414","67e406244bfad9999a051c1e",12,8,6,24,0,"7_13.mp3","music"
"5415","67e406244bfad9999a051c1e",12,14,11,79,19,"5_14.mp3","music"
"5416","67e406244bfad9999a051c1e",15,13,11,87,10,"4_2.mp3","music"
"5417","67e406244bfad9999a051c1e",8,10,9,89,14,"2_1.mp3","music"
"5418","67e406244bfad9999a051c1e",83,12,12,25,10,"10_1.mp3","music"
"5419","67e406244bfad9999a051c1e",85,12,90,14,9,"3_1.mp3","music"
"5420","67e406244bfad9999a051c1e",8,8,10,81,8,"6_10.mp3","music"
"5421","67e406244bfad9999a051c1e",31,9,9,23,9,"10_2.mp3","music"
"5422","67e406244bfad9999a051c1e",12,8,8,10,9,"6_5.mp3","music"
"5423","67e406244bfad9999a051c1e",86,10,10,12,7,"11_10.mp3","music"
"5424","67e406244bfad9999a051c1e",12,11,9,9,12,"11_11.mp3","music"
"5425","67dd40b531ab9c33ff61e98e",31,3,2,13,8,"11_10.mp3","music"
"5426","67dd40b531ab9c33ff61e98e",8,11,10,82,11,"4_1.mp3","music"
"5427","67dd40b531ab9c33ff61e98e",10,6,5,8,6,"7_10.mp3","music"
"5428","67dd40b531ab9c33ff61e98e",28,5,6,13,12,"11_11.mp3","music"
"5429","67dd40b531ab9c33ff61e98e",7,8,6,10,11,"2_1.mp3","music"
"5430","67dd40b531ab9c33ff61e98e",9,7,6,13,10,"6_10.mp3","music"
"5431","67dd40b531ab9c33ff61e98e",9,8,8,8,8,"10_2.mp3","music"
"5432","67dd40b531ab9c33ff61e98e",9,7,10,11,10,"12_2.mp3","music"
"5433","67dd40b531ab9c33ff61e98e",18,13,11,18,7,"4_2.mp3","music"
"5434","67dd40b531ab9c33ff61e98e",14,11,10,13,12,"10_1.mp3","music"
"5435","67dd40b531ab9c33ff61e98e",11,12,10,12,10,"11_2.mp3","music"
"5436","67dd40b531ab9c33ff61e98e",13,5,10,15,12,"5_14.mp3","music"
"5437","67dd40b531ab9c33ff61e98e",10,8,12,12,8,"8_2.mp3","music"
"5438","67dd40b531ab9c33ff61e98e",33,13,6,10,8,"7_13.mp3","music"
"5439","67dd40b531ab9c33ff61e98e",21,7,9,8,10,"6_5.mp3","music"
"5440","67dd40b531ab9c33ff61e98e",12,6,10,14,10,"3_1.mp3","music"
"5441","69455d744f6c8f2faec72b92",2,2,0,3,3,"4_1.mp3","music"
"5442","69455d744f6c8f2faec72b92",54,37,1,1,7,"11_11.mp3","music"
"5443","69455d744f6c8f2faec72b92",0,1,1,10,4,"6_5.mp3","music"
"5444","69455d744f6c8f2faec72b92",73,15,11,14,46,"4_2.mp3","music"
"5445","69455d744f6c8f2faec72b92",1,4,3,1,5,"10_2.mp3","music"
"5446","69455d744f6c8f2faec72b92",44,37,11,4,20,"12_2.mp3","music"
"5447","69455d744f6c8f2faec72b92",48,31,4,8,23,"7_13.mp3","music"
"5448","69455d744f6c8f2faec72b92",20,7,65,54,11,"7_10.mp3","music"
"5449","69455d744f6c8f2faec72b92",14,11,11,7,7,"11_10.mp3","music"
"5450","69455d744f6c8f2faec72b92",60,49,15,8,47,"5_14.mp3","music"
"5451","69455d744f6c8f2faec72b92",58,31,2,9,20,"3_1.mp3","music"
"5452","69455d744f6c8f2faec72b92",48,50,6,29,35,"10_1.mp3","music"
"5453","69455d744f6c8f2faec72b92",5,3,9,11,13,"11_2.mp3","music"
"5454","69455d744f6c8f2faec72b92",18,23,1,3,8,"2_1.mp3","music"
"5455","69455d744f6c8f2faec72b92",8,13,12,15,8,"6_10.mp3","music"
"5456","69455d744f6c8f2faec72b92",3,6,0,2,12,"8_2.mp3","music"
"5457","663a5db9ced6c4bf9bd77d3e",0,0,7,30,0,"6_5.mp3","music"
"5458","663a5db9ced6c4bf9bd77d3e",0,0,3,14,0,"10_2.mp3","music"
"5459","663a5db9ced6c4bf9bd77d3e",42,28,0,0,0,"12_2.mp3","music"
"5460","663a5db9ced6c4bf9bd77d3e",29,11,100,100,81,"7_10.mp3","music"
"5461","663a5db9ced6c4bf9bd77d3e",0,0,85,79,8,"11_10.mp3","music"
"5462","663a5db9ced6c4bf9bd77d3e",56,50,0,1,0,"2_1.mp3","music"
"5463","663a5db9ced6c4bf9bd77d3e",62,76,0,0,11,"11_11.mp3","music"
"5464","663a5db9ced6c4bf9bd77d3e",0,21,0,0,0,"4_1.mp3","music"
"5465","663a5db9ced6c4bf9bd77d3e",0,0,32,45,23,"8_2.mp3","music"
"5466","663a5db9ced6c4bf9bd77d3e",48,32,12,6,0,"11_2.mp3","music"
"5467","663a5db9ced6c4bf9bd77d3e",51,90,0,0,53,"7_13.mp3","music"
"5468","663a5db9ced6c4bf9bd77d3e",12,10,46,87,7,"6_10.mp3","music"
"5469","663a5db9ced6c4bf9bd77d3e",0,86,0,0,53,"10_1.mp3","music"
"5470","663a5db9ced6c4bf9bd77d3e",52,89,0,9,27,"4_2.mp3","music"
"5471","663a5db9ced6c4bf9bd77d3e",57,92,0,0,50,"5_14.mp3","music"
"5472","663a5db9ced6c4bf9bd77d3e",83,100,0,0,42,"3_1.mp3","music"
"5473","60fdd5214fe9e80b975361bd",10,10,27,80,24,"6_5.mp3","music"
"5474","60fdd5214fe9e80b975361bd",3,12,74,92,21,"11_10.mp3","music"
"5475","60fdd5214fe9e80b975361bd",53,56,25,18,64,"2_1.mp3","music"
"5476","60fdd5214fe9e80b975361bd",67,57,50,58,62,"5_14.mp3","music"
"5477","60fdd5214fe9e80b975361bd",13,14,13,13,19,"10_1.mp3","music"
"5478","60fdd5214fe9e80b975361bd",3,33,78,94,12,"6_10.mp3","music"
"5479","60fdd5214fe9e80b975361bd",47,37,34,6,8,"4_1.mp3","music"
"5480","60fdd5214fe9e80b975361bd",8,16,16,8,17,"10_2.mp3","music"
"5481","60fdd5214fe9e80b975361bd",85,75,19,8,50,"7_13.mp3","music"
"5482","60fdd5214fe9e80b975361bd",91,96,53,72,87,"11_11.mp3","music"
"5483","60fdd5214fe9e80b975361bd",5,6,34,86,6,"8_2.mp3","music"
"5484","60fdd5214fe9e80b975361bd",71,61,80,88,38,"7_10.mp3","music"
"5485","60fdd5214fe9e80b975361bd",87,77,7,7,73,"3_1.mp3","music"
"5486","60fdd5214fe9e80b975361bd",7,8,8,7,11,"4_2.mp3","music"
"5487","60fdd5214fe9e80b975361bd",8,8,12,6,7,"12_2.mp3","music"
"5488","60fdd5214fe9e80b975361bd",11,8,6,71,18,"11_2.mp3","music"
"5489","60f6ce6de6cf393bcde0c14d",0,0,0,0,0,"3_1.mp3","music"
"5490","60f6ce6de6cf393bcde0c14d",0,0,0,0,0,"11_10.mp3","music"
"5491","60f6ce6de6cf393bcde0c14d",0,0,0,0,0,"12_2.mp3","music"
"5492","60f6ce6de6cf393bcde0c14d",0,0,0,0,0,"4_2.mp3","music"
"5493","60f6ce6de6cf393bcde0c14d",0,0,0,0,1,"8_2.mp3","music"
"5494","60f6ce6de6cf393bcde0c14d",0,0,0,0,0,"10_1.mp3","music"
"5495","60f6ce6de6cf393bcde0c14d",1,1,1,1,1,"2_1.mp3","music"
"5496","60f6ce6de6cf393bcde0c14d",0,0,0,0,0,"6_10.mp3","music"
"5497","60f6ce6de6cf393bcde0c14d",84,75,61,87,51,"7_10.mp3","music"
"5498","60f6ce6de6cf393bcde0c14d",0,2,0,0,0,"5_14.mp3","music"
"5499","60f6ce6de6cf393bcde0c14d",0,1,0,3,1,"11_11.mp3","music"
"5500","60f6ce6de6cf393bcde0c14d",0,0,2,0,3,"11_2.mp3","music"
"5501","60f6ce6de6cf393bcde0c14d",0,0,0,0,3,"10_2.mp3","music"
"5502","60f6ce6de6cf393bcde0c14d",1,0,0,2,0,"7_13.mp3","music"
"5503","60f6ce6de6cf393bcde0c14d",1,0,0,3,0,"4_1.mp3","music"
"5504","60f6ce6de6cf393bcde0c14d",0,0,0,0,0,"6_5.mp3","music"
"5505","66c39523c807184f4582c50a",70,100,0,0,85,"2_1.mp3","music"
"5506","66c39523c807184f4582c50a",0,0,0,100,0,"6_5.mp3","music"
"5507","66c39523c807184f4582c50a",0,0,0,0,0,"8_2.mp3","music"
"5508","66c39523c807184f4582c50a",100,100,0,40,100,"3_1.mp3","music"
"5509","66c39523c807184f4582c50a",80,100,0,25,70,"4_2.mp3","music"
"5510","66c39523c807184f4582c50a",0,0,0,0,0,"10_1.mp3","music"
"5511","66c39523c807184f4582c50a",0,0,0,15,0,"4_1.mp3","music"
"5512","66c39523c807184f4582c50a",70,20,70,80,20,"11_2.mp3","music"
"5513","66c39523c807184f4582c50a",50,0,100,100,30,"7_10.mp3","music"
"5514","66c39523c807184f4582c50a",0,60,0,0,5,"12_2.mp3","music"
"5515","66c39523c807184f4582c50a",0,0,100,100,10,"11_10.mp3","music"
"5516","66c39523c807184f4582c50a",0,0,0,50,0,"10_2.mp3","music"
"5517","66c39523c807184f4582c50a",90,100,0,0,100,"11_11.mp3","music"
"5518","66c39523c807184f4582c50a",100,100,0,50,100,"7_13.mp3","music"
"5519","66c39523c807184f4582c50a",0,0,50,100,20,"6_10.mp3","music"
"5520","66c39523c807184f4582c50a",100,85,75,50,55,"5_14.mp3","music"
"5521","67164c92298409e37c670b3d",23,36,0,8,2,"11_11.mp3","music"
"5522","67164c92298409e37c670b3d",0,0,0,0,0,"10_2.mp3","music"
"5523","67164c92298409e37c670b3d",0,0,0,15,0,"8_2.mp3","music"
"5524","67164c92298409e37c670b3d",0,0,0,48,0,"6_10.mp3","music"
"5525","67164c92298409e37c670b3d",0,0,0,0,0,"12_2.mp3","music"
"5526","67164c92298409e37c670b3d",0,0,0,0,0,"2_1.mp3","music"
"5527","67164c92298409e37c670b3d",0,0,0,5,0,"4_1.mp3","music"
"5528","67164c92298409e37c670b3d",0,0,0,0,0,"10_1.mp3","music"
"5529","67164c92298409e37c670b3d",0,0,0,7,0,"6_5.mp3","music"
"5530","67164c92298409e37c670b3d",76,0,0,19,0,"5_14.mp3","music"
"5531","67164c92298409e37c670b3d",52,28,0,18,18,"3_1.mp3","music"
"5532","67164c92298409e37c670b3d",79,23,82,100,71,"7_10.mp3","music"
"5533","67164c92298409e37c670b3d",0,0,0,79,0,"11_10.mp3","music"
"5534","67164c92298409e37c670b3d",0,49,0,0,0,"7_13.mp3","music"
"5535","67164c92298409e37c670b3d",89,71,37,86,21,"11_2.mp3","music"
"5536","67164c92298409e37c670b3d",0,0,0,0,0,"4_2.mp3","music"
"5537","66ec318029fc5a15efe40c57",4,4,0,10,0,"4_2.mp3","music"
"5538","66ec318029fc5a15efe40c57",0,3,0,10,0,"10_1.mp3","music"
"5539","66ec318029fc5a15efe40c57",3,5,0,15,0,"5_14.mp3","music"
"5540","66ec318029fc5a15efe40c57",3,4,0,10,2,"7_13.mp3","music"
"5541","66ec318029fc5a15efe40c57",0,3,0,13,2,"11_2.mp3","music"
"5542","66ec318029fc5a15efe40c57",3,3,0,9,2,"3_1.mp3","music"
"5543","66ec318029fc5a15efe40c57",1,3,0,10,2,"11_11.mp3","music"
"5544","66ec318029fc5a15efe40c57",0,0,0,12,0,"10_2.mp3","music"
"5545","66ec318029fc5a15efe40c57",5,4,2,15,4,"7_10.mp3","music"
"5546","66ec318029fc5a15efe40c57",0,0,0,10,0,"6_10.mp3","music"
"5547","66ec318029fc5a15efe40c57",1,0,2,20,2,"11_10.mp3","music"
"5548","66ec318029fc5a15efe40c57",0,0,0,10,0,"8_2.mp3","music"
"5549","66ec318029fc5a15efe40c57",2,3,0,5,1,"12_2.mp3","music"
"5550","66ec318029fc5a15efe40c57",0,0,0,15,0,"6_5.mp3","music"
"5551","66ec318029fc5a15efe40c57",1,5,0,10,2,"2_1.mp3","music"
"5552","66ec318029fc5a15efe40c57",0,1,0,6,0,"4_1.mp3","music"
"5553","6810cb4c7a4dd46a3c6ede04",67,17,79,2,73,"11_10.mp3","music"
"5554","6810cb4c7a4dd46a3c6ede04",92,16,24,10,81,"2_1.mp3","music"
"5555","6810cb4c7a4dd46a3c6ede04",88,2,21,12,25,"10_1.mp3","music"
"5556","6810cb4c7a4dd46a3c6ede04",94,12,23,5,8,"6_10.mp3","music"
"5557","6810cb4c7a4dd46a3c6ede04",72,56,23,15,30,"7_13.mp3","music"
"5558","6810cb4c7a4dd46a3c6ede04",81,82,17,24,31,"11_11.mp3","music"
"5559","6810cb4c7a4dd46a3c6ede04",90,19,10,5,88,"7_10.mp3","music"
"5560","6810cb4c7a4dd46a3c6ede04",73,51,75,21,73,"12_2.mp3","music"
"5561","6810cb4c7a4dd46a3c6ede04",97,0,0,0,29,"8_2.mp3","music"
"5562","6810cb4c7a4dd46a3c6ede04",94,15,30,0,35,"11_2.mp3","music"
"5563","6810cb4c7a4dd46a3c6ede04",76,22,85,11,40,"6_5.mp3","music"
"5564","6810cb4c7a4dd46a3c6ede04",3,1,0,0,14,"4_2.mp3","music"
"5565","6810cb4c7a4dd46a3c6ede04",88,15,7,5,84,"3_1.mp3","music"
"5566","6810cb4c7a4dd46a3c6ede04",97,0,39,1,34,"4_1.mp3","music"
"5567","6810cb4c7a4dd46a3c6ede04",77,0,0,0,83,"10_2.mp3","music"
"5568","6810cb4c7a4dd46a3c6ede04",54,32,0,0,81,"5_14.mp3","music"
"5569","67f2ecf2ef369d872787cfb8",9,33,2,27,2,"5_14.mp3","music"
"5570","67f2ecf2ef369d872787cfb8",56,1,28,4,38,"8_2.mp3","music"
"5571","67f2ecf2ef369d872787cfb8",55,2,11,28,51,"11_11.mp3","music"
"5572","67f2ecf2ef369d872787cfb8",35,1,7,7,20,"10_1.mp3","music"
"5573","67f2ecf2ef369d872787cfb8",14,10,31,41,50,"7_10.mp3","music"
"5574","67f2ecf2ef369d872787cfb8",13,10,5,41,26,"4_2.mp3","music"
"5575","67f2ecf2ef369d872787cfb8",89,23,1,5,2,"7_13.mp3","music"
"5576","67f2ecf2ef369d872787cfb8",15,10,11,51,5,"6_5.mp3","music"
"5577","67f2ecf2ef369d872787cfb8",6,4,2,30,6,"11_10.mp3","music"
"5578","67f2ecf2ef369d872787cfb8",15,4,3,53,9,"3_1.mp3","music"
"5579","67f2ecf2ef369d872787cfb8",4,3,8,11,5,"6_10.mp3","music"
"5580","67f2ecf2ef369d872787cfb8",8,10,6,58,19,"11_2.mp3","music"
"5581","67f2ecf2ef369d872787cfb8",19,4,4,36,10,"2_1.mp3","music"
"5582","67f2ecf2ef369d872787cfb8",24,2,1,25,1,"10_2.mp3","music"
"5583","67f2ecf2ef369d872787cfb8",18,3,10,6,4,"12_2.mp3","music"
"5584","67f2ecf2ef369d872787cfb8",34,3,10,5,5,"4_1.mp3","music"
"5585","66e5cf7a11cb28aa31d19da8",0,0,0,7,0,"7_13.mp3","music"
"5586","66e5cf7a11cb28aa31d19da8",0,0,0,4,0,"11_11.mp3","music"
"5587","66e5cf7a11cb28aa31d19da8",0,7,6,14,6,"7_10.mp3","music"
"5588","66e5cf7a11cb28aa31d19da8",0,3,0,6,6,"11_2.mp3","music"
"5589","66e5cf7a11cb28aa31d19da8",1,0,0,0,0,"8_2.mp3","music"
"5590","66e5cf7a11cb28aa31d19da8",0,0,0,0,0,"3_1.mp3","music"
"5591","66e5cf7a11cb28aa31d19da8",0,0,0,0,0,"12_2.mp3","music"
"5592","66e5cf7a11cb28aa31d19da8",0,0,0,9,0,"11_10.mp3","music"
"5593","66e5cf7a11cb28aa31d19da8",0,0,0,3,0,"10_2.mp3","music"
"5594","66e5cf7a11cb28aa31d19da8",0,0,4,4,0,"6_5.mp3","music"
"5595","66e5cf7a11cb28aa31d19da8",0,0,5,0,0,"10_1.mp3","music"
"5596","66e5cf7a11cb28aa31d19da8",0,0,0,0,0,"4_1.mp3","music"
"5597","66e5cf7a11cb28aa31d19da8",1,0,0,6,0,"6_10.mp3","music"
"5598","66e5cf7a11cb28aa31d19da8",3,1,0,0,0,"4_2.mp3","music"
"5599","66e5cf7a11cb28aa31d19da8",1,5,9,0,3,"2_1.mp3","music"
"5600","66e5cf7a11cb28aa31d19da8",10,13,0,10,5,"5_14.mp3","music"
"5601","660c9fe7b2e6bf22bcc608b1",13,5,4,10,2,"2_1.mp3","music"
"5602","660c9fe7b2e6bf22bcc608b1",11,9,7,33,5,"7_13.mp3","music"
"5603","660c9fe7b2e6bf22bcc608b1",9,12,30,39,11,"11_2.mp3","music"
"5604","660c9fe7b2e6bf22bcc608b1",4,5,6,23,6,"4_2.mp3","music"
"5605","660c9fe7b2e6bf22bcc608b1",9,8,11,5,10,"3_1.mp3","music"
"5606","660c9fe7b2e6bf22bcc608b1",10,4,9,10,5,"11_11.mp3","music"
"5607","660c9fe7b2e6bf22bcc608b1",12,16,16,11,5,"10_1.mp3","music"
"5608","660c9fe7b2e6bf22bcc608b1",17,12,34,39,8,"7_10.mp3","music"
"5609","660c9fe7b2e6bf22bcc608b1",8,8,10,5,20,"6_5.mp3","music"
"5610","660c9fe7b2e6bf22bcc608b1",19,11,15,16,8,"5_14.mp3","music"
"5611","660c9fe7b2e6bf22bcc608b1",7,4,6,8,9,"8_2.mp3","music"
"5612","660c9fe7b2e6bf22bcc608b1",8,12,19,11,11,"10_2.mp3","music"
"5613","660c9fe7b2e6bf22bcc608b1",14,4,8,15,7,"4_1.mp3","music"
"5614","660c9fe7b2e6bf22bcc608b1",10,14,17,9,14,"6_10.mp3","music"
"5615","660c9fe7b2e6bf22bcc608b1",23,4,11,17,6,"11_10.mp3","music"
"5616","660c9fe7b2e6bf22bcc608b1",7,8,8,17,5,"12_2.mp3","music"
"5617","60dc4e2299f89a7ca94b2c91",5,0,0,0,0,"7_13.mp3","music"
"5618","60dc4e2299f89a7ca94b2c91",0,0,0,0,0,"10_2.mp3","music"
"5619","60dc4e2299f89a7ca94b2c91",0,0,0,0,0,"6_5.mp3","music"
"5620","60dc4e2299f89a7ca94b2c91",0,0,0,0,0,"10_1.mp3","music"
"5621","60dc4e2299f89a7ca94b2c91",0,0,18,0,0,"11_10.mp3","music"
"5622","60dc4e2299f89a7ca94b2c91",0,0,0,0,0,"11_11.mp3","music"
"5623","60dc4e2299f89a7ca94b2c91",0,0,0,0,0,"7_10.mp3","music"
"5624","60dc4e2299f89a7ca94b2c91",4,0,0,0,0,"4_2.mp3","music"
"5625","60dc4e2299f89a7ca94b2c91",0,0,0,0,0,"4_1.mp3","music"
"5626","60dc4e2299f89a7ca94b2c91",0,0,19,0,0,"11_2.mp3","music"
"5627","60dc4e2299f89a7ca94b2c91",0,0,0,0,0,"8_2.mp3","music"
"5628","60dc4e2299f89a7ca94b2c91",5,0,0,0,0,"12_2.mp3","music"
"5629","60dc4e2299f89a7ca94b2c91",0,0,0,0,0,"6_10.mp3","music"
"5630","60dc4e2299f89a7ca94b2c91",0,6,0,0,0,"5_14.mp3","music"
"5631","60dc4e2299f89a7ca94b2c91",0,0,0,0,0,"3_1.mp3","music"
"5632","60dc4e2299f89a7ca94b2c91",5,0,0,0,0,"2_1.mp3","music"
"5633","694362776ee0b39779195255",29,0,0,0,0,"11_2.mp3","music"
"5634","694362776ee0b39779195255",0,0,0,0,0,"2_1.mp3","music"
"5635","694362776ee0b39779195255",43,0,13,63,0,"7_10.mp3","music"
"5636","694362776ee0b39779195255",0,0,0,0,0,"3_1.mp3","music"
"5637","694362776ee0b39779195255",0,0,0,7,0,"10_2.mp3","music"
"5638","694362776ee0b39779195255",13,0,17,62,14,"6_10.mp3","music"
"5639","694362776ee0b39779195255",12,0,0,0,0,"5_14.mp3","music"
"5640","694362776ee0b39779195255",0,0,0,26,0,"6_5.mp3","music"
"5641","694362776ee0b39779195255",0,0,0,8,0,"8_2.mp3","music"
"5642","694362776ee0b39779195255",8,0,0,0,0,"12_2.mp3","music"
"5643","694362776ee0b39779195255",0,0,0,0,0,"4_1.mp3","music"
"5644","694362776ee0b39779195255",20,0,30,65,15,"11_10.mp3","music"
"5645","694362776ee0b39779195255",44,28,0,0,0,"7_13.mp3","music"
"5646","694362776ee0b39779195255",18,32,0,0,0,"11_11.mp3","music"
"5647","694362776ee0b39779195255",23,32,0,0,0,"4_2.mp3","music"
"5648","694362776ee0b39779195255",0,14,0,0,0,"10_1.mp3","music"
"5649","682498beb28b43fa10e34496",2,3,0,4,5,"12_2.mp3","music"
"5650","682498beb28b43fa10e34496",2,5,6,2,7,"7_10.mp3","music"
"5651","682498beb28b43fa10e34496",5,3,4,2,2,"11_11.mp3","music"
"5652","682498beb28b43fa10e34496",1,2,4,2,5,"4_1.mp3","music"
"5653","682498beb28b43fa10e34496",4,1,4,2,4,"7_13.mp3","music"
"5654","682498beb28b43fa10e34496",3,2,0,2,4,"6_10.mp3","music"
"5655","682498beb28b43fa10e34496",2,3,0,1,4,"11_2.mp3","music"
"5656","682498beb28b43fa10e34496",5,2,5,2,3,"10_2.mp3","music"
"5657","682498beb28b43fa10e34496",3,3,4,3,6,"8_2.mp3","music"
"5658","682498beb28b43fa10e34496",5,31,1,7,14,"2_1.mp3","music"
"5659","682498beb28b43fa10e34496",4,3,2,3,4,"4_2.mp3","music"
"5660","682498beb28b43fa10e34496",2,5,2,2,5,"6_5.mp3","music"
"5661","682498beb28b43fa10e34496",1,2,2,1,3,"5_14.mp3","music"
"5662","682498beb28b43fa10e34496",1,2,3,2,2,"11_10.mp3","music"
"5663","682498beb28b43fa10e34496",3,2,6,2,6,"10_1.mp3","music"
"5664","682498beb28b43fa10e34496",4,7,9,0,9,"3_1.mp3","music"
"5665","663d78724bf4501737f36653",23,31,14,24,22,"7_13.mp3","music"
"5666","663d78724bf4501737f36653",55,25,42,54,18,"7_10.mp3","music"
"5667","663d78724bf4501737f36653",27,43,23,18,35,"11_11.mp3","music"
"5668","663d78724bf4501737f36653",20,28,16,32,22,"11_2.mp3","music"
"5669","663d78724bf4501737f36653",35,31,12,25,22,"5_14.mp3","music"
"5670","663d78724bf4501737f36653",25,32,14,22,28,"12_2.mp3","music"
"5671","663d78724bf4501737f36653",16,25,16,20,13,"10_2.mp3","music"
"5672","663d78724bf4501737f36653",46,27,12,20,18,"3_1.mp3","music"
"5673","663d78724bf4501737f36653",9,14,17,17,27,"4_1.mp3","music"
"5674","663d78724bf4501737f36653",16,25,13,18,17,"4_2.mp3","music"
"5675","663d78724bf4501737f36653",11,12,10,39,15,"6_5.mp3","music"
"5676","663d78724bf4501737f36653",13,21,11,11,16,"2_1.mp3","music"
"5677","663d78724bf4501737f36653",10,10,11,20,16,"8_2.mp3","music"
"5678","663d78724bf4501737f36653",14,17,14,23,17,"11_10.mp3","music"
"5679","663d78724bf4501737f36653",19,16,6,12,10,"10_1.mp3","music"
"5680","663d78724bf4501737f36653",10,4,17,47,5,"6_10.mp3","music"
"5681","6631b0ab30153f0b76483e0a",5,15,6,0,6,"10_1.mp3","music"
"5682","6631b0ab30153f0b76483e0a",5,9,4,4,3,"8_2.mp3","music"
"5683","6631b0ab30153f0b76483e0a",61,84,12,4,61,"4_2.mp3","music"
"5684","6631b0ab30153f0b76483e0a",15,25,79,84,70,"6_10.mp3","music"
"5685","6631b0ab30153f0b76483e0a",5,6,5,5,1,"10_2.mp3","music"
"5686","6631b0ab30153f0b76483e0a",80,85,3,2,4,"2_1.mp3","music"
"5687","6631b0ab30153f0b76483e0a",6,7,61,85,40,"11_10.mp3","music"
"5688","6631b0ab30153f0b76483e0a",3,5,7,7,4,"6_5.mp3","music"
"5689","6631b0ab30153f0b76483e0a",89,24,80,94,78,"7_10.mp3","music"
"5690","6631b0ab30153f0b76483e0a",0,12,0,0,0,"12_2.mp3","music"
"5691","6631b0ab30153f0b76483e0a",43,91,7,5,8,"5_14.mp3","music"
"5692","6631b0ab30153f0b76483e0a",77,84,0,0,0,"7_13.mp3","music"
"5693","6631b0ab30153f0b76483e0a",19,51,9,87,73,"11_2.mp3","music"
"5694","6631b0ab30153f0b76483e0a",0,0,0,0,0,"4_1.mp3","music"
"5695","6631b0ab30153f0b76483e0a",2,53,0,2,0,"3_1.mp3","music"
"5696","6631b0ab30153f0b76483e0a",0,10,0,3,5,"11_11.mp3","music"
"5697","675b6faf10ae4b79d1d6455e",49,39,80,70,79,"6_10.mp3","music"
"5698","675b6faf10ae4b79d1d6455e",44,46,43,43,50,"6_5.mp3","music"
"5699","675b6faf10ae4b79d1d6455e",32,37,32,42,39,"4_2.mp3","music"
"5700","675b6faf10ae4b79d1d6455e",36,32,64,37,45,"8_2.mp3","music"
"5701","675b6faf10ae4b79d1d6455e",37,56,74,69,55,"5_14.mp3","music"
"5702","675b6faf10ae4b79d1d6455e",32,49,77,41,35,"3_1.mp3","music"
"5703","675b6faf10ae4b79d1d6455e",39,53,72,77,79,"4_1.mp3","music"
"5704","675b6faf10ae4b79d1d6455e",41,43,82,69,29,"7_10.mp3","music"
"5705","675b6faf10ae4b79d1d6455e",44,60,50,76,68,"11_11.mp3","music"
"5706","675b6faf10ae4b79d1d6455e",45,65,55,63,68,"12_2.mp3","music"
"5707","675b6faf10ae4b79d1d6455e",40,59,46,63,72,"2_1.mp3","music"
"5708","675b6faf10ae4b79d1d6455e",40,64,45,67,31,"7_13.mp3","music"
"5709","675b6faf10ae4b79d1d6455e",53,35,76,70,71,"10_2.mp3","music"
"5710","675b6faf10ae4b79d1d6455e",62,64,37,28,67,"10_1.mp3","music"
"5711","675b6faf10ae4b79d1d6455e",49,82,49,71,70,"11_2.mp3","music"
"5712","675b6faf10ae4b79d1d6455e",58,68,46,68,72,"11_10.mp3","music"
"5713","67e1dc9c35b6facf1079fb30",4,18,73,94,0,"7_10.mp3","music"
"5714","67e1dc9c35b6facf1079fb30",0,0,0,0,0,"10_1.mp3","music"
"5715","67e1dc9c35b6facf1079fb30",0,0,0,0,0,"8_2.mp3","music"
"5716","67e1dc9c35b6facf1079fb30",0,0,0,0,2,"6_10.mp3","music"
"5717","67e1dc9c35b6facf1079fb30",0,0,0,0,0,"4_1.mp3","music"
"5718","67e1dc9c35b6facf1079fb30",0,0,0,0,0,"11_10.mp3","music"
"5719","67e1dc9c35b6facf1079fb30",70,70,0,0,27,"4_2.mp3","music"
"5720","67e1dc9c35b6facf1079fb30",0,0,0,0,0,"11_2.mp3","music"
"5721","67e1dc9c35b6facf1079fb30",77,88,0,18,18,"7_13.mp3","music"
"5722","67e1dc9c35b6facf1079fb30",0,0,0,37,5,"6_5.mp3","music"
"5723","67e1dc9c35b6facf1079fb30",66,48,0,21,28,"2_1.mp3","music"
"5724","67e1dc9c35b6facf1079fb30",95,87,0,15,45,"5_14.mp3","music"
"5725","67e1dc9c35b6facf1079fb30",0,0,0,0,0,"11_11.mp3","music"
"5726","67e1dc9c35b6facf1079fb30",0,0,0,0,0,"10_2.mp3","music"
"5727","67e1dc9c35b6facf1079fb30",0,0,0,0,1,"3_1.mp3","music"
"5728","67e1dc9c35b6facf1079fb30",0,0,0,0,0,"12_2.mp3","music"
"5729","66465704f0921cfc20ba6e57",57,39,40,55,50,"3_1.mp3","music"
"5730","66465704f0921cfc20ba6e57",48,46,46,51,46,"2_1.mp3","music"
"5731","66465704f0921cfc20ba6e57",59,54,49,61,47,"11_2.mp3","music"
"5732","66465704f0921cfc20ba6e57",54,42,49,52,63,"7_13.mp3","music"
"5733","66465704f0921cfc20ba6e57",34,44,37,36,31,"10_2.mp3","music"
"5734","66465704f0921cfc20ba6e57",58,49,48,56,41,"6_10.mp3","music"
"5735","66465704f0921cfc20ba6e57",81,38,57,80,54,"7_10.mp3","music"
"5736","66465704f0921cfc20ba6e57",36,40,43,40,42,"4_1.mp3","music"
"5737","66465704f0921cfc20ba6e57",82,83,60,74,62,"5_14.mp3","music"
"5738","66465704f0921cfc20ba6e57",47,62,50,54,69,"10_1.mp3","music"
"5739","66465704f0921cfc20ba6e57",47,49,48,46,63,"12_2.mp3","music"
"5740","66465704f0921cfc20ba6e57",74,39,43,54,51,"4_2.mp3","music"
"5741","66465704f0921cfc20ba6e57",62,69,67,57,68,"8_2.mp3","music"
"5742","66465704f0921cfc20ba6e57",28,35,82,79,22,"11_10.mp3","music"
"5743","66465704f0921cfc20ba6e57",64,65,63,60,70,"6_5.mp3","music"
"5744","66465704f0921cfc20ba6e57",76,67,75,75,73,"11_11.mp3","music"
"5745","67c78fbc58d20f4b7fe41479",46,12,2,56,2,"11_11.mp3","music"
"5746","67c78fbc58d20f4b7fe41479",33,5,10,45,2,"10_1.mp3","music"
"5747","67c78fbc58d20f4b7fe41479",46,52,6,40,39,"11_2.mp3","music"
"5748","67c78fbc58d20f4b7fe41479",44,13,8,43,50,"11_10.mp3","music"
"5749","67c78fbc58d20f4b7fe41479",11,5,0,54,9,"10_2.mp3","music"
"5750","67c78fbc58d20f4b7fe41479",5,2,27,58,5,"2_1.mp3","music"
"5751","67c78fbc58d20f4b7fe41479",18,78,29,52,13,"7_13.mp3","music"
"5752","67c78fbc58d20f4b7fe41479",19,44,53,80,21,"7_10.mp3","music"
"5753","67c78fbc58d20f4b7fe41479",20,20,12,55,29,"6_10.mp3","music"
"5754","67c78fbc58d20f4b7fe41479",75,65,14,41,43,"8_2.mp3","music"
"5755","67c78fbc58d20f4b7fe41479",70,80,46,18,63,"3_1.mp3","music"
"5756","67c78fbc58d20f4b7fe41479",55,62,25,47,51,"12_2.mp3","music"
"5757","67c78fbc58d20f4b7fe41479",59,32,36,55,65,"5_14.mp3","music"
"5758","67c78fbc58d20f4b7fe41479",36,23,5,62,28,"4_1.mp3","music"
"5759","67c78fbc58d20f4b7fe41479",33,74,43,44,33,"4_2.mp3","music"
"5760","67c78fbc58d20f4b7fe41479",21,29,19,78,37,"6_5.mp3","music"
"5761","6633ee8ca35ae4b909110ee3",0,0,0,0,3,"10_1.mp3","music"
"5762","6633ee8ca35ae4b909110ee3",5,5,0,0,0,"7_13.mp3","music"
"5763","6633ee8ca35ae4b909110ee3",5,10,0,0,0,"4_2.mp3","music"
"5764","6633ee8ca35ae4b909110ee3",0,5,0,0,0,"2_1.mp3","music"
"5765","6633ee8ca35ae4b909110ee3",0,0,0,0,0,"10_2.mp3","music"
"5766","6633ee8ca35ae4b909110ee3",0,5,0,5,0,"11_2.mp3","music"
"5767","6633ee8ca35ae4b909110ee3",0,0,0,0,0,"12_2.mp3","music"
"5768","6633ee8ca35ae4b909110ee3",0,5,0,0,0,"5_14.mp3","music"
"5769","6633ee8ca35ae4b909110ee3",0,0,0,10,0,"6_5.mp3","music"
"5770","6633ee8ca35ae4b909110ee3",0,0,0,0,0,"4_1.mp3","music"
"5771","6633ee8ca35ae4b909110ee3",0,0,5,25,0,"7_10.mp3","music"
"5772","6633ee8ca35ae4b909110ee3",0,0,0,0,0,"8_2.mp3","music"
"5773","6633ee8ca35ae4b909110ee3",10,10,0,0,0,"11_11.mp3","music"
"5774","6633ee8ca35ae4b909110ee3",0,0,0,50,50,"6_10.mp3","music"
"5775","6633ee8ca35ae4b909110ee3",10,0,0,50,50,"11_10.mp3","music"
"5776","6633ee8ca35ae4b909110ee3",0,10,0,0,0,"3_1.mp3","music"
"5777","60ca4cfb5c287146cad0695a",0,0,0,0,1,"4_2.mp3","music"
"5778","60ca4cfb5c287146cad0695a",0,22,0,1,19,"11_11.mp3","music"
"5779","60ca4cfb5c287146cad0695a",0,0,0,0,0,"6_10.mp3","music"
"5780","60ca4cfb5c287146cad0695a",84,61,74,89,76,"7_10.mp3","music"
"5781","60ca4cfb5c287146cad0695a",0,0,0,1,0,"4_1.mp3","music"
"5782","60ca4cfb5c287146cad0695a",0,50,0,0,47,"2_1.mp3","music"
"5783","60ca4cfb5c287146cad0695a",0,52,0,8,41,"7_13.mp3","music"
"5784","60ca4cfb5c287146cad0695a",0,0,0,0,0,"6_5.mp3","music"
"5785","60ca4cfb5c287146cad0695a",0,10,0,1,1,"10_1.mp3","music"
"5786","60ca4cfb5c287146cad0695a",0,4,7,3,8,"10_2.mp3","music"
"5787","60ca4cfb5c287146cad0695a",2,6,4,0,8,"12_2.mp3","music"
"5788","60ca4cfb5c287146cad0695a",0,37,0,5,10,"3_1.mp3","music"
"5789","60ca4cfb5c287146cad0695a",0,24,2,0,5,"11_10.mp3","music"
"5790","60ca4cfb5c287146cad0695a",30,38,0,24,41,"5_14.mp3","music"
"5791","60ca4cfb5c287146cad0695a",0,0,1,0,9,"8_2.mp3","music"
"5792","60ca4cfb5c287146cad0695a",0,7,7,10,0,"11_2.mp3","music"
"5793","67ac95764f3091a540c69b5b",0,0,0,20,0,"11_2.mp3","music"
"5794","67ac95764f3091a540c69b5b",5,0,0,20,0,"4_1.mp3","music"
"5795","67ac95764f3091a540c69b5b",35,5,0,15,0,"3_1.mp3","music"
"5796","67ac95764f3091a540c69b5b",0,0,0,15,0,"11_10.mp3","music"
"5797","67ac95764f3091a540c69b5b",0,0,0,15,0,"8_2.mp3","music"
"5798","67ac95764f3091a540c69b5b",10,0,0,38,0,"7_10.mp3","music"
"5799","67ac95764f3091a540c69b5b",0,0,0,20,0,"6_5.mp3","music"
"5800","67ac95764f3091a540c69b5b",25,4,0,25,0,"11_11.mp3","music"
"5801","67ac95764f3091a540c69b5b",40,15,0,20,0,"5_14.mp3","music"
"5802","67ac95764f3091a540c69b5b",20,18,0,15,0,"2_1.mp3","music"
"5803","67ac95764f3091a540c69b5b",0,0,0,15,0,"10_2.mp3","music"
"5804","67ac95764f3091a540c69b5b",10,5,0,15,0,"12_2.mp3","music"
"5805","67ac95764f3091a540c69b5b",20,23,0,10,0,"4_2.mp3","music"
"5806","67ac95764f3091a540c69b5b",20,18,0,10,0,"7_13.mp3","music"
"5807","67ac95764f3091a540c69b5b",13,8,0,10,0,"10_1.mp3","music"
"5808","67ac95764f3091a540c69b5b",10,0,0,28,0,"6_10.mp3","music"
"5809","67f1b8abe144ffdfc27d371a",3,2,0,1,2,"11_2.mp3","music"
"5810","67f1b8abe144ffdfc27d371a",3,3,4,1,0,"4_2.mp3","music"
"5811","67f1b8abe144ffdfc27d371a",0,0,0,0,2,"6_10.mp3","music"
"5812","67f1b8abe144ffdfc27d371a",1,2,1,5,0,"10_2.mp3","music"
"5813","67f1b8abe144ffdfc27d371a",2,3,3,0,0,"10_1.mp3","music"
"5814","67f1b8abe144ffdfc27d371a",1,34,0,31,3,"11_10.mp3","music"
"5815","67f1b8abe144ffdfc27d371a",0,5,3,4,4,"7_10.mp3","music"
"5816","67f1b8abe144ffdfc27d371a",2,1,0,1,2,"8_2.mp3","music"
"5817","67f1b8abe144ffdfc27d371a",27,71,0,55,5,"5_14.mp3","music"
"5818","67f1b8abe144ffdfc27d371a",2,1,1,2,3,"12_2.mp3","music"
"5819","67f1b8abe144ffdfc27d371a",0,2,1,2,0,"3_1.mp3","music"
"5820","67f1b8abe144ffdfc27d371a",3,5,0,3,2,"2_1.mp3","music"
"5821","67f1b8abe144ffdfc27d371a",1,2,1,3,2,"7_13.mp3","music"
"5822","67f1b8abe144ffdfc27d371a",1,6,0,6,1,"4_1.mp3","music"
"5823","67f1b8abe144ffdfc27d371a",0,32,0,3,6,"11_11.mp3","music"
"5824","67f1b8abe144ffdfc27d371a",0,3,0,3,3,"6_5.mp3","music"
"5825","67624c835727c93b1676104a",0,5,0,0,0,"6_5.mp3","music"
"5826","67624c835727c93b1676104a",21,7,8,11,16,"7_13.mp3","music"
"5827","67624c835727c93b1676104a",33,0,29,28,14,"7_10.mp3","music"
"5828","67624c835727c93b1676104a",10,0,0,9,0,"10_1.mp3","music"
"5829","67624c835727c93b1676104a",20,10,8,24,30,"4_1.mp3","music"
"5830","67624c835727c93b1676104a",35,25,38,13,25,"4_2.mp3","music"
"5831","67624c835727c93b1676104a",21,13,18,22,5,"3_1.mp3","music"
"5832","67624c835727c93b1676104a",24,23,19,16,10,"8_2.mp3","music"
"5833","67624c835727c93b1676104a",5,6,19,17,24,"5_14.mp3","music"
"5834","67624c835727c93b1676104a",14,29,36,16,24,"6_10.mp3","music"
"5835","67624c835727c93b1676104a",22,22,24,24,22,"11_10.mp3","music"
"5836","67624c835727c93b1676104a",17,0,16,11,46,"12_2.mp3","music"
"5837","67624c835727c93b1676104a",33,32,36,7,30,"2_1.mp3","music"
"5838","67624c835727c93b1676104a",55,17,35,24,62,"11_11.mp3","music"
"5839","67624c835727c93b1676104a",26,44,41,27,49,"10_2.mp3","music"
"5840","67624c835727c93b1676104a",25,47,33,25,22,"11_2.mp3","music"
"5841","67f308952524e8b1d811964c",0,0,0,0,1,"5_14.mp3","music"
"5842","67f308952524e8b1d811964c",8,0,0,3,4,"10_2.mp3","music"
"5843","67f308952524e8b1d811964c",49,0,30,0,0,"7_10.mp3","music"
"5844","67f308952524e8b1d811964c",40,0,0,50,0,"11_10.mp3","music"
"5845","67f308952524e8b1d811964c",20,0,0,50,3,"11_2.mp3","music"
"5846","67f308952524e8b1d811964c",20,0,0,0,0,"3_1.mp3","music"
"5847","67f308952524e8b1d811964c",30,0,0,0,0,"6_5.mp3","music"
"5848","67f308952524e8b1d811964c",1,20,3,2,2,"4_1.mp3","music"
"5849","67f308952524e8b1d811964c",1,0,0,0,1,"6_10.mp3","music"
"5850","67f308952524e8b1d811964c",20,0,49,60,0,"10_1.mp3","music"
"5851","67f308952524e8b1d811964c",0,10,0,0,10,"8_2.mp3","music"
"5852","67f308952524e8b1d811964c",100,40,20,0,18,"2_1.mp3","music"
"5853","67f308952524e8b1d811964c",20,30,40,41,19,"12_2.mp3","music"
"5854","67f308952524e8b1d811964c",30,0,0,0,0,"4_2.mp3","music"
"5855","67f308952524e8b1d811964c",0,0,19,0,0,"11_11.mp3","music"
"5856","67f308952524e8b1d811964c",31,0,40,0,0,"7_13.mp3","music"
"5857","62c84ca82b03c9aedbca4a2a",0,0,0,0,0,"11_2.mp3","music"
"5858","62c84ca82b03c9aedbca4a2a",0,0,0,0,0,"4_1.mp3","music"
"5859","62c84ca82b03c9aedbca4a2a",0,0,50,70,0,"11_10.mp3","music"
"5860","62c84ca82b03c9aedbca4a2a",0,80,0,0,50,"4_2.mp3","music"
"5861","62c84ca82b03c9aedbca4a2a",0,0,0,0,0,"10_1.mp3","music"
"5862","62c84ca82b03c9aedbca4a2a",100,100,0,60,85,"5_14.mp3","music"
"5863","62c84ca82b03c9aedbca4a2a",0,0,0,100,0,"6_5.mp3","music"
"5864","62c84ca82b03c9aedbca4a2a",100,100,0,0,100,"7_13.mp3","music"
"5865","62c84ca82b03c9aedbca4a2a",85,100,0,0,90,"3_1.mp3","music"
"5866","62c84ca82b03c9aedbca4a2a",0,0,0,0,0,"8_2.mp3","music"
"5867","62c84ca82b03c9aedbca4a2a",0,0,100,100,0,"7_10.mp3","music"
"5868","62c84ca82b03c9aedbca4a2a",0,0,0,0,0,"11_11.mp3","music"
"5869","62c84ca82b03c9aedbca4a2a",0,0,0,0,0,"12_2.mp3","music"
"5870","62c84ca82b03c9aedbca4a2a",0,0,0,0,0,"2_1.mp3","music"
"5871","62c84ca82b03c9aedbca4a2a",0,0,0,0,0,"10_2.mp3","music"
"5872","62c84ca82b03c9aedbca4a2a",0,0,0,80,0,"6_10.mp3","music"
"5873","66294149f5c3cf16d5ebfd5e",84,49,9,10,12,"7_13.mp3","music"
"5874","66294149f5c3cf16d5ebfd5e",14,9,11,18,12,"6_5.mp3","music"
"5875","66294149f5c3cf16d5ebfd5e",57,8,46,64,15,"11_2.mp3","music"
"5876","66294149f5c3cf16d5ebfd5e",72,24,61,78,71,"7_10.mp3","music"
"5877","66294149f5c3cf16d5ebfd5e",17,15,14,12,20,"6_10.mp3","music"
"5878","66294149f5c3cf16d5ebfd5e",61,63,16,45,60,"4_1.mp3","music"
"5879","66294149f5c3cf16d5ebfd5e",50,18,60,66,59,"11_10.mp3","music"
"5880","66294149f5c3cf16d5ebfd5e",34,18,16,42,20,"10_2.mp3","music"
"5881","66294149f5c3cf16d5ebfd5e",59,65,11,67,59,"5_14.mp3","music"
"5882","66294149f5c3cf16d5ebfd5e",18,10,5,12,35,"8_2.mp3","music"
"5883","66294149f5c3cf16d5ebfd5e",63,35,14,56,26,"2_1.mp3","music"
"5884","66294149f5c3cf16d5ebfd5e",87,72,27,72,6,"3_1.mp3","music"
"5885","66294149f5c3cf16d5ebfd5e",65,10,16,68,39,"4_2.mp3","music"
"5886","66294149f5c3cf16d5ebfd5e",22,65,22,20,16,"12_2.mp3","music"
"5887","66294149f5c3cf16d5ebfd5e",89,84,3,15,23,"11_11.mp3","music"
"5888","66294149f5c3cf16d5ebfd5e",4,18,12,9,19,"10_1.mp3","music"
"5889","65a7027c88eae2b9a68ae596",11,27,1,1,6,"4_2.mp3","music"
"5890","65a7027c88eae2b9a68ae596",4,4,26,59,2,"6_10.mp3","music"
"5891","65a7027c88eae2b9a68ae596",27,52,18,13,8,"2_1.mp3","music"
"5892","65a7027c88eae2b9a68ae596",1,2,1,3,1,"7_13.mp3","music"
"5893","65a7027c88eae2b9a68ae596",1,1,2,11,0,"6_5.mp3","music"
"5894","65a7027c88eae2b9a68ae596",1,11,1,24,2,"8_2.mp3","music"
"5895","65a7027c88eae2b9a68ae596",0,7,1,0,1,"10_1.mp3","music"
"5896","65a7027c88eae2b9a68ae596",56,59,12,29,25,"5_14.mp3","music"
"5897","65a7027c88eae2b9a68ae596",0,0,21,43,0,"10_2.mp3","music"
"5898","65a7027c88eae2b9a68ae596",38,50,0,0,1,"3_1.mp3","music"
"5899","65a7027c88eae2b9a68ae596",49,48,32,49,54,"11_2.mp3","music"
"5900","65a7027c88eae2b9a68ae596",6,21,12,9,6,"12_2.mp3","music"
"5901","65a7027c88eae2b9a68ae596",85,71,87,83,79,"7_10.mp3","music"
"5902","65a7027c88eae2b9a68ae596",31,31,21,38,20,"11_11.mp3","music"
"5903","65a7027c88eae2b9a68ae596",0,5,0,20,0,"4_1.mp3","music"
"5904","65a7027c88eae2b9a68ae596",34,8,81,83,50,"11_10.mp3","music"
"5905","66c4f3cb14cbfc4db836bd4e",98,92,99,83,97,"7_10.mp3","music"
"5906","66c4f3cb14cbfc4db836bd4e",2,0,2,7,3,"10_2.mp3","music"
"5907","66c4f3cb14cbfc4db836bd4e",1,2,2,1,1,"3_1.mp3","music"
"5908","66c4f3cb14cbfc4db836bd4e",6,6,7,4,4,"8_2.mp3","music"
"5909","66c4f3cb14cbfc4db836bd4e",59,4,84,99,89,"11_10.mp3","music"
"5910","66c4f3cb14cbfc4db836bd4e",93,93,96,84,95,"11_2.mp3","music"
"5911","66c4f3cb14cbfc4db836bd4e",77,70,71,42,88,"11_11.mp3","music"
"5912","66c4f3cb14cbfc4db836bd4e",0,2,1,0,1,"10_1.mp3","music"
"5913","66c4f3cb14cbfc4db836bd4e",79,83,48,11,74,"5_14.mp3","music"
"5914","66c4f3cb14cbfc4db836bd4e",79,64,2,6,1,"2_1.mp3","music"
"5915","66c4f3cb14cbfc4db836bd4e",1,5,6,23,5,"6_10.mp3","music"
"5916","66c4f3cb14cbfc4db836bd4e",2,3,5,1,1,"12_2.mp3","music"
"5917","66c4f3cb14cbfc4db836bd4e",3,3,4,6,3,"4_1.mp3","music"
"5918","66c4f3cb14cbfc4db836bd4e",7,10,1,6,2,"7_13.mp3","music"
"5919","66c4f3cb14cbfc4db836bd4e",3,2,4,1,3,"4_2.mp3","music"
"5920","66c4f3cb14cbfc4db836bd4e",3,5,5,72,2,"6_5.mp3","music"
"5921","67f1f1d53b5c101545b04cfc",96,78,53,97,46,"2_1.mp3","music"
"5922","67f1f1d53b5c101545b04cfc",25,1,61,100,26,"6_10.mp3","music"
"5923","67f1f1d53b5c101545b04cfc",34,18,96,100,9,"7_10.mp3","music"
"5924","67f1f1d53b5c101545b04cfc",35,13,21,46,0,"6_5.mp3","music"
"5925","67f1f1d53b5c101545b04cfc",21,0,0,0,0,"4_1.mp3","music"
"5926","67f1f1d53b5c101545b04cfc",10,0,0,47,0,"10_2.mp3","music"
"5927","67f1f1d53b5c101545b04cfc",99,42,0,34,0,"11_11.mp3","music"
"5928","67f1f1d53b5c101545b04cfc",100,69,100,69,56,"7_13.mp3","music"
"5929","67f1f1d53b5c101545b04cfc",4,4,31,11,0,"11_10.mp3","music"
"5930","67f1f1d53b5c101545b04cfc",0,0,0,0,0,"8_2.mp3","music"
"5931","67f1f1d53b5c101545b04cfc",28,45,23,13,14,"10_1.mp3","music"
"5932","67f1f1d53b5c101545b04cfc",100,54,62,100,0,"5_14.mp3","music"
"5933","67f1f1d53b5c101545b04cfc",100,33,0,94,0,"12_2.mp3","music"
"5934","67f1f1d53b5c101545b04cfc",15,0,0,74,0,"3_1.mp3","music"
"5935","67f1f1d53b5c101545b04cfc",100,69,43,86,0,"4_2.mp3","music"
"5936","67f1f1d53b5c101545b04cfc",87,55,70,51,0,"11_2.mp3","music"
"5937","6276d97e209059496d37bf74",45,74,33,22,20,"5_14.mp3","music"
"5938","6276d97e209059496d37bf74",7,8,1,16,8,"4_1.mp3","music"
"5939","6276d97e209059496d37bf74",12,64,37,26,33,"11_11.mp3","music"
"5940","6276d97e209059496d37bf74",27,45,68,72,41,"11_2.mp3","music"
"5941","6276d97e209059496d37bf74",8,27,13,24,6,"2_1.mp3","music"
"5942","6276d97e209059496d37bf74",6,11,1,22,13,"12_2.mp3","music"
"5943","6276d97e209059496d37bf74",56,86,38,49,49,"3_1.mp3","music"
"5944","6276d97e209059496d37bf74",1,1,0,1,0,"8_2.mp3","music"
"5945","6276d97e209059496d37bf74",15,18,6,49,16,"6_5.mp3","music"
"5946","6276d97e209059496d37bf74",11,7,6,76,14,"10_2.mp3","music"
"5947","6276d97e209059496d37bf74",12,15,49,87,50,"6_10.mp3","music"
"5948","6276d97e209059496d37bf74",47,88,49,26,49,"4_2.mp3","music"
"5949","6276d97e209059496d37bf74",4,4,2,15,6,"10_1.mp3","music"
"5950","6276d97e209059496d37bf74",78,74,86,100,66,"7_10.mp3","music"
"5951","6276d97e209059496d37bf74",65,46,73,99,62,"11_10.mp3","music"
"5952","6276d97e209059496d37bf74",24,28,17,7,15,"7_13.mp3","music"
"5953","6706af217ea3142dd07d1e83",26,28,44,24,26,"4_1.mp3","music"
"5954","6706af217ea3142dd07d1e83",33,32,67,38,27,"10_1.mp3","music"
"5955","6706af217ea3142dd07d1e83",54,57,46,61,17,"11_11.mp3","music"
"5956","6706af217ea3142dd07d1e83",18,14,15,54,23,"5_14.mp3","music"
"5957","6706af217ea3142dd07d1e83",19,10,20,40,13,"2_1.mp3","music"
"5958","6706af217ea3142dd07d1e83",4,13,5,1,5,"11_10.mp3","music"
"5959","6706af217ea3142dd07d1e83",12,7,14,9,19,"8_2.mp3","music"
"5960","6706af217ea3142dd07d1e83",6,6,22,19,10,"11_2.mp3","music"
"5961","6706af217ea3142dd07d1e83",37,18,17,66,21,"10_2.mp3","music"
"5962","6706af217ea3142dd07d1e83",61,14,11,25,34,"12_2.mp3","music"
"5963","6706af217ea3142dd07d1e83",20,29,86,21,8,"7_13.mp3","music"
"5964","6706af217ea3142dd07d1e83",21,19,19,22,21,"4_2.mp3","music"
"5965","6706af217ea3142dd07d1e83",19,22,60,20,25,"6_5.mp3","music"
"5966","6706af217ea3142dd07d1e83",39,14,31,38,33,"7_10.mp3","music"
"5967","6706af217ea3142dd07d1e83",12,11,14,30,19,"6_10.mp3","music"
"5968","6706af217ea3142dd07d1e83",24,26,26,23,14,"3_1.mp3","music"
"5969","667ab64e047d4032dcc8be52",3,2,2,2,2,"10_2.mp3","music"
"5970","667ab64e047d4032dcc8be52",6,9,2,4,1,"12_2.mp3","music"
"5971","667ab64e047d4032dcc8be52",2,7,13,34,21,"6_10.mp3","music"
"5972","667ab64e047d4032dcc8be52",14,14,6,29,25,"11_2.mp3","music"
"5973","667ab64e047d4032dcc8be52",0,0,3,20,15,"6_5.mp3","music"
"5974","667ab64e047d4032dcc8be52",60,52,2,26,27,"4_2.mp3","music"
"5975","667ab64e047d4032dcc8be52",1,4,0,5,3,"4_1.mp3","music"
"5976","667ab64e047d4032dcc8be52",86,34,0,17,25,"2_1.mp3","music"
"5977","667ab64e047d4032dcc8be52",57,57,0,11,32,"7_13.mp3","music"
"5978","667ab64e047d4032dcc8be52",11,11,18,61,36,"11_10.mp3","music"
"5979","667ab64e047d4032dcc8be52",0,0,0,0,3,"8_2.mp3","music"
"5980","667ab64e047d4032dcc8be52",89,62,12,36,49,"3_1.mp3","music"
"5981","667ab64e047d4032dcc8be52",54,57,11,41,48,"11_11.mp3","music"
"5982","667ab64e047d4032dcc8be52",18,37,0,5,4,"10_1.mp3","music"
"5983","667ab64e047d4032dcc8be52",19,25,10,35,25,"5_14.mp3","music"
"5984","667ab64e047d4032dcc8be52",8,12,63,81,75,"7_10.mp3","music"
"5985","63bc9e8cd8106f8d94c636d4",26,35,0,0,0,"5_14.mp3","music"
"5986","63bc9e8cd8106f8d94c636d4",20,3,16,49,2,"7_10.mp3","music"
"5987","63bc9e8cd8106f8d94c636d4",0,0,3,0,2,"8_2.mp3","music"
"5988","63bc9e8cd8106f8d94c636d4",21,5,2,0,4,"11_11.mp3","music"
"5989","63bc9e8cd8106f8d94c636d4",0,7,4,1,21,"11_10.mp3","music"
"5990","63bc9e8cd8106f8d94c636d4",32,9,1,13,0,"2_1.mp3","music"
"5991","63bc9e8cd8106f8d94c636d4",1,1,2,2,2,"10_2.mp3","music"
"5992","63bc9e8cd8106f8d94c636d4",0,3,6,23,0,"6_10.mp3","music"
"5993","63bc9e8cd8106f8d94c636d4",0,0,1,2,3,"10_1.mp3","music"
"5994","63bc9e8cd8106f8d94c636d4",0,0,0,0,0,"3_1.mp3","music"
"5995","63bc9e8cd8106f8d94c636d4",8,19,15,0,0,"6_5.mp3","music"
"5996","63bc9e8cd8106f8d94c636d4",39,27,17,10,19,"7_13.mp3","music"
"5997","63bc9e8cd8106f8d94c636d4",3,2,1,1,0,"4_1.mp3","music"
"5998","63bc9e8cd8106f8d94c636d4",40,18,0,0,0,"4_2.mp3","music"
"5999","63bc9e8cd8106f8d94c636d4",44,18,0,0,0,"12_2.mp3","music"
"6000","63bc9e8cd8106f8d94c636d4",0,0,0,0,0,"11_2.mp3","music"
"6001","67e40bab848c22a30914c34c",0,0,0,17,4,"2_1.mp3","music"
"6002","67e40bab848c22a30914c34c",8,8,34,18,3,"7_13.mp3","music"
"6003","67e40bab848c22a30914c34c",44,3,20,29,2,"5_14.mp3","music"
"6004","67e40bab848c22a30914c34c",0,4,30,0,6,"3_1.mp3","music"
"6005","67e40bab848c22a30914c34c",6,1,0,0,3,"8_2.mp3","music"
"6006","67e40bab848c22a30914c34c",25,0,0,0,2,"6_10.mp3","music"
"6007","67e40bab848c22a30914c34c",20,2,36,0,3,"11_2.mp3","music"
"6008","67e40bab848c22a30914c34c",0,2,0,9,3,"7_10.mp3","music"
"6009","67e40bab848c22a30914c34c",17,0,3,1,1,"6_5.mp3","music"
"6010","67e40bab848c22a30914c34c",0,5,0,2,1,"10_2.mp3","music"
"6011","67e40bab848c22a30914c34c",0,0,0,0,4,"11_10.mp3","music"
"6012","67e40bab848c22a30914c34c",35,1,6,0,2,"12_2.mp3","music"
"6013","67e40bab848c22a30914c34c",0,2,0,0,0,"10_1.mp3","music"
"6014","67e40bab848c22a30914c34c",0,0,0,0,0,"4_2.mp3","music"
"6015","67e40bab848c22a30914c34c",0,0,0,0,3,"11_11.mp3","music"
"6016","67e40bab848c22a30914c34c",0,0,0,0,0,"4_1.mp3","music"
"6017","673bc7364722159a7c678802",13,1,1,29,1,"10_2.mp3","music"
"6018","673bc7364722159a7c678802",0,0,1,0,69,"8_2.mp3","music"
"6019","673bc7364722159a7c678802",67,30,16,0,16,"7_13.mp3","music"
"6020","673bc7364722159a7c678802",2,1,30,53,2,"6_10.mp3","music"
"6021","673bc7364722159a7c678802",0,0,47,67,1,"7_10.mp3","music"
"6022","673bc7364722159a7c678802",0,0,6,49,11,"12_2.mp3","music"
"6023","673bc7364722159a7c678802",0,1,43,6,69,"10_1.mp3","music"
"6024","673bc7364722159a7c678802",0,0,5,6,10,"3_1.mp3","music"
"6025","673bc7364722159a7c678802",8,0,12,17,1,"11_2.mp3","music"
"6026","673bc7364722159a7c678802",18,2,26,3,6,"6_5.mp3","music"
"6027","673bc7364722159a7c678802",27,10,6,65,7,"11_11.mp3","music"
"6028","673bc7364722159a7c678802",0,1,8,4,3,"11_10.mp3","music"
"6029","673bc7364722159a7c678802",14,2,18,2,6,"4_2.mp3","music"
"6030","673bc7364722159a7c678802",6,8,11,70,4,"4_1.mp3","music"
"6031","673bc7364722159a7c678802",6,2,10,66,7,"2_1.mp3","music"
"6032","673bc7364722159a7c678802",18,9,17,0,14,"5_14.mp3","music"
"6033","66b01097e95b0626c2cd7b5c",20,60,0,0,55,"10_1.mp3","music"
"6034","66b01097e95b0626c2cd7b5c",0,0,0,10,20,"6_10.mp3","music"
"6035","66b01097e95b0626c2cd7b5c",60,50,40,45,35,"5_14.mp3","music"
"6036","66b01097e95b0626c2cd7b5c",15,0,15,60,0,"11_10.mp3","music"
"6037","66b01097e95b0626c2cd7b5c",15,0,15,0,0,"4_1.mp3","music"
"6038","66b01097e95b0626c2cd7b5c",30,0,0,0,40,"10_2.mp3","music"
"6039","66b01097e95b0626c2cd7b5c",25,15,60,80,0,"7_10.mp3","music"
"6040","66b01097e95b0626c2cd7b5c",40,0,65,65,0,"11_2.mp3","music"
"6041","66b01097e95b0626c2cd7b5c",50,0,0,10,0,"8_2.mp3","music"
"6042","66b01097e95b0626c2cd7b5c",70,70,0,20,25,"3_1.mp3","music"
"6043","66b01097e95b0626c2cd7b5c",70,69,25,20,15,"11_11.mp3","music"
"6044","66b01097e95b0626c2cd7b5c",45,45,0,0,20,"2_1.mp3","music"
"6045","66b01097e95b0626c2cd7b5c",0,0,0,0,0,"6_5.mp3","music"
"6046","66b01097e95b0626c2cd7b5c",25,24,0,0,0,"12_2.mp3","music"
"6047","66b01097e95b0626c2cd7b5c",40,35,0,15,20,"4_2.mp3","music"
"6048","66b01097e95b0626c2cd7b5c",60,60,0,20,55,"7_13.mp3","music"
"6049","675b6bf5887bccb7fad6c44d",0,0,0,0,0,"6_5.mp3","music"
"6050","675b6bf5887bccb7fad6c44d",0,0,0,0,0,"10_2.mp3","music"
"6051","675b6bf5887bccb7fad6c44d",0,0,0,0,0,"11_2.mp3","music"
"6052","675b6bf5887bccb7fad6c44d",0,0,0,50,0,"2_1.mp3","music"
"6053","675b6bf5887bccb7fad6c44d",0,0,0,0,0,"3_1.mp3","music"
"6054","675b6bf5887bccb7fad6c44d",0,0,0,0,0,"10_1.mp3","music"
"6055","675b6bf5887bccb7fad6c44d",64,55,53,81,70,"7_10.mp3","music"
"6056","675b6bf5887bccb7fad6c44d",0,0,0,0,0,"4_2.mp3","music"
"6057","675b6bf5887bccb7fad6c44d",49,54,44,48,61,"5_14.mp3","music"
"6058","675b6bf5887bccb7fad6c44d",51,52,50,51,60,"6_10.mp3","music"
"6059","675b6bf5887bccb7fad6c44d",55,56,57,58,58,"8_2.mp3","music"
"6060","675b6bf5887bccb7fad6c44d",0,0,0,0,0,"4_1.mp3","music"
"6061","675b6bf5887bccb7fad6c44d",0,0,0,0,0,"11_10.mp3","music"
"6062","675b6bf5887bccb7fad6c44d",0,0,0,0,0,"11_11.mp3","music"
"6063","675b6bf5887bccb7fad6c44d",0,0,0,0,0,"7_13.mp3","music"
"6064","675b6bf5887bccb7fad6c44d",0,0,0,0,0,"12_2.mp3","music"
"6065","67294473dbb580a0ca93f60f",29,2,0,79,2,"7_10.mp3","music"
"6066","67294473dbb580a0ca93f60f",1,1,2,1,2,"10_1.mp3","music"
"6067","67294473dbb580a0ca93f60f",2,2,3,3,3,"2_1.mp3","music"
"6068","67294473dbb580a0ca93f60f",1,1,3,2,2,"11_2.mp3","music"
"6069","67294473dbb580a0ca93f60f",1,1,2,2,2,"7_13.mp3","music"
"6070","67294473dbb580a0ca93f60f",2,2,2,2,1,"4_1.mp3","music"
"6071","67294473dbb580a0ca93f60f",2,1,2,84,3,"6_10.mp3","music"
"6072","67294473dbb580a0ca93f60f",3,2,4,3,1,"11_11.mp3","music"
"6073","67294473dbb580a0ca93f60f",3,5,2,2,1,"12_2.mp3","music"
"6074","67294473dbb580a0ca93f60f",1,1,1,1,2,"5_14.mp3","music"
"6075","67294473dbb580a0ca93f60f",1,2,3,14,2,"6_5.mp3","music"
"6076","67294473dbb580a0ca93f60f",1,1,1,10,2,"8_2.mp3","music"
"6077","67294473dbb580a0ca93f60f",6,6,4,14,2,"10_2.mp3","music"
"6078","67294473dbb580a0ca93f60f",2,3,5,62,3,"11_10.mp3","music"
"6079","67294473dbb580a0ca93f60f",1,22,3,1,3,"4_2.mp3","music"
"6080","67294473dbb580a0ca93f60f",2,7,1,1,2,"3_1.mp3","music"
"6081","5bf408f7f35e0c000101693a",0,0,0,0,0,"10_2.mp3","music"
"6082","5bf408f7f35e0c000101693a",0,0,0,0,0,"4_1.mp3","music"
"6083","5bf408f7f35e0c000101693a",0,7,0,0,0,"4_2.mp3","music"
"6084","5bf408f7f35e0c000101693a",0,5,0,0,0,"3_1.mp3","music"
"6085","5bf408f7f35e0c000101693a",0,0,0,0,0,"5_14.mp3","music"
"6086","5bf408f7f35e0c000101693a",0,0,20,84,0,"11_10.mp3","music"
"6087","5bf408f7f35e0c000101693a",0,1,0,0,0,"11_2.mp3","music"
"6088","5bf408f7f35e0c000101693a",4,0,14,79,0,"7_10.mp3","music"
"6089","5bf408f7f35e0c000101693a",54,47,0,12,0,"11_11.mp3","music"
"6090","5bf408f7f35e0c000101693a",9,20,0,1,0,"12_2.mp3","music"
"6091","5bf408f7f35e0c000101693a",52,54,0,0,0,"7_13.mp3","music"
"6092","5bf408f7f35e0c000101693a",0,0,0,0,0,"8_2.mp3","music"
"6093","5bf408f7f35e0c000101693a",0,0,0,17,0,"6_5.mp3","music"
"6094","5bf408f7f35e0c000101693a",24,20,0,0,0,"10_1.mp3","music"
"6095","5bf408f7f35e0c000101693a",79,18,0,0,0,"2_1.mp3","music"
"6096","5bf408f7f35e0c000101693a",1,0,0,37,0,"6_10.mp3","music"
"6097","639b9ab341f4429b1b3c06a2",3,6,0,0,0,"10_1.mp3","music"
"6098","639b9ab341f4429b1b3c06a2",0,10,0,0,0,"7_13.mp3","music"
"6099","639b9ab341f4429b1b3c06a2",0,6,0,0,0,"4_2.mp3","music"
"6100","639b9ab341f4429b1b3c06a2",1,10,0,7,0,"6_10.mp3","music"
"6101","639b9ab341f4429b1b3c06a2",0,6,0,25,0,"11_10.mp3","music"
"6102","639b9ab341f4429b1b3c06a2",5,7,0,0,0,"12_2.mp3","music"
"6103","639b9ab341f4429b1b3c06a2",6,10,0,0,0,"11_11.mp3","music"
"6104","639b9ab341f4429b1b3c06a2",5,13,0,14,3,"7_10.mp3","music"
"6105","639b9ab341f4429b1b3c06a2",3,5,0,0,0,"10_2.mp3","music"
"6106","639b9ab341f4429b1b3c06a2",6,12,0,0,0,"2_1.mp3","music"
"6107","639b9ab341f4429b1b3c06a2",0,8,0,6,0,"4_1.mp3","music"
"6108","639b9ab341f4429b1b3c06a2",4,7,0,0,0,"5_14.mp3","music"
"6109","639b9ab341f4429b1b3c06a2",6,7,0,3,0,"11_2.mp3","music"
"6110","639b9ab341f4429b1b3c06a2",0,0,0,4,0,"6_5.mp3","music"
"6111","639b9ab341f4429b1b3c06a2",4,3,0,5,0,"8_2.mp3","music"
"6112","639b9ab341f4429b1b3c06a2",18,29,0,0,9,"3_1.mp3","music"
"6113","6766ddcb03bbfa66fafb36a8",6,7,1,0,0,"4_2.mp3","music"
"6114","6766ddcb03bbfa66fafb36a8",11,8,1,0,0,"3_1.mp3","music"
"6115","6766ddcb03bbfa66fafb36a8",0,0,5,0,2,"11_10.mp3","music"
"6116","6766ddcb03bbfa66fafb36a8",0,2,2,0,2,"4_1.mp3","music"
"6117","6766ddcb03bbfa66fafb36a8",2,0,2,0,3,"11_2.mp3","music"
"6118","6766ddcb03bbfa66fafb36a8",2,3,2,3,2,"10_1.mp3","music"
"6119","6766ddcb03bbfa66fafb36a8",0,2,0,0,0,"12_2.mp3","music"
"6120","6766ddcb03bbfa66fafb36a8",0,1,0,0,3,"7_13.mp3","music"
"6121","6766ddcb03bbfa66fafb36a8",5,1,0,0,2,"6_10.mp3","music"
"6122","6766ddcb03bbfa66fafb36a8",4,3,0,0,1,"11_11.mp3","music"
"6123","6766ddcb03bbfa66fafb36a8",4,0,2,0,0,"5_14.mp3","music"
"6124","6766ddcb03bbfa66fafb36a8",0,0,0,0,0,"8_2.mp3","music"
"6125","6766ddcb03bbfa66fafb36a8",1,1,0,0,2,"10_2.mp3","music"
"6126","6766ddcb03bbfa66fafb36a8",3,0,5,3,2,"7_10.mp3","music"
"6127","6766ddcb03bbfa66fafb36a8",0,0,0,0,0,"2_1.mp3","music"
"6128","6766ddcb03bbfa66fafb36a8",0,0,0,0,0,"6_5.mp3","music"
"6129","59f22a9fd6380600018b2929",0,0,2,0,1,"4_1.mp3","music"
"6130","59f22a9fd6380600018b2929",0,0,0,0,0,"8_2.mp3","music"
"6131","59f22a9fd6380600018b2929",0,0,0,0,0,"2_1.mp3","music"
"6132","59f22a9fd6380600018b2929",0,0,0,0,0,"11_11.mp3","music"
"6133","59f22a9fd6380600018b2929",7,7,23,17,4,"7_10.mp3","music"
"6134","59f22a9fd6380600018b2929",22,10,0,0,4,"5_14.mp3","music"
"6135","59f22a9fd6380600018b2929",14,0,6,5,0,"11_10.mp3","music"
"6136","59f22a9fd6380600018b2929",0,0,0,0,0,"12_2.mp3","music"
"6137","59f22a9fd6380600018b2929",32,25,0,0,12,"3_1.mp3","music"
"6138","59f22a9fd6380600018b2929",0,9,0,0,4,"10_1.mp3","music"
"6139","59f22a9fd6380600018b2929",21,10,0,17,5,"6_10.mp3","music"
"6140","59f22a9fd6380600018b2929",0,0,0,0,0,"6_5.mp3","music"
"6141","59f22a9fd6380600018b2929",14,0,0,0,0,"11_2.mp3","music"
"6142","59f22a9fd6380600018b2929",43,13,0,0,6,"7_13.mp3","music"
"6143","59f22a9fd6380600018b2929",47,0,0,0,0,"4_2.mp3","music"
"6144","59f22a9fd6380600018b2929",0,0,0,0,0,"10_2.mp3","music"
"6145","6754246c81ce61cb6ffe887f",13,4,6,13,9,"10_2.mp3","music"
"6146","6754246c81ce61cb6ffe887f",13,1,15,49,5,"11_10.mp3","music"
"6147","6754246c81ce61cb6ffe887f",9,2,1,6,6,"7_13.mp3","music"
"6148","6754246c81ce61cb6ffe887f",45,32,50,54,13,"7_10.mp3","music"
"6149","6754246c81ce61cb6ffe887f",39,16,10,20,44,"6_5.mp3","music"
"6150","6754246c81ce61cb6ffe887f",10,15,13,17,3,"11_2.mp3","music"
"6151","6754246c81ce61cb6ffe887f",10,4,8,32,13,"4_1.mp3","music"
"6152","6754246c81ce61cb6ffe887f",59,10,43,55,2,"6_10.mp3","music"
"6153","6754246c81ce61cb6ffe887f",6,4,5,3,6,"3_1.mp3","music"
"6154","6754246c81ce61cb6ffe887f",33,57,44,53,26,"10_1.mp3","music"
"6155","6754246c81ce61cb6ffe887f",20,50,36,58,33,"12_2.mp3","music"
"6156","6754246c81ce61cb6ffe887f",59,47,36,56,27,"4_2.mp3","music"
"6157","6754246c81ce61cb6ffe887f",48,44,43,39,35,"2_1.mp3","music"
"6158","6754246c81ce61cb6ffe887f",54,55,40,68,42,"5_14.mp3","music"
"6159","6754246c81ce61cb6ffe887f",11,7,5,9,7,"8_2.mp3","music"
"6160","6754246c81ce61cb6ffe887f",51,33,4,37,4,"11_11.mp3","music"
"6161","67e2ed15da79347d97d600c6",68,23,51,44,64,"4_2.mp3","music"
"6162","67e2ed15da79347d97d600c6",80,13,51,47,25,"11_2.mp3","music"
"6163","67e2ed15da79347d97d600c6",36,23,80,91,23,"2_1.mp3","music"
"6164","67e2ed15da79347d97d600c6",25,8,36,16,32,"7_10.mp3","music"
"6165","67e2ed15da79347d97d600c6",65,28,50,39,29,"12_2.mp3","music"
"6166","67e2ed15da79347d97d600c6",79,25,34,26,14,"7_13.mp3","music"
"6167","67e2ed15da79347d97d600c6",69,26,41,38,30,"5_14.mp3","music"
"6168","67e2ed15da79347d97d600c6",49,21,51,21,30,"4_1.mp3","music"
"6169","67e2ed15da79347d97d600c6",28,31,38,16,21,"10_2.mp3","music"
"6170","67e2ed15da79347d97d600c6",28,42,42,41,34,"8_2.mp3","music"
"6171","67e2ed15da79347d97d600c6",59,29,51,40,16,"10_1.mp3","music"
"6172","67e2ed15da79347d97d600c6",81,28,31,37,35,"3_1.mp3","music"
"6173","67e2ed15da79347d97d600c6",74,38,42,27,24,"11_11.mp3","music"
"6174","67e2ed15da79347d97d600c6",72,18,72,25,58,"11_10.mp3","music"
"6175","67e2ed15da79347d97d600c6",82,30,58,34,25,"6_5.mp3","music"
"6176","67e2ed15da79347d97d600c6",90,50,92,61,31,"6_10.mp3","music"
"6177","65b1193868f3449f46325ea8",57,19,32,24,10,"2_1.mp3","music"
"6178","65b1193868f3449f46325ea8",69,13,82,25,23,"7_10.mp3","music"
"6179","65b1193868f3449f46325ea8",88,38,36,46,30,"10_1.mp3","music"
"6180","65b1193868f3449f46325ea8",84,21,49,24,21,"10_2.mp3","music"
"6181","65b1193868f3449f46325ea8",86,16,73,48,21,"7_13.mp3","music"
"6182","65b1193868f3449f46325ea8",78,24,42,27,16,"8_2.mp3","music"
"6183","65b1193868f3449f46325ea8",84,28,51,57,37,"3_1.mp3","music"
"6184","65b1193868f3449f46325ea8",53,20,49,27,25,"11_2.mp3","music"
"6185","65b1193868f3449f46325ea8",57,17,23,69,31,"4_2.mp3","music"
"6186","65b1193868f3449f46325ea8",42,32,49,78,31,"6_5.mp3","music"
"6187","65b1193868f3449f46325ea8",53,27,38,33,27,"4_1.mp3","music"
"6188","65b1193868f3449f46325ea8",68,35,42,29,35,"12_2.mp3","music"
"6189","65b1193868f3449f46325ea8",66,35,81,79,29,"11_10.mp3","music"
"6190","65b1193868f3449f46325ea8",95,14,31,17,22,"6_10.mp3","music"
"6191","65b1193868f3449f46325ea8",60,12,38,29,20,"5_14.mp3","music"
"6192","65b1193868f3449f46325ea8",71,33,69,41,4,"11_11.mp3","music"
"6193","614ba174b4090c0f7ed64278",65,29,63,35,45,"12_2.mp3","music"
"6194","614ba174b4090c0f7ed64278",61,18,53,32,22,"4_2.mp3","music"
"6195","614ba174b4090c0f7ed64278",30,63,48,60,31,"7_10.mp3","music"
"6196","614ba174b4090c0f7ed64278",56,28,36,39,35,"11_10.mp3","music"
"6197","614ba174b4090c0f7ed64278",20,65,31,50,38,"7_13.mp3","music"
"6198","614ba174b4090c0f7ed64278",33,57,39,69,38,"6_5.mp3","music"
"6199","614ba174b4090c0f7ed64278",70,29,62,24,51,"10_2.mp3","music"
"6200","614ba174b4090c0f7ed64278",22,36,19,49,17,"6_10.mp3","music"
"6201","614ba174b4090c0f7ed64278",41,7,29,66,22,"10_1.mp3","music"
"6202","614ba174b4090c0f7ed64278",29,57,59,18,66,"11_11.mp3","music"
"6203","614ba174b4090c0f7ed64278",68,28,21,37,26,"5_14.mp3","music"
"6204","614ba174b4090c0f7ed64278",71,74,56,24,37,"4_1.mp3","music"
"6205","614ba174b4090c0f7ed64278",21,33,60,33,25,"3_1.mp3","music"
"6206","614ba174b4090c0f7ed64278",26,44,31,42,18,"11_2.mp3","music"
"6207","614ba174b4090c0f7ed64278",63,67,27,30,28,"2_1.mp3","music"
"6208","614ba174b4090c0f7ed64278",65,19,53,34,54,"8_2.mp3","music"
"6209","69417b79c252f58b79bf6754",7,0,0,0,0,"7_13.mp3","music"
"6210","69417b79c252f58b79bf6754",0,0,0,0,0,"2_1.mp3","music"
"6211","69417b79c252f58b79bf6754",4,5,0,0,0,"3_1.mp3","music"
"6212","69417b79c252f58b79bf6754",19,0,21,41,0,"7_10.mp3","music"
"6213","69417b79c252f58b79bf6754",6,0,0,3,0,"5_14.mp3","music"
"6214","69417b79c252f58b79bf6754",4,0,0,21,6,"11_2.mp3","music"
"6215","69417b79c252f58b79bf6754",5,0,0,0,0,"11_11.mp3","music"
"6216","69417b79c252f58b79bf6754",0,0,0,18,0,"11_10.mp3","music"
"6217","69417b79c252f58b79bf6754",0,0,0,4,0,"8_2.mp3","music"
"6218","69417b79c252f58b79bf6754",0,4,0,4,0,"4_1.mp3","music"
"6219","69417b79c252f58b79bf6754",0,9,0,4,0,"10_2.mp3","music"
"6220","69417b79c252f58b79bf6754",6,7,6,13,0,"6_5.mp3","music"
"6221","69417b79c252f58b79bf6754",22,6,0,3,0,"4_2.mp3","music"
"6222","69417b79c252f58b79bf6754",0,0,0,0,0,"10_1.mp3","music"
"6223","69417b79c252f58b79bf6754",41,0,15,50,13,"6_10.mp3","music"
"6224","69417b79c252f58b79bf6754",4,4,0,0,0,"12_2.mp3","music"
"6225","6712fe1173dfa2bfa2d6294b",0,0,0,0,0,"6_5.mp3","music"
"6226","6712fe1173dfa2bfa2d6294b",67,62,50,79,66,"6_10.mp3","music"
"6227","6712fe1173dfa2bfa2d6294b",81,70,36,31,56,"2_1.mp3","music"
"6228","6712fe1173dfa2bfa2d6294b",81,74,23,24,71,"3_1.mp3","music"
"6229","6712fe1173dfa2bfa2d6294b",0,0,0,1,0,"10_1.mp3","music"
"6230","6712fe1173dfa2bfa2d6294b",95,65,78,92,71,"7_10.mp3","music"
"6231","6712fe1173dfa2bfa2d6294b",75,19,52,80,63,"11_10.mp3","music"
"6232","6712fe1173dfa2bfa2d6294b",0,0,0,10,0,"8_2.mp3","music"
"6233","6712fe1173dfa2bfa2d6294b",60,84,6,0,61,"7_13.mp3","music"
"6234","6712fe1173dfa2bfa2d6294b",0,10,0,0,8,"11_11.mp3","music"
"6235","6712fe1173dfa2bfa2d6294b",79,33,51,90,50,"11_2.mp3","music"
"6236","6712fe1173dfa2bfa2d6294b",37,71,13,60,38,"10_2.mp3","music"
"6237","6712fe1173dfa2bfa2d6294b",5,29,9,9,20,"4_2.mp3","music"
"6238","6712fe1173dfa2bfa2d6294b",48,50,21,27,25,"5_14.mp3","music"
"6239","6712fe1173dfa2bfa2d6294b",6,4,0,9,10,"12_2.mp3","music"
"6240","6712fe1173dfa2bfa2d6294b",0,1,0,6,0,"4_1.mp3","music"
"6241","67dd46602623d4bf857f7fa2",0,3,0,0,0,"5_14.mp3","music"
"6242","67dd46602623d4bf857f7fa2",0,0,0,0,4,"7_10.mp3","music"
"6243","67dd46602623d4bf857f7fa2",22,3,22,0,0,"8_2.mp3","music"
"6244","67dd46602623d4bf857f7fa2",0,0,0,0,0,"12_2.mp3","music"
"6245","67dd46602623d4bf857f7fa2",18,0,0,0,0,"11_2.mp3","music"
"6246","67dd46602623d4bf857f7fa2",0,0,0,0,2,"4_2.mp3","music"
"6247","67dd46602623d4bf857f7fa2",15,3,0,0,0,"3_1.mp3","music"
"6248","67dd46602623d4bf857f7fa2",0,0,0,0,0,"4_1.mp3","music"
"6249","67dd46602623d4bf857f7fa2",0,0,0,0,2,"10_2.mp3","music"
"6250","67dd46602623d4bf857f7fa2",0,0,0,3,0,"11_11.mp3","music"
"6251","67dd46602623d4bf857f7fa2",12,3,0,0,0,"10_1.mp3","music"
"6252","67dd46602623d4bf857f7fa2",0,5,0,7,4,"6_10.mp3","music"
"6253","67dd46602623d4bf857f7fa2",0,0,0,0,0,"6_5.mp3","music"
"6254","67dd46602623d4bf857f7fa2",0,0,0,0,0,"7_13.mp3","music"
"6255","67dd46602623d4bf857f7fa2",0,4,0,0,0,"11_10.mp3","music"
"6256","67dd46602623d4bf857f7fa2",0,0,0,0,0,"2_1.mp3","music"
"6257","6701e7c8b53a034b66f93fd8",0,1,2,1,0,"10_1.mp3","music"
"6258","6701e7c8b53a034b66f93fd8",25,11,1,8,7,"3_1.mp3","music"
"6259","6701e7c8b53a034b66f93fd8",50,0,92,73,60,"7_10.mp3","music"
"6260","6701e7c8b53a034b66f93fd8",0,0,0,0,0,"10_2.mp3","music"
"6261","6701e7c8b53a034b66f93fd8",18,45,1,0,0,"11_11.mp3","music"
"6262","6701e7c8b53a034b66f93fd8",0,0,2,0,0,"8_2.mp3","music"
"6263","6701e7c8b53a034b66f93fd8",0,0,0,0,0,"6_5.mp3","music"
"6264","6701e7c8b53a034b66f93fd8",60,72,0,0,33,"5_14.mp3","music"
"6265","6701e7c8b53a034b66f93fd8",21,3,0,0,0,"2_1.mp3","music"
"6266","6701e7c8b53a034b66f93fd8",50,16,41,32,15,"11_2.mp3","music"
"6267","6701e7c8b53a034b66f93fd8",0,0,0,1,0,"12_2.mp3","music"
"6268","6701e7c8b53a034b66f93fd8",30,41,5,1,18,"7_13.mp3","music"
"6269","6701e7c8b53a034b66f93fd8",4,0,0,0,0,"4_1.mp3","music"
"6270","6701e7c8b53a034b66f93fd8",52,11,62,35,20,"6_10.mp3","music"
"6271","6701e7c8b53a034b66f93fd8",16,49,0,0,19,"4_2.mp3","music"
"6272","6701e7c8b53a034b66f93fd8",4,0,4,22,3,"11_10.mp3","music"
"6273","5ecd78784dc5af0d97078c8b",16,0,56,77,33,"7_10.mp3","music"
"6274","5ecd78784dc5af0d97078c8b",1,3,0,0,1,"10_2.mp3","music"
"6275","5ecd78784dc5af0d97078c8b",2,0,0,1,0,"11_2.mp3","music"
"6276","5ecd78784dc5af0d97078c8b",0,0,0,0,0,"12_2.mp3","music"
"6277","5ecd78784dc5af0d97078c8b",0,0,0,92,0,"11_10.mp3","music"
"6278","5ecd78784dc5af0d97078c8b",0,0,0,0,0,"4_2.mp3","music"
"6279","5ecd78784dc5af0d97078c8b",0,0,0,19,0,"6_10.mp3","music"
"6280","5ecd78784dc5af0d97078c8b",0,0,0,0,0,"10_1.mp3","music"
"6281","5ecd78784dc5af0d97078c8b",0,0,0,0,0,"2_1.mp3","music"
"6282","5ecd78784dc5af0d97078c8b",0,0,0,0,0,"7_13.mp3","music"
"6283","5ecd78784dc5af0d97078c8b",0,0,0,0,0,"11_11.mp3","music"
"6284","5ecd78784dc5af0d97078c8b",0,0,0,0,0,"5_14.mp3","music"
"6285","5ecd78784dc5af0d97078c8b",0,0,0,0,0,"4_1.mp3","music"
"6286","5ecd78784dc5af0d97078c8b",0,0,0,0,0,"8_2.mp3","music"
"6287","5ecd78784dc5af0d97078c8b",0,0,0,0,0,"6_5.mp3","music"
"6288","5ecd78784dc5af0d97078c8b",25,13,0,0,0,"3_1.mp3","music"
"6289","5ed9c3054268815691ed0e2c",39,29,32,52,20,"7_10.mp3","music"
"6290","5ed9c3054268815691ed0e2c",22,28,10,26,9,"11_2.mp3","music"
"6291","5ed9c3054268815691ed0e2c",16,50,16,18,9,"4_2.mp3","music"
"6292","5ed9c3054268815691ed0e2c",5,9,6,5,3,"6_5.mp3","music"
"6293","5ed9c3054268815691ed0e2c",22,2,14,26,18,"11_10.mp3","music"
"6294","5ed9c3054268815691ed0e2c",6,9,3,13,12,"12_2.mp3","music"
"6295","5ed9c3054268815691ed0e2c",14,29,1,5,11,"2_1.mp3","music"
"6296","5ed9c3054268815691ed0e2c",11,34,0,11,7,"7_13.mp3","music"
"6297","5ed9c3054268815691ed0e2c",34,34,21,38,8,"5_14.mp3","music"
"6298","5ed9c3054268815691ed0e2c",0,3,0,4,5,"10_2.mp3","music"
"6299","5ed9c3054268815691ed0e2c",2,6,9,5,5,"4_1.mp3","music"
"6300","5ed9c3054268815691ed0e2c",42,55,9,28,21,"3_1.mp3","music"
"6301","5ed9c3054268815691ed0e2c",0,7,11,23,6,"8_2.mp3","music"
"6302","5ed9c3054268815691ed0e2c",19,43,2,4,9,"11_11.mp3","music"
"6303","5ed9c3054268815691ed0e2c",25,14,22,34,13,"6_10.mp3","music"
"6304","5ed9c3054268815691ed0e2c",5,8,4,3,4,"10_1.mp3","music"
"6305","63ed78d1217e614a3c6b392e",64,0,0,0,0,"3_1.mp3","music"
"6306","63ed78d1217e614a3c6b392e",0,0,0,0,0,"6_5.mp3","music"
"6307","63ed78d1217e614a3c6b392e",0,0,0,0,0,"6_10.mp3","music"
"6308","63ed78d1217e614a3c6b392e",0,0,0,0,0,"2_1.mp3","music"
"6309","63ed78d1217e614a3c6b392e",0,0,0,0,0,"12_2.mp3","music"
"6310","63ed78d1217e614a3c6b392e",14,0,0,19,0,"8_2.mp3","music"
"6311","63ed78d1217e614a3c6b392e",37,54,58,22,50,"11_11.mp3","music"
"6312","63ed78d1217e614a3c6b392e",42,32,41,1,17,"7_10.mp3","music"
"6313","63ed78d1217e614a3c6b392e",16,11,16,31,35,"10_2.mp3","music"
"6314","63ed78d1217e614a3c6b392e",15,0,0,0,0,"11_2.mp3","music"
"6315","63ed78d1217e614a3c6b392e",0,0,0,0,0,"10_1.mp3","music"
"6316","63ed78d1217e614a3c6b392e",0,0,0,0,0,"7_13.mp3","music"
"6317","63ed78d1217e614a3c6b392e",0,0,0,0,0,"11_10.mp3","music"
"6318","63ed78d1217e614a3c6b392e",0,0,0,0,0,"4_2.mp3","music"
"6319","63ed78d1217e614a3c6b392e",27,14,31,13,16,"5_14.mp3","music"
"6320","63ed78d1217e614a3c6b392e",0,0,0,0,0,"4_1.mp3","music"
"6321","66d7a4ca0fcf61aba9eb9328",34,26,21,57,24,"7_10.mp3","music"
"6322","66d7a4ca0fcf61aba9eb9328",27,46,27,61,31,"4_1.mp3","music"
"6323","66d7a4ca0fcf61aba9eb9328",43,12,30,26,13,"4_2.mp3","music"
"6324","66d7a4ca0fcf61aba9eb9328",36,14,14,28,26,"3_1.mp3","music"
"6325","66d7a4ca0fcf61aba9eb9328",33,27,49,90,13,"5_14.mp3","music"
"6326","66d7a4ca0fcf61aba9eb9328",11,11,6,14,12,"10_2.mp3","music"
"6327","66d7a4ca0fcf61aba9eb9328",13,9,10,78,22,"7_13.mp3","music"
"6328","66d7a4ca0fcf61aba9eb9328",50,26,11,30,18,"6_10.mp3","music"
"6329","66d7a4ca0fcf61aba9eb9328",34,31,18,36,15,"6_5.mp3","music"
"6330","66d7a4ca0fcf61aba9eb9328",23,1,16,42,19,"11_11.mp3","music"
"6331","66d7a4ca0fcf61aba9eb9328",13,9,19,76,14,"11_10.mp3","music"
"6332","66d7a4ca0fcf61aba9eb9328",12,13,9,52,17,"10_1.mp3","music"
"6333","66d7a4ca0fcf61aba9eb9328",16,17,16,54,20,"12_2.mp3","music"
"6334","66d7a4ca0fcf61aba9eb9328",34,12,11,69,13,"11_2.mp3","music"
"6335","66d7a4ca0fcf61aba9eb9328",17,19,9,69,13,"8_2.mp3","music"
"6336","66d7a4ca0fcf61aba9eb9328",23,22,18,40,22,"2_1.mp3","music"
"6337","67bc755b022467c613763798",0,0,0,0,0,"11_2.mp3","music"
"6338","67bc755b022467c613763798",0,0,0,0,0,"5_14.mp3","music"
"6339","67bc755b022467c613763798",9,7,13,11,7,"7_13.mp3","music"
"6340","67bc755b022467c613763798",25,10,18,25,10,"11_10.mp3","music"
"6341","67bc755b022467c613763798",21,14,10,18,18,"6_10.mp3","music"
"6342","67bc755b022467c613763798",0,0,0,0,0,"2_1.mp3","music"
"6343","67bc755b022467c613763798",8,14,0,14,81,"11_11.mp3","music"
"6344","67bc755b022467c613763798",0,0,0,0,1,"10_1.mp3","music"
"6345","67bc755b022467c613763798",0,0,0,0,0,"6_5.mp3","music"
"6346","67bc755b022467c613763798",0,0,0,27,0,"12_2.mp3","music"
"6347","67bc755b022467c613763798",0,0,0,0,0,"3_1.mp3","music"
"6348","67bc755b022467c613763798",0,0,0,0,0,"8_2.mp3","music"
"6349","67bc755b022467c613763798",13,0,0,13,0,"7_10.mp3","music"
"6350","67bc755b022467c613763798",0,0,0,0,0,"10_2.mp3","music"
"6351","67bc755b022467c613763798",0,0,0,0,0,"4_2.mp3","music"
"6352","67bc755b022467c613763798",10,9,16,15,7,"4_1.mp3","music"
"6353","677aefb67112f646f3fc77f6",11,21,11,20,17,"10_2.mp3","music"
"6354","677aefb67112f646f3fc77f6",18,22,12,23,14,"6_10.mp3","music"
"6355","677aefb67112f646f3fc77f6",18,26,18,30,25,"7_13.mp3","music"
"6356","677aefb67112f646f3fc77f6",23,22,29,25,19,"2_1.mp3","music"
"6357","677aefb67112f646f3fc77f6",75,51,31,67,32,"7_10.mp3","music"
"6358","677aefb67112f646f3fc77f6",14,26,36,23,21,"11_2.mp3","music"
"6359","677aefb67112f646f3fc77f6",27,32,18,20,21,"5_14.mp3","music"
"6360","677aefb67112f646f3fc77f6",30,29,33,21,25,"4_1.mp3","music"
"6361","677aefb67112f646f3fc77f6",17,19,34,28,18,"10_1.mp3","music"
"6362","677aefb67112f646f3fc77f6",29,28,15,17,25,"11_11.mp3","music"
"6363","677aefb67112f646f3fc77f6",29,25,13,21,22,"12_2.mp3","music"
"6364","677aefb67112f646f3fc77f6",33,50,30,24,33,"11_10.mp3","music"
"6365","677aefb67112f646f3fc77f6",27,34,48,36,53,"4_2.mp3","music"
"6366","677aefb67112f646f3fc77f6",36,32,40,30,22,"3_1.mp3","music"
"6367","677aefb67112f646f3fc77f6",25,62,24,20,29,"6_5.mp3","music"
"6368","677aefb67112f646f3fc77f6",29,34,43,22,22,"8_2.mp3","music"
"6369","628deac8711dee5dbda650ae",0,0,0,0,0,"4_1.mp3","music"
"6370","628deac8711dee5dbda650ae",0,0,0,0,8,"11_10.mp3","music"
"6371","628deac8711dee5dbda650ae",0,0,0,0,0,"6_10.mp3","music"
"6372","628deac8711dee5dbda650ae",0,0,0,0,0,"11_11.mp3","music"
"6373","628deac8711dee5dbda650ae",0,0,0,0,0,"11_2.mp3","music"
"6374","628deac8711dee5dbda650ae",0,0,0,0,0,"6_5.mp3","music"
"6375","628deac8711dee5dbda650ae",0,0,0,0,0,"2_1.mp3","music"
"6376","628deac8711dee5dbda650ae",0,0,0,0,0,"5_14.mp3","music"
"6377","628deac8711dee5dbda650ae",0,0,0,0,0,"4_2.mp3","music"
"6378","628deac8711dee5dbda650ae",0,0,0,0,0,"3_1.mp3","music"
"6379","628deac8711dee5dbda650ae",0,0,0,0,0,"12_2.mp3","music"
"6380","628deac8711dee5dbda650ae",0,0,0,0,0,"10_2.mp3","music"
"6381","628deac8711dee5dbda650ae",0,0,0,0,0,"7_13.mp3","music"
"6382","628deac8711dee5dbda650ae",0,0,0,0,0,"8_2.mp3","music"
"6383","628deac8711dee5dbda650ae",0,0,0,0,0,"10_1.mp3","music"
"6384","628deac8711dee5dbda650ae",0,0,0,0,0,"7_10.mp3","music"
"6385","56588a127d69570012dfe00a",36,39,5,4,3,"4_2.mp3","music"
"6386","56588a127d69570012dfe00a",2,2,5,0,10,"6_10.mp3","music"
"6387","56588a127d69570012dfe00a",2,6,2,1,2,"11_10.mp3","music"
"6388","56588a127d69570012dfe00a",85,4,84,71,5,"7_10.mp3","music"
"6389","56588a127d69570012dfe00a",13,22,11,2,8,"7_13.mp3","music"
"6390","56588a127d69570012dfe00a",2,5,3,3,13,"6_5.mp3","music"
"6391","56588a127d69570012dfe00a",6,5,5,30,2,"5_14.mp3","music"
"6392","56588a127d69570012dfe00a",0,23,2,0,2,"2_1.mp3","music"
"6393","56588a127d69570012dfe00a",2,0,2,3,1,"4_1.mp3","music"
"6394","56588a127d69570012dfe00a",21,22,23,20,2,"3_1.mp3","music"
"6395","56588a127d69570012dfe00a",0,2,3,5,1,"10_1.mp3","music"
"6396","56588a127d69570012dfe00a",2,3,6,0,0,"11_2.mp3","music"
"6397","56588a127d69570012dfe00a",5,1,3,7,1,"11_11.mp3","music"
"6398","56588a127d69570012dfe00a",2,2,0,2,1,"12_2.mp3","music"
"6399","56588a127d69570012dfe00a",1,3,7,2,1,"8_2.mp3","music"
"6400","56588a127d69570012dfe00a",2,1,1,4,3,"10_2.mp3","music"
"6401","63eec085b1d2e79ac4fbbd78",40,53,50,24,44,"10_2.mp3","music"
"6402","63eec085b1d2e79ac4fbbd78",49,49,46,49,56,"11_2.mp3","music"
"6403","63eec085b1d2e79ac4fbbd78",53,53,52,56,35,"3_1.mp3","music"
"6404","63eec085b1d2e79ac4fbbd78",25,38,23,21,16,"4_1.mp3","music"
"6405","63eec085b1d2e79ac4fbbd78",27,29,17,24,26,"12_2.mp3","music"
"6406","63eec085b1d2e79ac4fbbd78",12,13,3,5,9,"5_14.mp3","music"
"6407","63eec085b1d2e79ac4fbbd78",35,44,41,26,14,"11_11.mp3","music"
"6408","63eec085b1d2e79ac4fbbd78",20,15,19,15,13,"4_2.mp3","music"
"6409","63eec085b1d2e79ac4fbbd78",14,11,14,19,11,"8_2.mp3","music"
"6410","63eec085b1d2e79ac4fbbd78",14,12,12,13,12,"7_13.mp3","music"
"6411","63eec085b1d2e79ac4fbbd78",31,12,12,26,8,"2_1.mp3","music"
"6412","63eec085b1d2e79ac4fbbd78",15,19,5,20,12,"7_10.mp3","music"
"6413","63eec085b1d2e79ac4fbbd78",3,22,13,12,7,"6_10.mp3","music"
"6414","63eec085b1d2e79ac4fbbd78",12,20,16,17,16,"11_10.mp3","music"
"6415","63eec085b1d2e79ac4fbbd78",13,16,10,21,30,"10_1.mp3","music"
"6416","63eec085b1d2e79ac4fbbd78",11,11,23,24,22,"6_5.mp3","music"
"6417","60463896f9a82809f6eda231",0,0,0,0,0,"8_2.mp3","music"
"6418","60463896f9a82809f6eda231",0,0,0,5,0,"11_10.mp3","music"
"6419","60463896f9a82809f6eda231",0,0,0,0,0,"2_1.mp3","music"
"6420","60463896f9a82809f6eda231",0,0,0,0,0,"12_2.mp3","music"
"6421","60463896f9a82809f6eda231",20,0,50,25,25,"7_10.mp3","music"
"6422","60463896f9a82809f6eda231",50,50,20,20,20,"5_14.mp3","music"
"6423","60463896f9a82809f6eda231",0,0,0,25,0,"6_10.mp3","music"
"6424","60463896f9a82809f6eda231",12,10,0,15,0,"11_11.mp3","music"
"6425","60463896f9a82809f6eda231",80,70,20,15,30,"3_1.mp3","music"
"6426","60463896f9a82809f6eda231",0,0,0,40,0,"4_1.mp3","music"
"6427","60463896f9a82809f6eda231",20,25,13,20,13,"11_2.mp3","music"
"6428","60463896f9a82809f6eda231",0,0,0,50,0,"6_5.mp3","music"
"6429","60463896f9a82809f6eda231",25,50,10,12,25,"4_2.mp3","music"
"6430","60463896f9a82809f6eda231",40,40,10,11,10,"7_13.mp3","music"
"6431","60463896f9a82809f6eda231",0,0,0,10,0,"10_2.mp3","music"
"6432","60463896f9a82809f6eda231",0,0,0,5,0,"10_1.mp3","music"
"6433","673e5a3412198a5e62837745",79,15,14,15,16,"4_2.mp3","music"
"6434","673e5a3412198a5e62837745",75,14,23,88,19,"11_2.mp3","music"
"6435","673e5a3412198a5e62837745",79,15,17,28,13,"11_11.mp3","music"
"6436","673e5a3412198a5e62837745",85,21,25,21,22,"8_2.mp3","music"
"6437","673e5a3412198a5e62837745",81,16,18,14,20,"12_2.mp3","music"
"6438","673e5a3412198a5e62837745",84,19,25,18,23,"7_10.mp3","music"
"6439","673e5a3412198a5e62837745",80,12,13,13,17,"5_14.mp3","music"
"6440","673e5a3412198a5e62837745",74,18,18,13,20,"6_5.mp3","music"
"6441","673e5a3412198a5e62837745",83,21,15,16,19,"6_10.mp3","music"
"6442","673e5a3412198a5e62837745",84,14,14,24,16,"7_13.mp3","music"
"6443","673e5a3412198a5e62837745",89,9,15,20,14,"10_2.mp3","music"
"6444","673e5a3412198a5e62837745",83,13,20,27,15,"2_1.mp3","music"
"6445","673e5a3412198a5e62837745",80,19,21,17,23,"4_1.mp3","music"
"6446","673e5a3412198a5e62837745",82,23,22,27,19,"11_10.mp3","music"
"6447","673e5a3412198a5e62837745",83,16,21,18,20,"3_1.mp3","music"
"6448","673e5a3412198a5e62837745",78,18,23,20,20,"10_1.mp3","music"
"6449","55b249bdfdf99b28e3c14b05",95,2,3,3,5,"6_5.mp3","music"
"6450","55b249bdfdf99b28e3c14b05",98,6,2,3,2,"4_1.mp3","music"
"6451","55b249bdfdf99b28e3c14b05",96,2,3,3,1,"5_14.mp3","music"
"6452","55b249bdfdf99b28e3c14b05",98,3,1,1,4,"8_2.mp3","music"
"6453","55b249bdfdf99b28e3c14b05",97,1,1,3,3,"10_2.mp3","music"
"6454","55b249bdfdf99b28e3c14b05",95,3,4,2,2,"10_1.mp3","music"
"6455","55b249bdfdf99b28e3c14b05",97,3,3,3,5,"11_11.mp3","music"
"6456","55b249bdfdf99b28e3c14b05",96,3,2,2,1,"4_2.mp3","music"
"6457","55b249bdfdf99b28e3c14b05",98,3,3,0,4,"7_10.mp3","music"
"6458","55b249bdfdf99b28e3c14b05",97,1,3,1,4,"3_1.mp3","music"
"6459","55b249bdfdf99b28e3c14b05",96,4,3,3,3,"2_1.mp3","music"
"6460","55b249bdfdf99b28e3c14b05",98,3,0,2,1,"12_2.mp3","music"
"6461","55b249bdfdf99b28e3c14b05",95,1,0,0,2,"11_10.mp3","music"
"6462","55b249bdfdf99b28e3c14b05",96,1,0,4,1,"7_13.mp3","music"
"6463","55b249bdfdf99b28e3c14b05",97,5,3,0,1,"11_2.mp3","music"
"6464","55b249bdfdf99b28e3c14b05",98,2,3,1,2,"6_10.mp3","music"
"6465","6266e63b82fa38e800e33a24",17,7,0,0,2,"10_2.mp3","music"
"6466","6266e63b82fa38e800e33a24",10,44,0,0,0,"11_2.mp3","music"
"6467","6266e63b82fa38e800e33a24",5,4,0,0,0,"5_14.mp3","music"
"6468","6266e63b82fa38e800e33a24",3,3,0,0,2,"12_2.mp3","music"
"6469","6266e63b82fa38e800e33a24",7,21,7,5,2,"11_10.mp3","music"
"6470","6266e63b82fa38e800e33a24",3,4,0,1,2,"3_1.mp3","music"
"6471","6266e63b82fa38e800e33a24",56,59,58,60,4,"7_10.mp3","music"
"6472","6266e63b82fa38e800e33a24",13,4,0,2,3,"11_11.mp3","music"
"6473","6266e63b82fa38e800e33a24",3,63,7,1,6,"4_2.mp3","music"
"6474","6266e63b82fa38e800e33a24",2,2,3,1,1,"6_10.mp3","music"
"6475","6266e63b82fa38e800e33a24",1,1,1,1,0,"6_5.mp3","music"
"6476","6266e63b82fa38e800e33a24",2,43,3,1,1,"4_1.mp3","music"
"6477","6266e63b82fa38e800e33a24",2,31,0,1,1,"8_2.mp3","music"
"6478","6266e63b82fa38e800e33a24",8,60,2,3,18,"7_13.mp3","music"
"6479","6266e63b82fa38e800e33a24",1,2,0,0,2,"10_1.mp3","music"
"6480","6266e63b82fa38e800e33a24",1,3,1,0,1,"2_1.mp3","music"
"6481","60c381c26357c51532f1b378",5,15,0,0,3,"12_2.mp3","music"
"6482","60c381c26357c51532f1b378",0,0,5,30,0,"6_10.mp3","music"
"6483","60c381c26357c51532f1b378",0,0,0,25,0,"11_10.mp3","music"
"6484","60c381c26357c51532f1b378",50,25,0,0,20,"5_14.mp3","music"
"6485","60c381c26357c51532f1b378",0,0,0,0,0,"10_2.mp3","music"
"6486","60c381c26357c51532f1b378",0,0,63,70,0,"7_10.mp3","music"
"6487","60c381c26357c51532f1b378",0,0,0,6,0,"2_1.mp3","music"
"6488","60c381c26357c51532f1b378",0,0,0,0,0,"8_2.mp3","music"
"6489","60c381c26357c51532f1b378",59,16,0,0,9,"3_1.mp3","music"
"6490","60c381c26357c51532f1b378",0,0,0,2,0,"6_5.mp3","music"
"6491","60c381c26357c51532f1b378",4,0,0,0,0,"11_11.mp3","music"
"6492","60c381c26357c51532f1b378",24,0,0,0,0,"10_1.mp3","music"
"6493","60c381c26357c51532f1b378",61,0,0,5,0,"11_2.mp3","music"
"6494","60c381c26357c51532f1b378",25,0,0,0,0,"4_1.mp3","music"
"6495","60c381c26357c51532f1b378",11,6,0,0,0,"7_13.mp3","music"
"6496","60c381c26357c51532f1b378",50,20,0,0,9,"4_2.mp3","music"
"6497","67d21364aa4dc87ecd8f3f1b",15,10,5,10,20,"4_1.mp3","music"
"6498","67d21364aa4dc87ecd8f3f1b",0,0,0,10,0,"12_2.mp3","music"
"6499","67d21364aa4dc87ecd8f3f1b",0,0,0,5,0,"11_11.mp3","music"
"6500","67d21364aa4dc87ecd8f3f1b",0,0,0,0,0,"10_2.mp3","music"
"6501","67d21364aa4dc87ecd8f3f1b",0,0,0,0,0,"3_1.mp3","music"
"6502","67d21364aa4dc87ecd8f3f1b",0,0,0,0,0,"2_1.mp3","music"
"6503","67d21364aa4dc87ecd8f3f1b",0,0,0,0,0,"10_1.mp3","music"
"6504","67d21364aa4dc87ecd8f3f1b",0,0,0,0,0,"6_10.mp3","music"
"6505","67d21364aa4dc87ecd8f3f1b",0,0,0,0,0,"8_2.mp3","music"
"6506","67d21364aa4dc87ecd8f3f1b",0,0,0,0,0,"11_10.mp3","music"
"6507","67d21364aa4dc87ecd8f3f1b",0,0,0,0,0,"11_2.mp3","music"
"6508","67d21364aa4dc87ecd8f3f1b",0,0,0,0,0,"7_13.mp3","music"
"6509","67d21364aa4dc87ecd8f3f1b",0,0,0,0,0,"4_2.mp3","music"
"6510","67d21364aa4dc87ecd8f3f1b",0,0,0,0,0,"7_10.mp3","music"
"6511","67d21364aa4dc87ecd8f3f1b",0,0,0,0,0,"6_5.mp3","music"
"6512","67d21364aa4dc87ecd8f3f1b",0,0,0,0,0,"5_14.mp3","music"
"6513","62dc4a5fef307ee53c61afcc",24,29,9,37,30,"11_11.mp3","music"
"6514","62dc4a5fef307ee53c61afcc",23,26,25,35,28,"7_13.mp3","music"
"6515","62dc4a5fef307ee53c61afcc",24,32,14,32,31,"5_14.mp3","music"
"6516","62dc4a5fef307ee53c61afcc",19,23,8,39,24,"11_2.mp3","music"
"6517","62dc4a5fef307ee53c61afcc",23,23,17,33,17,"3_1.mp3","music"
"6518","62dc4a5fef307ee53c61afcc",28,23,33,39,23,"7_10.mp3","music"
"6519","62dc4a5fef307ee53c61afcc",22,40,32,37,44,"10_2.mp3","music"
"6520","62dc4a5fef307ee53c61afcc",15,44,17,40,28,"11_10.mp3","music"
"6521","62dc4a5fef307ee53c61afcc",22,26,14,58,10,"6_10.mp3","music"
"6522","62dc4a5fef307ee53c61afcc",33,15,5,53,19,"2_1.mp3","music"
"6523","62dc4a5fef307ee53c61afcc",11,24,23,28,19,"4_1.mp3","music"
"6524","62dc4a5fef307ee53c61afcc",13,8,12,33,52,"6_5.mp3","music"
"6525","62dc4a5fef307ee53c61afcc",16,19,10,26,20,"12_2.mp3","music"
"6526","62dc4a5fef307ee53c61afcc",19,27,9,39,30,"10_1.mp3","music"
"6527","62dc4a5fef307ee53c61afcc",7,10,8,21,10,"8_2.mp3","music"
"6528","62dc4a5fef307ee53c61afcc",18,16,13,32,56,"4_2.mp3","music"
