StartDate,EndDate,Status,IPAddress,Progress,Duration (in seconds),Finished,RecordedDate,ResponseId,RecipientLastName,RecipientFirstName,RecipientEmail,ExternalReference,LocationLatitude,LocationLongitude,DistributionChannel,UserLanguage,CD-RISC1_1,CD-RISC2_1,CD-RISC3_1,CD-RISC4_1,CD-RISC5_1,CD-RISC6_1,CD-RISC7_1,CD-RISC8_1,CD-RISC9_1,CD-RISC10_1,STAI1_1,STAI2_1,STAI3_1,STAI4_1,STAI5_1,STAI6_1,STAI7_1,STAI8_1,STAI9_1,STAI10_1,STAI11_1,STAI12_1,STAI13_1,STAI14_1,STAI15_1,STAI16_1,STAI17_1,STAI18_1,STAI19_1,STAI20_1,DERS_1_1,DERS_3_1,DERS_4_1,DERS_5_1,DERS_6_1,DERS_7_1,DERS_8_1,DERS_9_1,DERS_10_1,DERS_12_1,DERS_14_1,DERS_15_1,DERS_16_1,DERS_17_1,DERS_19_1,DERS_20_1,DERS_21_1,DERS_22_1,DERS_23_1,DERS_24_1,DERS_25_1,DERS_26_1,DERS_27_1,DERS_28_1,DERS_29_1,DERS_30_1,DERS_31_1,DERS_32_1,DERS_33_1,DERS_34_1,DERS_35_1,DERS_37_1,DERS_38_1,DERS_39_1,DERS_40_1,DERS_41_1,STAI-S_1_1,STAI-S_2_1,STAI-S_3_1,STAI-S_4_1,STAI-S_5_1,STAI-S_6_1,STAI-S_7_1,STAI-S_8_1,STAI-S_9_1,STAI-S_10_1,STAI-S_11_1,STAI-S_12_1,STAI-S_13_1,STAI-S_14_1,STAI-S_15_1,STAI-S_16_1,STAI-S_17_1,STAI-S_18_1,STAI-S_19_1,STAI-S_20_1,BDI_1,BDI_2,BDI_3,BDI_4,BDI_5,BDI_6,BDI_7,BDI_8,BDI_9,BDI_10,BDI_11,BDI_12,BDI_13,BDI_14,BDI_15,BDI_16,BDI_17,BDI_18,BDI_19,BDI_20,PMERQ_1_1,PMERQ_2_1,PMERQ_3_1,PMERQ_4_1,PMERQ_5_1,PMERQ_6_1,PMERQ_7_1,PMERQ_8_1,PMERQ_9_1,PMERQ_10_1,PMERQ_11_1,PMERQ_12_1,PMERQ_13_1,PMERQ_14_1,PMERQ_15_1,PMERQ_16_1,PMERQ_17_1,PMERQ_18_1,PMERQ_19_1,PMERQ_20_1,PMERQ_21_1,PMERQ_22_1,PMERQ_23_1,PMERQ_24_1,PMERQ_25_1,PMERQ_26_1,PMERQ_27_1,PMERQ_28_1,PMERQ_29_1,PMERQ_30_1,PMERQ_31_1,PMERQ_32_1,PMERQ_33_1,PMERQ_34_1,PMERQ_35_1,PMERQ_36_1,PMERQ_37_1,PMERQ_38_1,PMERQ_39_1,PMERQ_40_1,PMERQ_41_1,PMERQ_42_1,PMERQ_43_1,PMERQ_44_1,PMERQ_45_1,SCAARED1_1,SCAARED2_1,SCAARED3_1,SCAARED4_1,SCAARED5_1,SCAARED6_1,SCAARED7_1,SCAARED8_1,SCAARED9_1,SCAARED10_1,SCAARED11_1,SCAARED12_1,SCAARED13_1,SCAARED14_1,SCAARED15_1,SCAARED16_1,SCAARED17_1,SCAARED18_1,SCAARED19_1,SCAARED20_1,SCAARED21_1,SCAARED22_1,SCAARED23_1,SCAARED24_1,SCAARED25_1,SCAARED26_1,SCAARED27_1,SCAARED28_1,SCAARED29_1,SCAARED30_1,SCAARED31_1,SCAARED32_1,SCAARED33_1,SCAARED34_1,SCAARED35_1,SCAARED36_1,SCAARED37_1,SCAARED38_1,SCAARED39_1,SCAARED40_1,SCAARED41_1,SCAARED42_1,SCAARED43_1,SCAARED44_1,POS_child1_1,POS_child2_1,POS_child3_1,POS_child4_1,POS_child5_1,POS_child6_1,POS_child7_1,POS_child8_1,POS_child9_1,POS_child10_1,POS_child11_1,POS_child12_1,POS_child66,POS_child13_1,POS_child14_1,POS_child15_1,POS_child16_1,POS_child17_1,POS_child18_1,POS_child19_1,POS_child20_1,POS_child21_1,POS_child22_1,POS_child23_1,POS_child1_RM,POS_child2_RM,POS_child24_1,POS_child25_1,POS_child26_1,POS_child27_1,POS_child28_1,POS_child29_1,POS_child30_1,POS_child31_1,POS_adol1_1,POS_adol2_1,POS_adol3_1,POS_adol4_1,POS_adol5_1,POS_adol6_1,POS_adol7_1,POS_adol8_1,POS_adol9_1,POS_adol10_1,POS_adol11_1,POS_adol12_1,POS_adol13_1,POS_adol66,POS_adol14_1,POS_adol15_1,POS_adol16_1,POS_adol17_1,POS_adol18_1,POS_adol19_1,POS_adol20_1,POS_adol21_1,POS_adol1_RM,POS_adol2_RM,POS_adol22_1,POS_adol23_1,POS_adol24_1,POS_adol25_1,POS_adol26_1,POS_adol27_1,sex,gender,gender_11_TEXT,age,race_ethnicity,education,self-reportattention,PROLIFIC_PID,PublicID,SURVEY_CODE,Create New Field or Choose From Dropdown...,id,Participant.Public.ID,P
Start Date,End Date,Response Type,IP Address,Progress,Duration (in seconds),Finished,Recorded Date,Response ID,Recipient Last Name,Recipient First Name,Recipient Email,External Data Reference,Location Latitude,Location Longitude,Distribution Channel,User Language,I am able to adapt when changes occur. - Not true at all:True nearly all the time,I can deal with whatever comes my way. - Not true at all:True nearly all the time,"I try to see the humorous side of things when I am
faced with problems. - Not true at all:True nearly all the time",Having to cope with stress can make me stronger. - Not true at all:True nearly all the time,"I tend to bounce back after illness, injury, or other
hardships. - Not true at all:True nearly all the time","I believe I can achieve my goals, even if there are
obstacles. - Not true at all:True nearly all the time","Under pressure, I stay focused and think clearly. - Not true at all:True nearly all the time",I am not easily discouraged by failure. - Not true at all:True nearly all the time,"I think of myself as a strong person when dealing
with life’s challenges and difficulties. - Not true at all:True nearly all the time","I am able to handle unpleasant or painful feelings like
sadness, fear, and anger. - Not true at all:True nearly all the time",I feel pleasant. - Almost never:Almost always,I feel nervous and restless. - Almost never:Almost always,I feel satisfied with myself. - Almost never:Almost always,I wish I could be as happy as others seem to be. - Almost never:Almost always,I feel like a failure. - Almost never:Almost always,I feel rested. - Almost never:Almost always,"I am ""calm, cool, and collected"". - Almost never:Almost always",I feel that difficulties are piling up so that I cannot overcome them. - Almost never:Almost always,I worry too much over something that really doesn't matter. - Almost never:Almost always,I am happy. - Almost never:Almost always,I have disturbing thoughts. - Almost never:Almost always,I lack self-confidence. - Almost never:Almost always,I feel secure. - Almost never:Almost always,I make decisions easily. - Almost never:Almost always,I feel inadequate. - Almost never:Almost always,I am content. - Almost never:Almost always,Some unimportant thought runs through my mind and bothers me. - Almost never:Almost always,I take disappointments so keenly that I can't put them out of my mind. - Almost never:Almost always,I am a steady person. - Almost never:Almost always,I get in a state of tension or turmoil as I think over my recent concerns and interests. - Almost never:Almost always,I am clear about my feelings. - Almost always:Almost never,I pay attention to how I feel. - Almost always:Almost never,I experience my emotions as overwhelming and out of control. - Almost always:Almost never,I have no idea how I am feeling. - Almost always:Almost never,I have difficulty making sense out of my feelings. - Almost always:Almost never,I am attentive to my feelings - Almost always:Almost never,I know exactly how I am feeling. - Almost always:Almost never,I care about what I am feeling. - Almost always:Almost never,I am confused about how I feel. - Almost always:Almost never,"When I’m upset, I acknowledge my emotions. - Almost always:Almost never","When I’m upset, I become angry with myself for feeling that way - Almost always:Almost never","When I’m upset, I become embarrassed for feeling that way - Almost always:Almost never","When I’m upset, I have difficulty getting work done - Almost always:Almost never","When I’m upset, I become out of control. - Almost always:Almost never","When I’m upset, I believe that I will remain that way for a long time. - Almost always:Almost never","When I’m upset, I believe that I’ll end up feeling very depressed. - Almost always:Almost never","When I’m upset, I believe that my feelings are valid and important. - Almost always:Almost never","When I’m upset, I have difficulty focusing on other things. - Almost always:Almost never","When I’m upset, I feel out of control - Almost always:Almost never","When I’m upset, I can still get things done. - Almost always:Almost never","When I’m upset, I feel ashamed with myself for feeling that way - Almost always:Almost never","When I’m upset, I know that I can find a way to eventually feel better. - Almost always:Almost never","When I’m upset, I feel like I am weak. - Almost always:Almost never","When I’m upset, I feel like I can remain in control of my behaviors. - Almost always:Almost never","When I’m upset, I feel guilty for feeling that way - Almost always:Almost never","When I’m upset, I have difficulty concentrating - Almost always:Almost never","When I’m upset, I have difficulty controlling my behaviors. - Almost always:Almost never","When I’m upset, I believe that there is nothing I can do to make myself feel better - Almost always:Almost never","When I’m upset, I become irritated with myself for feeling that way. - Almost always:Almost never","When I’m upset, I start to feel very bad about myself - Almost always:Almost never","When I’m upset, I believe that wallowing in it is all I can do - Almost always:Almost never","When I’m upset, I lose control over my behaviors. - Almost always:Almost never","When I’m upset, I have difficulty thinking about anything else - Almost always:Almost never","When I’m upset, I take time to figure out what I’m really feeling. - Almost always:Almost never","When I’m upset, it takes me a long time to feel better. - Almost always:Almost never","When I’m upset, my emotions feel overwhelming. - Almost always:Almost never",I feel calm - Not at all:Very much so,I feel secure - Not at all:Very much so,I am tense. - Not at all:Very much so,I feel strained - Not at all:Very much so,I feel at ease. - Not at all:Very much so,I feel upset - Not at all:Very much so,I am presently worrying over possible misfortunes. - Not at all:Very much so,I feel satisfied. - Not at all:Very much so,I feel frightened - Not at all:Very much so,I feel comfortable - Not at all:Very much so,I feel self-confident. - Not at all:Very much so,I feel nervous - Not at all:Very much so,I am jittery - Not at all:Very much so,I feel indecisive - Not at all:Very much so,I am relaxed - Not at all:Very much so,I feel content - Not at all:Very much so,I am worried - Not at all:Very much so,I feel confused - Not at all:Very much so,I feel steady - Not at all:Very much so,I feel pleasant - Not at all:Very much so,Sadness,Pessimism,Past failure,Loss of pleasure,Guilty feelings,Punishment feelings,Self-dislike,Self-criticalness,Crying,Agitation,Loss of interest,Indecisiveness,Worthlessness,Loss of energy,Changes in sleeping pattern,Irritability,Changes in appetite,Concentration difficulty,Tiredness or fatigue,Loss of interest in sex,"To calm down, I do not show others how I feel. - Strongly disagree:Strongly agree","I concentrate on the least negative aspects of an upsetting situation, to feel less upset. - Strongly disagree:Strongly agree","To feel less anxious during a conflict, I move the conversation to another topic. - Strongly disagree:Strongly agree","To feel less anxious, I avoid stressful situations. - Strongly disagree:Strongly agree","I avoid situations others tell me will be unpleasant, to feel less bad. - Strongly disagree:Strongly agree","I work to negotiate a resolution to conflicts I have with others, to decrease how bad I

feel. - Strongly disagree:Strongly agree","To feel less upset when things do not go as planned, I think about what may be the

benefits. - Strongly disagree:Strongly agree",I express how I feel to my friends as a way to feel less bad. - Strongly disagree:Strongly agree,"When I have something unpleasant to discuss with someone, I confront them to feel

less bad. - Strongly disagree:Strongly agree","During conflicts I change the topic towards something less upsetting, to feel less bad. - Strongly disagree:Strongly agree",I confront upsetting situations head-on to feel less upset. - Strongly disagree:Strongly agree,"To feel less bad, I avoid people if I expect an interaction with them to be unpleasant. - Strongly disagree:Strongly agree","To feel less anxious in stressful situations, I divert my attention away from the situation. - Strongly disagree:Strongly agree","I steer contentious conversations towards a different topic, to reduce how upset they

make me feel. - Strongly disagree:Strongly agree","To feel less anxious, I tackle stressful situations head-on. - Strongly disagree:Strongly agree",I suppress my emotion expressions during stressful conversations to feel less anxious. - Strongly disagree:Strongly agree,"To reduce how upset conflicts make me, I actively find compromises. - Strongly disagree:Strongly agree","I avoid stressful situations, to prevent feeling anxious. - Strongly disagree:Strongly agree","During a conflict, to calm myself down I work towards finding a compromise. - Strongly disagree:Strongly agree","To reduce how upset I feel when something upsetting happens, I think of this as a

chance to grow. - Strongly disagree:Strongly agree","To feel less nervous during a stressful situation, I think about the good things that could

come from the situation. - Strongly disagree:Strongly agree","To reduce how bad I feel during unpleasant conversations, I focus on anything the

person says that is not unpleasant. - Strongly disagree:Strongly agree","I focus on the least negative components of a stressful situation, to feel less anxious. - Strongly disagree:Strongly agree","To feel less upset when things do not work out as planned, I think of it as a chance to

learn. - Strongly disagree:Strongly agree","When something does not go as planned, I re-evaluate its importance to reduce how

bad I feel. - Strongly disagree:Strongly agree","During conflicts, I calm down by negotiating a resolution to the conflict. - Strongly disagree:Strongly agree",I distract myself during unpleasant situations to feel less bad. - Strongly disagree:Strongly agree,"To reduce how upset a situation makes me feel, I tackle it head-on. - Strongly disagree:Strongly agree","To feel less upset during upsetting situations, I divert my attention away from what is

happening. - Strongly disagree:Strongly agree","To feel less stressed, I ask others for help. - Strongly disagree:Strongly agree","To reduce how anxious I feel during stressful conversations, I focus on things the

person says that are not negative. - Strongly disagree:Strongly agree","I talk with others about what makes me nervous, to feel less anxious. - Strongly disagree:Strongly agree","To reduce how bad I feel during unpleasant situations, I do something to distract

myself. - Strongly disagree:Strongly agree","I do not tell others when I am upset, as a way to reduce how upset I feel. - Strongly disagree:Strongly agree","During stressful conversations, I distract myself to feel less anxious. - Strongly disagree:Strongly agree","To reduce how bad conflicts make me feel, I work to solve the disagreement. - Strongly disagree:Strongly agree","To feel less upset during a heated conversation, I change the subject. - Strongly disagree:Strongly agree","If something does not work out as I wanted, to feel less bad I decide that perhaps it was

not so important. - Strongly disagree:Strongly agree","I work to find a solution to conflicts, to decrease how anxious they make me feel. - Strongly disagree:Strongly agree","When something does not work out, to calm down I try to see it as a blessing in

disguise. - Strongly disagree:Strongly agree","When going for something I want gets me in a stressful situation, to feel less anxious I

question the importance of what I want. - Strongly disagree:Strongly agree","To reduce how upset a situation makes me feel, I avoid the situation. - Strongly disagree:Strongly agree","I steer combative conversations to neutral topics, to reduce how bad they make me feel. - Strongly disagree:Strongly agree",I avoid upsetting conversations to feel less upset. - Strongly disagree:Strongly agree,"When something upsetting happens, to feel less upset, I think about the possible

benefits of the situation. - Strongly disagree:Strongly agree","When I feel nervous, it is hard for me to breathe. - 0\: Not True or Hardly Ever True:2\: Very True or Often True","I get headaches when I am at school, at work or in public places. - 0\: Not True or Hardly Ever True:2\: Very True or Often True",I don’t like to be with people I don’t know well. - 0\: Not True or Hardly Ever True:2\: Very True or Often True,I get nervous if I sleep away from home. - 0\: Not True or Hardly Ever True:2\: Very True or Often True,I worry about people liking me. - 0\: Not True or Hardly Ever True:2\: Very True or Often True,"When I get anxious, I feel like passing out. - 0\: Not True or Hardly Ever True:2\: Very True or Often True",I am nervous. - 0\: Not True or Hardly Ever True:2\: Very True or Often True,It is hard for me to stop worrying. - 0\: Not True or Hardly Ever True:2\: Very True or Often True,People tell me that I look nervous. - 0\: Not True or Hardly Ever True:2\: Very True or Often True,I feel nervous with people I don’t know well. - 0\: Not True or Hardly Ever True:2\: Very True or Often True,"I get stomachaches at school, at work, or in public places. - 0\: Not True or Hardly Ever True:2\: Very True or Often True","When I get anxious, I feel like I'm going crazy. - 0\: Not True or Hardly Ever True:2\: Very True or Often True",I worry about sleeping alone. - 0\: Not True or Hardly Ever True:2\: Very True or Often True,I worry about being as good as other people. - 0\: Not True or Hardly Ever True:2\: Very True or Often True,"When I get anxious, I feel like things are not real. - 0\: Not True or Hardly Ever True:2\: Very True or Often True",I have nightmares about something bad happening to my family. - 0\: Not True or Hardly Ever True:2\: Very True or Often True,"I worry about going to work or school, or to public places. - 0\: Not True or Hardly Ever True:2\: Very True or Often True","When I get anxious, my heart beats fast. - 0\: Not True or Hardly Ever True:2\: Very True or Often True",I get shaky. - 0\: Not True or Hardly Ever True:2\: Very True or Often True,I have nightmares about something bad happening to me. - 0\: Not True or Hardly Ever True:2\: Very True or Often True,I worry about things working out for me. - 0\: Not True or Hardly Ever True:2\: Very True or Often True,"When I get anxious, I sweat a lot. - 0\: Not True or Hardly Ever True:2\: Very True or Often True",I am a worrier. - 0\: Not True or Hardly Ever True:2\: Very True or Often True,"When I worry a lot, I have trouble sleeping. - 0\: Not True or Hardly Ever True:2\: Very True or Often True",I get really frightened for no reason at all. - 0\: Not True or Hardly Ever True:2\: Very True or Often True,I am afraid to be alone in the house. - 0\: Not True or Hardly Ever True:2\: Very True or Often True,It is hard for me to talk with people I don't know well. - 0\: Not True or Hardly Ever True:2\: Very True or Often True,"When I get anxious, I feel like I'm choking. - 0\: Not True or Hardly Ever True:2\: Very True or Often True",People tell me that I worry too much. - 0\: Not True or Hardly Ever True:2\: Very True or Often True,I don't like to be away from my family. - 0\: Not True or Hardly Ever True:2\: Very True or Often True,"When I worry a lot, I feel restless. - 0\: Not True or Hardly Ever True:2\: Very True or Often True",I am afraid of having anxiety (or panic) attacks. - 0\: Not True or Hardly Ever True:2\: Very True or Often True,I worry that something bad might happen to my family. - 0\: Not True or Hardly Ever True:2\: Very True or Often True,I feel shy with people I don't know well. - 0\: Not True or Hardly Ever True:2\: Very True or Often True,I worry about what is going to happen in the future. - 0\: Not True or Hardly Ever True:2\: Very True or Often True,"When I get anxious, I feel like throwing up. - 0\: Not True or Hardly Ever True:2\: Very True or Often True",I worry about how well I do things. - 0\: Not True or Hardly Ever True:2\: Very True or Often True,I am afraid to go outside or to crowded places by myself. - 0\: Not True or Hardly Ever True:2\: Very True or Often True,I worry about things that have already happened. - 0\: Not True or Hardly Ever True:2\: Very True or Often True,"When I get anxious, I feel dizzy. - 0\: Not True or Hardly Ever True:2\: Very True or Often True","I feel nervous when I am with other people and I have to do something
while they watch me (for example: speak, play a sport.) - 0\: Not True or Hardly Ever True:2\: Very True or Often True","I feel nervous when I go to parties, dances, or any place where there will be
people that I don't know well. - 0\: Not True or Hardly Ever True:2\: Very True or Often True",I am shy. - 0\: Not True or Hardly Ever True:2\: Very True or Often True,"When I worry a lot, I feel irritable. - 0\: Not True or Hardly Ever True:2\: Very True or Often True",My caregiver(s) believed in me. - Not at all true:Very true,I turned to my caregiver(s) for help when I needed it. - Not at all true:Very true,I felt comfortable being myself around my caregiver(s). - Not at all true:Very true,I felt safe sharing my feelings and problems with my caregiver(s). - Not at all true:Very true,My caregiver(s) encouraged me to read and/or instilled an enjoyment of reading in me. - Not at all true:Very true,My caregiver(s) engaged with me about what I was learning in school. - Not at all true:Very true,"My caregiver(s) encouraged me to develop or sustain hobbies (e.g., music, art, sports). - Not at all true:Very true",My caregiver(s) encouraged/supported me to take part in outdoor recreational activities. - Not at all true:Very true,"I would do fun activities (e.g., go to a park, museum, movie, live theater, music performance, etc.) with my caregiver(s). - Not at all true:Very true",My caregiver(s) got me to/picked me up from my appointments/hobbies on time. - Not at all true:Very true,I typically knew which caregiver(s) would care for me at any time. - Not at all true:Very true,I followed a consistent routine at home every school day. - Not at all true:Very true,Did you have (a) close friend(s) during this time?,My close friend(s) treated me the same way when we were together as when we were with other children. - Not at all true:Very true,I felt safe with my close friend(s). - Not at all true:Very true,I felt a sense of belonging with my close friend(s). - Not at all true:Very true,My close friend(s) treated me fairly. - Not at all true:Very true,I felt comfortable being myself around my close friend(s). - Not at all true:Very true,I could tell my close friend(s) my secrets. - Not at all true:Very true,My close friend(s) supported me emotionally. - Not at all true:Very true,I could tell my close friend(s) anything on my mind. - Not at all true:Very true,I felt safe sharing my feelings and problems with my close friend(s). - Not at all true:Very true,I turned to my close friend(s) for help when I needed it - Not at all true:Very true,My close friend(s) knew a lot about me. - Not at all true:Very true,Did you have a positive adult role model during this time?,"Who was this positive adult role model during this time (e.g., grandparent, aunt, uncle, neighbor, community or spiritual leader, family friend, teacher, coach, etc.)?",I felt safe with this positive role model. - Not at all true:Very true,This positive role model's day-to-day mood when interacting with me was consistent. - Not at all true:Very true,This positive role model believed in me. - Not at all true:Very true,I could trust this positive role model. - Not at all true:Very true,I was encouraged to talk to this positive role model about anything on my mind. - Not at all true:Very true,This positive role model supported me in expressing my emotions. - Not at all true:Very true,I felt safe sharing my feelings and problems with this positive role model. - Not at all true:Very true,This positive role model knew a lot about me. - Not at all true:Very true,My caregiver(s) encouraged me to be myself. - Not at all true:Very true,My caregiver(s) supported me in expressing my emotions. - Not at all true:Very true,I felt comfortable being myself around my caregiver(s). - Not at all true:Very true,I felt safe sharing my feelings and problems with my caregiver(s). - Not at all true:Very true,I turned to my caregiver(s) for help when I needed it. - Not at all true:Very true,"My caregiver(s) encouraged me to develop or sustain hobbies (e.g., music, art, sports). - Not at all true:Very true","My caregiver(s) encouraged me to develop or sustain hobbies (e.g., music, art, sports). - Not at all true:Very true","I would do fun activities (e.g., go to a park, museum, movie, live theater, music performance, etc.) with my caregiver(s). - Not at all true:Very true",My caregiver(s) got me to/picked me up from my appointments/hobbies on time. - Not at all true:Very true,I typically knew when in the day/week/month I was going to see my caregiver(s). - Not at all true:Very true,. I typically knew how to reach my caregiver(s) when they weren’t in the home - Not at all true:Very true,I typically knew which caregiver(s) would care for me at any time. - Not at all true:Very true,My caregiver(s) were consistently in good enough health to care for me. - Not at all true:Very true,Did you have (a) close friend(s) during this time?,My close friend(s) treated me the same way when we were together as when we were with other children/adolescents. - Not at all true:Very true,I trusted my close friend(s). - Not at all true:Very true,I felt comfortable being myself around my close friend(s). - Not at all true:Very true,My close friend(s) treated me fairly. - Not at all true:Very true,I turned to my close friend(s) for help when I needed it. - Not at all true:Very true,I could tell my close friend(s) my secrets. - Not at all true:Very true,I could tell my close friend(s) anything on my mind. - Not at all true:Very true,I felt safe sharing my feelings and problems with my close friend(s). - Not at all true:Very true,Did you have a positive adult role model during this time?,"Who was this positive adult role model during this time (e.g., grandparent, aunt, uncle, neighbor, community or spiritual leader, family friend, teacher, coach, etc.)?",I felt safe with this positive role model. - Not at all true:Very true,I could trust this positive role model. - Not at all true:Very true,This positive role model believed in me. - Not at all true:Very true,I was encouraged to talk to this positive role model about anything on my mind. - Not at all true:Very true,This positive role model supported me in expressing my emotions - Not at all true:Very true,I felt safe sharing my feelings and problems with this positive role model - Not at all true:Very true,"What sex were you assigned at birth, on your original birth certificate?",What is your gender identity? (Check all that apply) - Selected Choice,What is your gender identity? (Check all that apply) - Other gender identity: - Text,Your age:,Please select the category that best describes your race/ethnicity (select only one response):,What is the highest level of school that you completed?,"For the purposes of our research, we need to know if participants answered randomly at any time (for example, just clicked different answers without thinking about them or without reading the question). Please indicate below whether you answered any questions randomly or without any thought. Note that this will NOT affect your compensation--you will be compensated for completing the study regardless of your answer to this question. Thank you for your honesty and for completing this study.",PROLIFIC_PID,PublicID,SURVEY_CODE,Create New Field or Choose From Dropdown...,id,Participant.Public.ID,P
"{""ImportId"":""startDate"",""timeZone"":""America/New_York""}","{""ImportId"":""endDate"",""timeZone"":""America/New_York""}","{""ImportId"":""status""}","{""ImportId"":""ipAddress""}","{""ImportId"":""progress""}","{""ImportId"":""duration""}","{""ImportId"":""finished""}","{""ImportId"":""recordedDate"",""timeZone"":""America/New_York""}","{""ImportId"":""_recordId""}","{""ImportId"":""recipientLastName""}","{""ImportId"":""recipientFirstName""}","{""ImportId"":""recipientEmail""}","{""ImportId"":""externalDataReference""}","{""ImportId"":""locationLatitude""}","{""ImportId"":""locationLongitude""}","{""ImportId"":""distributionChannel""}","{""ImportId"":""userLanguage""}","{""ImportId"":""QID51_1""}","{""ImportId"":""QID52_1""}","{""ImportId"":""QID53_1""}","{""ImportId"":""QID54_1""}","{""ImportId"":""QID55_1""}","{""ImportId"":""QID56_1""}","{""ImportId"":""QID57_1""}","{""ImportId"":""QID58_1""}","{""ImportId"":""QID59_1""}","{""ImportId"":""QID60_1""}","{""ImportId"":""QID30_1""}","{""ImportId"":""QID31_1""}","{""ImportId"":""QID32_1""}","{""ImportId"":""QID33_1""}","{""ImportId"":""QID34_1""}","{""ImportId"":""QID35_1""}","{""ImportId"":""QID36_1""}","{""ImportId"":""QID37_1""}","{""ImportId"":""QID38_1""}","{""ImportId"":""QID39_1""}","{""ImportId"":""QID40_1""}","{""ImportId"":""QID41_1""}","{""ImportId"":""QID42_1""}","{""ImportId"":""QID43_1""}","{""ImportId"":""QID44_1""}","{""ImportId"":""QID45_1""}","{""ImportId"":""QID46_1""}","{""ImportId"":""QID47_1""}","{""ImportId"":""QID48_1""}","{""ImportId"":""QID49_1""}","{""ImportId"":""QID129_1""}","{""ImportId"":""QID130_1""}","{""ImportId"":""QID131_1""}","{""ImportId"":""QID132_1""}","{""ImportId"":""QID133_1""}","{""ImportId"":""QID134_1""}","{""ImportId"":""QID135_1""}","{""ImportId"":""QID136_1""}","{""ImportId"":""QID137_1""}","{""ImportId"":""QID138_1""}","{""ImportId"":""QID139_1""}","{""ImportId"":""QID140_1""}","{""ImportId"":""QID141_1""}","{""ImportId"":""QID162_1""}","{""ImportId"":""QID142_1""}","{""ImportId"":""QID143_1""}","{""ImportId"":""QID144_1""}","{""ImportId"":""QID145_1""}","{""ImportId"":""QID163_1""}","{""ImportId"":""QID146_1""}","{""ImportId"":""QID147_1""}","{""ImportId"":""QID149_1""}","{""ImportId"":""QID148_1""}","{""ImportId"":""QID150_1""}","{""ImportId"":""QID151_1""}","{""ImportId"":""QID152_1""}","{""ImportId"":""QID153_1""}","{""ImportId"":""QID154_1""}","{""ImportId"":""QID164_1""}","{""ImportId"":""QID155_1""}","{""ImportId"":""QID156_1""}","{""ImportId"":""QID157_1""}","{""ImportId"":""QID158_1""}","{""ImportId"":""QID159_1""}","{""ImportId"":""QID160_1""}","{""ImportId"":""QID161_1""}","{""ImportId"":""QID107_1""}","{""ImportId"":""QID108_1""}","{""ImportId"":""QID109_1""}","{""ImportId"":""QID110_1""}","{""ImportId"":""QID111_1""}","{""ImportId"":""QID112_1""}","{""ImportId"":""QID113_1""}","{""ImportId"":""QID114_1""}","{""ImportId"":""QID115_1""}","{""ImportId"":""QID116_1""}","{""ImportId"":""QID117_1""}","{""ImportId"":""QID118_1""}","{""ImportId"":""QID119_1""}","{""ImportId"":""QID120_1""}","{""ImportId"":""QID121_1""}","{""ImportId"":""QID127_1""}","{""ImportId"":""QID123_1""}","{""ImportId"":""QID124_1""}","{""ImportId"":""QID125_1""}","{""ImportId"":""QID126_1""}","{""ImportId"":""QID3""}","{""ImportId"":""QID4""}","{""ImportId"":""QID5""}","{""ImportId"":""QID6""}","{""ImportId"":""QID7""}","{""ImportId"":""QID8""}","{""ImportId"":""QID9""}","{""ImportId"":""QID10""}","{""ImportId"":""QID11""}","{""ImportId"":""QID12""}","{""ImportId"":""QID13""}","{""ImportId"":""QID14""}","{""ImportId"":""QID15""}","{""ImportId"":""QID16""}","{""ImportId"":""QID17""}","{""ImportId"":""QID18""}","{""ImportId"":""QID19""}","{""ImportId"":""QID20""}","{""ImportId"":""QID21""}","{""ImportId"":""QID22""}","{""ImportId"":""QID166_1""}","{""ImportId"":""QID167_1""}","{""ImportId"":""QID168_1""}","{""ImportId"":""QID169_1""}","{""ImportId"":""QID170_1""}","{""ImportId"":""QID171_1""}","{""ImportId"":""QID172_1""}","{""ImportId"":""QID173_1""}","{""ImportId"":""QID174_1""}","{""ImportId"":""QID175_1""}","{""ImportId"":""QID176_1""}","{""ImportId"":""QID177_1""}","{""ImportId"":""QID178_1""}","{""ImportId"":""QID179_1""}","{""ImportId"":""QID180_1""}","{""ImportId"":""QID181_1""}","{""ImportId"":""QID182_1""}","{""ImportId"":""QID183_1""}","{""ImportId"":""QID184_1""}","{""ImportId"":""QID185_1""}","{""ImportId"":""QID186_1""}","{""ImportId"":""QID187_1""}","{""ImportId"":""QID188_1""}","{""ImportId"":""QID189_1""}","{""ImportId"":""QID190_1""}","{""ImportId"":""QID191_1""}","{""ImportId"":""QID192_1""}","{""ImportId"":""QID193_1""}","{""ImportId"":""QID194_1""}","{""ImportId"":""QID195_1""}","{""ImportId"":""QID196_1""}","{""ImportId"":""QID197_1""}","{""ImportId"":""QID198_1""}","{""ImportId"":""QID199_1""}","{""ImportId"":""QID200_1""}","{""ImportId"":""QID201_1""}","{""ImportId"":""QID202_1""}","{""ImportId"":""QID203_1""}","{""ImportId"":""QID204_1""}","{""ImportId"":""QID205_1""}","{""ImportId"":""QID206_1""}","{""ImportId"":""QID207_1""}","{""ImportId"":""QID208_1""}","{""ImportId"":""QID209_1""}","{""ImportId"":""QID210_1""}","{""ImportId"":""QID62_1""}","{""ImportId"":""QID63_1""}","{""ImportId"":""QID64_1""}","{""ImportId"":""QID65_1""}","{""ImportId"":""QID66_1""}","{""ImportId"":""QID67_1""}","{""ImportId"":""QID68_1""}","{""ImportId"":""QID69_1""}","{""ImportId"":""QID70_1""}","{""ImportId"":""QID71_1""}","{""ImportId"":""QID72_1""}","{""ImportId"":""QID73_1""}","{""ImportId"":""QID74_1""}","{""ImportId"":""QID75_1""}","{""ImportId"":""QID76_1""}","{""ImportId"":""QID77_1""}","{""ImportId"":""QID78_1""}","{""ImportId"":""QID79_1""}","{""ImportId"":""QID80_1""}","{""ImportId"":""QID81_1""}","{""ImportId"":""QID82_1""}","{""ImportId"":""QID83_1""}","{""ImportId"":""QID84_1""}","{""ImportId"":""QID85_1""}","{""ImportId"":""QID86_1""}","{""ImportId"":""QID87_1""}","{""ImportId"":""QID88_1""}","{""ImportId"":""QID89_1""}","{""ImportId"":""QID90_1""}","{""ImportId"":""QID91_1""}","{""ImportId"":""QID92_1""}","{""ImportId"":""QID93_1""}","{""ImportId"":""QID94_1""}","{""ImportId"":""QID95_1""}","{""ImportId"":""QID96_1""}","{""ImportId"":""QID97_1""}","{""ImportId"":""QID98_1""}","{""ImportId"":""QID99_1""}","{""ImportId"":""QID100_1""}","{""ImportId"":""QID101_1""}","{""ImportId"":""QID102_1""}","{""ImportId"":""QID103_1""}","{""ImportId"":""QID104_1""}","{""ImportId"":""QID105_1""}","{""ImportId"":""QID212_1""}","{""ImportId"":""QID213_1""}","{""ImportId"":""QID214_1""}","{""ImportId"":""QID215_1""}","{""ImportId"":""QID216_1""}","{""ImportId"":""QID217_1""}","{""ImportId"":""QID218_1""}","{""ImportId"":""QID219_1""}","{""ImportId"":""QID220_1""}","{""ImportId"":""QID221_1""}","{""ImportId"":""QID222_1""}","{""ImportId"":""QID223_1""}","{""ImportId"":""QID234""}","{""ImportId"":""QID236_1""}","{""ImportId"":""QID237_1""}","{""ImportId"":""QID238_1""}","{""ImportId"":""QID239_1""}","{""ImportId"":""QID240_1""}","{""ImportId"":""QID241_1""}","{""ImportId"":""QID242_1""}","{""ImportId"":""QID243_1""}","{""ImportId"":""QID244_1""}","{""ImportId"":""QID245_1""}","{""ImportId"":""QID246_1""}","{""ImportId"":""QID253""}","{""ImportId"":""QID255_TEXT""}","{""ImportId"":""QID256_1""}","{""ImportId"":""QID257_1""}","{""ImportId"":""QID258_1""}","{""ImportId"":""QID259_1""}","{""ImportId"":""QID260_1""}","{""ImportId"":""QID261_1""}","{""ImportId"":""QID262_1""}","{""ImportId"":""QID263_1""}","{""ImportId"":""QID266_1""}","{""ImportId"":""QID267_1""}","{""ImportId"":""QID268_1""}","{""ImportId"":""QID269_1""}","{""ImportId"":""QID270_1""}","{""ImportId"":""QID271_1""}","{""ImportId"":""QID272_1""}","{""ImportId"":""QID273_1""}","{""ImportId"":""QID274_1""}","{""ImportId"":""QID275_1""}","{""ImportId"":""QID276_1""}","{""ImportId"":""QID277_1""}","{""ImportId"":""QID278_1""}","{""ImportId"":""QID291""}","{""ImportId"":""QID306_1""}","{""ImportId"":""QID307_1""}","{""ImportId"":""QID308_1""}","{""ImportId"":""QID309_1""}","{""ImportId"":""QID310_1""}","{""ImportId"":""QID311_1""}","{""ImportId"":""QID312_1""}","{""ImportId"":""QID313_1""}","{""ImportId"":""QID294""}","{""ImportId"":""QID296_TEXT""}","{""ImportId"":""QID297_1""}","{""ImportId"":""QID298_1""}","{""ImportId"":""QID299_1""}","{""ImportId"":""QID300_1""}","{""ImportId"":""QID301_1""}","{""ImportId"":""QID302_1""}","{""ImportId"":""QID23""}","{""ImportId"":""QID24""}","{""ImportId"":""QID24_11_TEXT""}","{""ImportId"":""QID25_TEXT""}","{""ImportId"":""QID26""}","{""ImportId"":""QID27""}","{""ImportId"":""QID321""}","{""ImportId"":""PROLIFIC_PID""}","{""ImportId"":""PublicID""}","{""ImportId"":""SURVEY_CODE""}","{""ImportId"":""Create New Field or Choose From Dropdown...""}","{""ImportId"":""id""}","{""ImportId"":""Participant.Public.ID""}","{""ImportId"":""P""}"
12/19/25 11:26,12/19/25 11:49,0,113.20.52.63,100,1343,1,12/19/25 11:49,R_3ImJduJ4p0miEBm,,,,,39.0814,-77.6443,anonymous,EN,5,5,5,4,5,5,5,5,5,5,1,1,4,2,1,4,4,1,1,4,1,1,4,4,1,4,2,4,4,4,1,1,5,5,5,1,1,1,5,1,5,5,5,5,5,5,1,5,5,1,5,1,5,1,5,4,4,5,5,5,4,5,5,1,5,4,4,4,1,1,4,1,1,4,1,4,4,1,1,1,4,4,1,1,4,4,1,1,1,1,1,1,1,1,1,1,1,1,1,1,1,1,1,1,1,1,4,6,4,5,6,6,6,5,1,5,6,2,5,4,5,5,4,6,4,5,6,6,5,6,4,4,4,5,4,4,5,4,5,1,5,5,3,2,5,4,4,2,4,5,5,1,1,1,1,1,1,1,1,1,1,1,1,1,1,1,1,1,2,1,1,1,1,3,1,1,1,1,1,1,1,2,1,1,1,1,1,1,1,1,1,1,1,1,1,4,4,4,4,4,4,4,3,4,4,3,3,4,,,,,,,,,,,,1,My father,4,4,4,4,4,4,4,4,3,3,3,4,4,4,3,3,2,3,3,3,3,1,4,4,4,4,4,4,4,4,2,,,,,,,,1,1,,33,6,7,1,,,,,,,
12/19/25 12:54,12/19/25 13:10,0,131.106.83.219,100,943,1,12/19/25 13:10,R_76osxpiCjbd8JsB,,,,,40.5266,-75.4994,anonymous,EN,4,4,5,4,4,5,4,4,5,5,3,2,4,1,1,3,3,2,1,4,1,1,4,4,1,4,2,2,4,1,4,3,1,2,2,4,4,5,2,4,2,2,3,2,1,1,4,2,2,4,2,5,2,4,2,2,2,1,1,2,1,2,2,2,1,2,4,4,1,1,4,1,1,3,1,3,4,1,1,1,4,4,1,1,4,3,1,1,1,1,1,1,1,1,1,1,1,1,1,1,2,1,1,1,1,1,3,5,3,2,3,5,4,4,3,3,5,4,3,3,4,3,5,3,5,6,5,2,4,6,5,5,2,4,2,4,3,4,3,3,3,4,2,4,5,4,3,3,3,4,5,1,1,2,1,1,1,1,1,1,1,1,1,1,1,1,1,1,1,1,1,2,1,1,2,1,1,2,1,1,1,2,1,1,2,2,1,1,1,1,1,2,1,1,1,4,4,4,4,4,4,4,4,4,4,4,4,3,3,4,4,4,4,4,3,4,4,4,4,1,Coach,3,4,4,4,4,4,4,4,4,4,4,4,4,4,4,4,4,4,4,4,4,1,4,4,4,4,4,4,4,4,1,Teacher,4,4,4,4,4,4,1,1,,22,6,7,1,,,,,,,
12/19/25 12:56,12/19/25 13:12,0,68.96.110.52,100,945,1,12/19/25 13:12,R_7aCQppHzK6ETKjT,,,,,36.1091,-114.9206,anonymous,EN,2,2,1,1,1,3,3,1,1,3,2,3,1,4,4,2,1,3,4,2,4,3,2,1,4,2,4,4,2,4,1,2,2,5,5,1,1,2,4,2,1,2,1,4,1,3,3,1,5,5,2,4,1,3,1,1,5,1,1,1,3,5,1,3,1,2,2,2,3,3,1,1,4,2,1,2,2,3,1,3,1,1,3,2,1,1,2,2,4,2,2,2,3,4,1,2,2,4,3,2,3,2,2,2,2,2,6,1,6,6,6,4,1,1,4,6,3,3,6,5,5,6,3,6,3,1,1,6,1,1,3,3,5,6,6,3,3,1,6,6,6,3,6,4,3,1,2,6,6,6,1,1,3,3,3,3,1,3,3,2,3,2,1,2,3,1,3,3,3,1,3,3,1,3,3,2,2,3,1,3,3,3,2,3,3,3,1,3,2,3,1,2,3,2,3,2,1,1,1,2,2,2,2,1,4,1,2,3,1,3,3,2,3,3,3,3,3,2,3,1,grandparent,4,4,4,4,4,4,4,4,1,1,1,1,1,1,1,1,4,2,3,2,4,2,,,,,,,,,2,,,,,,,,2,5,,30,6,7,1,,,,,,,
12/19/25 12:56,12/19/25 13:12,0,209.245.11.78,100,954,1,12/19/25 13:12,R_7FPWyMKU2j1pXXC,,,,,38.9301,-104.8441,anonymous,EN,5,5,5,3,4,3,5,3,4,5,3,1,3,3,2,2,4,1,1,2,2,3,3,4,2,3,2,2,4,1,1,3,5,5,5,3,1,5,5,3,5,4,3,5,5,5,3,3,5,2,5,2,5,1,5,3,5,5,5,5,4,5,3,5,3,5,4,4,1,1,4,1,1,3,1,3,3,1,1,1,4,3,1,1,3,3,2,1,1,3,1,1,2,2,2,1,3,2,1,3,5,2,1,2,3,4,6,5,6,5,4,4,4,1,2,5,4,5,3,5,4,6,3,4,1,3,4,4,5,3,4,3,4,4,2,1,3,1,4,6,4,4,5,2,5,2,2,4,6,4,2,1,2,2,1,2,1,1,1,1,2,1,1,1,2,1,1,1,2,1,1,1,3,1,2,1,1,2,1,1,1,2,1,1,2,1,1,2,1,1,1,3,3,2,2,4,2,3,1,4,4,3,4,2,4,3,4,4,,,,,,,,,,,,2,,,,,,,,,,2,3,2,1,1,2,2,1,3,4,1,3,4,1,4,4,4,4,2,3,3,3,2,,,,,,,,1,"6,7,8",,48,6,8,1,,,,,,,
12/19/25 12:59,12/19/25 13:12,0,99.101.183.47,100,814,1,12/19/25 13:12,R_1zf3OwwccxuVWVC,,,,,41.8003,-87.9587,anonymous,EN,2,1,1,3,1,3,2,1,1,1,2,3,1,4,3,4,4,3,4,2,3,4,1,2,3,1,2,4,1,3,5,1,3,3,3,3,3,4,3,3,3,3,1,2,2,2,2,2,2,3,3,3,3,3,2,2,3,3,3,3,3,3,3,3,3,3,4,3,2,1,4,1,3,2,3,3,2,2,1,1,2,1,3,1,4,2,2,3,3,2,2,1,3,3,1,1,2,2,2,1,2,1,1,1,1,1,6,6,5,4,3,5,5,3,5,3,1,4,3,3,4,4,5,2,3,4,5,5,2,2,2,3,4,4,3,2,2,3,3,3,4,2,2,5,3,3,4,3,4,3,4,2,1,3,3,2,2,2,2,1,3,1,2,1,1,1,1,2,2,1,1,2,1,3,2,1,1,3,1,1,3,1,1,1,2,2,1,2,1,2,1,1,2,2,1,4,4,4,4,4,4,4,4,4,4,4,4,3,4,4,4,4,4,4,4,4,4,4,4,2,,,,,,,,,,4,4,4,4,4,4,4,4,4,4,4,4,4,2,,,,,,,,,2,,,,,,,,1,1,,28,6,6,1,,,,,,,
12/19/25 13:02,12/19/25 13:12,0,73.198.213.5,100,629,1,12/19/25 13:12,R_1QH5lt8FrSyfI90,,,,,40.6129,-74.416,anonymous,EN,4,4,4,4,5,4,3,3,4,4,2,3,2,3,3,2,2,3,3,2,3,4,2,2,3,2,4,3,2,3,3,4,4,3,4,4,3,5,4,3,4,4,5,3,4,4,3,4,3,3,4,3,4,3,4,5,3,3,4,4,4,3,4,4,4,4,2,2,3,3,2,3,4,2,3,2,2,3,4,4,2,2,4,2,2,2,2,3,3,4,2,2,3,3,2,3,4,4,3,3,7,3,6,4,3,3,3,3,4,4,5,3,3,4,5,5,3,5,5,5,3,5,3,5,5,3,2,3,3,3,3,3,4,2,5,5,2,4,4,2,4,3,4,3,3,3,3,5,3,5,3,1,3,3,3,3,2,3,3,2,3,2,2,2,3,2,2,3,3,3,3,3,3,3,3,2,1,3,1,3,3,3,2,2,3,3,2,3,2,3,2,3,3,2,3,3,3,3,4,2,2,3,3,3,4,4,4,3,3,3,3,3,2,2,3,2,1,3,3,2,,,,,,,,,,2,2,3,2,3,3,3,3,4,4,4,4,4,1,3,3,3,3,4,3,3,3,1,my teacher,4,4,4,4,4,4,1,1,,32,6,7,1,,,,,,,
12/19/25 12:58,12/19/25 13:13,0,67.234.177.222,100,869,1,12/19/25 13:13,R_6QCjZx6xOtORXAl,,,,,38.5423,-92.1529,anonymous,EN,5,5,3,4,4,4,3,3,3,4,3,2,4,1,1,3,4,1,1,4,1,2,3,3,1,4,2,1,4,1,2,2,5,4,5,2,2,2,4,3,5,5,4,5,5,5,4,5,5,3,5,2,5,2,5,5,5,4,5,5,5,5,5,4,4,5,4,3,2,1,4,1,1,4,2,4,3,1,1,1,4,4,2,1,4,4,1,2,1,1,1,1,1,1,1,1,1,1,1,1,1,1,1,1,1,1,4,3,4,4,4,4,5,4,3,4,3,3,3,3,2,3,3,4,3,3,4,4,4,4,3,3,4,2,4,3,4,3,4,5,4,3,4,3,3,4,3,5,3,5,3,1,2,2,1,1,1,2,2,1,2,1,1,1,1,1,1,1,3,3,1,2,1,2,1,1,1,2,1,1,3,1,1,1,3,2,1,1,1,1,1,2,3,2,1,4,3,4,4,4,4,4,3,3,4,4,4,3,4,4,4,4,4,4,4,4,4,4,4,1,grandparents,4,4,4,4,3,3,4,4,4,3,4,4,4,4,4,4,4,4,4,4,4,1,4,4,4,4,4,4,4,4,1,grandparents,4,4,4,3,3,4,1,1,,46,6,4,1,,,,,,,
12/19/25 12:57,12/19/25 13:14,0,68.36.11.80,100,1011,1,12/19/25 13:14,R_6VQ1eczUEWAG7of,,,,,42.6584,-83.2364,anonymous,EN,3,4,5,3,5,4,3,5,5,5,4,1,4,2,1,3,4,1,3,4,1,3,3,2,1,3,3,4,4,1,3,3,3,4,4,3,2,4,4,3,2,2,1,1,1,1,3,2,2,4,1,4,1,3,1,3,2,1,1,1,1,1,2,3,1,4,4,4,2,1,4,1,1,4,1,3,2,1,4,3,3,3,1,1,3,3,1,1,1,2,1,1,1,1,4,2,2,1,1,1,3,2,1,2,1,2,4,6,4,3,2,4,6,4,5,3,5,1,1,3,5,1,4,2,4,5,6,5,6,5,3,6,5,5,1,3,4,2,3,5,3,6,3,3,6,5,2,1,3,1,5,1,1,2,3,2,1,1,1,1,1,1,1,1,1,1,1,1,3,2,1,1,1,2,2,2,2,2,1,1,1,2,1,1,2,1,1,2,1,3,1,2,1,2,1,3,4,4,2,2,1,2,2,3,4,3,4,3,4,4,4,4,4,4,4,4,4,4,4,2,,,,,,,,,,2,1,2,1,1,2,2,1,2,4,3,3,4,1,3,3,4,4,3,3,3,3,2,,,,,,,,1,1,,35,6,6,1,,,,,,,
12/19/25 13:02,12/19/25 13:14,0,73.33.30.61,100,725,1,12/19/25 13:14,R_7uqXTJP2XlWe33h,,,,,40.1192,-74.7838,anonymous,EN,5,5,5,5,5,5,5,4,5,5,3,2,3,1,1,3,3,1,2,3,1,2,4,3,2,3,3,1,3,1,1,1,5,5,5,1,1,1,4,1,5,5,4,5,5,5,1,4,5,1,5,1,5,1,5,4,5,5,5,5,5,5,5,1,5,4,4,4,2,2,4,1,1,4,1,4,3,1,1,1,4,4,1,1,4,4,1,1,1,1,1,1,1,1,1,1,1,1,1,1,1,1,1,1,1,1,1,3,5,3,2,2,5,6,5,2,5,4,2,3,5,2,3,3,3,5,5,4,2,5,4,3,3,5,3,5,4,5,3,2,3,3,3,4,3,4,2,2,3,2,5,2,2,2,1,2,1,1,1,1,2,2,1,1,2,1,2,1,2,1,2,2,1,1,1,1,1,2,1,1,2,1,1,2,2,2,2,2,1,2,1,2,2,2,1,2,2,1,1,1,1,1,1,3,3,2,1,3,3,3,3,3,3,3,3,3,3,3,2,1,grandmother,4,3,3,2,2,2,3,3,1,1,1,1,1,3,2,3,3,2,3,2,2,1,3,3,3,2,3,3,3,3,2,,,,,,,,2,5,,46,6,7,1,,,,,,,
12/19/25 13:00,12/19/25 13:15,0,172.3.7.6,100,898,1,12/19/25 13:15,R_7Tu8YhcxdfVjXHq,,,,,33.8206,-118.034,anonymous,EN,5,5,1,5,5,5,5,5,5,5,4,1,4,1,1,4,4,1,1,4,1,1,4,4,1,4,1,1,4,1,1,1,5,5,5,1,1,1,5,1,5,5,5,5,5,5,1,5,5,1,5,1,5,1,5,5,5,5,5,5,5,5,5,5,5,5,4,4,1,1,4,1,1,4,1,4,4,1,1,1,4,4,1,1,4,4,1,1,1,1,1,1,1,1,1,1,1,1,1,1,1,1,1,1,1,1,6,1,1,1,1,6,1,1,6,1,6,1,1,1,6,6,6,1,6,1,1,1,1,1,1,6,1,6,1,1,1,1,1,6,1,6,1,1,6,1,1,1,1,1,1,1,1,1,1,1,1,1,1,1,1,1,1,1,1,1,1,1,1,1,1,1,1,1,1,1,1,1,1,1,1,1,1,1,1,1,1,1,1,1,1,1,1,1,1,4,4,4,4,4,4,4,4,4,4,4,4,3,4,4,4,4,4,4,4,4,4,4,4,1,Parents,4,4,4,4,4,4,4,4,4,4,4,4,4,4,4,4,4,4,4,4,4,1,4,4,4,4,4,4,4,4,1,Parents,4,4,4,4,4,4,1,1,,43,2,7,1,,,,,,,
12/19/25 13:00,12/19/25 13:15,0,172.56.77.174,100,899,1,12/19/25 13:15,R_7DN4i870E18tqiB,,,,,28.5436,-81.3738,anonymous,EN,5,5,5,5,5,4,4,3,4,5,4,2,2,3,3,2,4,2,4,2,3,3,2,3,2,2,4,4,4,4,2,2,4,3,4,3,3,2,2,2,4,5,2,5,3,4,4,2,4,2,5,2,5,1,5,2,5,5,5,5,5,5,3,2,3,3,4,4,1,1,4,1,1,4,1,4,4,1,1,1,4,4,1,1,4,4,1,2,2,1,1,1,3,1,1,1,2,1,1,1,7,1,1,1,2,2,1,6,6,6,6,6,6,4,4,2,5,6,6,6,6,2,6,6,6,6,6,6,6,6,6,6,6,6,6,1,2,4,6,2,2,6,2,6,6,6,6,3,4,2,6,1,1,3,2,2,1,1,2,1,3,1,2,1,3,1,1,3,1,1,1,3,1,3,3,1,1,3,1,1,3,3,1,1,3,3,1,3,1,3,1,3,3,3,3,4,4,4,2,1,2,3,3,4,4,4,4,3,2,2,4,2,2,1,2,2,2,1,2,2,,,,,,,,,,3,2,3,1,3,3,3,4,4,4,4,4,4,1,4,2,1,2,2,1,1,1,2,,,,,,,,1,1,,36,4,8,1,,,,,,,
12/19/25 13:07,12/19/25 13:16,0,174.175.48.162,100,563,1,12/19/25 13:16,R_3XM97DvHMdaj6HD,,,,,40.3473,-75.9305,anonymous,EN,4,4,2,3,4,4,4,4,3,4,3,1,3,2,1,3,3,1,1,3,1,1,3,4,1,3,1,1,4,1,2,3,5,4,5,2,2,2,5,2,5,5,5,5,5,5,2,4,5,1,5,2,5,1,5,4,5,4,5,5,5,5,4,3,4,4,3,3,1,1,3,1,1,3,1,3,3,1,1,1,3,3,1,1,3,3,1,1,1,1,1,1,1,1,1,1,1,1,1,1,1,1,1,1,1,1,2,3,3,4,4,4,4,4,2,2,2,2,4,4,4,3,4,4,4,3,4,4,4,4,4,4,3,4,3,2,4,3,3,3,3,4,3,3,4,3,3,3,4,4,3,1,1,2,1,1,1,1,1,1,2,1,1,1,1,1,1,1,2,1,1,1,1,1,1,1,1,1,1,1,2,1,1,1,2,1,1,1,1,1,1,1,2,2,1,3,3,3,3,2,2,2,2,3,4,4,3,3,3,3,3,3,3,3,3,3,3,3,3,2,,,,,,,,,,3,3,3,3,3,2,2,3,4,4,4,4,3,2,,,,,,,,,2,,,,,,,,1,1,,37,4,3,1,,,,,,,
12/19/25 13:05,12/19/25 13:17,0,76.33.36.129,100,736,1,12/19/25 13:17,R_6H8D73x0CIJ3Jed,,,,,33.9675,-118.1464,anonymous,EN,4,3,2,3,3,3,2,2,3,4,2,3,1,4,3,3,2,3,3,2,3,4,2,2,3,2,3,3,2,3,4,4,3,2,2,3,4,3,2,4,4,4,4,3,5,4,3,4,3,4,5,2,4,3,5,4,3,4,4,4,4,3,4,3,4,4,2,2,3,3,2,2,3,2,1,2,2,2,2,2,2,2,3,2,2,2,2,3,3,3,3,3,3,3,2,2,3,2,3,1,2,3,1,1,1,2,4,3,3,3,3,3,3,2,4,3,4,3,3,3,4,3,4,3,4,3,2,3,3,3,3,4,3,4,3,3,3,3,3,3,3,4,3,3,4,3,3,3,3,3,3,1,1,3,2,2,1,2,3,2,3,2,2,1,3,1,1,1,3,1,1,3,3,3,3,1,1,3,1,3,1,2,1,1,3,3,2,3,1,3,1,2,3,3,2,3,3,3,3,3,3,3,3,3,4,3,3,3,4,4,4,4,4,4,4,4,4,4,4,1,Mother,4,4,4,4,4,4,4,4,3,3,3,3,3,3,3,3,3,3,3,3,3,1,4,4,4,4,4,4,4,4,1,Coach,4,4,4,4,4,4,1,1,,39,2,7,1,,,,,,,
12/19/25 13:11,12/19/25 13:18,0,172.115.107.90,100,435,1,12/19/25 13:18,R_3zew8Aj1vmmEcuQ,,,,,34.0282,-117.0372,anonymous,EN,4,3,4,4,2,4,2,1,5,2,4,3,3,2,4,4,3,1,2,2,3,3,1,2,4,1,2,3,2,4,3,2,2,4,2,3,2,3,5,4,2,3,4,2,3,2,1,3,5,5,2,3,5,2,3,4,2,4,3,4,3,4,5,3,2,4,4,2,4,3,4,3,2,4,4,1,4,2,4,4,2,1,4,3,4,4,2,2,1,1,4,3,4,4,1,4,3,2,4,4,4,3,3,2,2,1,5,3,5,3,2,6,6,5,5,3,5,5,3,6,5,5,3,6,6,3,5,1,6,4,4,3,6,5,4,3,6,3,6,4,3,2,6,1,6,5,6,4,5,6,5,3,2,2,1,2,3,3,2,3,2,3,2,2,3,3,1,2,2,3,2,3,1,2,3,3,2,2,2,1,3,3,2,2,2,2,3,3,3,1,3,2,3,1,2,3,2,3,4,1,3,3,4,3,1,3,4,4,,,,,,,,,,,,2,,,,,,,,,,4,4,3,2,3,4,2,2,4,4,2,1,3,2,,,,,,,,,2,,,,,,,,1,"1,6",,36,3,3,2,,,,,,,
12/19/25 13:01,12/19/25 13:18,0,73.188.232.6,100,1045,1,12/19/25 13:18,R_5CkCFq7cwoFbmJJ,,,,,39.9597,-75.1995,anonymous,EN,4,3,3,3,3,2,1,2,2,2,2,3,2,4,4,3,3,4,2,2,3,2,1,2,3,2,4,3,2,3,2,3,3,5,4,2,3,2,5,1,3,2,1,3,2,2,2,1,1,5,2,3,1,3,3,1,3,2,2,2,2,2,1,3,2,1,3,1,1,2,1,2,4,2,3,2,1,3,2,3,2,1,3,1,2,2,2,4,4,1,2,1,3,2,1,2,1,3,3,2,3,1,1,1,2,4,6,2,2,2,2,2,2,6,6,6,6,6,6,2,2,1,2,1,1,6,2,2,2,2,2,2,2,4,6,2,1,6,6,5,6,6,6,1,4,1,2,6,6,4,1,2,3,3,2,1,2,2,2,2,2,1,1,1,2,2,2,2,1,1,2,2,1,2,3,1,1,1,1,2,1,2,1,2,1,3,1,2,1,2,1,2,2,1,1,3,3,3,2,4,4,4,4,4,4,4,4,3,3,2,3,3,3,3,3,3,3,2,2,1,aunt,4,4,4,4,4,4,4,4,2,2,3,2,3,4,4,4,4,4,4,4,4,1,4,4,4,4,4,3,3,3,1,teacher,3,3,4,3,2,1,5,17,,62,8,7,1,,,,,,,
12/19/25 13:04,12/19/25 13:18,0,75.63.25.219,100,859,1,12/19/25 13:18,R_61jmQ8UFIL52ocV,,,,,33.7256,-117.9119,anonymous,EN,3,4,2,5,4,5,5,3,3,4,3,3,4,2,1,3,4,2,3,4,1,1,4,4,1,4,2,3,4,3,5,5,3,1,1,4,5,5,1,5,3,5,3,2,3,4,5,4,2,4,5,5,5,4,5,4,2,1,4,3,3,1,4,4,2,4,2,3,2,2,3,2,2,4,1,4,4,2,2,1,3,3,1,1,3,3,1,2,1,1,1,1,1,1,1,2,1,1,1,2,2,3,1,1,2,2,5,2,5,6,6,5,5,6,5,6,4,4,4,5,4,5,5,6,5,4,4,6,6,5,5,5,5,4,5,6,6,6,6,6,6,5,6,4,5,4,3,4,6,6,6,1,2,3,3,1,2,2,2,1,3,3,2,1,1,2,1,2,2,1,1,1,2,2,3,1,1,3,1,2,3,3,2,1,3,2,2,2,1,1,2,2,3,3,3,4,4,4,4,3,3,3,3,4,4,4,4,3,4,4,4,4,4,4,4,4,4,4,4,1,my godmother,4,4,4,4,4,4,4,4,4,4,4,4,4,4,4,4,4,4,4,4,4,1,4,4,4,4,4,4,4,4,1,my godmother,4,4,4,4,4,4,2,5,,37,4,4,1,,,,,,,
12/19/25 13:10,12/19/25 13:20,0,71.113.184.99,100,607,1,12/19/25 13:20,R_3gOyOcm62UF8HRE,,,,,40.1788,-77.0047,anonymous,EN,2,1,2,1,1,1,1,1,2,3,1,4,1,4,4,1,1,4,4,1,3,4,1,1,4,1,3,4,2,4,1,1,1,5,4,1,1,1,5,3,3,3,3,3,1,1,3,3,3,3,3,5,2,3,3,3,3,1,2,2,1,3,2,3,1,1,1,1,4,4,1,3,3,1,1,2,1,4,4,2,2,1,4,2,2,1,4,4,4,4,2,3,4,3,4,1,3,2,4,3,7,4,3,2,3,4,2,1,2,5,5,1,1,3,3,2,1,5,3,3,1,3,1,5,1,1,1,2,2,1,1,2,3,1,2,3,1,3,3,3,3,2,3,3,1,1,2,5,3,5,1,2,2,3,3,2,1,3,3,2,3,2,2,1,2,1,3,3,3,3,3,3,2,3,3,1,1,3,1,3,1,2,2,3,3,3,2,2,3,3,1,3,3,3,3,2,2,3,1,4,2,1,1,3,2,3,3,4,,,,,,,,,,,,2,,,,,,,,,,1,1,2,1,1,1,1,1,2,4,3,2,3,1,3,3,3,3,1,1,1,1,2,,,,,,,,2,5,,58,7,7,1,,,,,,,
12/19/25 13:01,12/19/25 13:20,0,75.137.195.29,100,1185,1,12/19/25 13:20,R_7CsDkvWB3z5sM6D,,,,,33.7287,-87.0903,anonymous,EN,5,5,5,3,3,5,1,1,3,3,4,3,2,3,2,1,2,3,3,4,2,3,3,2,2,3,4,4,2,4,2,2,3,3,3,1,3,1,3,3,3,5,1,1,3,1,1,1,1,5,3,3,1,3,5,1,1,3,3,3,3,3,1,3,1,1,4,4,1,1,4,1,1,4,1,4,4,1,1,1,4,4,1,1,1,4,1,1,1,2,1,1,1,1,1,1,2,1,1,2,1,1,1,1,1,2,3,6,3,6,6,1,6,4,5,3,4,6,1,4,4,1,1,4,4,1,3,4,3,2,4,2,2,5,2,4,2,4,3,4,3,4,3,4,4,4,5,4,4,4,4,3,2,3,3,2,1,2,2,1,3,1,3,1,1,2,1,1,3,3,2,3,1,3,3,2,1,3,3,2,3,3,3,1,3,2,3,2,2,2,3,3,3,3,3,1,1,1,1,1,2,2,1,1,1,1,3,3,4,4,4,4,4,4,4,1,1,1,3,1,sister,4,3,2,3,1,1,1,3,2,1,1,1,1,1,1,1,1,4,1,3,4,2,,,,,,,,,1,sister,3,2,2,1,1,1,2,5,,59,6,1,1,,,,,,,
12/19/25 13:08,12/19/25 13:21,0,98.114.140.222,100,796,1,12/19/25 13:21,R_7kpIR0CpAYJVo81,,,,,40.2104,-74.8278,anonymous,EN,2,3,4,2,3,4,4,3,3,3,3,2,3,2,1,2,3,3,3,2,1,3,2,3,2,3,2,3,3,2,4,4,1,1,1,3,4,3,1,3,2,2,3,1,2,2,3,3,1,3,2,3,2,3,3,2,2,2,2,2,2,1,2,3,2,2,3,2,2,1,2,1,1,3,1,3,2,2,2,1,3,3,2,1,3,3,2,2,2,1,2,1,1,2,1,1,1,1,1,3,1,1,1,1,3,2,5,3,2,4,4,5,3,2,5,2,5,2,3,2,5,2,3,5,4,2,2,3,2,2,2,5,2,5,2,2,2,2,2,5,2,5,2,2,4,2,2,4,2,3,2,1,2,3,1,1,1,2,2,1,2,3,1,1,1,1,1,3,1,2,1,2,1,2,1,1,1,3,1,1,2,2,1,1,3,1,1,1,2,1,1,3,3,3,1,4,4,4,4,4,4,4,4,4,2,3,3,3,3,3,3,3,3,2,3,2,3,3,3,1,uncle,3,3,3,3,2,3,3,3,3,3,3,3,3,3,3,3,2,3,3,3,4,2,,,,,,,,,1,uncle,3,3,3,1,3,3,1,1,,43,6,7,1,,,,,,,
12/19/25 13:03,12/19/25 13:21,0,72.77.41.72,100,1072,1,12/19/25 13:21,R_1MXrMAqzezUaHOb,,,,,40.5258,-79.8769,anonymous,EN,4,5,3,5,4,4,2,2,4,4,4,2,4,1,1,3,2,1,3,4,2,2,3,2,1,4,3,3,2,3,4,2,5,4,2,2,4,1,1,2,5,5,1,5,5,5,1,1,3,4,5,4,5,3,5,1,3,5,5,5,4,4,2,2,2,2,4,4,1,1,4,1,2,4,1,4,3,2,1,2,3,4,2,2,3,4,1,2,1,1,1,1,1,1,1,1,1,1,1,1,1,1,1,1,1,1,1,5,5,6,6,4,2,2,1,1,1,6,5,5,1,4,5,6,4,2,3,2,2,2,5,4,5,1,5,2,3,2,6,6,6,3,5,4,2,3,4,6,5,6,3,3,1,2,1,1,1,2,2,1,2,1,1,1,1,1,3,1,3,3,3,3,1,3,3,3,1,2,3,2,2,3,3,3,2,3,1,1,1,3,1,2,2,1,2,1,2,2,1,1,2,3,2,1,4,4,4,3,4,4,4,4,4,4,4,4,4,4,4,2,,,,,,,,,,1,1,1,1,1,2,2,1,4,4,4,4,4,1,4,4,4,4,3,3,3,3,2,,,,,,,,2,5,,58,6,9,1,,,,,,,
12/19/25 13:05,12/19/25 13:22,0,76.39.139.97,100,1012,1,12/19/25 13:22,R_6QLRI3w3yNQe7Rq,,,,,36.1219,-79.7777,anonymous,EN,4,4,3,4,3,4,4,4,3,3,3,1,2,3,1,2,3,2,3,2,2,3,3,3,1,2,2,1,3,1,4,4,1,1,1,4,4,4,1,4,2,1,2,1,2,2,3,2,1,4,2,4,1,4,1,2,1,2,2,1,1,2,2,3,2,2,3,3,1,1,3,1,2,2,1,3,3,2,1,1,2,3,2,1,3,2,2,1,1,3,1,1,1,1,1,2,3,1,1,2,7,2,1,1,1,4,6,5,6,6,6,1,4,1,1,2,5,6,6,6,3,6,1,6,2,4,4,1,3,4,5,4,5,5,2,1,3,1,6,6,4,3,6,4,3,4,2,6,5,6,5,1,2,2,1,1,1,1,1,1,1,1,1,1,1,1,1,1,1,1,1,1,2,1,1,1,1,1,1,1,1,1,1,1,1,1,1,1,1,1,1,1,1,1,1,2,2,2,1,3,2,2,3,3,3,3,3,4,,,,,,,,,,,,2,,,,,,,,,,2,2,2,1,1,3,3,2,3,4,4,4,2,1,2,3,3,3,1,1,2,2,2,,,,,,,,2,5,,61,3,7,1,,,,,,,
12/19/25 13:06,12/19/25 13:22,0,174.213.241.64,100,949,1,12/19/25 13:22,R_52F0CSrGW3fJKcF,,,,,44.9618,-93.2638,anonymous,EN,3,3,4,4,3,2,2,2,2,3,2,4,2,4,3,1,2,4,4,1,3,4,2,2,2,2,4,3,2,3,3,3,2,4,4,3,4,3,2,2,3,3,2,2,3,3,3,2,2,3,3,3,3,3,3,2,3,2,2,3,2,2,2,3,3,2,3,2,3,3,3,2,2,2,1,2,1,3,2,3,2,2,3,1,2,3,2,3,3,3,2,2,1,1,1,1,3,2,2,3,1,2,1,3,3,3,4,4,4,5,4,4,4,4,3,4,4,5,4,5,4,4,4,5,4,3,3,4,3,3,4,3,4,4,4,4,3,4,4,3,4,4,4,4,4,4,4,4,4,4,4,1,3,2,2,3,1,3,3,2,2,2,2,1,2,1,2,3,2,2,2,3,3,3,2,2,2,2,1,2,1,2,1,3,2,2,1,3,2,2,1,3,3,2,2,3,3,3,2,3,2,1,2,3,3,2,2,4,,,,,,,,,,,,2,,,,,,,,,,2,2,2,2,2,1,1,2,2,2,3,2,2,2,,,,,,,,,2,,,,,,,,1,1,,31,6,4,1,,,,,,,
12/19/25 13:09,12/19/25 13:22,0,8.9.84.7,100,745,1,12/19/25 13:22,R_6plNLUBxLwtpujT,,,,,43.0747,-77.5181,anonymous,EN,3,4,4,5,3,4,4,3,3,3,3,1,2,3,3,4,3,2,2,3,1,3,2,3,3,2,2,2,3,2,1,1,4,5,5,1,1,1,4,1,3,4,3,4,4,3,2,3,4,3,3,2,4,1,3,3,5,5,3,3,4,5,4,2,3,4,4,3,1,1,4,1,1,3,1,4,3,1,1,1,4,4,1,1,4,3,1,2,2,2,1,1,2,2,1,1,1,1,1,1,1,2,1,1,1,1,5,5,4,5,4,4,5,4,5,5,5,5,3,4,5,2,4,5,5,4,5,4,5,5,5,6,4,5,2,3,4,4,3,5,3,5,4,4,5,5,4,4,5,4,5,1,1,2,1,3,2,1,1,1,2,1,1,1,3,1,1,1,3,1,1,3,1,2,2,1,1,2,1,1,2,1,2,1,2,2,1,2,1,2,1,1,3,2,2,3,4,4,4,3,3,2,3,3,3,4,4,3,3,3,3,4,3,2,3,3,4,3,4,1,Grandparent,4,4,4,4,4,4,4,4,3,3,3,3,3,2,2,3,4,4,4,3,4,1,3,4,4,4,3,3,4,4,1,Grandparent,4,4,4,4,4,4,1,1,,27,6,3,1,,,,,,,
12/19/25 13:08,12/19/25 13:22,0,166.181.80.29,100,860,1,12/19/25 13:22,R_7JwoK3ocMCEmXKf,,,,,41.8672,-90.1596,anonymous,EN,2,2,3,1,1,4,1,2,1,2,2,4,3,4,1,3,2,3,4,2,4,2,2,4,1,1,4,3,1,4,5,5,4,1,1,5,5,5,1,5,1,1,5,2,5,5,5,5,3,2,1,1,1,4,1,5,2,5,2,2,5,1,5,5,5,5,3,2,4,3,3,2,4,2,3,3,3,3,1,1,3,1,4,2,2,1,3,3,1,3,2,2,1,1,3,2,2,1,1,2,2,1,3,1,2,4,1,1,3,5,4,3,2,1,1,4,4,6,4,4,3,4,4,6,3,1,2,2,1,2,3,4,4,4,4,1,1,2,3,3,4,4,4,3,2,3,3,2,2,2,4,1,2,3,3,2,2,3,3,1,3,2,1,1,1,1,1,2,2,2,3,1,3,3,3,3,1,3,1,1,1,2,2,1,3,3,2,1,1,2,2,3,3,2,2,1,1,1,1,2,1,1,1,2,1,1,1,3,1,3,2,3,2,3,2,3,1,2,2,2,,,,,,,,,,1,1,1,1,1,1,1,1,2,1,1,1,1,1,1,1,3,1,2,4,3,2,2,,,,,,,,2,"1,5,6,7,8,9,10",,47,6,3,1,,,,,,,
12/19/25 13:04,12/19/25 13:22,0,172.59.130.184,100,1099,1,12/19/25 13:22,R_72mO99v7O7tfTsQ,,,,,37.9834,-122.0312,anonymous,EN,2,4,5,4,3,5,4,3,4,5,4,1,4,1,1,4,4,1,1,4,1,1,4,4,1,4,1,1,4,1,5,5,1,1,1,4,5,5,1,4,1,1,4,1,4,1,5,5,1,2,1,3,1,5,1,4,1,2,1,1,1,1,4,3,5,2,4,4,1,1,4,1,1,4,1,4,4,1,1,1,4,4,1,1,4,4,1,1,1,1,1,1,1,1,1,1,1,1,1,1,1,1,1,1,1,1,1,3,1,5,6,1,2,1,1,1,1,6,2,1,4,1,1,3,1,5,4,1,2,5,3,1,1,4,1,1,1,1,2,1,1,1,1,1,1,2,2,4,1,5,4,1,1,1,2,1,1,1,1,1,3,1,1,1,1,1,1,1,3,1,1,2,1,1,1,1,1,3,1,1,1,1,1,1,3,2,1,1,1,1,1,2,3,3,1,1,1,2,2,2,2,1,1,3,3,4,4,3,3,2,3,2,2,1,1,1,1,1,2,1,dad,4,3,2,3,3,3,3,3,1,1,1,1,1,1,1,2,3,4,3,4,2,1,3,2,3,3,1,1,1,1,2,,,,,,,,1,1,,61,2,6,1,,,,,,,
12/19/25 13:05,12/19/25 13:22,0,66.108.16.191,100,1065,1,12/19/25 13:22,R_19vvpZyBShmGReV,,,,,40.8527,-73.9383,anonymous,EN,4,5,5,4,5,3,3,2,3,4,3,1,2,2,3,2,3,1,2,3,1,4,2,1,3,3,2,3,3,1,1,1,5,5,5,2,1,1,5,2,3,2,3,5,4,2,2,1,5,3,2,2,3,2,3,1,5,5,3,4,4,5,2,1,4,4,3,3,1,1,4,1,1,4,1,4,3,2,1,2,3,4,1,1,3,3,1,1,1,2,1,1,1,1,1,1,1,1,1,2,3,1,2,1,1,1,5,6,6,6,6,5,4,1,2,5,1,6,6,6,2,6,5,6,4,2,2,4,6,3,3,4,5,2,6,1,3,1,6,6,6,3,5,2,5,2,3,6,6,6,3,2,1,3,2,1,2,1,1,1,3,1,1,1,1,1,1,3,2,2,1,2,2,2,2,1,1,3,2,1,2,3,3,1,3,2,1,2,3,1,1,3,3,3,2,4,4,4,4,2,4,4,4,4,4,4,4,3,1,3,3,2,3,3,2,2,1,2,2,1,Father,4,4,4,4,4,4,4,4,4,4,4,4,4,4,4,3,4,4,4,4,4,2,,,,,,,,,1,Father,4,4,4,4,4,4,1,1,,41,4,2,1,,,,,,,
12/19/25 13:02,12/19/25 13:23,0,174.108.69.0,100,1242,1,12/19/25 13:23,R_35qvWizAPqOKaKl,,,,,35.0221,-80.5318,anonymous,EN,3,4,5,3,3,4,2,2,4,3,3,3,2,2,1,2,3,2,3,3,2,2,3,2,2,3,4,3,3,3,3,2,4,4,3,2,3,1,4,2,4,4,1,4,5,5,1,1,4,3,4,1,5,2,4,1,4,5,3,4,5,5,2,3,4,3,2,3,3,3,2,1,2,3,1,3,3,3,3,3,2,3,2,2,2,3,1,1,1,1,1,1,1,2,1,2,1,2,1,2,3,2,1,3,2,1,4,3,5,4,4,5,3,5,3,5,2,5,6,5,2,4,5,5,5,3,3,2,3,4,5,5,6,2,6,4,3,5,6,2,6,5,5,5,5,2,4,5,5,5,3,1,2,2,1,2,1,1,3,2,2,2,2,1,2,1,2,2,3,2,2,3,2,3,3,2,1,2,1,3,1,3,2,2,2,3,1,3,1,3,1,2,2,2,3,4,3,2,2,4,4,3,2,3,4,4,2,3,3,4,3,4,3,3,2,3,2,2,4,1,Teacher,4,3,4,4,3,2,2,3,2,2,2,2,3,3,3,2,4,4,4,4,4,1,3,4,4,4,3,4,3,3,1,Teacher,4,4,4,3,2,3,1,1,,31,6,7,1,,,,,,,
12/19/25 13:03,12/19/25 13:23,0,23.251.64.203,100,1196,1,12/19/25 13:23,R_13eZxn7MzlLDS17,,,,,35.1587,-85.2163,anonymous,EN,4,3,2,2,4,4,5,3,3,4,2,2,2,3,2,3,4,2,2,2,1,2,3,3,4,3,2,3,3,2,2,2,4,5,5,2,1,2,5,2,4,3,3,5,2,3,3,3,5,2,3,3,4,1,3,2,5,4,3,3,4,5,2,3,3,4,3,3,2,2,2,1,2,3,1,2,3,1,1,1,2,2,1,1,2,2,2,2,2,1,2,1,2,2,1,2,1,1,2,3,3,2,2,2,2,1,5,4,5,5,5,4,3,6,3,3,3,4,5,5,2,3,4,5,4,3,2,2,2,2,4,4,4,3,4,5,3,5,4,2,4,4,5,4,4,3,3,4,5,5,3,1,3,2,1,3,1,2,2,1,3,1,1,1,3,1,2,1,2,2,1,2,3,2,3,1,1,2,2,1,2,2,1,1,3,2,2,3,2,2,1,3,3,2,1,3,2,2,2,4,3,4,2,3,3,3,3,3,4,4,4,4,4,3,4,3,4,4,4,1,Teacher,3,4,4,4,3,2,3,3,3,1,2,2,2,4,4,2,3,4,4,4,4,1,3,3,3,4,3,3,3,3,1,Teacher,3,3,3,3,3,3,2,5,,31,6,7,1,,,,,,,
12/19/25 13:12,12/19/25 13:23,0,223.29.142.98,100,670,1,12/19/25 13:23,R_1CZ7mawRQBOzfnT,,,,,37.751,-97.822,anonymous,EN,4,4,4,4,4,4,4,5,4,5,4,2,4,4,1,3,4,1,2,4,2,1,4,3,1,3,3,2,2,1,4,5,4,4,4,4,5,4,4,4,4,1,3,2,1,2,1,1,1,1,1,1,1,1,1,2,2,3,3,4,2,2,1,1,1,1,4,4,1,1,4,1,2,4,1,4,3,1,1,1,4,4,1,1,2,4,1,1,1,1,1,1,1,1,1,1,1,1,1,1,1,1,1,1,1,1,5,4,3,5,4,4,3,4,4,5,3,4,5,4,3,4,1,5,2,2,3,2,2,1,4,3,2,5,3,6,4,3,2,3,4,2,4,2,4,4,3,4,3,3,6,1,1,1,2,1,1,1,1,1,1,2,2,2,3,3,2,3,3,1,1,1,2,1,1,1,1,1,1,1,3,1,1,1,3,1,2,2,3,2,1,3,2,1,2,4,4,4,3,4,4,3,4,4,3,4,4,3,4,4,4,4,4,3,3,3,4,4,4,2,,,,,,,,,,3,2,3,3,2,4,2,4,3,3,3,2,3,2,,,,,,,,,1,Neighbor,2,3,4,4,4,3,2,5,,35,6,8,1,,,,,,,
12/19/25 13:03,12/19/25 13:23,0,98.96.111.56,100,1181,1,12/19/25 13:23,R_6mIyXdTEqy9UB4E,,,,,30.439,-95.5384,anonymous,EN,4,4,3,4,5,4,4,5,5,4,4,3,4,2,1,3,3,2,2,4,1,2,3,4,2,4,2,2,3,2,5,4,2,1,2,5,4,5,1,5,1,2,1,1,2,2,4,2,2,4,2,5,2,2,2,2,1,2,1,2,2,1,3,2,2,2,4,3,1,2,4,1,1,3,1,3,4,1,1,1,4,4,1,1,3,4,1,2,1,1,1,1,1,1,1,2,1,1,1,2,3,2,2,1,2,1,2,2,4,5,4,1,5,4,3,2,2,2,5,3,2,2,5,4,5,4,4,5,5,5,5,4,4,4,5,6,5,5,4,2,3,4,5,3,5,5,2,3,2,4,5,1,2,3,3,2,1,2,2,3,3,2,2,1,2,1,1,2,1,2,1,2,1,2,1,1,1,3,1,1,1,2,1,1,3,1,1,2,2,1,1,3,3,3,2,4,4,4,4,4,4,3,2,3,4,4,4,3,4,4,4,4,4,4,4,4,4,4,4,1,siste,4,4,4,4,4,4,4,4,4,4,4,4,4,3,3,3,3,4,3,4,4,1,4,4,4,4,4,4,4,4,1,sister,4,4,3,4,3,4,2,5,,39,6,4,1,,,,,,,
12/19/25 13:13,12/19/25 13:24,0,108.21.244.205,100,663,1,12/19/25 13:24,R_3Nrgvo2R9c0KWZ4,,,,,40.7637,-73.7695,anonymous,EN,5,5,4,4,4,4,4,4,4,4,4,1,4,1,1,4,4,1,1,4,1,1,4,4,1,4,2,3,4,1,5,5,2,2,2,5,5,5,2,4,2,4,4,4,4,4,4,3,3,3,4,3,3,3,4,4,4,4,4,3,3,3,3,3,4,4,4,4,4,1,4,1,1,4,1,4,4,1,1,1,4,4,1,1,4,4,2,2,2,2,2,2,2,2,1,2,2,2,2,2,3,2,4,2,2,2,3,2,5,5,5,4,4,5,5,4,5,4,4,5,5,4,3,4,3,4,3,3,5,4,4,4,4,4,4,4,3,4,3,3,5,4,4,3,3,3,3,4,4,4,4,1,1,2,3,2,2,1,2,2,2,1,1,1,2,2,3,3,3,2,3,3,2,3,3,1,2,2,1,2,2,3,2,2,2,3,2,3,3,2,2,1,2,1,2,3,3,4,2,3,3,3,3,3,3,3,3,3,3,3,3,3,3,3,3,3,3,3,4,2,,,,,,,,,,3,3,3,3,4,3,3,3,3,3,3,3,3,1,3,3,3,4,3,3,4,3,2,,,,,,,,1,1,,28,6,7,1,,,,,,,
12/19/25 13:15,12/19/25 13:24,0,67.242.105.129,100,531,1,12/19/25 13:24,R_3jK9ejMJaQO0MWe,,,,,43.2292,-76.72,anonymous,EN,4,4,3,3,4,4,4,3,3,4,2,3,2,4,4,1,2,2,3,1,3,3,2,2,3,1,2,3,2,3,2,1,3,4,2,2,2,3,5,2,3,3,3,3,3,3,3,3,3,2,2,2,2,3,1,1,3,2,2,2,2,3,3,2,3,3,2,2,3,3,2,3,3,1,1,2,3,3,2,2,2,1,1,1,3,1,3,3,3,3,2,4,3,3,2,3,4,2,3,3,7,2,2,2,2,4,5,5,4,4,4,4,4,3,3,4,4,3,3,3,5,4,4,4,3,4,5,5,5,4,4,4,5,4,4,5,5,3,5,4,5,5,5,4,4,4,4,5,4,4,3,2,3,3,3,3,1,2,2,2,3,3,3,1,2,2,2,2,3,3,2,3,3,3,3,3,1,3,2,2,1,2,2,1,2,3,3,2,3,2,3,2,2,2,2,1,1,1,1,1,1,1,1,1,1,1,1,4,,,,,,,,,,,,2,,,,,,,,,,1,1,1,1,1,1,1,1,2,1,3,1,2,2,,,,,,,,,2,,,,,,,,1,1,,34,6,5,1,,,,,,,
12/19/25 13:11,12/19/25 13:24,0,199.79.29.240,100,764,1,12/19/25 13:24,R_5BWP9PSK6ao1puh,,,,,33.4532,-112.0748,anonymous,EN,5,5,5,5,5,5,5,5,5,5,4,1,4,1,1,3,4,1,1,4,1,1,4,4,1,4,1,1,4,1,1,1,5,5,5,1,1,1,5,1,5,5,4,5,4,5,1,4,5,2,5,1,5,1,5,4,5,5,5,5,5,5,5,2,4,5,4,4,1,1,4,1,1,4,1,4,4,1,1,1,4,4,1,1,4,4,1,1,1,1,1,1,1,1,1,1,1,1,1,1,1,1,1,2,2,1,1,6,5,5,1,6,6,6,5,4,6,2,6,2,6,2,5,2,6,6,6,6,6,6,6,6,6,6,3,5,6,6,5,2,6,6,4,1,6,6,3,2,2,2,6,1,1,1,1,1,1,1,1,1,1,1,1,1,1,1,1,1,1,1,1,1,1,1,1,1,1,1,1,1,1,1,1,1,1,1,1,1,1,1,1,1,1,1,1,4,4,4,4,4,4,4,4,4,4,4,4,3,4,4,4,4,4,4,4,4,4,4,4,1,Father,4,4,4,4,4,4,4,4,4,4,4,4,4,4,4,4,4,4,4,4,4,1,4,4,4,4,4,4,4,4,1,Father,4,4,4,4,4,4,1,1,,53,6,7,1,,,,,,,
12/19/25 13:08,12/19/25 13:25,0,75.168.143.219,100,999,1,12/19/25 13:25,R_147t4GmuBwrif1r,,,,,44.9548,-93.1551,anonymous,EN,3,4,3,5,5,4,5,4,4,4,4,3,4,2,2,4,4,1,3,4,1,1,4,4,1,4,2,1,4,2,2,2,5,4,3,1,2,1,3,1,5,3,2,5,3,5,1,2,5,1,5,1,5,1,5,5,5,5,5,5,5,5,5,1,1,4,4,3,1,2,4,1,1,4,1,3,3,2,1,1,4,3,2,1,4,4,1,2,1,1,1,1,1,1,1,1,1,1,1,1,1,1,1,1,1,1,4,5,3,2,2,5,5,6,5,1,6,4,2,2,6,5,5,2,5,3,5,2,1,2,3,1,1,5,2,5,2,5,2,1,2,4,1,1,1,1,1,2,3,2,2,1,2,3,3,3,1,3,2,2,3,2,2,1,2,1,1,2,2,1,1,2,2,3,3,1,1,3,2,2,1,2,2,1,3,2,3,2,2,2,2,2,3,3,3,4,3,4,3,4,4,4,2,4,4,4,4,3,3,3,2,2,2,2,2,2,2,2,2,1,teacher,4,4,3,3,3,2,2,4,4,3,4,4,4,4,4,2,4,4,4,4,4,1,4,4,3,4,2,3,3,3,1,Coach,4,4,4,3,3,3,1,"6,8",,38,2,8,1,,,,,,,
12/19/25 13:02,12/19/25 13:25,0,97.100.29.124,100,1393,1,12/19/25 13:25,R_3BrDmmQ1aZtWJI8,,,,,28.9107,-81.1957,anonymous,EN,4,4,4,1,4,4,4,3,4,4,3,2,3,1,1,2,3,2,2,3,1,3,3,2,1,3,1,2,3,1,1,3,4,3,5,3,3,3,5,1,4,4,2,5,3,2,1,2,5,2,3,2,4,2,3,2,5,2,3,5,2,5,2,3,4,3,3,3,2,2,3,1,1,3,1,3,2,2,3,3,2,3,2,1,3,3,2,2,1,2,1,1,1,1,2,1,2,1,1,2,5,1,1,1,2,2,3,4,3,5,5,3,5,4,2,2,5,5,2,1,5,3,4,5,4,1,4,2,2,2,3,5,5,4,1,2,2,2,1,5,1,4,1,1,5,1,4,6,1,1,2,3,1,3,1,1,1,3,2,1,3,3,3,1,1,2,1,2,3,3,1,2,1,2,3,1,1,3,1,1,3,3,3,1,3,2,3,1,1,1,1,3,3,3,3,4,4,4,4,4,4,4,4,4,4,4,4,3,4,4,4,4,4,4,4,4,4,4,4,1,grandparent,4,4,4,4,4,4,4,4,4,4,4,4,4,4,4,4,4,4,4,4,4,1,4,4,4,4,4,4,4,4,1,grandparent,4,4,4,4,4,4,2,5,,62,6,4,1,,,,,,,
12/19/25 13:11,12/19/25 13:25,0,24.101.48.97,100,843,1,12/19/25 13:25,R_3qaOvCFpjQioo3m,,,,,41.0093,-80.619,anonymous,EN,3,3,4,3,3,2,3,2,1,3,1,4,1,4,4,1,1,4,4,1,1,4,1,2,4,1,3,3,2,3,3,3,2,3,2,3,3,3,2,3,2,2,2,3,2,1,3,2,3,3,2,4,3,2,2,2,4,2,2,2,3,4,2,3,1,3,2,3,4,4,1,4,4,1,1,1,1,4,3,3,1,1,4,2,2,1,2,4,4,3,3,1,4,4,1,2,4,1,3,4,7,2,1,1,4,2,6,6,6,6,5,2,3,1,1,6,2,6,6,6,1,6,2,6,2,1,2,4,6,2,1,1,5,1,5,1,5,1,6,6,6,1,5,2,1,1,1,6,5,5,1,1,1,3,2,1,1,3,3,1,3,1,1,1,1,2,1,2,1,1,1,2,1,3,3,1,1,3,1,1,1,3,1,3,3,2,1,2,2,3,1,3,3,3,3,2,2,2,2,4,2,3,1,1,4,4,3,3,2,2,2,2,2,2,2,2,2,2,3,2,,,,,,,,,,2,1,2,2,3,2,3,1,4,4,3,4,4,1,3,2,3,3,2,2,3,3,2,,,,,,,,2,5,,49,6,3,1,,,,,,,
12/19/25 13:11,12/19/25 13:25,0,174.56.144.100,100,862,1,12/19/25 13:25,R_5FmO1VFUphdh3pp,,,,,33.1965,-80.024,anonymous,EN,5,5,5,5,5,5,4,5,5,5,3,2,3,2,2,1,3,2,2,3,1,3,3,4,2,3,3,1,3,1,2,1,5,5,5,1,2,1,5,2,5,5,3,5,5,5,2,3,5,2,5,1,5,1,5,3,5,5,5,5,5,5,5,2,5,4,4,4,1,1,4,1,1,3,1,4,3,1,1,1,4,4,1,1,4,4,1,2,2,2,1,1,1,1,1,2,2,1,1,3,5,2,2,2,3,2,1,6,4,2,1,4,5,5,5,2,6,1,1,2,6,1,5,1,6,5,6,4,5,5,3,6,2,6,1,4,4,5,1,1,1,6,1,1,6,5,1,1,4,1,5,2,2,2,1,1,1,2,2,1,2,2,1,1,1,1,2,1,2,2,1,2,2,2,2,1,1,1,1,1,2,3,1,2,2,2,1,2,1,1,1,2,1,2,2,2,2,2,2,4,3,1,2,1,1,1,4,3,3,3,3,3,3,2,3,2,2,2,4,1,neighbor,4,4,4,4,4,4,4,4,1,1,1,1,1,1,1,1,1,4,4,4,4,1,2,2,3,2,2,1,1,1,1,neighbor,4,4,4,4,4,4,2,5,,49,6,3,1,,,,,,,
12/19/25 13:09,12/19/25 13:26,0,99.178.141.101,100,988,1,12/19/25 13:26,R_7ie9jN291CFj99v,,,,,32.972,-96.7914,anonymous,EN,5,5,5,4,5,4,4,4,5,3,3,3,3,2,2,2,3,1,4,4,1,3,3,2,2,4,3,3,4,2,1,1,5,5,5,1,1,1,5,1,4,4,2,5,4,4,1,1,1,3,5,1,3,1,5,2,5,5,4,4,4,5,2,3,4,3,3,4,4,3,2,1,2,3,1,4,4,3,2,1,2,4,3,1,4,3,1,1,1,1,2,1,1,1,1,2,1,1,1,1,3,2,1,1,2,1,1,2,1,2,2,6,5,6,5,3,5,3,3,1,6,1,4,5,5,5,6,3,4,5,4,5,2,6,1,3,3,5,2,2,1,6,1,2,6,5,4,2,1,1,6,1,1,2,2,2,1,2,3,1,2,1,1,1,1,1,1,1,2,1,1,1,1,3,2,1,1,1,1,2,3,2,1,2,2,1,1,1,1,2,1,3,3,3,2,3,3,4,3,4,2,2,2,1,2,4,3,3,4,4,4,4,4,4,4,4,4,3,4,2,,,,,,,,,,3,2,3,3,2,2,2,1,2,4,4,4,4,1,4,4,4,4,4,2,4,3,1,family friend,4,4,4,2,2,3,2,5,,48,6,8,1,,,,,,,
12/19/25 13:06,12/19/25 13:26,0,136.50.188.125,100,1175,1,12/19/25 13:26,R_3e9P2R1gYH6Foyl,,,,,29.4227,-98.4927,anonymous,EN,4,4,5,2,3,4,4,1,4,2,3,3,3,4,3,2,2,2,4,3,2,3,2,2,3,4,4,3,2,3,1,2,4,4,2,2,3,1,2,1,2,1,2,5,1,2,2,2,3,2,1,3,2,2,1,2,4,2,1,1,1,5,4,3,1,1,3,3,2,1,3,1,1,3,1,3,3,1,1,1,3,4,2,1,2,3,1,1,2,1,2,2,1,1,1,1,1,2,1,1,1,1,2,3,3,1,2,2,2,3,4,3,4,4,6,1,6,5,6,2,6,2,4,4,4,5,5,2,2,3,4,4,4,6,2,1,2,4,2,1,2,6,1,3,4,6,4,5,5,3,2,3,2,2,3,3,1,3,3,1,2,2,2,3,3,2,2,3,2,2,2,3,2,3,2,3,3,1,1,3,3,3,2,3,2,3,1,3,3,3,1,3,2,1,2,3,2,2,2,3,2,3,3,1,3,3,2,3,3,2,1,3,2,2,2,2,2,2,1,1,Grandma,4,4,4,4,4,4,4,4,3,2,2,3,2,1,2,1,2,4,4,2,4,1,3,4,4,4,4,4,4,4,1,Grandma,4,4,4,4,4,4,2,5,,27,6,4,1,,,,,,,
12/19/25 13:16,12/19/25 13:26,0,97.120.146.165,100,586,1,12/19/25 13:26,R_6Gy7gaSZYWw6DrP,,,,,45.4804,-122.5891,anonymous,EN,4,5,5,4,4,5,4,5,5,4,3,2,4,1,1,3,3,1,2,3,1,1,4,4,1,4,2,1,4,1,4,5,1,1,2,5,4,5,1,5,1,1,3,2,1,1,5,4,2,2,1,5,2,3,1,4,3,2,1,1,1,2,4,3,2,2,3,4,1,1,3,1,1,4,1,4,3,1,1,1,4,4,1,1,3,4,1,1,1,1,1,1,1,1,1,1,1,1,1,1,1,1,1,1,1,1,2,4,4,5,5,5,6,6,4,3,6,1,5,2,6,1,2,1,3,5,4,2,1,4,5,2,3,5,3,5,2,4,2,1,2,5,1,4,2,4,4,1,1,2,3,2,1,1,1,1,1,1,1,1,1,1,1,1,1,1,1,1,3,1,1,1,1,2,1,1,1,1,1,1,1,3,2,1,1,1,1,1,1,1,1,1,1,2,1,4,4,4,4,4,4,4,3,4,4,4,4,3,4,4,4,4,4,4,4,4,4,4,4,1,Mom,4,4,4,4,4,4,4,4,4,4,4,4,4,4,4,4,4,4,4,4,4,1,4,4,4,4,4,4,4,4,1,Dad,4,4,4,4,4,4,2,5,,52,6,8,1,,,,,,,
12/19/25 13:06,12/19/25 13:26,0,76.112.24.162,100,1166,1,12/19/25 13:26,R_1DZHAOa2r0aSaal,,,,,43.0127,-85.722,anonymous,EN,2,1,3,2,1,3,1,1,1,1,1,3,1,4,4,1,1,4,4,1,3,4,1,1,4,1,3,4,1,4,2,2,5,4,3,1,1,3,3,2,4,5,5,2,4,5,2,5,4,1,4,2,5,1,3,4,1,4,5,5,5,1,4,1,5,5,2,1,2,3,1,1,4,1,3,1,1,4,1,3,1,1,4,2,1,1,3,4,4,3,4,3,4,3,3,1,4,3,4,4,7,2,7,2,4,3,4,2,3,6,6,4,1,1,1,2,1,6,5,4,1,2,4,6,4,1,2,2,1,1,3,2,5,1,5,1,1,1,5,3,4,2,2,5,2,1,2,6,2,6,1,2,2,3,3,3,2,3,3,1,2,2,3,1,2,2,1,3,3,3,1,3,2,3,3,3,2,2,2,1,2,1,3,3,2,3,2,3,3,3,2,2,3,1,2,3,3,1,2,1,1,4,3,4,1,3,1,3,2,3,3,3,3,4,3,3,3,3,4,1,Maternal Grandmother,4,4,4,4,3,3,3,4,2,2,1,1,2,3,3,2,1,4,1,2,4,1,3,3,4,4,2,3,3,3,1,Maternal Grandmother,4,4,4,3,3,4,2,5,,62,6,4,1,,,,,,,
12/19/25 13:09,12/19/25 13:26,0,24.14.148.33,100,1033,1,12/19/25 13:26,R_7TCvsPnpufthFDj,,,,,41.7688,-88.3405,anonymous,EN,2,2,1,3,2,3,4,2,3,3,1,4,2,3,4,1,1,4,3,1,1,4,1,1,4,1,3,2,2,3,4,5,3,2,1,5,5,3,2,5,2,1,2,5,2,2,4,3,4,3,1,2,1,2,1,2,5,2,1,2,2,5,2,5,1,3,2,2,3,3,1,3,4,1,1,1,1,3,2,4,1,1,4,3,1,1,3,4,4,3,3,4,3,4,1,1,4,4,4,4,5,3,4,4,4,4,1,1,1,6,4,1,1,1,1,3,1,6,5,5,1,6,2,6,2,1,1,1,1,1,1,1,3,1,2,1,1,1,1,6,1,1,4,6,2,1,6,6,5,6,1,1,1,3,2,3,1,3,3,2,3,1,2,1,3,1,1,3,3,1,1,3,2,3,3,2,1,3,1,1,2,3,3,1,3,3,1,3,3,3,2,3,3,3,3,1,1,1,1,1,1,1,1,1,1,1,1,3,3,2,3,3,3,1,2,2,2,2,2,2,,,,,,,,,,1,1,1,1,1,1,1,1,1,3,4,3,3,1,3,3,3,3,3,2,1,1,2,,,,,,,,1,1,,62,6,8,1,,,,,,,
12/19/25 13:04,12/19/25 13:26,0,173.40.229.226,100,1338,1,12/19/25 13:26,R_7dstojxqEt3SAYm,,,,,40.5482,-122.3367,anonymous,EN,5,5,1,5,4,5,4,1,4,1,4,2,3,4,2,3,2,1,3,2,1,4,3,4,2,2,3,3,3,2,1,1,4,5,5,1,1,1,5,1,3,5,2,4,3,3,2,2,3,4,5,5,5,4,5,1,3,5,4,3,2,4,1,4,1,2,4,4,1,1,4,1,1,4,1,4,3,1,1,1,4,4,1,1,4,4,1,1,1,1,1,1,1,1,1,1,1,1,1,1,3,1,1,1,1,1,6,4,3,6,6,4,1,1,1,3,1,6,6,4,1,6,4,6,3,1,1,1,1,1,1,3,6,1,6,1,1,1,6,6,6,3,4,1,3,1,1,6,1,6,1,1,1,3,2,3,1,1,3,1,3,1,1,1,2,1,1,2,2,2,1,3,1,3,3,2,1,3,1,2,1,3,3,2,3,3,1,2,2,2,1,3,3,3,3,4,4,4,4,1,1,4,4,4,4,4,4,3,4,4,3,3,3,3,2,3,2,2,2,1,Step Father,4,4,4,4,4,4,4,4,1,1,1,1,1,1,1,1,1,1,1,1,1,1,4,4,4,4,3,4,4,3,2,,,,,,,,1,1,,64,6,6,1,,,,,,,
12/19/25 13:07,12/19/25 13:27,0,69.244.186.105,100,1169,1,12/19/25 13:27,R_7rNxurJUKnK99k4,,,,,42.4257,-83.1522,anonymous,EN,5,5,5,5,5,5,5,3,5,5,3,4,3,4,3,1,3,2,3,2,3,4,2,3,3,3,3,3,4,3,5,5,3,1,1,4,4,5,1,4,5,5,3,2,3,3,5,2,2,3,2,3,2,4,4,2,2,4,4,4,2,2,2,4,3,3,4,2,2,4,2,1,3,2,1,1,1,3,1,1,2,2,3,1,2,1,3,3,3,3,3,2,4,4,3,2,3,2,3,4,7,2,7,1,4,4,4,5,5,5,5,3,5,2,3,2,3,5,5,4,3,4,5,6,4,3,5,4,6,4,4,4,4,5,3,2,5,4,4,4,5,5,5,5,3,4,5,6,4,4,5,2,2,3,3,3,3,3,3,1,3,2,3,3,1,3,3,3,3,3,3,3,3,3,3,3,3,3,3,3,3,3,3,3,3,3,3,3,3,3,3,3,3,3,2,4,4,4,4,4,4,4,4,4,4,4,4,3,1,1,1,1,1,1,1,1,1,1,4,1,mom,4,4,4,4,4,4,4,4,4,4,4,4,4,4,4,4,4,4,4,4,4,2,,,,,,,,,2,,,,,,,,2,5,,21,4,3,1,,,,,,,
12/19/25 13:13,12/19/25 13:27,0,50.83.136.154,100,837,1,12/19/25 13:27,R_1haUAQekvjcN6VJ,,,,,38.5773,-92.2443,anonymous,EN,4,5,3,5,4,5,4,2,4,3,3,4,3,4,1,1,1,1,4,3,4,2,3,3,1,3,4,3,3,4,1,1,3,5,5,1,1,1,3,1,5,2,1,5,5,5,1,1,5,5,4,1,3,1,5,2,5,4,5,3,4,5,3,3,5,1,1,3,4,4,1,3,3,2,1,3,4,2,1,2,1,3,4,1,3,1,2,1,1,3,1,1,1,3,3,2,2,2,1,2,5,2,3,2,3,3,2,5,1,6,4,4,6,5,3,1,1,4,2,1,1,3,5,6,4,5,6,5,3,4,2,4,1,3,3,3,5,5,4,1,3,4,1,5,4,6,4,4,3,3,5,3,2,3,2,3,3,3,3,1,2,1,1,2,3,1,3,1,3,1,3,1,1,3,3,1,2,2,1,3,2,3,3,2,3,3,2,3,1,3,3,3,3,2,2,3,3,3,3,4,3,4,4,3,3,4,2,3,1,3,3,2,3,3,3,3,3,4,4,1,spiritual leader ,4,4,4,3,4,3,4,3,3,4,3,4,3,4,3,1,3,4,3,3,4,1,1,3,4,2,3,3,3,3,1,teacher,4,3,4,3,4,4,2,5,,27,6,7,1,,,,,,,
12/19/25 13:11,12/19/25 13:27,0,24.137.184.3,100,993,1,12/19/25 13:27,R_7oGad9fTo9Cv08J,,,,,37.8287,-92.2007,anonymous,EN,4,4,4,2,4,5,4,4,3,4,3,1,3,3,2,1,3,2,2,3,1,2,3,3,1,3,1,1,3,1,2,2,5,5,4,2,3,3,4,3,2,3,3,5,4,4,5,3,5,3,3,3,2,2,2,3,5,4,2,3,4,5,4,4,4,3,4,3,2,2,3,1,2,3,1,3,3,1,1,2,3,4,1,1,3,3,1,2,1,2,1,1,2,2,1,1,1,1,2,3,1,1,1,2,3,3,4,5,2,4,4,4,4,3,4,2,5,4,4,3,5,4,5,3,5,5,4,3,5,5,4,4,3,5,3,4,4,2,3,5,2,4,2,3,4,4,3,2,3,4,5,1,2,3,1,1,1,1,1,1,1,1,1,1,1,1,1,1,1,1,1,2,1,1,1,1,1,2,1,1,1,1,1,1,3,2,1,1,1,1,1,1,1,3,1,4,4,4,4,4,4,4,4,4,4,4,4,3,4,4,4,4,4,4,4,4,4,4,4,1,grandparent,4,4,4,4,4,4,4,4,4,4,4,4,4,4,4,4,4,4,4,4,4,1,4,4,4,4,4,3,2,3,1,grandparent/teacher,4,4,4,4,4,4,2,5,,25,6,7,1,,,,,,,
12/19/25 13:06,12/19/25 13:28,0,71.206.236.179,100,1314,1,12/19/25 13:28,R_595PyLiCxS1xC3j,,,,,40.3775,-79.9613,anonymous,EN,4,4,4,5,4,4,3,4,5,4,3,2,3,2,1,2,2,2,2,3,2,2,3,3,2,3,2,2,3,2,2,2,4,4,4,2,2,2,4,2,4,3,4,5,4,4,1,3,4,2,4,1,3,3,4,3,4,5,4,4,5,5,3,4,3,3,3,3,2,2,3,2,2,3,2,3,3,1,1,1,3,3,2,1,3,3,1,1,1,1,1,1,1,1,1,1,1,1,1,1,3,1,1,1,1,1,3,5,5,5,5,4,3,4,4,4,5,4,3,4,5,5,4,4,5,4,4,4,4,4,4,5,4,4,4,4,3,4,4,5,4,4,3,4,4,4,4,4,5,5,3,2,1,2,1,1,1,1,1,1,1,1,1,1,1,1,1,1,2,1,1,2,2,2,1,1,1,1,1,1,1,1,1,1,1,2,1,1,1,1,1,2,1,1,2,3,2,3,2,3,2,2,2,2,2,3,1,4,,,,,,,,,,,,1,family friend,3,4,3,3,3,3,3,3,2,2,3,2,2,2,2,2,2,2,4,3,4,1,4,3,4,4,3,3,3,3,2,,,,,,,,2,5,,49,3,4,1,,,,,,,
12/19/25 13:09,12/19/25 13:29,0,47.159.210.212,100,1174,1,12/19/25 13:29,R_6ykDu1Ku7urXcZn,,,,,34.2347,-119.1894,anonymous,EN,4,3,3,4,4,4,4,3,4,4,3,3,3,2,2,3,3,2,3,3,2,3,3,3,2,3,2,2,4,2,2,2,4,4,5,2,1,2,5,2,3,3,3,3,3,3,2,2,3,3,2,2,4,3,2,3,3,4,2,3,5,3,3,2,3,2,4,3,2,2,3,1,2,3,1,3,3,2,1,2,3,3,2,1,3,3,2,2,2,2,2,2,2,2,1,2,2,1,1,1,3,2,2,1,1,1,2,4,4,5,4,4,4,2,4,4,3,5,5,4,3,3,4,5,4,4,4,3,4,5,5,4,4,3,3,5,3,3,5,2,4,4,3,4,4,4,3,5,3,5,4,1,1,2,2,2,1,3,2,1,2,1,1,1,2,1,2,2,2,1,2,3,1,3,2,1,1,2,1,1,2,2,1,2,3,3,1,2,2,2,1,3,2,2,2,4,4,4,3,2,3,2,2,3,4,4,3,3,4,4,3,4,3,3,3,3,4,3,4,2,,,,,,,,,,4,4,4,4,4,2,2,3,4,4,4,4,4,1,4,3,3,4,3,3,3,3,2,,,,,,,,1,1,,30,4,6,1,,,,,,,
12/19/25 13:10,12/19/25 13:29,0,73.98.152.178,100,1160,1,12/19/25 13:29,R_6rB8QELnR9gxTJT,,,,,40.5526,-111.9453,anonymous,EN,3,3,3,1,3,4,4,3,3,5,1,3,1,3,3,1,1,3,2,1,3,4,1,1,4,1,2,2,1,3,2,2,4,4,4,2,2,3,4,4,2,2,3,5,3,3,5,3,5,3,2,3,1,1,2,3,5,4,2,1,3,5,3,2,3,3,3,1,1,1,3,1,1,2,1,3,1,1,1,3,3,2,1,1,3,2,3,3,2,3,1,2,3,3,2,2,2,1,2,3,3,2,2,1,2,1,5,1,4,2,2,4,5,6,1,1,2,5,1,1,5,4,4,2,4,6,6,1,1,6,5,4,1,6,1,4,1,6,1,3,1,5,1,5,5,5,1,2,1,4,4,2,1,2,1,2,1,3,3,3,3,1,2,2,1,2,2,2,2,3,2,3,2,3,3,2,2,3,1,2,2,3,1,2,3,3,2,2,2,2,1,3,3,2,2,4,3,2,1,4,3,4,2,3,4,4,4,3,3,4,4,4,4,4,4,4,4,4,4,1,teacher,4,4,4,4,3,3,3,3,2,2,2,1,2,4,4,3,4,4,4,4,4,1,4,4,4,4,4,4,4,4,1,teacher,4,4,4,3,2,2,2,5,,34,6,7,1,,,,,,,
12/19/25 13:08,12/19/25 13:30,0,97.86.196.26,100,1315,1,12/19/25 13:30,R_7rTJ7Wx5xd3yooy,,,,,38.5581,-91.0121,anonymous,EN,5,5,4,3,5,5,4,3,5,5,3,2,2,2,4,3,3,1,1,2,2,2,4,4,2,2,2,1,3,2,1,2,5,5,5,2,2,2,5,1,3,3,4,5,5,5,3,3,4,1,4,1,2,1,3,3,5,5,3,5,5,5,3,3,5,4,4,4,2,2,4,1,2,3,1,4,3,2,1,1,4,2,2,1,4,2,1,2,3,2,1,1,1,1,1,2,1,1,1,1,1,2,1,1,1,1,1,1,2,4,4,6,2,5,4,2,4,5,2,1,3,6,4,3,5,1,5,2,2,2,2,5,4,3,3,4,1,3,3,2,1,5,2,2,6,2,2,6,2,4,1,1,2,2,3,2,1,2,1,1,2,1,1,1,1,1,1,1,2,1,2,2,1,2,1,1,1,2,1,1,1,2,1,2,3,3,1,3,1,2,1,3,3,3,2,3,2,4,3,4,2,1,2,1,1,4,2,3,3,4,3,4,4,3,3,1,2,3,2,1,teacher,4,4,4,4,1,2,2,1,1,1,4,2,4,1,1,1,1,4,1,4,4,1,4,4,4,4,3,3,3,3,1,teacher,4,4,4,1,3,2,1,1,,36,6,3,1,,,,,,,
12/19/25 13:05,12/19/25 13:30,0,223.29.129.220,100,1520,1,12/19/25 13:30,R_1DZcfTt5KEFK4yT,,,,,37.751,-97.822,anonymous,EN,5,5,4,4,5,5,5,5,5,5,4,1,4,1,1,4,4,4,1,4,4,4,4,4,1,4,1,1,4,1,1,1,5,5,5,2,1,1,5,3,5,5,5,5,5,5,5,5,5,1,5,1,5,1,5,5,5,5,5,5,5,5,5,1,5,5,4,4,1,1,4,1,1,4,1,4,4,1,1,1,4,4,1,1,4,4,1,1,1,1,1,1,1,1,1,1,1,1,1,1,1,1,1,1,1,1,6,6,6,6,6,6,6,6,4,6,4,6,6,6,6,6,6,6,6,6,6,6,6,6,6,6,6,6,5,6,6,5,6,5,6,6,6,6,6,6,6,6,6,6,6,1,1,2,2,2,1,1,1,1,1,1,1,1,2,2,1,1,1,1,1,1,1,1,1,1,1,1,1,1,1,1,3,1,1,2,1,2,1,1,1,1,1,1,1,4,3,4,4,4,4,4,4,4,4,4,4,4,,,,,,,,,,,,1,my uncle,4,4,4,4,4,4,3,4,4,4,3,4,3,4,4,4,4,4,4,4,4,1,4,4,4,4,4,3,4,4,2,,,,,,,,1,1,,21,3,7,1,,,,,,,
12/19/25 13:11,12/19/25 13:30,0,73.228.229.203,100,1151,1,12/19/25 13:30,R_69a9f39ToNk1kM9,,,,,45.0936,-93.2407,anonymous,EN,2,2,1,1,1,2,1,2,1,1,1,4,1,4,4,1,1,4,4,1,3,4,1,1,4,1,4,3,2,3,4,4,1,2,2,4,4,3,2,3,1,1,1,2,1,1,3,1,1,4,1,5,1,5,1,1,1,1,1,1,1,1,1,4,1,1,2,1,4,4,1,3,4,1,2,1,1,3,3,3,1,1,4,2,1,1,3,3,4,3,3,3,4,3,3,3,3,4,4,4,4,3,7,3,4,3,6,3,5,6,6,5,1,4,2,6,1,6,6,6,2,6,4,6,4,1,1,1,1,1,2,4,5,1,6,3,1,4,5,1,6,4,5,1,4,1,2,6,6,6,1,3,2,3,3,3,3,3,3,3,3,2,3,1,2,3,2,2,3,3,2,3,3,3,3,2,1,3,3,3,2,3,3,3,3,3,2,3,3,3,3,3,3,3,3,3,4,3,2,3,2,1,1,2,4,4,1,4,,,,,,,,,,,,2,,,,,,,,,,2,2,1,1,3,1,1,2,4,4,4,4,2,1,2,2,2,2,2,1,1,1,2,,,,,,,,1,1,,43,3,4,1,,,,,,,
12/19/25 13:02,12/19/25 13:30,0,50.39.186.123,100,1722,1,12/19/25 13:30,R_69v7UGf9iT5HM2C,,,,,45.4501,-122.868,anonymous,EN,2,2,3,3,2,2,2,1,2,3,2,3,2,3,3,1,3,3,3,2,2,3,2,2,3,2,3,3,2,4,4,3,3,3,3,4,3,3,2,3,3,3,2,3,3,2,3,2,3,3,3,3,2,3,3,1,4,3,3,2,2,3,2,4,2,3,3,2,4,3,2,3,3,1,2,2,1,3,4,3,2,2,3,2,2,2,2,3,2,2,2,2,2,1,2,2,2,2,3,3,3,2,2,3,2,1,4,5,4,5,5,3,5,4,2,5,2,5,5,5,2,4,3,6,3,4,3,5,5,4,3,3,5,2,4,3,5,4,5,3,5,3,5,3,4,4,5,5,6,5,3,2,2,3,3,2,2,3,3,2,3,2,2,1,2,1,2,3,2,3,2,3,1,3,3,2,2,3,1,2,2,3,2,2,3,2,1,3,2,3,2,3,3,3,2,3,3,2,2,3,2,3,2,2,3,3,4,3,3,3,3,3,3,3,3,2,2,2,2,1,Teacher,3,3,4,3,3,3,3,2,3,3,2,2,2,3,3,1,3,3,4,3,2,1,3,3,3,3,3,3,3,3,2,,,,,,,,1,1,,33,2,7,1,,,,,,,
12/19/25 13:12,12/19/25 13:31,0,68.96.38.128,100,1197,1,12/19/25 13:31,R_3OT16urX5UZEELM,,,,,30.0521,-89.9584,anonymous,EN,5,4,5,5,5,5,4,4,5,1,4,2,4,1,1,2,3,1,2,3,1,1,4,3,1,3,3,2,3,2,4,4,3,1,1,4,4,5,1,4,3,3,2,1,1,1,4,3,1,4,4,4,3,4,4,4,4,1,2,2,1,1,4,5,3,3,3,4,1,1,3,1,2,3,1,4,4,3,3,3,4,4,3,1,4,4,1,1,1,1,1,1,1,2,2,2,1,1,1,2,5,1,2,1,2,1,1,5,1,3,2,5,4,5,3,1,6,2,5,3,6,1,3,1,3,4,5,4,2,3,6,6,4,5,5,5,5,2,5,4,5,4,1,4,4,4,4,1,1,1,4,2,3,3,2,1,3,2,2,1,2,2,3,3,1,3,1,2,3,3,2,3,2,2,3,3,3,2,2,2,1,3,3,1,2,3,3,3,3,1,3,2,1,1,3,3,4,3,3,3,4,3,4,3,3,4,4,3,4,4,4,3,4,3,3,3,3,3,3,1,aunt,4,4,4,4,4,4,4,4,3,2,3,2,2,2,2,2,3,3,4,4,3,1,3,3,3,3,3,3,3,3,1,cousin,4,4,4,4,4,4,2,5,,25,3,7,1,,,,,,,
12/19/25 13:04,12/19/25 13:32,0,104.11.74.106,100,1640,1,12/19/25 13:32,R_10ZiACPbmxcWAEM,,,,,32.691,-97.1918,anonymous,EN,4,5,2,3,5,5,4,4,5,5,3,1,3,2,1,3,3,1,3,3,2,2,3,3,2,4,3,2,4,1,2,1,5,3,3,1,3,2,3,2,5,1,5,5,5,5,3,5,5,1,1,1,3,2,2,5,5,5,1,4,5,5,5,3,5,5,4,4,1,1,4,1,1,3,1,4,4,1,1,1,4,4,1,1,4,4,1,1,1,1,2,1,1,1,1,1,1,1,1,2,1,1,2,1,2,3,6,4,6,6,3,6,3,1,5,4,6,6,3,4,6,6,3,6,3,3,3,4,5,3,5,3,4,6,4,1,4,1,4,6,4,5,4,2,6,3,3,6,6,6,2,2,2,3,3,2,3,2,2,1,3,2,3,1,1,2,1,3,3,2,2,2,2,2,3,1,2,3,1,1,3,2,3,1,3,2,1,2,3,1,3,3,3,3,2,4,4,4,4,4,4,4,4,4,4,4,4,3,4,4,4,4,4,4,4,4,4,4,4,1,teacher,4,4,4,4,4,4,4,4,4,4,4,4,4,4,4,4,4,4,4,4,4,1,3,3,3,3,3,2,3,3,1,teacher,4,4,4,3,4,3,2,5,,38,6,6,1,,,,,,,
12/19/25 13:17,12/19/25 13:32,0,99.183.215.134,100,868,1,12/19/25 13:32,R_7GKum2FdimGf4SD,,,,,38.3698,-90.3785,anonymous,EN,5,5,4,4,4,5,4,5,5,5,4,3,4,1,1,4,3,1,3,4,2,1,4,2,1,4,1,2,4,2,5,5,2,2,1,4,3,5,2,5,1,1,3,2,1,1,5,4,1,4,1,5,1,5,1,4,1,1,1,1,1,1,1,4,1,2,4,4,1,2,4,1,1,4,1,4,4,1,2,1,4,4,2,1,4,4,1,1,1,1,1,1,1,1,1,1,1,1,1,1,1,1,1,1,1,1,1,3,2,4,4,6,5,6,6,4,6,3,2,3,5,1,4,3,4,5,6,2,2,6,6,4,2,5,2,4,4,5,2,1,2,6,2,4,6,4,3,2,2,2,5,1,2,2,2,2,1,2,2,1,2,2,1,1,1,1,2,1,1,1,2,1,1,3,2,1,1,1,1,2,2,1,1,3,3,2,1,1,1,2,1,2,3,2,1,4,2,3,2,2,1,1,1,4,2,4,4,3,3,4,4,4,4,4,4,4,4,4,4,1,aunt,4,4,4,4,2,3,2,4,2,2,2,1,1,4,4,3,2,4,3,4,4,1,4,4,4,4,4,4,4,4,1,aunt,4,3,4,2,3,3,2,5,,53,6,7,1,,,,,,,
12/19/25 13:12,12/19/25 13:33,0,50.222.131.50,100,1256,1,12/19/25 13:33,R_31aNpJsJat5f22x,,,,,29.8284,-95.4696,anonymous,EN,4,4,3,3,5,5,5,5,5,5,3,1,3,1,1,3,4,1,1,4,1,1,4,4,1,3,1,1,4,1,1,1,5,5,5,1,1,1,5,1,5,5,3,5,5,5,1,4,5,3,5,1,5,1,5,4,5,5,5,5,5,5,5,1,5,5,4,4,1,1,4,1,1,3,1,4,4,1,1,1,4,3,1,1,4,4,1,1,1,1,1,1,1,1,1,1,1,1,1,1,1,1,1,1,1,1,1,1,1,5,3,1,4,1,1,1,4,3,3,2,3,1,1,3,1,4,5,1,1,6,3,1,1,5,1,4,1,3,1,1,1,3,1,1,1,4,1,4,1,1,4,1,1,1,1,1,1,1,1,1,1,1,1,1,1,1,1,1,1,1,1,1,1,1,1,1,1,1,1,1,1,1,1,1,1,1,1,1,1,1,1,1,1,1,1,3,3,3,3,4,4,3,3,3,4,4,4,3,4,4,4,4,4,3,3,3,3,3,3,1,Aunt,4,4,4,4,4,4,4,4,3,3,3,3,3,3,3,2,4,4,4,4,4,2,,,,,,,,,2,,,,,,,,1,1,,40,3,7,1,,,,,,,
12/19/25 13:03,12/19/25 13:34,0,97.187.31.74,100,1816,1,12/19/25 13:34,R_6E5hg70ilPgvHmC,,,,,38.4998,-90.465,anonymous,EN,4,4,3,2,3,2,3,2,3,4,1,3,1,4,4,1,1,4,1,1,3,1,1,1,4,1,3,3,2,3,4,1,3,5,2,1,2,1,4,2,5,5,1,4,5,1,2,1,2,3,5,4,2,1,5,3,5,1,5,2,1,5,1,3,3,1,2,2,2,1,1,3,3,1,3,2,3,2,2,1,3,1,2,3,1,1,4,4,3,4,2,4,3,3,2,2,4,1,4,4,2,3,4,1,4,4,1,1,1,1,4,2,2,4,1,3,6,4,1,1,1,2,4,2,4,1,1,5,1,1,1,2,2,1,1,4,5,1,1,1,1,4,1,1,4,1,2,1,4,1,1,1,2,3,1,3,1,1,2,1,3,1,3,1,3,2,3,1,2,1,3,3,1,1,3,1,1,2,1,1,2,2,3,3,3,3,2,3,2,3,3,3,2,2,3,3,4,4,4,4,4,4,3,4,4,4,4,4,,,,,,,,,,,,1,Neighbor,3,3,3,2,1,1,1,4,1,1,4,1,1,1,3,4,4,4,3,4,4,1,4,4,4,4,3,3,3,3,1,neighbor,4,4,4,3,3,4,2,5,,58,6,9,1,,,,,,,
12/19/25 13:13,12/19/25 13:34,0,73.209.38.210,100,1259,1,12/19/25 13:34,R_3fuKrbOKXRZRxUK,,,,,41.7405,-87.6587,anonymous,EN,5,5,5,5,5,4,5,5,5,5,4,1,4,1,1,3,4,1,1,4,2,1,4,4,1,4,1,1,4,1,1,1,5,5,5,1,1,1,5,1,5,5,5,5,5,5,3,5,5,1,5,1,5,1,5,5,5,5,5,5,5,5,5,1,5,5,4,4,1,1,4,1,1,4,1,4,4,1,1,1,4,4,1,1,4,4,1,1,2,1,1,4,1,1,1,1,1,1,1,1,7,1,4,1,1,1,1,6,3,5,1,6,6,4,4,1,6,1,1,1,6,1,6,5,5,6,6,1,2,6,5,4,1,6,1,4,2,4,1,1,1,6,1,4,6,5,5,1,5,4,5,1,1,1,2,1,1,1,1,1,1,1,1,1,1,1,1,1,2,1,1,1,1,1,2,1,1,1,1,1,1,1,2,1,1,1,1,1,1,1,1,1,1,1,1,4,4,4,3,4,4,3,3,3,4,4,4,3,4,4,4,4,4,2,4,3,3,3,4,2,,,,,,,,,,4,4,4,4,4,3,3,4,4,4,4,4,4,1,3,3,4,3,3,3,3,3,1,Neighbor,3,3,4,4,4,4,1,1,,53,3,8,1,,,,,,,
12/19/25 13:11,12/19/25 13:34,0,67.101.113.225,100,1368,1,12/19/25 13:34,R_3IsCrvMAkE9o8RL,,,,,37.751,-97.822,anonymous,EN,5,5,4,5,5,4,5,5,4,5,4,2,4,2,1,4,4,4,2,4,1,1,4,4,1,4,2,1,4,1,1,1,5,5,5,1,1,1,5,1,5,5,5,5,5,3,2,2,5,1,3,2,5,2,4,3,5,5,4,5,4,5,4,5,5,5,4,4,1,1,4,2,2,4,1,3,4,1,1,1,1,3,1,1,4,4,1,1,1,1,1,1,1,1,1,1,1,1,1,1,1,2,1,2,1,1,2,5,5,6,6,5,6,5,4,5,5,5,4,5,4,5,5,5,5,5,5,5,4,6,4,5,6,5,5,6,6,6,6,6,5,4,5,6,5,6,5,6,6,5,6,1,1,2,1,1,1,1,2,1,1,1,1,1,1,1,1,1,1,1,1,1,1,1,1,1,1,1,1,1,3,2,3,2,2,2,1,2,1,2,1,1,1,2,1,3,3,4,3,3,4,3,2,4,3,2,3,3,4,3,4,3,4,4,2,4,3,4,4,2,,,,,,,,,,4,4,4,4,4,4,4,3,4,4,4,4,4,1,4,4,4,4,2,4,4,4,2,,,,,,,,2,5,,59,6,8,1,,,,,,,
12/19/25 13:04,12/19/25 13:34,0,174.82.194.80,100,1845,1,12/19/25 13:34,R_7js8RGzWTYN6bNm,,,,,44.6615,-90.179,anonymous,EN,4,4,2,3,4,4,5,1,3,3,1,4,3,3,1,1,2,1,1,1,2,1,3,4,1,1,1,3,3,2,4,1,1,1,1,2,4,2,1,4,4,4,3,1,1,1,4,3,1,5,1,4,4,3,1,4,3,3,3,2,1,1,4,1,1,2,4,4,1,1,4,1,1,4,1,4,3,1,1,1,4,4,1,1,3,4,2,2,1,2,1,2,1,3,1,1,3,1,1,2,5,1,5,1,2,2,3,4,5,4,5,6,4,6,6,4,5,5,4,5,5,6,2,4,3,5,5,3,4,5,5,5,5,5,6,4,5,5,4,3,5,5,6,5,4,5,4,6,1,5,5,1,3,3,1,2,1,3,3,2,3,2,1,1,1,1,1,1,3,2,1,1,3,3,3,1,1,3,1,3,3,3,3,1,3,3,3,3,1,1,1,3,3,3,3,4,4,4,2,4,3,4,4,2,4,4,4,4,,,,,,,,,,,,1,grandma,4,4,4,4,4,3,4,4,4,4,4,1,4,4,4,2,4,4,4,4,4,1,4,4,4,4,4,4,3,4,1,grandma,4,4,4,4,4,4,1,1,,40,2,7,1,,,,,,,
12/19/25 13:11,12/19/25 13:35,0,71.64.9.47,100,1430,1,12/19/25 13:35,R_5MicnSUMtsbO3tA,,,,,41.2879,-84.3555,anonymous,EN,4,5,3,5,5,5,4,3,4,3,2,3,2,3,2,2,4,2,3,2,2,2,3,2,2,2,3,3,3,1,1,3,4,5,5,2,4,2,4,5,4,4,1,5,5,3,2,2,4,1,4,1,4,1,5,3,5,5,5,3,3,4,2,2,3,4,3,4,3,3,2,3,1,2,1,3,3,1,1,1,4,2,1,2,3,2,2,3,2,3,2,2,2,3,2,2,3,2,2,3,5,3,3,3,2,3,4,1,1,5,4,4,3,1,3,1,5,4,2,3,5,3,4,3,6,6,4,3,3,5,5,4,1,6,1,4,3,1,1,5,1,4,4,6,5,6,3,1,2,1,3,1,3,3,3,2,2,1,3,1,3,3,1,1,3,1,1,1,3,1,1,3,3,3,3,3,1,1,1,3,2,3,2,1,3,2,2,3,1,3,1,3,3,2,2,4,4,4,4,4,4,4,4,4,4,4,4,3,4,4,4,4,4,4,4,4,4,4,4,1,Mother,4,4,4,4,4,4,4,4,4,4,4,4,4,4,4,4,4,4,4,4,4,1,4,4,4,4,4,4,4,4,1,mom,4,4,4,4,4,4,2,5,,38,7,7,1,,,,,,,
12/19/25 13:19,12/19/25 13:36,0,75.118.81.58,100,997,1,12/19/25 13:36,R_7QJGGxRuZF7b80V,,,,,40.0818,-82.9665,anonymous,EN,3,4,2,4,3,3,3,2,3,3,2,3,2,3,3,2,2,3,4,1,2,4,1,2,3,1,4,4,2,2,4,4,3,3,3,4,4,3,2,3,2,2,2,4,2,2,4,2,3,3,2,4,2,2,2,3,4,2,2,2,4,4,2,3,2,2,3,3,2,1,3,1,1,3,1,3,2,1,1,1,3,2,1,1,3,2,2,3,3,2,2,1,3,3,1,1,2,1,2,3,3,1,1,1,2,1,5,2,4,6,4,4,2,4,3,4,3,6,4,4,2,5,4,6,4,2,2,4,2,2,3,4,5,2,5,1,3,1,4,3,4,4,4,4,4,2,3,6,4,5,2,2,2,3,3,2,2,2,3,1,3,2,1,2,2,1,1,3,3,2,1,3,3,3,3,3,1,3,1,3,1,2,3,3,3,3,3,3,3,3,2,3,3,3,2,2,1,1,1,4,2,1,2,2,3,3,4,3,4,4,4,4,3,1,2,2,2,2,3,2,,,,,,,,,,1,1,1,1,1,1,1,1,3,4,4,4,1,1,4,3,3,4,2,1,1,1,2,,,,,,,,1,1,,31,6,7,1,,,,,,,
12/19/25 13:05,12/19/25 13:36,0,66.235.0.185,100,1860,1,12/19/25 13:36,R_5kH6eAO4CsE2TiI,,,,,47.6451,-122.0425,anonymous,EN,4,4,2,3,3,4,4,4,3,3,3,2,3,2,3,2,3,2,3,3,1,3,4,1,2,3,1,3,4,3,3,3,5,4,5,2,1,3,5,3,5,5,2,5,4,5,2,3,5,2,5,2,5,1,5,2,5,5,5,5,5,5,5,3,5,4,4,4,1,1,4,1,1,4,1,4,3,1,1,2,4,4,1,1,4,4,1,2,2,1,1,1,1,1,1,1,1,2,1,2,3,1,1,1,2,1,3,5,4,3,1,2,4,1,2,1,4,4,2,2,5,4,4,2,5,3,4,1,3,3,2,4,1,5,1,4,1,3,2,4,2,4,1,2,4,3,1,2,1,3,4,1,1,1,1,2,1,1,2,1,1,1,1,1,2,1,1,1,2,1,1,2,1,2,2,1,1,2,1,1,2,1,1,1,3,2,1,1,1,1,1,1,1,2,1,4,4,4,4,3,4,4,4,4,4,4,4,3,3,4,4,4,4,4,4,4,4,4,4,1,"Many: Coaches, teachers, family",4,4,4,4,4,4,4,4,4,4,4,4,4,4,4,4,4,4,4,4,4,1,4,4,4,4,4,4,4,4,1,Coach,4,4,4,4,4,4,1,"1,17",,38,6,6,1,,,,,,,
12/19/25 13:20,12/19/25 13:36,0,75.90.118.250,100,964,1,12/19/25 13:36,R_5hAcMMn95o28fkN,,,,,38.6826,-84.0658,anonymous,EN,5,5,4,5,4,5,5,5,5,4,4,1,4,3,1,4,4,2,3,4,1,1,4,4,1,4,1,2,4,1,5,5,1,1,1,3,5,5,1,5,1,1,1,1,3,1,5,3,1,5,1,5,1,5,1,1,1,1,1,1,1,1,1,5,2,2,4,4,1,1,4,1,1,4,1,4,4,1,1,1,4,4,1,1,4,4,1,1,1,1,1,1,1,1,1,1,1,1,1,1,1,1,1,1,1,1,2,6,6,6,6,6,5,4,6,5,5,6,6,6,4,5,5,6,6,5,6,4,6,6,6,4,6,4,6,5,6,6,6,5,6,6,6,6,6,5,6,6,6,6,6,1,1,3,3,1,1,1,1,1,3,1,1,1,1,1,1,1,1,1,1,2,1,2,3,1,1,1,1,1,2,3,1,2,2,3,1,1,1,1,1,3,2,1,2,4,4,4,4,4,4,4,4,4,4,4,4,3,4,4,4,4,4,4,4,4,4,4,4,1,Grandmother,4,4,4,4,4,4,4,4,4,4,4,4,4,4,4,4,4,4,4,4,4,1,4,4,4,4,4,4,4,4,1,Grandfather,4,4,4,4,4,4,2,5,,63,6,6,1,,,,,,,
12/19/25 13:07,12/19/25 13:37,0,35.147.84.16,100,1778,1,12/19/25 13:37,R_78BV59tWjEgcgBl,,,,,29.4247,-98.4621,anonymous,EN,4,3,4,4,5,5,4,5,5,4,4,3,4,4,1,1,4,2,2,4,2,2,3,3,1,4,2,2,4,1,1,1,5,5,5,1,1,1,5,1,3,5,5,5,5,4,1,4,4,2,3,1,4,1,2,4,4,5,2,5,5,5,4,1,5,3,4,4,1,1,4,1,1,3,1,4,4,1,1,1,4,4,1,1,4,4,1,1,1,1,2,1,1,2,3,2,2,1,1,2,3,2,2,1,2,2,1,1,4,6,6,6,6,6,6,4,6,1,3,4,2,2,6,5,5,6,6,6,5,5,3,4,5,2,5,5,2,6,6,1,6,6,5,3,5,5,2,5,2,4,5,3,2,3,3,1,2,2,2,1,3,1,3,2,1,2,2,2,3,3,3,2,3,2,3,1,2,1,1,2,3,3,3,3,3,3,1,3,3,3,1,2,2,2,3,4,4,4,3,4,4,4,4,4,3,4,4,3,2,3,3,3,4,3,4,3,3,3,3,1,My Mother,4,4,4,4,4,4,4,4,4,4,4,4,4,4,4,3,4,4,3,4,4,1,4,3,4,4,3,4,4,3,1,My sister,4,4,4,4,3,4,2,5,,38,3,3,1,,,,,,,
12/19/25 13:27,12/19/25 13:37,0,162.84.190.42,100,618,1,12/19/25 13:37,R_5dMtq059eWSyiVi,,,,,40.694,-73.9901,anonymous,EN,4,5,4,3,4,5,4,1,4,3,3,2,4,3,2,2,4,2,1,4,2,4,1,2,4,2,2,4,2,3,5,2,1,2,3,5,2,3,2,5,1,1,2,2,3,1,3,1,2,4,2,2,2,4,2,1,2,2,1,1,3,1,2,2,3,1,3,2,3,2,3,1,2,3,4,4,3,4,1,3,4,2,4,3,2,4,2,1,2,2,3,3,3,4,3,2,1,4,1,1,2,1,1,1,1,2,6,4,6,6,5,3,5,3,5,3,4,3,2,2,6,3,2,3,4,2,5,2,4,6,1,3,4,2,2,4,2,4,2,4,3,2,2,2,4,2,2,2,3,5,4,2,1,2,1,2,1,3,3,1,2,1,3,1,3,1,3,1,1,1,1,2,2,3,2,2,2,2,2,2,2,2,2,2,2,2,2,3,1,3,1,1,1,3,2,4,4,4,4,4,4,4,4,4,4,4,4,3,4,4,4,4,4,4,4,4,4,4,4,1,Father and Coach,4,4,4,4,4,4,4,4,4,4,4,4,4,4,4,4,4,4,4,4,4,1,4,4,4,4,4,4,4,4,1,Friend,4,4,4,4,4,4,1,1,,35,4,7,1,,,,,,,
12/19/25 13:27,12/19/25 13:37,0,47.184.67.115,100,641,1,12/19/25 13:37,R_6MyBz33HrhOY1HU,,,,,33.238,-97.1134,anonymous,EN,5,5,5,5,5,5,5,5,5,5,3,2,3,1,1,3,3,1,1,3,1,1,3,3,1,3,1,1,3,1,1,1,4,5,5,1,1,1,5,1,5,5,3,5,5,5,1,4,5,2,5,1,5,1,5,4,5,5,5,5,5,5,5,1,4,4,4,4,1,1,4,1,1,4,1,4,4,1,1,1,4,4,1,1,4,4,2,1,1,2,1,1,1,1,1,1,2,1,1,2,2,1,2,1,2,1,1,4,1,2,2,6,5,6,5,1,6,4,2,1,6,1,3,1,5,5,5,2,4,5,5,6,3,6,2,6,3,6,2,1,2,6,1,2,6,3,3,2,2,1,3,1,2,2,1,2,1,1,1,1,1,1,1,1,1,1,1,1,2,1,2,2,1,1,2,1,1,1,1,1,2,2,1,2,2,2,1,1,1,1,1,1,1,1,1,4,4,4,4,4,4,4,4,4,4,4,4,3,2,4,4,3,4,4,4,4,4,4,4,1,Father,4,4,4,4,4,4,4,4,4,4,4,4,4,4,4,4,4,4,4,4,4,1,3,4,4,4,4,4,4,4,2,,,,,,,,2,"7,8",,24,6,8,1,,,,,,,
12/19/25 13:13,12/19/25 13:38,0,68.47.62.92,100,1541,1,12/19/25 13:38,R_7AMgiNEroUwOQSp,,,,,44.8349,-93.2814,anonymous,EN,4,4,4,3,4,4,4,3,4,4,2,4,3,2,1,2,2,3,2,3,2,1,3,3,1,2,2,1,3,3,1,1,4,5,5,2,1,1,5,1,4,4,4,5,5,4,1,4,4,1,4,2,5,2,4,3,4,4,4,3,3,5,3,2,4,3,2,3,4,4,2,3,4,2,3,2,3,3,1,2,2,2,4,2,3,2,2,2,2,1,1,1,1,2,2,2,1,2,1,2,3,2,2,1,2,2,1,4,4,5,4,3,5,4,5,3,4,5,4,3,4,2,3,3,3,4,5,3,4,4,4,4,3,4,3,4,4,4,4,2,2,3,2,3,3,5,4,4,2,3,4,1,1,2,1,1,1,2,2,1,2,1,1,1,1,1,1,1,2,1,1,3,3,2,3,1,1,1,1,1,2,2,1,2,1,3,1,2,1,2,1,1,1,1,3,4,4,4,4,4,4,4,3,4,4,4,4,3,4,4,4,3,4,4,3,3,3,4,4,1,Great aunt,4,4,4,4,4,4,4,4,4,4,4,4,4,4,4,4,4,4,4,4,4,1,3,3,3,3,3,3,3,3,1,Brother,4,4,4,4,4,4,2,5,,38,3,9,1,,,,,,,
12/19/25 13:19,12/19/25 13:38,0,76.185.168.205,100,1177,1,12/19/25 13:38,R_6FljsiOiLvUYcpT,,,,,29.4247,-98.4621,anonymous,EN,2,2,5,3,2,2,4,2,2,1,2,3,2,4,4,3,3,2,4,2,2,2,1,3,3,2,2,4,2,2,3,4,1,3,2,2,3,3,1,1,2,1,3,4,4,4,1,3,3,3,1,3,4,3,1,3,3,4,1,2,3,3,3,2,3,1,4,4,1,1,4,1,4,4,3,4,1,4,4,4,4,4,4,4,4,4,3,3,4,4,4,3,3,1,1,4,4,2,3,3,4,3,4,2,2,2,6,6,6,6,5,5,6,6,4,4,4,4,4,5,3,4,4,5,5,4,4,5,6,6,6,6,6,1,4,5,5,6,6,6,6,5,6,5,4,5,5,5,2,3,5,2,3,3,3,3,1,3,3,3,3,3,1,1,2,1,3,3,1,2,3,3,3,3,3,3,1,3,1,3,3,3,3,3,3,3,3,2,3,3,3,3,3,3,3,4,4,4,4,4,4,3,3,2,4,4,4,3,4,4,4,4,4,4,4,4,4,4,4,2,,,,,,,,,,4,4,4,4,4,4,4,1,4,4,4,4,1,1,4,4,4,4,4,4,4,4,2,,,,,,,,1,1,,33,4,3,1,,,,,,,
12/19/25 13:17,12/19/25 13:39,0,35.147.55.143,100,1322,1,12/19/25 13:39,R_3saQxtSJjnx77lE,,,,,29.4614,-98.7468,anonymous,EN,4,4,5,4,4,4,4,2,3,3,2,3,2,4,4,1,2,3,4,2,4,3,2,2,3,1,4,4,3,4,1,1,1,5,3,1,1,1,1,3,1,1,1,3,2,1,3,1,3,4,1,2,1,2,1,1,4,3,1,1,3,5,1,1,1,1,3,2,3,3,2,2,4,2,1,2,2,2,2,2,2,2,3,2,3,2,3,2,4,3,4,3,3,3,1,3,4,3,2,2,2,3,1,3,3,2,4,5,4,6,4,6,6,4,5,5,4,6,4,4,4,4,6,6,6,5,3,3,4,4,6,6,6,6,6,6,4,4,6,3,6,6,4,2,6,4,6,6,6,6,2,2,1,3,1,2,3,1,3,2,3,1,2,1,1,2,2,3,3,2,1,3,3,3,3,1,1,2,1,3,2,3,3,2,3,3,2,3,3,3,2,3,3,2,3,2,2,1,1,1,1,1,1,1,1,1,1,3,3,3,3,3,3,1,2,1,1,1,2,2,,,,,,,,,,1,1,1,1,1,1,1,1,1,1,1,1,1,2,,,,,,,,,2,,,,,,,,2,5,,37,3,3,1,,,,,,,
12/19/25 13:19,12/19/25 13:39,0,174.228.226.182,100,1199,1,12/19/25 13:39,R_6jfHfWTfdfIl8mB,,,,,39.7077,-75.1139,anonymous,EN,3,3,4,3,3,4,3,2,3,4,2,3,1,2,3,3,3,3,3,2,3,3,2,2,3,2,3,3,2,2,4,2,4,5,3,2,2,3,3,2,4,3,4,5,4,4,4,4,5,2,4,3,4,1,3,3,4,4,4,4,4,5,4,2,3,4,4,3,2,2,4,2,2,3,2,3,2,2,3,3,2,3,3,3,3,3,2,2,3,1,2,2,2,3,1,1,1,2,2,1,1,1,3,1,1,2,5,4,4,4,5,3,4,2,2,5,2,4,4,4,2,3,4,5,3,4,5,2,4,5,5,3,5,2,5,3,2,3,4,5,4,3,4,4,2,4,5,5,4,5,5,1,1,2,3,3,1,2,3,2,3,1,2,2,2,1,2,2,3,2,2,2,2,3,2,1,2,3,1,2,2,3,2,2,3,2,1,3,2,3,1,3,3,3,2,3,3,3,3,3,4,3,3,3,3,4,3,3,3,4,4,4,4,3,3,3,4,3,4,1,Teacher,3,4,4,4,2,3,3,3,3,2,2,2,3,4,3,3,3,4,3,3,4,1,3,4,3,4,3,3,3,3,1,Coach,3,4,4,2,3,2,1,1,,40,4,8,1,,,,,,,
12/19/25 13:29,12/19/25 13:39,0,174.55.108.181,100,629,1,12/19/25 13:39,R_3ZK2OZZeOZsf9hV,,,,,41.1397,-77.443,anonymous,EN,5,4,5,4,5,4,4,5,5,5,3,1,2,3,2,4,4,3,2,3,2,2,3,4,2,2,2,1,4,1,3,3,5,4,4,3,2,3,4,3,4,3,5,5,4,4,2,5,5,1,3,2,3,1,4,5,5,4,3,3,3,5,5,2,3,4,3,4,1,1,4,1,1,4,1,4,3,1,2,1,4,3,2,1,4,3,1,1,1,1,1,1,1,1,1,1,1,1,1,1,2,1,2,1,1,1,4,5,5,6,6,3,5,4,4,6,4,6,5,4,4,5,3,5,3,2,2,3,3,2,4,3,5,2,6,2,3,2,6,5,4,3,3,2,3,1,2,6,4,3,3,1,2,2,3,1,1,1,2,1,1,2,1,1,2,1,1,1,1,1,1,2,1,2,2,1,1,1,1,1,1,2,1,1,1,2,1,2,1,1,1,2,1,1,2,3,2,2,2,4,4,4,4,3,4,4,4,3,3,4,4,4,4,4,4,4,4,3,4,1,aunt,4,4,4,4,3,4,3,3,2,3,2,2,2,4,4,3,4,4,4,4,4,1,4,4,4,4,4,3,4,4,1,aunt,3,4,4,3,4,4,1,1,,41,6,7,1,,,,,,,
12/19/25 13:28,12/19/25 13:39,0,74.80.146.15,100,679,1,12/19/25 13:39,R_6UhB0Q43cf1z0mG,,,,,37.751,-97.822,anonymous,EN,4,3,4,4,3,4,4,3,3,3,3,1,4,4,1,2,3,2,1,4,1,4,1,4,1,4,2,1,4,1,1,1,4,4,4,4,3,2,1,1,4,4,2,5,5,4,4,4,5,3,5,5,5,5,5,5,4,4,5,4,3,5,5,3,5,5,3,3,2,2,3,1,2,3,1,3,3,2,1,2,3,3,2,1,3,3,1,1,1,1,1,1,1,1,1,1,1,1,1,1,1,1,1,1,1,1,5,5,2,5,5,3,5,4,5,5,5,3,5,5,1,4,1,4,5,2,4,2,3,4,2,4,3,4,4,3,3,1,3,3,4,3,1,3,1,3,3,1,4,1,3,1,1,1,1,1,1,2,1,1,1,2,1,1,1,1,1,1,1,1,1,1,1,2,1,1,1,1,1,1,1,1,1,1,1,2,1,1,1,1,1,1,1,2,1,4,4,4,3,3,3,4,4,4,3,3,2,3,3,3,3,2,3,3,3,3,3,3,4,1,My grandparent,4,3,4,4,3,4,3,4,4,4,4,3,4,4,3,4,4,3,4,4,4,1,4,2,3,3,3,4,3,4,1,My teacher,3,4,4,3,4,4,1,1,,25,6,7,1,,,,,,,
12/19/25 13:08,12/19/25 13:39,0,74.132.44.203,100,1856,1,12/19/25 13:39,R_5t0J3hR7e8sCcZb,,,,,39.4347,-84.6208,anonymous,EN,3,4,2,2,1,4,2,1,3,2,2,3,1,4,4,3,3,2,4,1,2,4,1,2,4,1,4,4,3,4,4,5,3,1,1,5,5,4,1,4,3,2,5,2,5,5,4,5,2,3,3,4,5,5,3,5,1,1,4,5,5,1,5,4,5,4,3,2,3,3,1,2,4,1,1,3,1,2,1,2,3,1,3,1,3,2,3,3,4,3,2,2,4,3,1,2,3,2,3,3,5,2,3,3,2,1,5,1,3,6,6,5,4,4,4,2,3,6,2,4,2,6,5,6,5,4,1,4,2,5,4,5,4,3,5,6,2,6,5,6,5,5,4,5,4,1,5,6,5,6,2,1,2,2,1,3,1,2,3,2,2,2,1,2,3,1,1,2,3,2,1,3,1,3,3,1,1,2,1,3,2,2,1,2,2,3,1,3,2,3,1,3,3,2,3,2,4,3,1,1,3,4,1,2,4,4,3,3,4,4,4,4,4,4,3,4,4,4,4,2,,,,,,,,,,2,1,1,1,1,2,2,1,4,4,4,4,3,1,4,4,4,4,4,4,4,4,1,teacher,4,4,4,4,3,3,1,1,,45,6,3,1,,,,,,,
12/19/25 13:29,12/19/25 13:40,0,68.103.131.209,100,664,1,12/19/25 13:40,R_3MzmeVGovDu5mQY,,,,,38.3746,-97.673,anonymous,EN,4,5,3,4,4,5,5,4,4,5,3,1,4,2,1,4,4,2,2,4,2,2,4,4,1,4,2,2,4,1,4,5,2,1,1,5,4,4,1,3,2,2,1,2,2,1,4,2,2,4,2,5,2,4,2,2,2,2,1,2,2,1,2,4,2,2,4,4,1,2,3,1,1,4,1,3,3,1,2,1,4,4,2,1,3,4,1,1,1,1,1,1,1,1,1,1,1,1,1,1,1,1,1,1,1,1,4,5,4,6,5,3,4,4,4,5,4,6,5,5,6,3,5,5,4,4,5,6,5,4,5,4,6,5,5,3,4,5,6,3,6,5,5,3,5,5,5,6,5,5,4,1,2,3,3,1,1,1,2,1,2,1,2,1,1,1,1,1,2,2,1,1,1,1,1,1,1,3,1,1,1,2,1,1,3,2,1,1,1,2,1,3,3,2,1,1,1,1,1,1,1,1,1,1,1,1,1,4,,,,,,,,,,,,2,,,,,,,,,,1,1,1,1,1,1,1,1,1,1,1,1,1,2,,,,,,,,,2,,,,,,,,2,5,,42,6,4,1,,,,,,,
12/19/25 13:16,12/19/25 13:41,0,67.8.53.244,100,1486,1,12/19/25 13:41,R_510oQdiNlm6eZWL,,,,,28.3939,-81.4216,anonymous,EN,3,4,2,4,3,4,3,2,4,3,3,2,3,2,1,3,3,2,3,3,2,2,3,3,2,3,3,2,3,1,2,2,4,4,4,2,2,2,3,2,4,5,3,4,4,4,2,3,4,2,4,2,4,2,4,3,4,4,4,4,4,4,3,2,3,3,3,3,1,2,3,1,2,3,1,3,3,1,1,1,3,3,2,1,4,3,1,1,1,2,1,1,1,1,1,2,2,1,1,1,3,2,2,1,1,2,5,4,5,5,5,4,4,5,5,5,4,6,5,5,3,5,5,5,4,5,5,4,5,4,4,5,5,3,5,5,4,5,4,4,5,4,4,4,5,4,5,5,5,5,4,2,3,3,1,2,1,1,1,1,2,1,1,1,1,1,2,1,3,2,1,2,2,2,2,1,1,2,1,1,3,2,1,2,2,2,1,2,1,2,2,2,2,2,2,4,4,4,4,4,3,3,4,4,4,4,4,3,3,3,3,3,3,2,3,2,2,3,3,1,My mother,4,4,4,4,4,4,4,4,4,4,4,4,3,3,4,4,4,4,4,4,4,1,3,3,3,3,3,3,3,3,1,My sister,4,4,4,4,4,4,2,5,,50,3,6,1,,,,,,,
12/19/25 13:23,12/19/25 13:42,0,97.165.134.8,100,1144,1,12/19/25 13:42,R_6IiRWy11KcaeTHw,,,,,39.7458,-75.581,anonymous,EN,4,4,4,4,4,4,4,4,4,4,3,2,3,3,2,2,3,3,2,3,1,2,3,3,1,2,2,2,3,2,2,2,2,4,4,2,2,2,2,2,3,5,5,5,5,5,2,5,5,2,5,1,5,1,5,4,5,5,5,5,5,5,5,2,5,4,4,4,2,2,3,2,4,3,2,2,3,3,2,2,2,2,2,1,3,2,2,2,2,2,2,1,1,1,1,2,2,1,1,2,1,2,1,1,2,1,4,5,5,3,5,4,5,2,3,2,4,3,3,3,3,4,3,4,3,5,5,4,5,5,5,5,4,4,3,4,3,4,4,3,2,4,3,2,4,5,3,3,4,3,3,2,2,2,1,1,1,2,1,1,1,1,1,1,1,2,1,1,2,1,1,1,1,1,2,1,1,1,1,1,1,1,1,1,1,1,1,1,1,1,1,1,1,1,1,3,3,2,2,2,3,2,2,3,3,4,3,3,4,4,4,4,4,4,4,4,4,4,4,1,Father,4,4,4,4,3,3,3,4,2,2,2,2,4,2,2,4,4,4,4,4,4,1,4,4,4,4,4,4,4,4,1,Step mom,4,4,4,4,3,3,2,5,,33,3,6,1,,,,,,,
12/19/25 13:25,12/19/25 13:42,0,73.175.192.221,100,1054,1,12/19/25 13:42,R_6etpRPLVkpHlj3J,,,,,39.9649,-77.0086,anonymous,EN,5,4,3,4,4,4,4,4,4,5,3,2,3,3,2,4,4,2,1,3,1,2,4,3,2,3,1,2,3,2,2,2,5,5,4,2,1,2,4,3,4,5,3,5,3,3,2,3,5,2,4,3,4,1,5,3,5,3,4,3,3,5,3,4,3,3,4,4,1,1,4,1,1,3,1,4,3,1,1,1,4,4,1,1,4,3,2,2,2,2,2,1,2,2,1,1,2,1,2,2,1,1,1,1,2,1,5,3,4,6,5,5,3,3,3,4,3,4,4,4,3,4,5,5,5,3,2,2,2,3,4,4,4,3,4,2,2,2,4,4,4,4,4,3,4,2,3,4,4,4,2,2,1,2,2,2,1,2,2,1,2,1,1,1,2,1,1,1,2,1,1,2,1,2,2,1,1,2,1,1,3,2,1,1,2,2,1,3,1,2,1,2,1,2,1,3,4,4,3,4,4,3,4,2,4,4,4,3,4,4,4,4,4,3,3,3,3,3,4,2,,,,,,,,,,3,4,4,3,4,3,3,2,3,4,4,4,4,1,4,4,4,4,3,4,4,4,1,coach,4,4,4,3,3,3,1,1,,40,6,3,1,,,,,,,
12/19/25 13:23,12/19/25 13:43,0,24.220.25.170,100,1181,1,12/19/25 13:43,R_5Ry1j4uFaxv5R1q,,,,,37.751,-97.822,anonymous,EN,4,4,4,4,4,4,4,4,4,4,3,2,3,2,1,3,3,1,2,3,1,1,3,3,1,3,2,1,3,1,2,2,4,5,5,2,2,2,5,2,5,5,5,5,5,5,2,5,5,2,5,2,5,2,5,5,5,2,5,5,5,5,5,5,5,5,4,3,1,1,3,1,1,3,1,3,3,1,1,1,3,3,1,1,3,3,1,1,1,1,1,1,1,1,1,1,1,1,1,1,1,1,1,1,1,1,1,1,2,3,3,5,2,5,2,2,2,2,3,2,2,3,3,3,5,3,5,4,4,3,3,3,5,3,2,5,4,4,4,2,5,5,2,5,5,4,3,2,3,2,3,2,3,2,1,3,1,2,2,1,2,1,2,1,2,1,1,1,2,2,1,2,1,2,2,2,1,1,1,2,2,1,1,2,2,2,1,2,1,2,1,1,2,2,2,3,3,3,3,3,3,3,3,3,3,3,3,3,3,3,3,3,3,3,3,3,3,3,3,1,band teacher,4,4,4,4,4,4,4,4,4,4,4,4,4,4,4,4,4,4,4,4,4,1,4,4,4,4,4,4,4,4,1,band teacher,4,4,4,4,4,4,2,5,,42,6,8,1,,,,,,,
12/19/25 13:37,12/19/25 13:43,0,73.68.157.149,100,324,1,12/19/25 13:43,R_3uVuL2vJA6pdJsJ,,,,,41.8084,-71.337,anonymous,EN,3,2,2,5,3,2,2,3,5,5,2,3,2,3,2,2,3,3,2,2,4,4,3,3,2,2,3,3,3,3,3,2,1,1,2,3,3,4,3,2,3,3,2,2,3,3,4,4,3,3,3,3,3,3,3,2,4,4,5,3,2,2,2,2,3,5,2,2,2,2,3,2,2,2,1,1,4,4,2,2,1,2,3,2,3,1,1,2,1,2,2,1,2,3,4,3,2,2,2,2,1,2,2,3,2,2,3,3,3,2,2,3,4,5,3,2,2,5,2,3,1,4,3,3,3,3,3,3,3,2,2,2,5,4,4,4,4,4,4,3,2,1,2,3,4,4,4,1,2,2,5,1,2,1,1,3,3,3,3,1,2,2,2,2,2,2,3,3,1,1,2,1,2,2,2,2,3,3,2,2,1,2,1,1,2,2,2,1,3,3,2,1,1,2,2,2,2,3,2,2,1,1,1,1,2,2,2,3,2,2,3,2,3,3,2,2,1,3,4,1,dad,2,3,3,3,3,4,3,2,3,2,1,2,1,2,2,3,2,1,2,2,4,1,1,2,2,3,3,2,2,3,1,dad,3,2,1,1,2,3,1,1,,20,6,2,1,,,,,,,
12/19/25 13:34,12/19/25 13:44,0,173.28.197.121,100,562,1,12/19/25 13:44,R_3SD34t3L7D65Zu4,,,,,41.5741,-93.8071,anonymous,EN,4,4,5,3,3,3,4,2,4,4,3,2,3,3,2,1,3,3,4,2,1,2,3,3,1,3,3,2,3,2,4,3,2,2,2,3,4,2,1,3,1,1,4,1,3,3,3,4,1,4,1,3,1,4,1,4,1,1,1,1,3,1,3,1,2,4,2,3,3,3,2,2,3,1,1,2,3,2,2,3,1,1,2,1,3,2,2,2,2,3,1,1,1,1,1,3,3,3,1,4,1,3,1,3,4,4,4,3,4,2,2,3,3,2,2,3,3,3,4,3,2,3,4,3,3,3,3,2,3,2,2,2,3,2,3,3,2,2,3,3,3,3,2,3,2,2,2,2,3,3,3,2,1,3,1,1,1,2,2,1,3,1,3,1,1,1,1,2,2,1,1,2,1,3,1,1,1,3,1,3,1,2,1,1,2,3,1,1,2,2,1,1,2,2,3,4,4,4,4,4,4,4,4,4,4,4,4,3,3,3,3,3,3,3,3,3,3,3,3,2,,,,,,,,,,4,4,4,4,4,4,4,4,4,4,4,4,4,1,3,3,3,3,3,3,3,3,2,,,,,,,,2,5,,38,6,6,1,,,,,,,
12/19/25 13:23,12/19/25 13:44,0,69.138.18.116,100,1235,1,12/19/25 13:44,R_1V2SHjnMwrNhCCP,,,,,39.4332,-76.6546,anonymous,EN,5,5,4,5,5,5,4,1,5,4,4,1,4,1,1,4,3,1,2,4,1,1,4,3,2,3,2,2,4,1,2,1,5,4,4,1,2,1,2,1,5,5,4,5,5,5,1,3,4,2,4,1,3,1,3,3,5,4,5,4,4,5,3,2,4,3,4,4,1,1,4,1,2,3,1,4,4,1,1,2,4,4,1,2,4,4,1,1,1,1,1,1,1,1,1,1,2,1,1,2,1,1,1,2,2,2,4,4,4,5,5,5,6,6,4,5,4,4,5,4,4,5,5,5,5,5,5,4,4,2,4,4,4,4,4,5,4,5,4,3,4,5,4,5,5,5,5,4,4,4,5,1,1,2,1,1,1,1,1,1,1,2,2,1,1,2,1,1,2,1,1,1,1,1,2,1,1,1,1,1,2,2,2,1,1,2,2,1,1,2,1,2,1,1,1,4,4,4,3,4,4,4,3,4,4,4,4,3,4,4,4,4,4,3,3,3,3,3,4,1,My friend's mother,4,3,3,4,3,3,3,3,3,4,4,3,4,4,4,4,4,4,4,4,4,1,4,4,4,4,4,4,4,4,2,,,,,,,,2,5,,63,6,7,1,,,,,,,
12/19/25 13:26,12/19/25 13:45,0,174.50.87.85,100,1162,1,12/19/25 13:45,R_6NktI1FT5V1tlLB,,,,,35.1349,-106.6402,anonymous,EN,5,5,4,5,5,5,5,5,5,5,4,1,4,1,1,4,4,1,1,4,1,1,4,4,1,4,1,1,4,1,1,1,5,5,5,1,1,1,5,1,5,5,5,5,5,5,1,5,5,1,5,1,5,1,5,5,5,5,5,5,5,5,5,1,5,3,4,4,1,1,4,1,1,4,1,4,4,1,1,1,4,4,1,1,4,4,1,1,1,1,1,1,1,1,1,1,1,1,1,2,2,1,2,1,2,2,1,1,3,1,2,3,6,1,2,2,2,4,4,4,5,2,2,4,3,6,6,1,1,6,2,2,2,5,2,1,1,1,2,4,2,3,1,2,2,6,1,2,2,2,6,2,1,1,1,1,2,1,1,1,1,1,1,1,1,1,1,1,2,1,1,1,2,1,1,1,1,1,1,1,1,1,1,1,1,1,1,1,1,1,2,1,1,1,1,1,2,3,1,1,1,1,1,2,1,1,1,3,1,1,1,1,1,1,1,1,1,1,2,1,Uncle,4,4,4,4,4,4,4,2,1,1,3,1,2,1,1,1,1,2,1,1,2,1,3,3,3,3,3,3,3,3,2,,,,,,,,2,5,,49,4,7,1,,,,,,,
12/19/25 13:28,12/19/25 13:46,0,108.28.201.31,100,1089,1,12/19/25 13:46,R_38Sg0DTVJCXjJBa,,,,,39.0095,-76.9846,anonymous,EN,3,3,2,4,3,4,4,3,4,2,3,2,3,2,1,3,3,2,1,3,1,2,3,4,2,3,1,1,3,2,1,1,5,5,5,1,1,1,5,1,3,3,5,5,5,3,2,3,5,2,2,2,3,1,1,4,5,4,3,2,5,5,5,3,5,2,4,3,1,1,3,1,1,4,1,4,3,2,1,1,4,4,2,1,4,3,2,2,1,2,2,1,1,1,2,1,2,1,1,1,3,1,1,1,1,1,5,4,4,4,2,5,6,3,5,2,1,4,2,3,4,2,4,2,4,5,4,1,2,4,4,4,6,4,2,2,4,3,5,4,4,5,4,4,4,2,1,3,4,4,4,1,1,2,3,2,2,2,1,1,2,1,1,1,1,2,1,1,2,2,1,1,1,2,2,1,1,2,1,1,3,1,1,1,3,1,1,1,3,1,1,3,2,3,2,3,3,3,2,3,3,2,1,3,4,2,3,3,4,4,4,4,4,4,4,4,3,3,3,1,Teacher,4,4,4,4,4,4,4,4,2,2,2,1,1,3,3,3,3,4,4,4,4,1,2,3,3,2,2,2,2,2,1,Art teacher,4,4,4,4,4,4,1,1,,29,4,7,1,,,,,,,
12/19/25 13:37,12/19/25 13:46,0,67.187.189.139,100,499,1,12/19/25 13:46,R_5imwGwjfGOenmU4,,,,,38.4272,-121.442,anonymous,EN,4,4,4,5,4,4,4,2,4,4,2,3,2,4,3,1,1,2,3,1,2,3,2,2,2,3,2,2,3,2,3,4,3,4,4,3,3,2,4,4,4,4,2,2,3,4,3,4,4,1,4,4,4,4,3,4,4,4,3,4,3,4,4,4,4,4,2,2,3,3,1,4,3,1,3,3,2,2,3,2,3,3,3,3,3,3,3,2,3,3,4,4,3,3,2,2,2,2,3,2,2,4,4,2,2,2,5,5,4,4,3,5,3,4,3,4,4,4,3,4,5,3,4,4,5,4,4,5,4,4,4,5,6,4,5,3,4,5,5,4,5,4,5,4,5,4,4,5,4,5,5,2,3,3,2,2,2,3,3,3,3,3,3,2,2,3,2,3,2,3,3,2,3,2,3,2,3,2,2,3,3,3,2,3,3,2,3,2,3,2,3,2,3,3,3,1,2,1,1,1,1,1,1,1,2,2,2,4,,,,,,,,,,,,2,,,,,,,,,,1,2,1,1,2,1,1,2,2,1,2,2,1,2,,,,,,,,,2,,,,,,,,1,1,,35,2,6,1,,,,,,,
12/19/25 13:38,12/19/25 13:46,0,74.80.146.130,100,475,1,12/19/25 13:46,R_5VypG6SfseEfC93,,,,,37.751,-97.822,anonymous,EN,4,4,4,4,1,3,4,4,2,4,3,3,3,3,1,3,3,3,3,4,1,1,4,2,1,2,1,1,3,2,4,4,4,3,3,4,4,3,3,1,1,3,4,1,1,2,3,2,3,2,4,2,2,4,4,1,1,4,4,3,3,4,2,3,3,2,3,3,1,1,1,1,3,2,3,3,3,1,1,1,3,2,1,1,1,3,1,1,1,1,1,1,1,1,1,1,1,1,1,1,1,1,3,3,3,1,3,1,5,3,4,3,4,4,2,4,4,2,4,5,3,4,4,3,3,5,3,3,4,4,2,4,5,3,3,3,4,3,3,4,4,5,2,2,4,3,5,3,3,5,3,2,1,2,1,1,2,1,2,1,2,2,3,3,2,2,3,3,1,2,3,2,2,1,3,2,2,3,2,2,2,2,3,3,2,1,1,2,3,3,1,3,3,1,3,3,4,2,4,3,3,3,3,3,2,3,3,4,,,,,,,,,,,,2,,,,,,,,,,4,2,2,4,1,3,3,3,3,2,3,3,3,2,,,,,,,,,2,,,,,,,,1,1,,46,6,7,1,,,,,,,
12/19/25 13:21,12/19/25 13:46,0,66.76.129.215,100,1475,1,12/19/25 13:46,R_3AJHmpR7IBVPtKx,,,,,36.3312,-92.3753,anonymous,EN,3,3,4,1,3,2,3,2,2,4,2,3,2,3,3,1,2,3,4,2,4,4,1,2,3,2,4,3,2,4,4,2,2,2,2,4,3,3,3,4,2,2,3,3,2,1,3,2,2,2,2,2,2,2,2,2,2,2,2,2,4,2,2,5,2,2,2,2,3,3,2,2,4,2,2,2,1,3,2,2,2,2,4,3,2,2,2,3,3,2,2,2,3,3,1,1,2,2,3,2,1,2,2,2,1,4,2,2,5,5,5,5,2,2,4,5,1,6,5,5,1,5,5,6,5,1,1,4,3,1,1,2,6,1,5,2,3,2,5,5,5,5,5,5,5,1,5,6,2,6,3,2,3,3,1,2,1,3,2,3,3,1,3,1,2,2,2,3,3,3,3,3,1,3,3,2,2,3,2,1,2,3,2,2,3,3,2,3,2,3,1,3,3,3,3,3,4,3,4,2,2,2,4,2,3,3,3,4,,,,,,,,,,,,1,parents,4,4,4,4,4,4,4,4,3,3,4,3,3,3,3,2,3,4,3,4,3,2,,,,,,,,,1,parents,4,4,4,4,3,4,1,1,,50,6,7,1,,,,,,,
12/19/25 13:21,12/19/25 13:47,0,47.28.251.70,100,1519,1,12/19/25 13:47,R_6eXcJE4Rlw3u1Mw,,,,,41.1095,-104.8157,anonymous,EN,4,4,4,4,4,4,4,4,4,4,3,2,4,1,1,3,4,3,3,3,2,2,3,3,1,3,2,2,3,1,4,3,2,3,3,3,3,3,3,4,4,3,2,5,3,3,3,2,3,2,3,2,3,2,2,2,4,3,3,3,5,5,3,3,3,2,4,4,1,1,4,1,2,2,1,3,3,2,2,1,2,3,2,1,3,3,1,2,2,2,2,2,1,2,2,2,1,1,1,2,2,2,2,1,2,1,3,4,5,5,4,5,5,4,4,5,5,4,5,4,5,4,5,5,5,5,5,4,4,5,5,3,5,5,5,1,4,3,5,3,5,5,3,4,4,5,3,4,4,5,4,2,1,3,2,1,1,2,2,1,2,1,1,1,2,1,2,2,3,2,2,2,1,2,2,1,1,3,1,1,1,2,1,1,3,2,1,2,1,2,1,3,3,3,2,2,2,2,1,1,2,2,3,3,3,3,3,3,3,4,4,4,4,4,4,4,4,4,4,1,My moms mother (grandmother),4,4,4,4,4,4,4,4,2,2,2,2,2,2,2,3,3,4,3,4,4,1,4,4,4,4,4,4,4,4,1,my mom's mom (grandmother),4,4,4,3,4,3,1,1,,62,6,8,1,,,,,,,
12/19/25 13:26,12/19/25 13:47,0,24.131.252.144,100,1231,1,12/19/25 13:47,R_7nNxszhdpJ3Sv76,,,,,40.2009,-79.9191,anonymous,EN,4,3,5,5,3,3,4,5,3,4,3,2,3,3,1,3,3,1,3,3,1,3,3,4,2,2,1,3,3,2,3,3,2,2,3,4,2,3,2,4,3,2,3,2,3,3,4,2,2,3,3,2,1,3,2,3,3,3,2,1,2,1,2,3,2,3,3,3,2,3,2,2,4,3,2,3,3,3,3,2,2,3,3,4,3,2,2,2,2,2,1,1,1,2,1,2,2,1,2,2,5,2,1,3,3,1,3,4,3,4,3,4,3,3,4,3,3,4,3,5,4,3,4,4,3,4,3,5,4,3,4,6,4,3,4,6,3,4,4,4,3,3,4,3,4,3,4,4,5,4,5,1,1,2,2,2,1,1,2,1,1,1,2,2,2,1,1,1,1,2,1,3,2,3,1,1,1,2,1,1,3,2,1,1,1,1,2,2,1,1,1,1,1,1,2,2,3,2,2,2,2,1,1,2,2,2,3,3,3,4,4,3,4,4,3,4,3,4,3,2,,,,,,,,,,3,3,3,3,4,4,4,4,3,3,2,4,3,1,3,3,4,4,4,3,4,3,1,Norm,3,4,4,3,4,3,1,1,,44,6,8,2,,,,,,,
12/19/25 13:20,12/19/25 13:47,0,172.56.213.62,100,1611,1,12/19/25 13:47,R_6M5ckrCiTWRF3jy,,,,,36.1172,-115.0528,anonymous,EN,5,5,2,5,5,5,5,5,5,5,3,2,4,1,1,3,3,1,2,4,1,1,4,3,1,3,2,2,4,1,1,1,4,5,5,5,5,5,2,2,3,2,4,4,5,5,1,4,4,1,2,1,2,1,2,2,5,5,2,5,5,5,5,3,5,5,4,4,1,1,4,1,1,4,1,4,4,1,1,1,4,4,1,1,4,4,1,1,1,1,1,1,1,1,1,1,1,1,1,1,1,1,1,1,1,1,6,1,6,2,2,6,6,3,6,6,6,3,5,6,6,5,6,2,6,6,6,1,1,6,6,6,1,6,1,6,1,5,1,5,1,6,6,6,6,6,1,1,6,1,6,1,1,1,1,1,1,1,1,1,1,1,1,1,2,1,1,1,3,2,1,2,1,1,1,1,1,1,1,1,1,1,1,1,1,1,1,2,1,1,1,1,1,1,1,1,1,1,1,3,1,3,3,3,1,3,4,3,4,4,4,4,4,3,2,3,2,2,3,2,,,,,,,,,,1,1,2,1,1,3,3,3,1,4,4,4,4,1,4,3,4,4,2,3,2,2,2,,,,,,,,1,1,,56,6,4,1,,,,,,,
12/19/25 13:20,12/19/25 13:48,0,23.115.155.78,100,1698,1,12/19/25 13:48,R_7F4mTeNweNLiJFf,,,,,38.5347,-121.4442,anonymous,EN,5,5,5,4,5,5,5,5,5,5,4,1,4,1,1,4,4,1,1,4,1,1,4,4,1,4,1,1,4,1,4,4,1,1,1,5,5,5,1,5,1,2,2,1,1,1,5,1,1,4,1,5,1,5,1,1,1,1,2,1,1,1,1,4,1,2,4,4,1,1,3,1,1,4,1,4,4,1,1,1,4,4,1,1,4,3,1,1,1,1,1,1,1,1,1,1,1,1,1,1,1,1,1,1,1,1,1,5,5,4,3,6,5,5,5,3,6,4,4,5,6,5,5,3,6,6,5,5,5,5,5,6,3,6,2,5,5,5,3,1,3,6,4,5,5,5,5,2,5,4,5,1,1,1,1,1,1,1,1,1,1,1,1,1,1,1,1,1,1,1,1,1,1,1,1,1,1,1,1,1,1,1,1,1,1,1,1,1,1,1,1,1,1,1,1,4,4,4,4,4,4,4,4,4,4,4,4,3,4,4,4,4,4,4,4,4,4,4,3,1,father,4,4,4,4,4,2,4,4,4,4,4,4,4,4,4,4,4,4,4,4,4,1,4,4,4,4,4,4,4,4,1,Father,4,4,4,4,4,4,1,1,,61,7,6,1,,,,,,,
12/19/25 13:10,12/19/25 13:48,0,24.192.168.61,100,2270,1,12/19/25 13:48,R_65z4LQOOe0DXDvi,,,,,42.6206,-82.9608,anonymous,EN,5,5,3,3,5,5,5,5,5,5,4,1,4,1,1,4,4,1,1,4,1,1,4,4,1,4,1,1,4,1,1,1,5,5,5,1,1,1,5,1,5,5,5,5,5,5,1,5,5,1,5,1,5,1,5,5,5,5,5,5,5,5,5,2,5,5,4,4,1,1,4,1,1,4,1,4,4,1,1,1,4,4,1,1,4,4,1,1,1,1,1,1,1,1,1,1,1,1,1,1,1,1,1,1,1,1,1,4,4,1,1,6,6,6,6,4,6,1,1,4,6,1,6,1,6,6,6,4,4,6,4,6,1,6,1,3,4,4,1,1,1,6,4,4,6,4,4,1,4,1,6,1,1,1,1,1,1,1,1,1,1,1,1,1,1,1,1,1,2,1,1,1,1,1,1,1,1,1,1,1,1,1,1,1,2,2,1,1,1,2,1,1,1,2,1,4,4,4,4,2,4,4,4,4,4,1,1,3,3,4,4,3,4,3,3,3,4,3,4,1,My grandparent,4,4,4,4,4,4,4,4,4,4,4,4,4,4,4,4,4,3,4,1,4,1,3,3,4,3,3,3,3,3,1,My grandparent,4,4,4,4,4,4,1,1,,28,6,3,1,,,,,,,
12/19/25 13:29,12/19/25 13:49,0,98.172.230.92,100,1210,1,12/19/25 13:49,R_1G8nmMVMlqfvfkj,,,,,36.2695,-95.8547,anonymous,EN,5,5,4,4,5,5,5,4,5,5,3,1,3,2,3,2,4,1,1,3,1,1,3,4,3,3,1,1,4,2,2,1,4,4,4,1,1,1,5,1,5,5,5,5,5,3,2,3,5,1,5,1,2,1,5,3,5,5,2,2,5,5,3,1,2,2,4,3,1,1,3,1,1,3,1,3,3,1,1,1,3,3,1,1,3,3,2,1,2,2,1,1,2,2,3,1,2,1,3,2,1,1,1,2,1,1,6,1,2,5,2,5,4,1,3,2,5,2,1,2,6,4,5,4,6,4,4,3,3,4,3,5,1,6,2,1,3,2,1,6,2,5,2,2,5,1,4,2,2,3,4,1,1,2,1,2,1,1,2,1,2,1,3,1,2,1,2,1,1,1,1,1,1,1,1,1,1,1,1,1,1,3,1,2,1,1,1,3,1,1,1,1,1,2,1,2,3,2,4,2,1,1,1,1,1,3,3,3,1,1,1,1,3,1,1,1,1,1,1,2,,,,,,,,,,1,1,1,1,1,1,1,1,1,4,4,4,2,1,1,2,2,1,1,1,1,1,1,Teacher,4,4,4,1,3,1,1,1,,31,4,7,1,,,,,,,
12/19/25 13:40,12/19/25 13:50,0,154.7.225.5,100,587,1,12/19/25 13:50,R_61an0IwtMPz9yLc,,,,,39.0469,-77.4903,anonymous,EN,5,5,5,4,5,5,5,5,5,5,4,1,4,4,1,1,4,1,1,4,1,1,4,4,1,4,1,1,1,1,5,5,5,1,1,5,5,5,1,2,1,1,1,1,1,1,1,1,1,1,1,1,1,1,1,1,1,1,1,1,1,1,1,1,1,1,4,4,1,1,4,1,4,4,1,4,4,1,1,1,4,4,1,1,1,4,1,1,1,1,1,1,1,1,1,1,1,1,1,1,1,1,1,1,1,1,5,4,1,5,4,4,5,2,1,3,3,4,2,3,3,4,5,3,5,3,2,2,2,3,4,3,3,4,1,5,1,2,4,1,1,4,5,6,5,3,5,5,5,4,4,1,1,1,1,1,1,1,1,1,1,1,1,1,1,1,1,1,1,1,1,1,1,1,1,1,1,1,1,1,2,1,1,1,1,2,1,1,1,2,1,1,1,3,1,4,4,4,3,3,4,3,3,4,4,4,4,3,4,4,4,2,2,4,3,3,3,2,3,1,Sister,3,4,3,4,4,3,3,3,3,2,3,4,4,3,3,3,4,4,4,3,4,1,3,3,4,3,4,2,3,4,1,A friend ,3,4,4,4,4,4,2,5,,53,6,7,1,,,,,,,
12/19/25 13:31,12/19/25 13:50,0,73.158.111.243,100,1168,1,12/19/25 13:50,R_3ZKs7b32Xew5j4Q,,,,,38.3467,-121.9519,anonymous,EN,3,2,4,4,4,3,3,4,4,4,2,3,2,4,2,2,2,2,4,3,3,3,2,2,3,2,3,2,2,3,2,1,2,4,4,1,2,1,3,1,4,2,2,4,3,3,2,2,2,3,4,2,2,4,4,1,2,4,3,2,5,4,2,1,3,2,3,3,2,2,3,2,2,2,1,2,3,2,3,3,3,3,3,1,2,3,2,2,1,2,1,1,3,2,1,1,2,2,2,1,3,2,3,1,1,1,3,4,6,5,4,3,5,5,2,2,4,5,4,5,4,4,5,5,5,6,4,3,4,4,6,5,6,4,3,1,3,6,5,4,4,5,1,5,4,5,3,3,4,2,5,2,2,2,3,2,3,3,3,2,2,2,2,1,2,3,2,3,3,3,2,2,2,3,2,3,1,2,2,3,2,3,3,2,2,2,3,2,1,2,3,1,2,2,3,4,3,4,3,2,3,4,1,4,2,4,1,3,3,3,3,4,4,3,3,3,3,2,4,1,Sister,4,4,3,4,3,4,4,3,4,4,4,3,3,4,4,4,3,4,3,4,4,1,3,3,3,2,3,3,4,4,1,Sister,4,4,4,4,4,4,1,1,,19,6,3,1,,,,,,,
12/19/25 13:34,12/19/25 13:50,0,24.152.225.120,100,960,1,12/19/25 13:50,R_7VOzwkNovbeGTpY,,,,,41.1849,-75.386,anonymous,EN,5,4,4,3,4,4,4,4,3,3,3,1,4,1,1,2,3,3,3,4,3,3,1,1,1,3,2,1,3,1,1,2,5,5,5,1,2,1,5,2,3,3,2,5,4,3,1,2,5,3,3,2,3,3,2,1,2,4,2,2,3,4,2,4,4,3,3,4,2,1,3,1,1,4,2,4,4,2,1,1,4,3,2,1,4,4,2,1,2,1,1,1,2,3,1,2,1,1,2,3,5,1,1,2,3,1,4,1,2,5,1,4,6,4,4,4,4,5,4,4,4,3,5,4,2,3,5,3,2,3,3,4,3,4,3,6,3,4,3,4,3,1,1,1,5,5,1,2,2,1,6,1,2,3,1,1,1,1,2,1,1,1,2,1,1,1,1,1,3,1,1,3,1,1,1,1,1,1,1,1,2,2,1,1,1,3,1,2,1,2,2,1,1,2,1,2,3,4,2,3,4,1,2,4,4,3,3,3,3,4,4,3,4,3,4,3,3,4,3,2,,,,,,,,,,1,2,1,2,2,1,1,3,4,4,3,3,4,1,3,4,3,4,4,3,4,4,2,,,,,,,,1,1,,28,4,7,1,,,,,,,
12/19/25 13:40,12/19/25 13:50,0,71.194.174.190,100,629,1,12/19/25 13:50,R_5lJlB68QPixRo2N,,,,,41.946,-87.7033,anonymous,EN,4,4,4,3,4,4,4,4,3,3,3,3,3,3,1,4,4,3,4,2,1,2,2,1,2,2,4,3,2,3,2,1,3,2,3,1,2,1,3,1,2,2,1,3,4,3,2,1,3,3,2,2,2,2,2,2,3,3,2,3,3,4,1,3,3,3,3,2,2,4,2,2,3,2,2,3,3,3,2,4,3,2,3,2,2,2,2,1,1,2,1,1,1,2,1,3,3,3,1,2,1,2,1,2,2,1,2,3,3,5,4,4,4,4,4,4,5,4,4,4,3,4,5,5,5,5,5,4,4,5,5,5,4,3,4,4,5,5,5,3,4,4,4,4,5,5,5,4,5,4,5,2,2,2,2,2,1,2,2,1,1,2,2,2,2,2,1,2,2,1,2,2,2,2,2,1,1,2,1,2,2,2,2,2,2,2,2,2,2,2,2,2,2,2,2,4,4,4,4,4,4,4,4,4,4,4,4,4,,,,,,,,,,,,1,father,4,4,4,4,4,4,4,4,4,4,4,4,4,4,4,4,4,4,4,4,4,2,,,,,,,,,1,father,4,4,4,4,4,4,1,1,,31,6,7,1,,,,,,,
12/19/25 13:33,12/19/25 13:51,0,45.22.45.106,100,1070,1,12/19/25 13:51,R_5dxpfLO3w1rcdzP,,,,,42.3353,-83.2864,anonymous,EN,5,5,2,5,5,5,4,4,5,5,3,3,3,2,1,1,3,2,3,3,2,2,3,2,1,4,3,2,3,2,4,1,3,4,5,1,2,1,5,1,3,3,4,4,5,4,2,5,4,1,5,1,5,2,4,4,5,4,4,4,3,4,4,1,3,2,3,3,1,2,3,2,3,3,1,3,3,2,1,2,4,4,2,2,4,4,2,1,1,1,1,1,1,1,2,1,1,1,1,2,1,1,1,1,2,1,2,3,2,2,4,4,6,5,3,2,4,2,3,3,2,2,4,4,4,4,3,4,4,3,4,3,2,5,1,3,3,4,4,3,4,4,3,4,3,4,3,1,3,2,6,2,1,1,2,3,1,2,3,1,1,2,3,1,2,2,2,1,2,1,2,1,1,2,3,2,1,1,1,1,1,2,2,2,1,2,3,3,1,2,2,3,2,1,2,3,3,3,2,2,1,2,1,3,4,4,1,3,4,4,4,4,4,4,4,4,4,4,4,1,grandparent,4,4,4,4,4,4,2,4,2,2,3,1,2,1,1,3,4,4,4,4,4,1,4,4,4,4,4,4,4,4,1,grandfather,4,4,4,3,4,2,2,5,,22,6,7,1,,,,,,,
12/19/25 13:15,12/19/25 13:51,0,68.52.14.243,100,2160,1,12/19/25 13:51,R_1WDdEcV7Nrbts7v,,,,,36.0711,-86.7196,anonymous,EN,4,5,5,4,4,4,4,4,5,4,3,2,3,2,1,3,3,2,2,2,2,2,3,3,2,3,2,2,3,2,2,1,4,4,4,2,2,2,4,2,4,4,3,3,4,4,1,3,4,2,4,2,4,4,5,3,2,4,5,5,2,3,3,2,3,4,4,4,1,1,3,1,1,3,1,4,3,1,1,1,3,3,1,1,4,3,2,1,1,2,1,2,1,2,1,1,1,2,1,2,1,1,1,1,1,1,5,5,3,3,4,5,5,2,5,3,4,4,2,3,5,3,3,5,5,5,5,3,3,5,4,5,2,5,2,2,3,2,2,6,2,5,2,2,5,5,3,2,2,4,5,1,1,1,2,1,1,1,2,1,1,1,1,1,2,1,1,1,3,1,2,3,1,2,2,1,1,1,2,1,3,2,1,1,1,2,2,3,1,1,1,1,1,2,1,4,3,4,4,3,4,2,1,1,2,4,4,4,,,,,,,,,,,,1,My Grandfather,4,3,3,4,3,3,3,3,2,2,2,2,2,2,1,1,2,4,3,2,4,1,4,4,4,4,4,3,4,4,2,,,,,,,,1,1,,38,6,7,1,,,,,,,
12/19/25 13:31,12/19/25 13:51,0,172.74.48.194,100,1219,1,12/19/25 13:51,R_1E5OBE2ihRxRpn8,,,,,33.0273,-80.1768,anonymous,EN,5,5,4,4,4,5,5,5,5,5,3,1,4,2,1,4,4,1,1,4,1,1,4,4,1,4,1,1,4,2,2,1,5,5,5,1,1,1,5,1,5,5,5,5,4,4,1,5,5,1,5,1,4,1,5,4,5,4,5,5,4,5,2,1,4,3,4,3,1,1,3,1,1,3,1,4,4,1,1,1,3,4,1,1,4,4,1,1,1,1,1,1,1,1,1,1,1,1,1,1,2,1,3,1,1,1,4,5,6,6,6,6,6,5,6,6,6,5,5,5,5,4,5,6,6,6,6,5,6,6,4,6,3,5,4,5,5,5,4,4,4,6,4,5,5,6,4,6,6,6,6,2,1,3,2,1,1,1,1,1,1,1,2,1,1,2,1,1,2,1,1,1,1,1,2,1,1,1,1,1,2,2,1,1,1,3,1,1,1,1,1,2,2,2,2,4,4,4,4,4,4,4,4,3,4,3,3,3,4,4,4,4,3,3,3,3,4,4,4,1,uncle,3,4,4,4,3,3,3,4,3,4,4,4,3,4,3,3,4,4,3,3,4,1,3,4,4,3,4,4,3,4,1,teacher,4,4,4,4,4,4,1,1,,39,6,7,1,,,,,,,
12/19/25 13:20,12/19/25 13:52,0,74.193.123.147,100,1897,1,12/19/25 13:52,R_6CmeFeppmOo4Ceb,,,,,30.6411,-97.7511,anonymous,EN,5,5,5,5,5,5,5,5,5,5,4,1,4,1,1,4,4,1,1,4,1,1,4,4,1,4,1,1,4,1,1,1,5,5,5,1,1,1,5,1,5,5,5,5,5,5,1,4,5,1,5,1,5,1,5,4,5,5,5,5,5,5,5,1,5,5,4,4,1,1,4,1,1,4,1,4,4,1,1,1,4,4,1,1,4,4,1,1,1,1,1,1,1,1,1,1,1,1,1,1,3,1,1,1,1,1,4,4,4,4,4,4,4,4,4,4,4,6,5,6,6,6,6,6,4,4,4,4,4,4,4,4,6,6,5,4,4,4,6,6,6,4,6,4,6,4,4,5,6,6,4,1,1,3,3,3,1,1,1,1,3,1,1,1,1,1,1,1,1,1,1,1,1,1,3,1,1,3,1,1,1,3,1,1,3,1,1,2,2,1,1,3,3,3,3,4,4,4,4,4,4,4,4,4,4,4,4,3,4,4,4,4,4,4,4,4,4,4,4,1,Dad,4,4,4,4,4,4,4,4,4,4,4,4,4,4,4,4,4,4,4,4,4,1,4,4,4,4,4,4,4,4,1,Dad,4,4,4,4,4,4,2,5,,61,6,4,1,,,,,,,
12/19/25 13:34,12/19/25 13:52,0,68.200.130.43,100,1060,1,12/19/25 13:52,R_7PqsrVQOGSgqplD,,,,,28.3943,-81.3615,anonymous,EN,4,4,3,4,4,4,4,4,4,4,4,2,3,2,2,3,4,2,2,4,1,3,2,2,2,3,2,2,3,1,2,2,4,5,4,2,2,1,4,1,5,4,2,5,3,4,1,2,3,2,3,3,3,2,4,2,4,3,4,4,4,5,4,3,3,3,3,2,3,1,3,2,2,3,1,3,2,2,1,3,3,3,2,1,2,3,1,3,2,1,2,1,2,2,1,1,2,2,2,2,1,1,5,1,1,2,4,4,4,5,5,4,4,1,4,3,4,3,3,3,4,3,3,5,4,4,4,3,4,3,5,3,4,4,3,2,3,2,3,2,3,4,3,5,4,4,5,4,3,3,4,2,3,3,3,2,2,1,2,1,3,1,2,3,2,1,3,2,3,1,2,3,1,2,2,1,3,3,1,2,3,3,3,3,3,3,2,3,3,2,2,3,3,2,1,4,4,4,3,2,3,4,4,4,4,4,4,3,4,4,4,4,4,4,3,3,3,3,4,1,Aunt,4,4,4,4,3,4,3,4,4,4,4,3,4,2,2,4,4,4,4,4,4,1,3,4,4,4,3,4,4,4,2,,,,,,,,2,5,,25,6,7,1,,,,,,,
12/19/25 13:28,12/19/25 13:52,0,104.218.199.174,100,1466,1,12/19/25 13:52,R_39gmhGOlX4GY4VQ,,,,,33.4532,-112.0748,anonymous,EN,5,5,5,3,5,5,5,5,5,5,4,1,4,1,1,4,4,1,1,4,1,1,4,4,1,4,1,1,4,1,1,1,5,5,5,1,1,1,5,1,5,3,5,5,5,5,1,5,5,1,3,1,5,1,3,5,5,5,5,5,3,5,5,5,5,5,4,4,1,1,4,1,1,4,1,4,4,1,1,1,4,4,1,1,4,4,1,1,1,1,1,1,1,1,1,1,1,1,1,1,1,1,1,1,1,1,6,6,6,6,6,6,6,6,6,6,6,6,6,6,6,6,6,5,6,6,6,6,6,6,6,6,6,6,6,6,6,6,6,6,6,6,6,6,6,6,6,6,6,6,6,1,1,2,2,1,1,1,1,1,2,1,1,1,1,1,1,1,2,1,1,1,1,1,1,1,1,2,1,1,1,1,1,1,1,1,1,1,1,1,1,1,1,2,1,4,4,4,4,4,4,4,4,4,4,4,4,3,4,4,4,4,4,4,4,4,4,4,4,1,Father,4,4,4,4,4,4,4,4,4,4,4,4,4,4,4,4,4,4,4,4,4,1,4,4,4,4,4,4,4,4,1,My father,4,4,4,4,4,4,1,1,,47,4,7,1,,,,,,,
12/19/25 13:43,12/19/25 13:52,0,154.7.225.83,100,565,1,12/19/25 13:52,R_3fUcV3oQU1CTTxV,,,,,39.0469,-77.4903,anonymous,EN,4,2,3,5,3,3,3,4,3,3,3,3,3,3,1,3,4,2,2,4,2,4,4,3,2,4,1,2,3,2,5,5,4,4,1,2,4,4,1,4,2,5,4,2,3,4,2,4,3,2,4,2,1,2,4,2,4,2,3,2,3,4,3,3,2,4,4,4,2,2,3,1,3,4,2,4,2,1,3,1,4,4,1,1,4,4,1,1,1,1,1,1,1,1,1,1,1,1,1,1,1,1,1,1,1,1,5,5,6,5,4,4,5,5,4,5,4,4,5,5,5,4,3,5,5,4,5,5,6,4,5,3,5,5,5,5,4,4,5,5,4,5,5,4,4,5,4,5,5,4,4,1,1,1,1,1,1,1,1,1,1,1,1,1,1,1,1,1,1,1,1,2,2,2,2,2,2,2,1,2,1,1,1,1,1,1,1,1,1,2,1,1,1,1,1,3,3,2,2,3,2,1,3,3,3,3,2,3,2,3,4,3,2,2,3,2,2,3,3,1,Aunty,2,3,2,3,3,1,3,3,3,2,3,1,3,3,2,2,3,3,2,1,3,1,4,2,2,3,3,3,2,3,1,Aunty ,3,2,3,2,3,3,1,1,,34,3,7,1,,,,,,,
12/19/25 13:44,12/19/25 13:53,0,205.203.116.1,100,525,1,12/19/25 13:53,R_6S8C9uHeAdklabz,,,,,40.7359,-73.9904,anonymous,EN,3,3,4,2,2,3,2,2,2,2,2,3,2,4,3,2,2,3,4,2,3,3,1,2,3,2,3,3,2,3,4,4,4,2,2,4,4,4,2,4,4,4,4,3,4,4,3,4,3,2,4,3,4,2,4,4,3,3,4,4,4,3,4,3,4,4,2,2,3,3,2,3,3,2,2,2,2,3,3,3,2,2,3,2,2,2,2,2,2,1,2,1,2,2,1,2,1,1,1,2,5,1,1,2,2,1,2,5,4,4,4,4,5,5,4,5,3,5,5,4,3,3,5,5,4,4,5,5,4,3,4,5,5,3,5,5,5,5,5,2,4,5,4,4,5,4,3,4,5,5,4,2,1,2,1,3,1,3,3,2,2,1,2,3,3,2,2,2,3,3,2,3,3,3,3,2,2,2,1,2,3,2,1,2,3,3,1,3,1,2,1,2,3,3,3,4,4,3,3,4,4,3,3,3,4,4,4,3,2,3,3,2,3,2,2,3,3,3,3,1,Grandparent ,4,4,4,4,3,3,4,4,3,3,3,2,2,3,3,2,3,4,4,4,4,1,3,3,3,3,3,3,3,3,2,,,,,,,,2,5,,42,7,7,1,,,,,,,
12/19/25 13:22,12/19/25 13:53,0,68.42.22.254,100,1862,1,12/19/25 13:53,R_6EPWlOXx2YyPU0T,,,,,35.0278,-85.1461,anonymous,EN,4,4,3,5,5,5,4,4,4,1,3,1,3,3,1,4,3,2,3,3,1,3,3,3,4,4,2,2,4,2,1,1,5,5,5,1,1,1,5,2,4,4,3,5,5,4,2,2,5,3,3,1,5,1,5,3,5,5,4,4,4,5,3,4,4,3,4,3,1,1,4,1,1,3,1,4,4,1,1,2,3,4,1,1,4,4,1,1,2,1,2,1,1,1,1,1,1,1,1,1,1,1,1,1,1,1,2,4,4,5,4,2,5,4,3,5,4,4,4,5,5,3,4,4,5,4,5,4,4,4,3,4,5,4,3,5,4,2,3,5,3,4,2,4,4,4,4,3,3,3,5,1,1,2,1,1,1,1,2,1,1,2,1,1,1,1,1,2,1,1,1,2,1,2,2,1,1,1,1,1,2,2,1,1,1,1,1,1,1,1,1,1,1,1,1,4,3,4,3,4,3,4,4,3,4,4,4,4,,,,,,,,,,,,1,grandparent,4,4,4,4,4,4,4,4,4,4,4,4,4,4,4,4,4,4,4,4,4,1,3,3,3,3,3,3,3,3,1,grandparent,4,4,4,4,4,4,2,5,,41,3,7,1,,,,,,,
12/19/25 13:31,12/19/25 13:54,0,162.84.187.2,100,1388,1,12/19/25 13:54,R_7ywaj80P8bdQ4St,,,,,40.6713,-73.8943,anonymous,EN,5,5,3,5,5,5,5,5,5,5,4,1,4,1,1,3,4,1,1,4,1,1,4,4,1,4,1,1,4,1,1,1,5,5,5,3,1,1,5,2,5,5,5,5,5,5,1,5,5,1,5,1,4,1,5,5,5,5,5,5,5,5,5,5,5,5,4,4,1,1,4,1,1,4,1,4,4,1,1,1,4,4,1,1,4,4,1,1,1,1,1,1,1,1,1,1,1,1,1,1,1,1,1,1,1,1,5,5,6,5,4,6,6,3,4,1,6,4,6,5,6,4,6,3,5,5,6,3,5,6,6,4,2,6,2,4,4,1,3,5,3,5,3,1,3,6,2,2,5,6,6,1,1,1,1,1,1,1,1,1,1,1,1,1,1,1,1,1,1,1,1,1,1,1,1,1,1,1,1,1,2,1,1,1,1,1,1,1,1,1,1,1,1,1,1,4,3,4,3,3,4,3,4,3,3,3,3,4,,,,,,,,,,,,2,,,,,,,,,,4,3,3,3,3,4,3,3,3,3,3,3,3,2,,,,,,,,,2,,,,,,,,1,1,,43,3,3,1,,,,,,,
12/19/25 13:43,12/19/25 13:54,0,154.7.225.123,100,692,1,12/19/25 13:54,R_7hL3KBFm6JzDIde,,,,,39.0469,-77.4903,anonymous,EN,2,4,3,3,3,3,2,1,3,2,4,1,4,2,1,3,4,1,3,4,3,1,4,4,1,4,1,1,4,2,1,3,3,3,4,1,3,1,4,4,4,3,4,3,4,3,3,4,4,3,4,2,5,3,4,4,4,5,3,4,3,4,4,2,5,4,4,4,2,2,3,1,2,4,1,4,4,1,1,1,4,4,1,1,4,4,1,1,1,1,1,1,1,1,1,1,1,1,1,1,1,1,1,1,1,1,3,3,4,4,3,5,4,4,3,4,3,4,3,3,4,3,3,3,4,3,2,3,4,3,2,3,4,2,3,2,3,3,2,3,4,2,4,3,3,4,3,3,3,3,3,2,1,1,1,2,1,1,1,2,1,2,2,1,2,1,2,1,2,1,2,1,2,2,2,1,2,2,2,1,3,2,2,1,2,2,2,1,2,2,2,2,1,2,2,4,3,2,4,3,3,4,2,4,2,3,3,4,,,,,,,,,,,,2,,,,,,,,,,4,3,3,4,2,2,2,3,3,2,3,2,2,2,,,,,,,,,2,,,,,,,,2,5,,30,6,7,1,,,,,,,
12/19/25 13:32,12/19/25 13:54,0,184.92.125.74,100,1378,1,12/19/25 13:54,R_7QLe2XU1XuEb5tY,,,,,30.7187,-97.7533,anonymous,EN,4,4,5,5,5,5,5,5,5,5,4,1,4,2,1,4,4,1,1,4,1,1,4,3,1,4,1,1,4,1,1,1,5,5,5,1,1,1,5,1,3,3,5,5,5,5,1,5,5,1,5,1,5,1,5,5,5,5,5,5,5,5,5,5,5,5,4,4,1,1,4,1,1,4,1,4,4,1,1,1,4,4,1,1,4,4,1,1,1,1,1,1,1,1,1,1,1,1,1,1,1,1,1,1,1,1,6,5,5,6,6,6,6,6,6,6,6,6,6,6,6,6,6,6,6,6,6,6,6,6,6,6,6,6,6,6,6,6,6,6,6,6,6,6,6,6,6,6,6,6,6,1,1,1,1,1,1,1,1,1,1,1,1,1,1,1,1,1,1,1,1,1,1,1,1,1,1,1,1,1,1,1,1,1,1,1,1,1,1,1,1,1,1,1,1,4,4,4,4,4,4,4,4,4,4,4,4,3,4,4,4,4,4,4,4,4,4,4,4,2,,,,,,,,,,4,4,4,4,4,4,4,3,3,3,3,3,3,2,,,,,,,,,1,teacher,4,4,4,4,4,4,1,1,,43,3,8,1,,,,,,,
12/19/25 13:29,12/19/25 13:55,0,76.82.74.218,100,1544,1,12/19/25 13:55,R_59oF14qvXGtnM8J,,,,,34.2271,-118.4501,anonymous,EN,5,4,4,5,5,4,4,5,4,4,3,1,4,1,1,3,4,1,1,4,1,1,4,3,1,4,1,1,4,1,1,1,5,5,5,1,1,1,5,1,5,5,5,5,5,5,1,5,5,2,5,1,4,1,5,4,5,5,4,5,5,5,5,2,5,5,4,4,1,1,4,1,1,4,1,4,4,1,1,1,4,4,1,1,4,4,1,1,1,1,1,1,1,1,1,1,1,1,1,2,3,1,1,2,2,1,5,6,5,6,6,6,5,5,2,5,3,5,5,5,5,2,6,5,6,6,6,6,6,6,5,5,5,5,4,5,6,5,6,5,6,6,5,5,5,5,3,5,5,5,5,2,1,2,1,1,1,1,1,1,1,1,1,1,1,1,1,1,1,1,1,1,1,1,2,1,1,1,1,1,2,2,1,1,1,2,1,1,1,1,1,1,1,1,1,4,4,4,4,3,3,3,3,4,4,4,4,3,3,3,3,3,3,3,3,3,3,3,4,1,Cousin,4,4,3,4,4,4,4,4,4,4,4,4,4,4,4,4,4,4,4,4,4,1,4,4,4,4,4,4,4,4,1,Cousin,4,4,4,4,4,4,1,1,,59,2,7,1,,,,,,,
12/19/25 13:35,12/19/25 13:55,0,65.78.115.68,100,1214,1,12/19/25 13:55,R_64cgomy2OqC9yE1,,,,,40.5271,-75.5617,anonymous,EN,5,5,4,5,3,5,3,5,5,5,4,1,4,1,1,2,3,4,1,4,1,1,4,4,1,4,1,1,4,1,1,1,5,5,5,1,1,1,5,1,5,5,2,5,5,5,1,3,5,1,5,1,5,1,5,3,5,5,5,5,5,5,5,5,4,4,4,4,2,2,4,1,1,4,1,4,4,2,1,1,4,4,1,1,1,4,1,1,1,1,1,1,1,1,1,1,1,1,1,1,1,1,1,1,1,1,1,3,1,1,1,6,6,6,6,1,6,1,4,1,6,6,6,5,6,6,6,3,6,6,6,5,6,6,6,6,4,6,6,1,4,6,1,4,6,6,3,2,1,1,6,1,1,1,1,1,1,2,1,1,1,1,1,1,1,1,1,1,1,1,1,1,1,2,1,1,1,2,1,1,1,1,1,1,2,1,1,1,1,1,1,1,1,2,1,4,4,4,4,4,4,4,4,4,4,4,4,3,4,4,4,4,4,4,4,4,4,4,4,1,teachers,4,4,4,4,4,4,4,4,4,4,4,4,4,4,4,4,4,4,4,4,4,1,4,4,4,4,4,4,4,4,1,teachers,4,4,4,4,4,4,2,5,,53,6,9,1,,,,,,,
12/19/25 13:44,12/19/25 13:57,0,129.115.2.166,100,771,1,12/19/25 13:57,R_1y3GsWRUjSDINUT,,,,,29.5652,-98.6145,anonymous,EN,5,5,5,5,5,5,4,4,5,5,3,4,2,2,3,1,3,2,3,3,2,4,3,2,3,3,2,2,4,3,3,2,4,4,3,2,3,2,4,2,5,2,2,4,5,3,3,2,4,3,2,1,1,2,1,2,4,4,3,3,4,4,2,3,4,3,4,3,2,1,4,1,2,3,1,3,2,3,2,2,3,3,2,1,4,3,2,1,3,2,3,1,1,3,1,1,2,2,3,3,1,1,2,3,3,1,6,2,2,4,3,2,5,4,4,2,5,3,5,2,6,6,5,4,5,4,5,4,2,5,6,4,3,5,3,1,4,5,3,6,3,5,2,6,5,6,5,3,1,2,5,2,2,3,3,3,1,3,3,2,3,3,1,2,2,1,1,2,3,2,1,2,1,3,1,1,1,3,1,2,2,3,1,1,3,2,2,2,3,2,1,3,3,3,2,4,2,2,2,4,4,3,2,2,4,4,3,3,4,4,4,4,4,3,3,3,4,3,2,1,Teacher,3,4,4,4,2,3,3,2,3,2,2,2,2,3,3,2,4,4,4,4,4,1,4,4,4,4,4,4,4,4,1,Family friend,3,3,4,3,3,3,2,5,,26,4,6,1,,,,,,,
12/19/25 13:30,12/19/25 13:57,0,204.242.8.136,100,1598,1,12/19/25 13:57,R_1zIodQeBliwbNrr,,,,,39.0469,-77.4903,anonymous,EN,4,2,3,4,4,4,5,4,3,3,3,2,4,3,1,3,4,1,3,4,1,1,4,3,1,4,2,2,3,2,1,1,2,3,3,1,3,1,4,2,3,3,4,5,2,1,2,3,4,2,3,3,4,2,3,2,3,2,3,4,3,4,4,3,3,4,4,4,2,1,3,2,2,4,1,3,4,1,1,1,4,3,1,1,4,3,2,1,3,1,2,1,1,3,1,2,1,1,2,1,3,3,4,2,1,2,3,5,3,4,5,3,4,3,4,4,5,2,1,2,4,3,4,5,4,4,5,4,5,4,4,2,1,2,3,4,5,4,4,4,5,4,4,3,4,4,4,3,4,3,4,1,2,2,1,1,1,1,1,2,1,3,1,2,2,3,3,2,2,2,2,3,2,2,3,3,2,2,1,2,3,2,1,2,2,1,1,2,2,3,2,3,2,3,3,4,3,3,4,3,3,4,3,3,4,2,3,3,4,3,3,4,2,3,4,3,3,4,3,1,grandparent,4,3,3,4,4,3,4,4,3,3,4,4,3,2,4,3,4,3,3,4,3,2,,,,,,,,,1,Family friend,3,2,4,4,3,3,2,5,,39,6,8,1,,,,,,,
12/19/25 13:22,12/19/25 13:57,0,68.58.178.137,100,2100,1,12/19/25 13:57,R_1DXN2rl5nSlqmz2,,,,,43.0632,-83.7032,anonymous,EN,4,4,4,4,5,4,4,5,5,4,3,1,2,2,3,3,3,2,2,2,1,2,2,2,2,2,2,1,4,1,2,3,5,5,5,4,1,4,5,4,4,5,4,5,4,5,3,4,5,2,4,2,4,1,4,4,5,4,3,4,4,5,4,4,5,4,3,3,1,1,2,1,1,2,1,3,3,1,1,2,3,2,1,1,4,3,1,3,2,1,2,4,1,1,1,1,2,1,1,2,1,1,1,1,2,2,4,5,3,3,4,4,5,4,5,3,4,3,3,2,4,3,5,3,4,3,4,4,4,3,4,4,2,5,3,1,4,1,3,5,3,4,2,3,4,5,1,2,2,2,4,1,1,2,2,1,1,1,1,1,1,1,1,1,1,1,1,1,2,1,2,2,2,1,2,1,1,1,1,1,2,2,1,1,1,2,1,1,1,1,1,2,1,1,2,4,4,4,4,4,4,4,4,4,4,4,4,3,4,4,4,4,4,4,4,4,4,4,4,2,,,,,,,,,,3,3,3,2,2,3,3,1,4,4,4,4,4,1,4,4,4,4,3,4,4,4,1,Teacher,4,3,4,3,4,3,2,5,,58,6,3,1,,,,,,,
12/19/25 13:48,12/19/25 13:57,0,76.50.23.18,100,563,1,12/19/25 13:57,R_1CJk3Fs1Xfs1p5q,,,,,33.9295,-116.9772,anonymous,EN,5,5,3,5,5,5,5,5,5,5,4,1,4,1,1,4,4,1,1,4,1,1,4,4,1,4,1,1,4,1,5,5,1,1,1,5,5,5,1,5,1,1,1,1,1,1,5,1,1,5,1,5,1,5,1,1,1,1,1,1,1,1,1,5,1,1,4,4,1,1,4,1,1,4,1,4,4,1,1,1,4,4,1,1,4,4,1,1,1,1,1,1,1,1,1,1,1,1,1,1,1,1,1,1,1,1,1,4,2,3,3,6,6,6,5,3,6,4,2,3,6,2,6,3,6,6,6,6,6,6,6,6,6,6,6,6,6,6,6,1,3,6,3,1,6,6,2,2,2,3,6,1,1,1,1,1,1,1,1,1,1,1,1,1,1,1,1,1,1,1,1,1,1,1,1,1,1,1,1,1,1,1,1,1,1,1,1,1,1,1,1,1,1,1,1,4,4,4,4,4,4,4,4,4,4,4,4,3,4,4,4,4,4,4,4,4,4,4,4,1,Parent,4,4,4,4,4,4,4,4,4,4,4,4,4,4,4,4,4,4,4,4,4,1,4,4,4,4,4,4,4,4,1,Parent,4,4,4,4,4,4,2,5,,50,2,7,1,,,,,,,
12/19/25 13:22,12/19/25 13:58,0,46.203.164.23,100,2158,1,12/19/25 13:58,R_6TkNWXDvUYFHtol,,,,,39.0469,-77.4903,anonymous,EN,5,4,3,3,3,3,3,5,5,4,4,2,4,4,1,3,4,2,3,4,2,2,3,2,2,3,2,3,3,3,4,5,4,4,3,4,4,3,2,4,4,3,4,3,3,3,3,3,3,3,4,4,3,3,4,4,3,3,3,3,3,3,2,3,2,3,4,4,2,2,4,1,2,3,1,3,4,1,1,1,4,4,1,1,4,4,1,1,2,1,1,1,1,1,1,1,2,1,1,1,3,1,2,1,2,1,4,3,3,3,2,3,3,4,2,2,2,2,2,2,5,2,2,2,2,2,2,2,3,5,3,4,4,5,2,4,3,3,3,3,4,3,2,3,3,3,3,3,3,4,3,2,1,1,3,1,2,1,1,1,1,1,2,2,1,2,2,1,2,1,2,1,2,2,3,1,1,2,1,1,2,3,3,1,1,2,1,2,2,2,1,2,2,2,2,3,4,3,3,3,3,3,3,3,3,3,3,3,3,4,4,4,3,3,3,3,4,3,3,1,Grandparent,4,3,3,3,4,3,3,3,3,3,3,3,3,3,3,3,2,3,3,3,3,1,3,3,3,3,3,2,3,3,1,Grandprent,3,3,3,3,3,3,2,5,,46,3,8,1,,,,,,,
12/19/25 13:42,12/19/25 13:58,0,136.51.7.86,100,953,1,12/19/25 13:58,R_3bT0MzNoK0ueIo1,,,,,29.5839,-98.4101,anonymous,EN,4,3,5,2,2,3,4,4,3,1,2,4,1,4,3,2,1,4,4,3,3,4,1,1,3,3,4,3,2,4,3,2,1,2,1,3,3,2,1,2,1,3,3,4,2,1,1,2,3,2,2,4,2,3,1,2,3,1,1,2,1,3,2,1,1,1,4,4,1,1,4,1,2,3,1,3,2,1,1,1,2,3,2,1,2,3,2,2,2,3,3,2,2,4,4,4,3,3,2,4,5,3,7,3,4,4,2,5,6,5,6,5,6,5,4,6,5,4,5,6,5,6,5,5,5,5,6,5,4,4,3,5,5,5,2,6,5,5,5,6,5,5,5,4,4,4,5,5,6,6,5,2,3,3,3,2,1,3,3,3,3,3,2,1,3,3,3,3,3,2,3,3,3,3,3,2,2,3,3,3,2,3,3,2,3,3,2,3,3,3,3,3,3,3,2,3,2,3,3,1,1,1,1,1,2,2,1,4,,,,,,,,,,,,1,Grandpa ,4,4,4,4,3,4,4,3,1,1,2,1,1,1,1,1,2,1,2,1,3,1,1,4,4,3,4,4,4,4,2,,,,,,,,2,5,,47,4,3,1,,,,,,,
12/19/25 13:46,12/19/25 13:59,0,47.45.16.138,100,763,1,12/19/25 13:59,R_6n9shaTVuAqE0i4,,,,,44.009,-92.3934,anonymous,EN,4,4,5,5,4,4,5,5,5,3,3,2,3,2,2,1,3,2,3,4,1,2,3,4,2,3,2,2,2,2,1,1,3,4,4,1,2,1,4,1,5,4,2,4,4,4,2,4,4,2,4,1,4,1,2,4,4,3,4,4,3,4,1,3,5,2,4,3,2,3,3,1,3,3,1,3,2,1,1,2,3,3,2,1,3,4,1,2,2,1,2,2,2,2,1,1,1,2,1,2,3,2,3,2,2,2,1,5,5,3,4,5,5,6,1,4,1,5,5,5,5,4,4,5,6,6,6,5,4,6,4,5,6,2,5,6,3,6,6,1,4,5,5,5,4,4,5,5,4,5,5,2,2,1,1,3,1,2,1,1,1,1,1,2,2,2,3,2,3,2,3,2,3,2,3,1,1,1,1,1,2,2,2,2,1,2,2,3,2,2,1,2,2,1,2,4,4,4,3,4,3,4,3,4,4,4,4,3,3,3,3,3,4,4,4,4,4,4,4,2,,,,,,,,,,4,4,3,3,3,4,4,4,4,4,4,4,4,1,4,3,3,3,4,4,4,4,2,,,,,,,,2,5,,45,6,7,1,,,,,,,
12/19/25 13:28,12/19/25 13:59,0,66.76.171.17,100,1841,1,12/19/25 13:59,R_60C7YBjEPWoVQpp,,,,,38.3752,-81.8314,anonymous,EN,4,4,4,5,4,5,3,3,5,1,3,2,3,2,2,3,3,2,2,3,3,3,2,2,2,2,3,2,3,2,3,4,1,2,1,3,4,4,2,4,2,1,3,1,2,1,2,3,1,4,2,4,2,4,4,2,4,3,3,1,1,1,2,4,2,2,4,4,3,2,4,2,1,3,1,4,3,2,2,2,4,4,1,2,3,4,1,1,2,2,2,2,1,1,4,1,3,3,1,2,2,1,1,2,2,2,5,2,6,5,4,6,5,3,4,5,4,5,4,4,5,4,5,3,5,5,5,5,5,5,5,5,4,4,5,3,5,4,5,4,5,5,5,5,5,5,5,5,5,5,5,1,2,2,1,2,1,1,2,1,2,1,1,1,2,1,1,1,2,1,1,2,2,2,2,1,1,1,1,1,1,2,1,2,2,3,1,2,1,2,1,1,3,2,2,3,3,3,2,2,2,2,2,3,2,2,4,3,4,4,4,4,4,4,4,4,4,4,4,1,Uncle,4,4,4,4,3,3,4,4,3,3,3,4,3,3,3,3,4,4,4,4,4,1,4,4,4,4,4,4,4,4,1,uncle,4,4,4,3,3,3,1,1,,48,6,7,1,,,,,,,
12/19/25 13:37,12/19/25 14:01,0,173.62.164.66,100,1431,1,12/19/25 14:01,R_6FJ7kLvttv5IcWr,,,,,40.0021,-75.2724,anonymous,EN,4,3,2,4,5,4,5,1,5,2,2,3,1,4,4,1,3,4,4,1,3,4,1,2,4,1,4,4,4,3,1,1,4,5,5,1,1,1,5,1,2,2,2,3,2,1,3,2,4,2,1,2,1,2,1,2,4,2,1,1,2,4,1,1,1,2,2,1,4,4,2,4,4,1,2,1,1,4,3,1,2,1,4,1,1,1,3,4,4,4,3,4,4,4,1,3,4,3,4,4,5,3,5,3,4,2,5,5,4,6,2,5,4,6,2,3,2,6,5,3,3,5,5,6,6,2,2,4,5,2,5,6,5,3,5,5,5,6,4,5,4,6,2,4,6,3,5,5,2,6,3,3,1,2,3,3,2,2,3,1,2,3,3,1,3,2,1,3,3,2,2,3,3,3,2,2,1,1,3,3,2,3,3,2,2,3,2,3,2,3,2,2,2,2,3,4,4,3,3,4,3,4,2,3,4,4,4,3,2,2,3,1,3,1,1,1,1,1,3,2,,,,,,,,,,3,2,2,1,3,3,3,2,4,4,4,4,3,2,,,,,,,,,2,,,,,,,,1,1,,38,7,8,1,,,,,,,
12/19/25 13:24,12/19/25 14:01,0,67.101.120.104,100,2218,1,12/19/25 14:01,R_1TZdfSdTKw8bgH2,,,,,37.751,-97.822,anonymous,EN,5,5,5,5,4,4,5,4,5,4,3,1,4,2,1,1,4,1,1,4,1,1,4,4,2,3,1,1,3,1,1,1,4,5,5,1,2,1,5,2,4,5,4,4,5,4,4,2,2,1,5,2,3,5,4,4,4,5,4,3,5,4,5,2,3,4,4,4,1,1,1,1,1,4,1,4,4,1,1,1,4,3,1,1,2,3,1,1,1,1,1,1,1,1,1,1,2,1,1,1,1,1,1,1,1,1,5,5,3,6,5,2,5,2,5,5,6,5,5,4,5,4,5,5,5,5,4,4,5,5,4,5,6,5,6,5,5,4,5,3,5,5,5,5,5,5,5,6,5,5,5,2,1,3,3,2,3,1,1,1,2,1,1,1,2,3,1,1,3,1,1,3,2,1,3,1,1,3,1,1,3,3,3,1,3,3,1,2,1,1,1,1,1,1,1,4,4,4,4,3,4,3,4,4,4,4,4,3,4,4,4,4,4,3,4,3,4,4,4,1,Uncle,4,4,4,4,4,4,4,4,4,4,4,4,4,3,3,4,4,3,4,4,4,1,4,4,4,3,4,3,4,4,1,Uncle,4,4,4,4,4,3,1,1,,30,3,7,1,,,,,,,
12/19/25 13:38,12/19/25 14:01,0,86.109.84.131,100,1380,1,12/19/25 14:01,R_3ZOlJ8URCaRud4S,,,,,35.2945,-78.0283,anonymous,EN,4,3,5,4,3,5,4,4,4,3,3,3,2,3,3,2,4,3,3,2,1,2,3,2,1,3,3,2,2,3,4,4,5,4,5,4,3,5,4,4,3,4,4,3,3,5,4,3,4,4,3,3,4,4,3,4,4,4,3,4,3,5,3,4,2,3,4,4,4,3,2,3,3,2,3,4,2,3,2,4,2,3,2,3,2,3,1,1,1,1,1,1,1,1,1,1,1,1,1,1,1,1,1,1,1,1,5,3,3,4,5,4,6,5,3,4,3,2,3,4,4,3,5,2,4,4,3,5,5,3,2,3,5,4,2,3,5,3,3,4,3,3,4,3,5,4,3,2,3,4,5,3,2,3,2,3,2,2,1,2,1,2,2,1,1,2,1,1,2,1,2,2,1,2,1,2,1,2,1,2,1,2,3,2,3,2,1,3,2,1,2,1,2,2,2,3,2,3,2,2,2,3,3,2,3,2,3,3,3,2,3,3,2,3,3,3,4,3,2,1,"A teacher who consistently encouraged me, listened without judgment, and helped me believe in my abilities during a difficult period.",3,3,4,3,2,4,3,4,2,3,4,2,4,3,2,4,3,2,3,2,3,1,3,2,3,2,4,2,3,2,1,"A teacher who provided guidance, encouragement, and support during that time.",2,3,3,2,3,3,2,5,,49,3,7,1,,,,,,,
12/19/25 13:47,12/19/25 14:02,0,74.74.203.104,100,886,1,12/19/25 14:02,R_6OCd0qtvpCIOGkJ,,,,,42.7009,-73.1087,anonymous,EN,4,5,3,5,4,5,4,4,5,4,4,1,3,1,1,3,3,1,2,4,1,2,3,3,1,4,1,1,4,1,4,5,1,1,1,5,4,5,1,4,2,2,3,1,2,1,4,3,1,3,1,4,2,4,2,4,2,1,2,1,1,1,2,4,2,2,4,4,1,1,4,1,1,4,1,4,3,1,1,1,4,4,1,1,4,4,1,1,1,1,1,1,1,1,1,1,1,1,1,1,1,1,1,1,1,1,3,5,4,4,5,5,6,5,4,4,3,5,2,5,3,2,5,4,6,4,5,4,5,5,4,5,4,4,2,5,4,5,4,2,3,5,3,2,6,5,3,3,4,5,5,1,1,2,2,3,1,2,2,1,3,1,1,1,2,1,2,1,3,1,2,2,1,3,1,1,1,1,1,1,3,1,1,2,3,2,1,3,1,2,1,2,2,2,1,4,4,4,4,4,3,3,3,3,4,4,4,3,3,4,4,4,3,3,3,3,3,3,4,1,grandmother,4,4,4,4,3,3,4,4,4,4,4,4,4,3,3,3,4,4,4,4,4,1,3,4,4,3,4,4,4,4,1,grandmother,4,4,4,3,3,4,2,5,,58,6,8,1,,,,,,,
12/19/25 13:31,12/19/25 14:03,0,130.255.66.235,100,1933,1,12/19/25 14:03,R_70jCyU9Z7O2lDOg,,,,,33.6988,-78.916,anonymous,EN,5,5,4,5,5,5,5,5,5,5,3,2,3,2,1,3,3,1,2,4,1,1,3,4,1,4,1,1,4,1,5,2,5,5,5,1,1,1,1,1,5,4,5,5,4,5,2,4,4,1,4,1,4,2,4,2,4,5,5,5,5,4,2,1,4,4,4,4,1,1,4,2,1,4,1,4,4,1,1,2,4,4,1,1,4,3,1,1,1,1,1,1,1,3,1,1,1,2,1,2,3,1,1,1,1,1,2,5,6,6,2,5,6,5,2,2,2,2,3,2,5,6,5,6,6,4,6,6,6,6,5,6,6,6,6,6,5,6,6,4,6,6,4,4,5,6,2,5,4,5,4,1,1,2,1,1,1,1,1,1,3,1,1,1,1,1,1,3,3,1,1,1,2,3,3,1,3,2,3,3,3,3,3,3,3,3,2,3,1,1,1,3,3,3,3,4,4,4,4,4,4,4,4,4,4,4,4,3,4,3,4,4,4,4,4,4,4,4,4,1,Uncle,4,4,4,4,4,2,4,4,4,4,4,4,4,4,4,4,4,4,4,4,4,1,4,4,4,4,4,3,4,4,1,uncle,4,4,4,3,4,4,1,1,,21,6,7,1,,,,,,,
12/19/25 13:38,12/19/25 14:03,0,74.80.146.168,100,1528,1,12/19/25 14:03,R_70ZU9V6OeEvLuo8,,,,,37.751,-97.822,anonymous,EN,5,5,5,5,5,5,5,5,5,5,4,1,4,1,1,4,4,1,1,4,1,1,4,3,1,4,1,1,4,1,1,1,5,5,5,1,1,1,5,1,5,5,5,5,5,5,1,5,5,1,5,1,5,1,5,5,5,5,5,5,5,5,5,1,5,5,4,4,1,1,4,1,1,4,1,4,4,1,1,1,4,4,1,1,4,4,1,1,1,1,1,1,1,1,1,1,1,1,1,1,1,1,1,1,1,1,4,6,6,3,4,6,6,4,1,1,1,6,6,6,4,1,4,3,6,6,6,6,6,6,6,6,4,6,1,4,6,4,3,1,3,6,4,1,6,1,1,4,6,1,6,1,1,2,1,1,1,1,1,1,1,1,1,1,1,1,1,1,1,1,1,1,1,1,1,1,1,1,1,1,2,2,1,1,1,2,1,2,1,1,1,1,1,1,1,4,4,4,4,4,4,4,4,4,4,4,4,3,4,4,4,4,4,4,4,4,4,3,4,1,My dad was my positive role model.,4,4,4,4,4,4,4,4,4,4,4,4,4,4,4,4,4,4,4,4,4,1,4,4,4,4,4,4,4,4,1,My dad.,4,4,4,4,4,4,1,1,,26,3,7,1,,,,,,,
12/19/25 13:38,12/19/25 14:03,0,76.152.37.32,100,1528,1,12/19/25 14:04,R_7uJPcWBhoVD5iOr,,,,,42.801,-71.3085,anonymous,EN,3,2,1,1,3,3,3,1,3,3,3,1,3,1,1,1,2,2,2,3,1,1,3,1,1,3,2,2,3,1,2,2,4,4,4,2,2,2,4,2,5,5,3,5,4,5,1,2,5,4,5,4,5,3,5,4,5,3,5,5,4,5,2,4,3,4,3,3,1,1,2,1,3,3,1,3,3,1,1,4,2,2,3,1,3,3,1,3,2,1,1,1,1,1,1,1,1,2,1,2,3,1,1,2,2,1,1,3,1,4,1,1,1,1,3,1,3,4,4,1,4,1,1,1,1,2,1,1,1,1,2,1,3,4,3,3,1,2,4,1,2,1,1,2,1,4,2,4,1,1,1,1,1,1,2,1,1,1,3,1,1,1,1,1,1,1,1,1,1,1,2,1,1,3,2,1,1,1,1,1,1,1,1,1,1,2,1,1,1,2,1,1,1,1,1,1,1,1,1,1,1,1,1,1,1,1,1,3,3,4,4,4,4,4,4,4,4,4,4,2,,,,,,,,,,1,1,1,1,1,1,1,1,1,1,1,1,1,1,2,1,3,3,3,3,3,3,2,,,,,,,,2,5,,38,4,4,1,,,,,,,
12/19/25 13:49,12/19/25 14:04,0,97.84.21.206,100,910,1,12/19/25 14:04,R_5g6LHNGlHagctbv,,,,,34.8287,-86.8889,anonymous,EN,4,4,3,4,4,3,2,2,3,4,3,2,2,2,3,3,3,3,4,2,3,2,3,3,2,2,3,3,3,3,4,3,4,2,3,4,3,4,4,4,2,2,4,2,3,2,3,4,3,4,2,4,4,3,2,3,4,4,3,2,4,2,4,4,4,3,3,3,1,3,2,1,2,2,1,4,3,2,1,3,4,3,3,2,3,3,1,2,3,1,1,2,1,3,1,3,1,2,1,1,5,2,1,1,1,1,4,2,5,4,5,4,3,5,4,5,3,3,4,5,3,3,4,5,5,3,4,5,3,4,5,4,5,4,5,3,3,4,4,3,4,5,3,3,5,4,3,2,3,2,5,1,1,3,2,1,1,2,3,1,1,3,2,1,1,2,1,1,1,1,2,2,1,3,2,1,1,2,1,2,1,2,1,2,2,2,1,3,3,1,1,2,1,1,2,2,3,4,2,3,3,3,2,3,3,3,2,3,4,3,4,3,4,2,3,3,2,3,3,1,grandparent,4,3,4,4,4,4,3,4,2,3,2,3,3,4,2,3,3,4,2,3,4,1,2,2,3,2,2,3,2,3,1,grandparent,3,4,3,2,3,3,1,1,,33,6,3,1,,,,,,,
12/19/25 13:46,12/19/25 14:05,0,174.103.200.172,100,1127,1,12/19/25 14:05,R_6hswqEdvzuTx9uh,,,,,44.4489,-88.0604,anonymous,EN,5,5,5,5,5,5,5,5,5,5,4,2,4,1,1,2,4,1,1,4,1,1,4,3,1,4,3,2,4,3,5,5,1,1,1,5,5,5,1,5,1,1,1,1,1,1,5,1,5,5,1,5,5,5,4,5,1,1,4,2,1,1,3,5,1,4,4,4,2,1,4,1,1,3,1,4,4,1,2,1,4,4,1,1,4,3,1,1,1,1,1,1,1,1,3,1,1,1,1,2,7,1,1,1,2,1,1,6,6,6,4,6,6,6,6,1,6,1,1,1,6,1,6,1,6,6,6,6,3,6,6,6,5,6,1,6,5,6,6,1,5,6,1,1,6,6,6,1,6,6,6,3,1,1,1,2,2,1,1,1,2,1,1,1,3,1,1,1,1,3,2,1,1,1,3,1,1,1,1,1,1,3,1,1,2,1,1,1,1,1,1,1,1,2,3,4,4,4,4,3,4,4,4,4,4,4,4,3,4,4,4,4,4,4,4,4,4,4,4,1,"Well its a few so the first is God. I have read Conversations with God and this is my role model. Secondly Medical Medium Anthony Williams. He shares the way we should be eating from the other side. Word for word from them. People are eating high fat/high protein diets and its not needed and toxic for the body. We were meant to eat fruits, plants and product. You can make some lovely entrees like chili and stir fryes and pizza that are all veggies and great too.",4,4,4,4,4,4,4,4,4,4,4,4,4,4,4,4,4,4,4,4,4,1,4,4,4,4,4,4,4,4,1,Family friend,4,4,4,4,4,4,2,5,,52,6,7,1,,,,,,,
12/19/25 13:55,12/19/25 14:07,0,24.153.63.149,100,721,1,12/19/25 14:07,R_5GqteAcFjWilgr6,,,,,37.6485,-76.3891,anonymous,EN,3,3,4,3,4,4,3,4,4,4,3,1,3,3,1,2,3,2,3,3,1,1,2,2,1,3,2,1,2,2,2,2,4,2,4,2,2,2,4,2,3,3,2,4,4,3,2,2,4,2,4,2,4,2,4,2,3,4,4,4,3,4,2,2,4,4,3,3,1,1,3,1,2,3,1,3,3,1,1,1,4,3,1,3,1,3,1,1,1,1,1,1,1,1,1,1,1,1,1,2,1,1,5,1,1,1,2,5,2,4,5,2,5,5,5,4,4,5,4,3,3,2,1,3,2,4,4,4,4,5,4,5,5,4,3,5,5,4,3,4,5,4,4,4,4,4,3,4,4,4,4,2,2,3,2,2,1,1,1,1,2,1,2,1,2,2,2,1,2,2,1,2,1,2,1,1,1,1,1,1,2,2,2,2,3,2,1,2,2,1,1,3,3,2,1,3,3,4,4,4,2,4,3,2,4,4,2,3,2,2,2,2,3,2,2,2,2,2,2,1,grandma,3,3,3,3,3,3,3,3,4,4,4,4,4,4,4,2,4,4,4,4,4,1,4,4,4,4,4,4,4,4,1,grandma,4,4,4,4,4,4,2,5,,30,6,4,1,,,,,,,
12/19/25 13:49,12/19/25 14:09,0,223.29.140.67,100,1156,1,12/19/25 14:09,R_5fHoSNtsUbpnVxT,,,,,37.751,-97.822,anonymous,EN,4,4,3,4,4,4,4,5,4,4,4,4,4,3,1,1,4,3,3,3,1,4,4,4,1,4,3,3,1,4,2,2,2,4,5,2,4,2,4,4,2,2,1,1,2,1,5,5,4,4,5,5,5,5,5,5,5,4,4,4,3,5,4,5,4,4,4,4,1,1,4,1,1,4,2,4,4,2,1,1,4,4,1,1,1,3,1,1,1,1,1,1,1,1,1,1,1,1,1,1,1,1,1,1,1,1,5,5,4,3,4,4,3,4,4,2,4,4,3,5,3,4,4,5,4,4,3,4,3,4,3,4,3,4,3,6,4,5,4,4,4,4,6,5,4,5,5,4,2,4,5,3,2,3,2,2,2,1,1,1,3,3,3,1,1,3,2,2,1,1,1,1,1,1,1,1,1,1,1,1,3,1,1,1,1,1,1,1,1,1,1,2,2,1,1,3,4,4,3,3,3,3,3,3,2,3,3,3,3,3,4,4,4,4,4,3,3,3,3,2,,,,,,,,,,4,4,4,3,4,4,4,3,3,3,3,4,4,2,,,,,,,,,1,Family friend,3,3,2,3,3,3,2,5,,33,6,8,1,,,,,,,
12/19/25 13:51,12/19/25 14:10,0,67.218.72.130,100,1156,1,12/19/25 14:10,R_12ijKMdsWGqfJaa,,,,,44.0921,-104.6312,anonymous,EN,4,4,4,4,5,5,3,3,4,5,4,1,4,1,1,4,3,1,2,4,1,2,3,3,1,4,2,1,4,1,1,1,5,5,5,1,1,1,5,1,5,5,4,5,5,5,1,4,5,2,5,1,5,1,5,4,5,5,5,5,5,5,4,2,5,5,4,4,1,1,4,1,1,4,1,4,3,1,1,1,4,4,1,1,4,4,1,2,1,1,1,1,1,1,1,2,1,1,1,1,1,1,1,1,1,1,4,5,4,6,4,6,4,2,6,4,5,6,3,4,4,3,4,6,4,4,3,3,4,4,6,6,4,4,4,2,4,2,4,4,4,6,4,6,6,5,6,6,4,6,4,1,1,2,3,1,1,1,1,1,2,1,1,1,1,1,1,2,2,1,1,1,2,1,1,1,1,2,1,1,1,2,1,1,2,2,1,2,1,1,1,2,3,2,2,4,4,4,4,4,4,4,3,1,1,4,2,3,1,3,3,3,3,3,2,3,3,3,3,1,Grandmother,4,2,4,4,4,3,3,3,4,3,2,2,3,3,3,1,1,4,4,4,4,1,1,3,4,2,3,4,4,4,1,Grandmother,4,4,4,3,3,3,1,1,,62,6,4,1,,,,,,,
12/19/25 14:03,12/19/25 14:11,0,74.80.146.198,100,510,1,12/19/25 14:11,R_1EBv1z3JO2bNzS9,,,,,37.751,-97.822,anonymous,EN,5,5,3,4,5,4,3,5,4,4,4,2,4,3,1,4,4,1,2,4,1,1,4,3,1,4,2,3,4,3,3,5,4,5,3,3,3,4,3,4,4,3,4,3,3,5,1,4,3,3,3,5,2,4,2,5,5,3,3,5,3,3,3,5,3,4,3,3,2,2,4,1,4,4,1,4,4,1,3,1,4,4,1,1,3,4,2,1,1,1,1,1,1,1,2,2,3,1,1,1,2,2,2,1,3,1,4,4,5,3,4,3,6,4,5,3,5,4,3,4,4,4,2,4,5,3,4,3,6,3,3,5,2,5,2,2,5,4,4,2,5,2,5,2,2,5,2,4,5,2,4,2,3,1,2,2,1,2,2,3,1,2,1,2,2,3,1,3,2,2,1,2,3,1,3,1,2,2,1,1,3,2,2,2,2,2,1,1,2,3,2,1,3,2,1,3,3,3,2,3,2,3,1,3,2,3,2,3,3,2,4,4,4,2,3,4,3,4,4,2,,,,,,,,,,3,4,3,3,3,1,4,2,3,1,3,3,3,1,3,2,3,3,3,2,3,1,1,uncle,4,4,4,4,4,3,1,1,,30,6,7,1,,,,,,,
12/19/25 13:38,12/19/25 14:11,0,104.251.81.29,100,1976,1,12/19/25 14:11,R_5EioLAiGAkbdc5y,,,,,37.751,-97.822,anonymous,EN,4,3,3,2,4,3,5,5,4,3,4,1,4,4,1,3,4,1,1,4,1,1,4,2,1,4,2,3,3,1,5,5,1,1,2,5,5,4,1,4,2,4,1,1,1,2,5,1,1,2,4,4,4,2,4,4,1,1,1,5,1,1,1,4,3,3,4,4,1,1,3,1,1,4,1,4,4,1,1,1,3,4,1,1,4,4,1,1,1,1,2,1,1,2,1,1,1,1,1,2,3,1,1,2,2,3,5,6,2,6,6,5,4,6,2,4,5,2,3,4,5,1,4,5,5,4,6,4,6,4,4,4,4,5,3,5,6,6,4,4,5,4,4,4,6,5,5,4,5,5,6,1,1,3,3,2,1,1,1,1,3,1,1,1,2,2,2,1,3,2,1,1,3,1,3,1,1,3,1,2,3,3,2,2,3,2,1,1,2,1,1,3,1,1,2,4,2,4,1,4,1,3,3,4,1,3,2,3,3,4,4,4,4,1,3,2,3,4,3,1,My maternal aunt,4,4,4,4,4,4,4,4,4,4,4,4,4,4,4,4,2,3,4,4,4,1,4,4,3,3,3,3,3,4,1,My maternal aunt,4,4,4,4,4,4,2,5,,54,6,8,1,,,,,,,
12/19/25 13:49,12/19/25 14:12,0,204.77.129.195,100,1371,1,12/19/25 14:12,R_7BZK2VhJ3HzvYzf,,,,,37.751,-97.822,anonymous,EN,4,4,3,4,4,4,3,4,4,3,3,2,3,2,1,3,3,2,2,3,2,2,3,3,2,3,2,2,3,2,2,2,4,5,4,2,3,2,4,2,3,3,3,4,4,4,2,3,4,3,3,2,3,3,3,3,4,5,3,3,5,4,3,3,3,3,3,3,2,2,3,1,2,3,1,3,3,2,1,2,3,3,2,1,3,3,1,1,1,1,1,1,1,1,1,1,1,1,1,1,1,1,1,1,1,1,3,5,4,4,4,5,5,5,4,4,4,3,4,4,4,3,5,4,5,5,5,4,5,5,5,5,4,4,4,4,4,4,4,3,3,5,4,5,5,5,4,3,4,3,5,1,2,2,1,2,1,2,2,1,2,1,1,1,2,1,2,2,2,1,2,2,1,2,2,1,1,2,1,2,2,2,1,2,2,2,1,2,1,2,1,2,2,2,2,4,4,4,3,3,3,3,4,3,4,4,4,3,3,4,4,3,4,3,3,3,3,3,4,1,"She was my aunt who lived nearby and spent a lot of time with me, always encouraging me and taking an interest in my schoolwork and activities.",4,3,4,4,3,3,3,4,4,3,4,3,4,3,3,3,4,4,4,4,4,1,3,4,4,3,3,3,3,3,1,"She was a high school teacher who really took an interest in me, encouraged me to do my best, and was someone I felt comfortable talking to when I needed guidance.",4,4,4,3,3,3,2,5,,56,6,7,1,,,,,,,
12/19/25 14:03,12/19/25 14:12,0,154.7.225.60,100,522,1,12/19/25 14:12,R_610NTCiZYHoZqDp,,,,,39.0469,-77.4903,anonymous,EN,4,3,3,4,3,4,5,1,4,3,4,1,4,2,1,4,4,2,3,4,2,1,3,4,1,3,3,2,3,2,4,5,4,3,4,4,4,5,2,4,3,4,3,1,2,2,3,2,1,4,2,3,1,4,2,1,3,2,1,2,2,2,1,3,1,2,3,4,1,2,3,1,2,4,1,4,3,1,2,1,3,4,1,2,3,4,2,1,1,2,1,1,1,1,1,2,1,1,1,2,2,1,1,2,2,1,4,6,4,5,3,4,5,4,3,5,3,4,3,4,4,3,4,4,2,5,3,5,3,5,4,3,5,4,3,4,3,5,4,3,5,4,5,3,5,3,5,4,3,5,4,1,2,1,2,1,2,1,1,1,2,1,1,2,1,2,1,1,2,1,2,1,2,1,2,1,1,2,1,2,2,1,2,1,2,2,1,1,2,1,1,2,2,1,2,3,3,4,3,2,3,3,3,2,3,4,3,4,,,,,,,,,,,,1,Parent,3,2,4,3,2,4,3,4,3,4,3,4,2,3,4,3,2,3,2,3,2,1,2,3,3,2,4,3,4,3,1,Teacher,3,3,4,3,4,3,2,5,,38,6,9,1,,,,,,,
12/19/25 13:56,12/19/25 14:12,0,147.129.222.26,100,982,1,12/19/25 14:12,R_5Po1UlRvIkprFWF,,,,,40.3228,-86.8881,anonymous,EN,5,5,5,5,5,5,5,5,5,5,4,2,4,2,1,3,4,1,3,4,1,1,3,4,1,4,2,1,4,2,5,5,1,1,1,5,5,5,1,5,1,1,1,1,3,3,5,1,1,5,1,5,1,5,1,1,1,1,1,1,1,1,1,5,1,1,4,4,1,1,4,1,1,4,1,4,3,1,1,1,4,4,1,1,4,4,1,2,1,1,1,1,1,1,1,1,1,1,1,1,3,1,1,1,2,1,1,4,6,6,6,6,6,6,6,6,6,4,6,6,6,1,6,6,6,6,6,1,6,6,6,6,6,6,1,1,1,6,6,1,4,6,6,4,6,6,6,6,6,6,6,1,1,3,3,2,1,2,2,2,3,1,2,1,2,1,1,1,3,3,1,2,2,2,3,1,1,3,1,2,1,3,2,1,3,2,3,3,2,2,2,3,3,3,1,4,4,4,3,4,4,4,4,4,4,4,4,3,4,4,4,4,4,4,4,4,4,4,4,2,,,,,,,,,,4,4,4,4,4,4,4,4,4,4,4,4,4,1,4,4,4,4,4,4,4,4,1,spiritual leader,4,4,4,4,4,4,2,5,,45,6,3,1,,,,,,,
12/19/25 14:00,12/19/25 14:12,0,154.7.225.15,100,767,1,12/19/25 14:12,R_6m3s44U6dwGnJxb,,,,,39.0469,-77.4903,anonymous,EN,4,3,3,3,5,2,3,4,1,3,3,2,2,3,3,3,2,2,3,2,3,3,2,2,3,3,2,2,2,3,4,3,2,3,4,4,4,2,2,4,4,3,2,3,4,2,4,2,2,3,4,3,2,2,2,4,3,3,4,2,3,4,2,3,3,2,3,3,3,2,2,3,3,2,3,3,2,1,2,2,4,3,2,2,4,3,1,1,1,1,1,1,1,1,1,1,1,1,1,1,1,1,1,1,1,1,5,3,4,3,5,3,4,3,4,4,4,4,5,3,3,3,5,5,5,3,2,4,4,2,2,4,5,2,4,3,4,4,2,4,2,5,5,4,3,2,4,5,4,2,4,2,2,1,2,3,2,1,2,2,1,1,1,1,1,2,2,1,2,3,1,2,2,1,2,2,1,2,1,2,2,2,1,2,3,1,2,2,2,1,1,1,2,2,1,2,3,3,1,2,2,3,3,2,2,1,2,3,2,2,3,3,1,2,2,2,1,3,3,1,Uncle ,4,2,3,3,2,3,3,2,4,2,2,3,4,1,3,3,2,3,2,3,3,1,3,2,3,2,3,3,2,1,1,Aunty ,1,3,2,3,2,1,2,5,,36,6,7,1,,,,,,,
12/19/25 13:47,12/19/25 14:12,0,154.7.225.209,100,1550,1,12/19/25 14:12,R_6PNt8Iuf2hwYzfP,,,,,39.0469,-77.4903,anonymous,EN,5,4,3,4,4,4,3,4,3,4,4,2,3,2,1,4,2,1,2,4,1,1,4,3,1,4,2,3,3,2,5,4,4,1,2,5,5,4,1,5,4,3,5,2,3,3,5,4,2,4,2,5,2,5,2,2,1,1,2,2,1,2,1,2,2,3,4,3,2,1,4,1,2,4,1,4,3,2,1,1,4,4,1,3,3,4,2,4,1,1,1,1,1,1,2,1,1,1,1,1,1,1,1,1,1,1,5,5,6,5,4,6,5,6,5,5,5,6,5,5,5,4,6,4,6,5,6,5,4,6,5,6,5,6,4,6,4,5,4,5,6,5,6,4,6,5,6,5,6,4,6,2,2,3,3,2,2,2,1,2,3,2,2,3,2,2,1,2,2,2,3,2,2,1,2,2,2,2,3,2,3,2,3,2,2,3,2,3,2,3,2,2,2,2,2,4,3,4,4,4,3,4,4,3,4,3,4,3,4,3,4,3,2,4,2,3,2,4,2,1,Aunt,3,4,3,4,3,4,3,4,4,2,4,2,4,3,4,2,4,2,2,3,4,1,4,2,4,3,4,2,4,3,1,Grandfather,4,3,4,2,4,3,1,1,,29,6,8,1,,,,,,,
12/19/25 14:00,12/19/25 14:13,0,46.203.164.23,100,736,1,12/19/25 14:13,R_6n8ftsMfaJ0T4q2,,,,,39.0469,-77.4903,anonymous,EN,4,3,3,3,4,3,4,3,3,3,4,2,4,3,1,4,3,3,3,3,2,2,3,3,1,4,3,3,3,3,5,5,5,2,3,3,3,3,3,4,4,3,4,3,4,3,3,3,2,2,3,3,3,3,4,3,4,3,3,3,2,3,4,2,3,2,4,4,2,2,4,4,2,4,2,1,2,1,1,1,2,3,1,1,4,4,1,1,1,1,1,1,1,1,1,1,1,1,1,2,1,1,2,1,1,1,3,4,3,3,4,3,4,3,3,3,4,3,4,3,3,4,3,4,3,3,3,3,3,4,3,4,4,4,3,4,3,4,3,4,3,4,3,4,3,4,4,4,4,3,3,2,1,2,2,1,1,1,1,2,2,1,1,1,1,2,1,2,2,2,1,1,2,2,2,1,1,1,1,1,2,3,3,2,2,2,1,2,2,1,1,2,1,1,1,3,3,4,4,3,4,4,3,4,3,4,4,3,3,3,4,3,3,4,3,3,4,3,3,1,Grandparent,4,4,4,3,4,3,4,3,4,3,3,3,3,4,4,3,4,4,3,3,3,1,3,4,3,4,3,3,4,3,1,Grandparent,3,3,4,3,3,4,2,5,,46,3,8,1,,,,,,,
12/19/25 13:44,12/19/25 14:13,0,73.88.26.227,100,1762,1,12/19/25 14:13,R_17fzXEyjMTD3R4p,,,,,44.971,-93.0498,anonymous,EN,4,3,3,4,4,3,4,5,3,4,2,3,2,3,2,3,2,3,3,1,2,3,1,3,4,1,3,2,2,3,4,5,2,2,3,5,3,3,4,3,2,3,5,4,3,4,4,4,5,2,2,3,3,2,3,5,4,2,5,3,4,5,5,3,4,5,2,2,3,4,2,1,3,2,2,3,2,4,2,2,2,3,2,3,2,3,3,2,2,2,2,1,3,2,1,3,2,3,2,2,1,3,1,2,2,2,4,5,4,4,5,5,4,5,4,5,5,5,5,4,4,5,5,5,3,4,6,5,6,4,3,4,5,4,5,5,6,6,5,2,5,3,4,5,4,4,5,5,5,6,4,3,1,2,2,2,1,1,3,1,2,1,2,1,1,1,1,1,2,1,1,2,3,2,1,2,1,1,1,2,2,3,2,2,2,2,1,2,2,1,2,2,1,1,3,2,3,3,3,4,4,4,3,3,3,4,4,3,3,4,4,3,4,4,4,4,3,4,4,1,mom,4,4,4,4,4,4,4,4,3,3,3,4,3,4,3,3,4,3,4,4,4,1,4,4,4,4,4,4,4,4,1,mom,4,4,4,4,4,4,2,5,,59,6,5,2,,,,,,,
12/19/25 13:44,12/19/25 14:15,0,154.7.225.216,100,1860,1,12/19/25 14:15,R_5eqLUpQHvTJWISs,,,,,39.0469,-77.4903,anonymous,EN,5,4,4,5,4,5,5,4,5,4,4,2,4,2,1,4,3,2,2,4,1,2,4,3,1,4,2,2,4,1,4,3,4,1,1,4,5,4,1,4,2,3,1,2,1,2,5,4,1,5,2,4,1,4,2,1,2,2,3,1,3,2,2,4,1,4,4,3,2,1,3,1,3,4,1,4,4,2,3,1,4,4,1,2,1,4,1,1,2,1,1,2,2,1,2,2,1,2,1,3,2,1,2,1,2,1,5,4,3,5,4,5,4,5,4,5,4,5,4,3,5,4,5,3,4,3,4,4,3,5,4,3,5,5,4,3,5,4,3,5,4,3,5,4,3,5,5,4,3,5,4,1,2,3,3,2,3,2,3,2,3,2,2,3,2,3,2,2,2,3,2,2,2,1,3,2,2,3,2,3,2,3,2,3,2,2,3,2,3,2,2,3,2,3,2,4,3,2,3,4,3,3,2,4,3,4,2,3,3,4,2,4,4,3,4,2,4,3,3,1,Teacher,4,2,3,2,4,2,4,3,2,3,2,4,2,4,3,2,3,2,3,2,3,1,4,2,2,3,2,3,2,3,1,Uncle,3,2,4,3,4,2,2,5,,26,6,7,1,,,,,,,
12/19/25 13:40,12/19/25 14:15,0,162.154.161.146,100,2117,1,12/19/25 14:15,R_1rzS6xJOe6P44ff,,,,,39.0454,-82.6418,anonymous,EN,4,4,5,5,5,5,3,1,4,3,3,3,1,4,3,4,2,4,4,3,1,4,2,2,3,3,4,3,2,3,3,2,3,3,2,3,3,1,2,2,1,1,5,5,1,1,2,1,3,1,3,2,2,1,3,1,3,4,3,2,3,5,2,1,3,3,1,1,2,2,1,1,1,1,1,2,3,2,4,1,1,1,1,1,1,1,1,3,2,1,2,3,2,1,1,1,2,1,1,1,1,1,1,2,2,4,3,5,4,6,5,5,4,5,5,4,3,6,6,4,3,3,6,6,6,2,2,2,3,3,3,6,4,2,4,1,2,2,6,3,3,6,4,3,6,2,1,5,4,6,1,2,3,3,3,3,1,3,3,3,3,1,1,2,3,1,1,3,3,2,1,3,2,3,3,1,1,3,3,3,3,3,3,1,3,3,1,2,1,1,2,3,3,3,3,4,4,4,4,2,4,3,4,4,4,4,4,3,4,4,4,4,4,4,4,4,4,4,4,1,grandparent,4,4,4,4,4,4,4,4,4,3,2,3,3,2,2,3,4,4,4,4,3,1,4,4,4,4,4,4,4,4,2,,,,,,,,2,5,,38,6,8,1,,,,,,,
12/19/25 14:07,12/19/25 14:15,0,82.152.131.196,100,480,1,12/19/25 14:15,R_6eaSusvKpE754qy,,,,,40.8728,-73.8233,anonymous,EN,4,3,4,3,3,3,3,3,4,4,4,3,3,3,1,3,3,4,3,4,4,3,2,3,1,2,2,3,2,3,3,4,3,4,2,4,4,3,4,3,3,3,4,3,3,4,3,4,3,3,4,3,2,4,4,3,4,4,2,3,3,3,3,3,4,3,4,4,1,3,3,4,3,2,3,3,3,1,1,3,1,1,1,2,2,3,1,3,1,1,3,3,2,2,1,3,1,3,4,2,6,2,2,4,4,3,4,4,4,3,5,4,3,4,5,3,3,4,4,3,4,4,3,3,4,5,4,4,4,3,3,4,4,4,4,3,4,5,4,3,4,4,4,4,5,3,4,4,3,4,3,2,2,2,3,1,3,2,3,1,3,2,2,2,2,2,3,2,2,3,3,1,3,1,2,3,2,2,2,3,2,1,2,3,2,3,2,2,3,2,2,3,2,2,2,4,3,4,3,3,3,2,3,4,3,4,3,3,3,4,3,3,2,3,4,3,4,3,3,2,,,,,,,,,,3,4,3,4,3,3,4,3,3,2,3,3,2,2,,,,,,,,,1,Friend,2,3,2,3,2,3,1,1,,19,3,7,1,,,,,,,
12/19/25 13:53,12/19/25 14:16,0,68.192.224.143,100,1359,1,12/19/25 14:16,R_5dM1vrB2c7xviXY,,,,,40.5978,-74.0001,anonymous,EN,4,4,4,4,4,4,4,4,4,4,3,2,3,3,1,3,3,2,2,3,1,1,3,3,1,3,2,2,3,2,2,2,4,4,4,2,2,2,4,2,4,4,4,4,4,4,2,4,4,2,4,2,4,2,4,4,4,4,4,4,4,4,4,2,4,4,3,3,2,2,3,2,2,3,2,3,3,2,2,2,3,3,2,2,3,3,1,1,1,1,1,1,1,1,1,1,1,1,1,1,1,1,1,1,1,1,2,5,5,5,5,5,5,5,5,5,5,3,3,5,4,4,5,5,5,5,5,5,5,5,5,5,5,4,5,5,5,3,5,4,5,5,5,4,4,4,4,5,5,5,5,2,1,3,3,3,2,2,1,1,3,1,2,1,1,2,1,1,2,1,2,2,1,2,2,1,1,2,1,1,2,2,2,2,2,2,1,2,2,1,1,2,2,2,2,4,4,4,4,4,4,4,4,4,4,4,4,3,4,4,4,4,4,4,4,4,4,4,4,1,Uncle,4,4,4,4,4,4,4,4,4,4,4,4,4,4,4,4,4,4,4,4,4,1,4,4,4,4,4,4,4,4,1,uncle,4,4,4,4,4,4,1,1,,41,6,7,1,,,,,,,
12/19/25 14:04,12/19/25 14:17,0,113.20.53.75,100,758,1,12/19/25 14:17,R_31h1Z7Ln9Px0Oif,,,,,39.0814,-77.6443,anonymous,EN,5,5,5,5,5,4,5,5,4,5,4,3,3,4,1,2,4,3,3,4,1,1,4,4,1,4,4,4,3,4,1,1,2,4,3,1,1,1,5,1,1,5,4,2,2,1,5,1,1,1,2,1,2,2,1,3,2,2,2,3,2,1,2,2,3,1,4,4,1,1,4,1,3,4,2,4,4,1,2,1,4,4,1,1,4,4,2,2,1,1,2,1,1,2,2,1,2,2,1,2,2,2,2,1,2,2,6,4,5,6,4,5,5,4,6,5,6,4,6,5,4,6,5,6,5,6,5,4,5,6,5,6,5,5,6,6,5,6,4,6,6,6,5,5,4,5,5,6,5,5,6,2,3,3,2,1,3,2,2,2,3,2,3,2,3,2,3,2,3,2,3,3,2,3,2,2,2,3,3,2,3,3,3,2,2,3,2,3,3,2,3,2,2,3,3,4,4,4,3,4,3,3,4,4,3,4,3,3,3,3,3,4,4,4,4,3,4,3,4,1,aunt,4,4,4,4,4,4,4,4,4,3,3,4,4,4,4,4,3,4,3,4,4,1,4,3,4,4,3,3,3,4,1,neighbor,4,3,4,3,3,4,2,5,,34,6,3,1,,,,,,,
12/19/25 13:37,12/19/25 14:17,0,67.4.162.4,100,2418,1,12/19/25 14:17,R_3gkyAwXnGwI34Vb,,,,,44.8285,-93.3535,anonymous,EN,4,4,4,3,3,4,4,4,4,4,3,2,3,1,1,3,3,1,3,4,3,3,4,3,2,4,3,2,4,2,1,3,5,5,5,3,1,3,5,3,3,3,4,5,5,5,3,4,5,1,3,2,5,3,5,4,5,5,5,3,5,5,3,5,5,3,4,4,1,1,4,1,4,3,1,4,4,1,1,1,4,4,1,1,4,4,1,1,2,1,2,1,1,4,1,1,1,1,1,1,1,1,1,1,1,1,4,3,5,4,4,5,6,4,5,5,4,2,2,6,6,2,4,5,5,4,5,5,5,2,5,5,5,6,5,3,5,4,2,4,4,6,3,5,3,4,5,1,4,4,5,1,2,3,3,2,1,1,3,1,2,1,1,1,2,1,1,1,1,1,1,1,3,3,1,1,1,3,1,1,3,1,3,3,3,3,1,3,1,1,1,1,3,3,2,4,4,4,4,4,4,4,4,4,4,4,4,4,,,,,,,,,,,,1,grandparent,4,4,4,4,4,4,4,4,4,4,4,4,4,4,4,4,4,4,4,4,4,1,4,4,4,4,4,4,4,4,1,grandparent,4,4,4,4,4,4,2,5,,61,6,6,1,,,,,,,
12/19/25 14:02,12/19/25 14:18,0,154.7.225.157,100,968,1,12/19/25 14:18,R_3poPGHCvO4BZtIY,,,,,39.0469,-77.4903,anonymous,EN,5,5,3,5,3,3,3,1,3,3,4,1,4,4,1,1,2,2,1,4,3,1,3,3,1,4,2,2,3,2,5,5,5,1,5,5,5,5,5,5,3,3,2,3,3,2,4,3,3,3,3,5,1,3,3,3,3,3,1,3,3,3,3,3,3,3,4,4,1,1,4,1,2,4,1,4,4,1,2,4,1,4,1,1,4,4,2,1,1,4,1,1,1,1,1,1,1,1,1,1,1,1,1,1,1,1,6,1,6,3,3,3,3,4,2,4,3,3,4,3,3,3,4,2,4,5,4,4,3,4,4,4,4,4,3,4,4,4,4,4,3,4,3,4,3,5,4,4,4,3,4,2,1,3,2,2,2,1,1,2,1,2,1,2,1,1,1,2,2,1,2,1,1,1,1,1,1,2,1,2,1,1,1,1,1,2,2,2,2,1,1,2,2,1,1,3,2,3,2,3,3,3,3,2,3,3,3,4,,,,,,,,,,,,1,My mother,4,4,3,4,4,4,3,4,3,3,2,2,3,3,2,3,3,3,3,3,3,2,,,,,,,,,1,My mother,4,4,4,4,4,4,1,1,,25,4,9,1,,,,,,,
12/19/25 14:14,12/19/25 14:21,0,73.30.97.36,100,404,1,12/19/25 14:21,R_6fs6ybirZsWz8JD,,,,,39.9361,-75.2625,anonymous,EN,3,3,5,3,3,3,3,3,3,4,3,1,4,2,1,3,4,3,2,4,2,1,3,3,1,3,2,2,3,2,3,5,3,1,2,4,5,5,1,5,1,1,1,1,1,1,1,1,1,1,1,1,1,1,1,1,1,1,1,1,1,1,1,1,1,1,4,4,1,1,4,1,1,4,1,4,4,1,1,1,4,4,1,1,3,4,1,1,1,1,1,1,1,1,1,1,2,1,1,1,1,1,1,1,1,1,4,4,4,3,3,4,3,4,5,3,4,3,3,1,1,1,1,1,5,2,3,4,3,3,3,3,3,3,5,3,3,3,3,4,3,3,3,3,3,3,3,3,3,3,3,1,1,1,1,1,1,1,1,1,1,1,1,1,1,1,1,1,1,1,1,1,1,1,1,1,1,1,1,1,1,1,1,1,2,1,1,1,1,1,1,1,1,1,1,1,1,2,2,1,1,1,1,1,1,1,1,4,,,,,,,,,,,,2,,,,,,,,,,1,1,1,1,1,1,2,1,1,1,1,1,1,2,,,,,,,,,2,,,,,,,,1,1,,28,3,7,1,,,,,,,
12/19/25 14:09,12/19/25 14:21,0,172.56.182.90,100,728,1,12/19/25 14:21,R_75Sl3bG3gQffzW6,,,,,33.9764,-117.3341,anonymous,EN,5,5,4,3,4,5,5,4,5,4,4,2,3,2,2,3,3,2,1,3,1,3,2,2,2,3,2,1,3,2,2,1,4,4,4,1,1,1,5,1,5,5,3,4,5,5,1,3,4,2,4,1,4,2,4,3,4,4,4,4,4,4,4,1,3,4,3,3,2,2,3,2,2,3,2,3,2,2,2,2,3,3,2,2,3,3,2,1,1,1,1,1,2,2,1,1,2,1,1,2,1,1,1,2,2,2,2,4,3,4,4,4,5,5,3,3,4,4,4,4,4,3,5,4,5,5,6,3,3,6,5,5,4,3,4,4,4,5,4,3,4,4,2,2,5,6,2,4,3,4,4,1,1,3,1,2,1,1,2,1,3,1,2,1,2,1,1,1,3,2,1,2,2,2,2,1,1,3,1,2,1,2,1,1,3,3,2,2,1,2,1,2,3,3,2,2,3,2,1,2,1,2,1,3,2,3,3,3,4,4,4,4,4,4,4,4,4,4,4,1,A teacher,4,4,4,4,4,4,4,3,1,2,2,1,1,2,1,2,2,4,4,3,4,1,4,4,4,4,4,4,4,4,1,Teacher,4,4,4,4,4,4,1,1,,27,4,8,1,,,,,,,
12/19/25 14:06,12/19/25 14:21,0,45.139.69.79,100,901,1,12/19/25 14:21,R_1M09NyOt5OnoBXG,,,,,38.9779,-77.0806,anonymous,EN,5,5,5,5,4,5,5,5,5,5,4,1,4,1,1,4,4,1,3,4,3,1,4,4,1,4,2,4,4,2,1,1,5,5,5,1,1,1,4,1,5,5,3,5,5,5,1,5,5,1,5,1,5,1,5,5,5,5,5,5,5,5,5,1,5,4,4,4,4,4,4,4,4,4,4,4,4,1,3,1,4,4,4,1,4,4,1,1,1,1,1,1,1,1,3,1,1,1,1,1,1,1,1,1,1,1,1,6,1,5,6,6,6,6,6,6,6,4,6,6,5,6,6,6,5,6,5,6,6,6,6,6,6,6,6,6,5,6,6,6,6,5,6,6,6,6,6,6,5,6,5,1,1,2,2,1,1,2,2,1,2,1,2,3,2,3,3,3,2,1,1,3,2,2,2,2,2,1,2,2,2,1,2,2,1,2,2,2,2,1,1,2,1,1,1,4,3,3,4,4,4,4,4,4,4,4,4,4,,,,,,,,,,,,2,,,,,,,,,,4,4,4,1,2,3,4,4,4,4,4,4,4,1,4,3,4,4,4,4,4,4,2,,,,,,,,1,1,,27,6,7,1,,,,,,,
12/19/25 13:47,12/19/25 14:22,0,149.18.53.160,100,2088,1,12/19/25 14:22,R_72D7pp5ae9b2NF1,,,,,37.751,-97.822,anonymous,EN,4,5,4,5,5,5,4,5,5,5,3,1,4,4,1,3,4,1,2,4,4,1,4,4,1,4,1,3,4,4,1,1,3,5,5,1,1,1,5,1,3,2,2,2,5,4,1,3,3,2,2,2,4,2,3,2,3,5,4,5,4,3,5,2,4,2,4,4,1,1,4,2,2,4,1,4,4,1,3,1,4,4,2,1,4,4,2,2,2,3,2,1,1,3,1,2,1,1,1,2,3,3,3,1,2,2,5,4,5,6,6,5,6,4,1,1,2,5,5,5,3,3,2,5,5,6,5,5,6,6,5,4,5,2,5,6,6,5,5,2,5,4,5,2,5,5,4,4,5,6,5,1,1,2,3,2,1,2,3,3,3,1,2,1,3,2,1,1,3,3,1,3,2,2,3,2,1,2,1,3,3,3,3,2,2,3,2,3,1,1,2,3,2,2,3,4,4,4,4,4,4,4,3,4,4,4,4,3,3,4,4,4,4,3,4,4,4,4,4,1,My grandfather,4,4,4,4,4,4,4,4,4,4,4,4,4,3,4,4,4,4,3,4,4,1,3,3,3,3,3,2,3,3,2,,,,,,,,2,5,,32,6,7,1,,,,,,,
12/19/25 14:10,12/19/25 14:24,0,104.58.227.60,100,854,1,12/19/25 14:24,R_7O1ZTVUU38tLKks,,,,,31.1256,-93.1736,anonymous,EN,5,5,3,5,5,5,4,5,5,5,3,1,2,4,1,3,4,2,1,2,1,1,3,3,1,3,2,3,4,1,5,5,1,1,1,5,5,5,1,4,1,1,4,1,4,3,5,3,3,5,1,4,3,3,4,4,4,4,5,5,1,4,4,3,4,3,3,2,2,1,4,1,1,3,1,3,3,1,1,1,3,3,1,1,3,3,1,1,1,1,1,1,1,1,1,1,1,1,1,1,1,1,2,1,1,1,4,2,3,4,2,2,4,5,2,4,5,5,3,5,3,2,3,6,4,4,5,4,5,5,3,3,4,5,3,2,4,5,5,3,5,4,3,5,5,4,3,4,4,5,5,1,1,2,3,1,1,1,1,1,1,1,1,1,1,1,1,1,2,1,1,2,2,2,2,1,1,2,1,1,2,1,1,2,2,1,1,2,2,1,1,2,2,2,1,3,1,4,3,2,3,3,4,3,3,3,2,3,4,4,4,4,4,4,4,4,4,4,4,2,,,,,,,,,,4,4,4,4,4,4,3,3,2,3,3,4,4,2,,,,,,,,,2,,,,,,,,2,5,,52,3,4,1,,,,,,,
12/19/25 13:43,12/19/25 14:24,0,154.7.225.112,100,2457,1,12/19/25 14:24,R_1Rr8TTaTuj7AUgJ,,,,,39.0469,-77.4903,anonymous,EN,5,5,5,5,4,5,4,5,5,4,4,1,4,4,1,3,4,1,1,4,1,1,4,4,1,4,2,1,2,1,1,1,4,5,4,1,1,1,4,1,4,4,4,4,2,4,1,4,4,2,2,2,3,2,3,4,3,4,4,4,4,4,4,4,3,3,4,4,2,2,2,2,2,4,1,4,4,1,1,1,4,4,1,1,2,4,1,1,1,1,1,1,1,1,1,1,1,1,1,1,1,1,1,1,1,1,6,1,5,5,5,5,5,5,5,5,5,5,5,5,5,5,5,5,5,5,5,5,5,5,5,5,5,5,5,5,5,5,5,5,5,5,5,5,5,5,4,5,5,4,5,3,1,3,3,1,1,1,1,1,3,1,1,1,1,1,1,1,3,1,1,1,1,1,2,1,1,1,3,1,1,3,3,2,1,3,1,1,1,1,1,1,1,1,1,4,4,4,4,4,4,4,4,4,4,4,4,3,4,4,4,4,4,4,4,4,4,4,4,1,My parents,4,4,4,4,4,4,4,4,4,4,4,4,4,4,4,4,4,4,4,4,3,2,,,,,,,,,1,Teacher,4,4,4,4,4,4,1,1,,42,6,8,1,,,,,,,
12/19/25 14:08,12/19/25 14:24,0,74.73.1.19,100,963,1,12/19/25 14:24,R_6Hhce5synJsgQ1z,,,,,40.9039,-73.837,anonymous,EN,4,4,4,2,3,4,3,3,4,4,3,4,2,4,4,3,3,3,3,2,3,3,2,2,3,2,4,2,3,3,4,4,2,1,1,4,4,3,1,5,3,3,3,3,3,2,4,2,2,3,3,3,1,2,3,2,4,2,2,2,2,4,2,4,2,1,3,3,3,2,3,1,3,3,1,3,2,2,2,3,3,3,3,3,3,3,2,2,3,4,2,2,3,2,1,1,4,4,4,4,4,1,1,2,1,1,6,3,5,6,6,4,4,4,4,5,3,5,6,6,2,6,4,5,4,4,4,4,4,4,4,4,6,3,6,3,4,4,6,4,6,4,5,5,4,4,4,5,5,5,4,2,1,3,1,2,2,3,3,2,3,3,2,1,2,1,1,2,3,3,1,3,3,3,3,1,1,3,1,3,1,3,2,1,3,3,3,3,3,3,2,3,3,3,2,2,2,1,1,2,2,3,3,3,3,4,4,3,4,4,4,4,4,3,4,4,4,4,4,2,,,,,,,,,,2,1,1,1,2,3,3,1,3,4,4,4,4,1,4,4,4,4,4,4,4,4,1,teacher,4,4,4,3,4,4,2,5,,21,4,4,1,,,,,,,
12/19/25 14:15,12/19/25 14:24,0,154.7.225.184,100,563,1,12/19/25 14:24,R_6ZVaPoYRqDa6dPX,,,,,39.0469,-77.4903,anonymous,EN,3,4,3,3,2,4,3,4,4,2,3,2,2,4,3,3,2,3,3,2,2,4,2,2,3,2,3,2,3,2,3,4,1,2,4,3,2,4,1,4,2,1,3,3,2,3,1,1,3,4,1,3,3,1,4,2,4,2,4,3,2,4,2,3,4,4,3,1,3,2,3,2,3,2,3,2,2,3,2,3,2,3,2,2,2,3,1,1,1,1,1,1,1,1,1,1,1,1,1,1,1,1,1,1,1,1,5,3,4,3,5,3,2,4,4,2,3,3,4,2,4,1,2,4,5,3,3,4,3,2,4,5,3,4,3,2,4,4,5,3,3,4,5,3,4,2,3,4,5,3,4,2,1,1,2,3,1,2,3,1,2,2,1,2,1,1,2,1,1,2,2,1,3,2,3,1,2,1,3,2,1,1,3,2,1,2,3,1,1,2,1,1,2,1,2,1,3,2,1,3,2,1,3,2,1,3,2,4,,,,,,,,,,,,2,,,,,,,,,,3,2,3,2,1,1,3,2,3,1,3,3,1,2,,,,,,,,,2,,,,,,,,1,1,,42,6,7,1,,,,,,,
12/19/25 13:49,12/19/25 14:24,0,172.56.16.229,100,2142,1,12/19/25 14:24,R_542beflZqqx4t57,,,,,41.8835,-87.6305,anonymous,EN,5,4,5,4,5,5,5,5,5,5,4,1,4,4,1,1,4,1,1,4,1,1,4,4,1,4,1,1,4,1,1,1,5,5,5,1,1,1,5,5,5,5,5,5,5,5,1,5,5,1,5,1,5,1,5,5,5,5,5,5,5,5,5,1,5,5,4,4,1,1,2,1,1,4,1,4,4,1,1,1,4,4,1,1,3,4,1,1,1,1,1,1,1,1,1,1,1,1,1,1,1,1,1,1,1,1,1,6,6,6,4,6,6,2,6,6,3,5,5,5,6,4,5,6,6,5,5,6,6,2,6,1,2,6,6,6,6,2,5,3,1,6,6,1,6,2,1,6,2,6,6,1,1,1,1,1,1,1,1,1,1,1,1,1,1,1,1,1,1,1,1,2,1,3,1,1,1,1,1,1,2,2,2,1,1,2,1,1,1,1,1,1,1,1,2,4,4,4,4,4,4,4,4,4,4,2,4,3,4,4,4,4,4,4,4,4,4,4,4,2,,,,,,,,,,4,4,4,4,4,4,4,2,2,3,4,4,4,1,4,4,4,3,4,4,4,4,2,,,,,,,,2,5,,31,6,7,1,,,,,,,
12/19/25 14:02,12/19/25 14:27,0,89.46.183.112,100,1474,1,12/19/25 14:27,R_6R7x0bNOH7fd37X,,,,,34.9458,-81.9334,anonymous,EN,4,4,4,5,5,4,3,2,5,4,3,2,4,2,1,3,4,1,3,4,2,1,3,4,1,4,3,4,3,2,2,1,4,5,5,1,1,1,5,1,4,4,1,3,4,5,1,1,2,4,5,2,1,4,5,2,3,4,5,1,2,4,1,1,2,2,2,3,4,2,1,1,3,2,3,3,3,4,3,3,1,3,4,3,2,2,1,1,1,2,2,1,2,2,1,2,2,1,1,2,5,2,5,1,3,3,2,6,6,6,5,6,5,6,6,6,4,6,5,6,4,5,6,6,6,4,4,3,3,4,5,6,5,5,6,6,2,6,6,1,6,6,6,6,6,4,5,5,6,6,4,3,3,2,1,1,1,1,3,1,2,1,3,2,3,1,2,1,3,1,2,1,1,2,3,2,2,1,1,1,2,3,2,2,1,3,1,3,1,2,1,2,1,1,2,4,4,4,4,4,3,4,4,4,4,4,4,3,3,3,3,3,4,4,4,4,4,4,4,1,Family friend,4,4,4,4,3,3,4,4,2,2,3,2,2,1,1,1,2,1,4,2,4,1,3,4,4,4,4,4,4,4,1,Uncle,4,4,4,4,4,3,1,1,,34,3,7,1,,,,,,,
12/19/25 14:17,12/19/25 14:28,0,67.82.252.171,100,656,1,12/19/25 14:28,R_17a6DktEwYoIUBk,,,,,40.7009,-73.9461,anonymous,EN,4,4,4,3,3,4,3,3,3,4,3,2,2,4,1,3,3,2,1,2,1,2,2,3,2,2,1,2,3,2,3,4,2,2,2,3,3,3,2,3,2,1,2,1,1,2,3,2,1,2,1,2,1,1,1,3,1,2,1,1,1,1,2,2,2,1,4,3,1,1,3,1,1,2,1,3,2,1,1,1,4,3,1,1,2,2,2,1,3,2,1,1,1,1,1,1,1,1,1,2,3,1,2,1,1,1,5,2,3,4,4,6,2,2,4,2,3,3,4,2,4,5,3,4,4,1,2,1,2,1,3,3,3,4,3,2,1,2,2,4,2,4,3,4,3,2,2,4,2,4,2,1,1,2,1,3,1,1,1,1,1,1,1,1,2,1,1,1,1,1,1,1,1,1,1,1,1,3,1,1,1,1,1,1,3,2,1,2,1,1,1,3,3,2,1,4,3,4,4,4,4,4,3,4,4,4,4,3,4,4,4,4,4,4,4,4,4,4,4,2,,,,,,,,,,4,4,4,4,4,4,4,4,4,4,4,4,4,1,3,4,4,4,4,3,4,4,2,,,,,,,,2,5,,30,6,7,1,,,,,,,
12/19/25 14:11,12/19/25 14:28,0,67.249.244.5,100,991,1,12/19/25 14:28,R_6tEhShiFX0QFkAg,,,,,42.4713,-78.9329,anonymous,EN,5,4,4,3,3,3,4,2,1,2,1,4,2,4,4,1,1,4,3,1,4,4,2,1,4,1,4,2,1,4,4,5,5,1,1,5,5,5,1,3,3,4,5,1,1,5,5,4,1,3,4,4,5,4,4,5,2,2,5,5,5,1,3,4,2,5,2,2,3,3,2,1,4,1,1,3,1,2,1,4,3,2,3,1,1,1,3,2,3,4,3,2,4,4,3,3,4,4,3,4,7,3,2,4,4,4,5,6,4,5,3,4,5,4,4,2,4,6,6,6,2,4,4,5,4,3,4,3,5,5,3,5,6,1,6,3,5,3,6,5,6,6,3,4,6,2,3,6,5,6,3,3,3,2,1,2,3,3,3,1,2,3,2,1,3,3,3,3,3,3,3,3,3,3,3,2,1,1,3,1,2,3,3,3,2,3,2,1,2,3,3,2,2,1,3,3,1,3,2,2,2,2,1,1,2,3,1,3,4,4,4,4,4,4,4,4,3,3,4,2,,,,,,,,,,3,1,2,1,2,1,1,1,2,4,1,3,2,1,4,4,4,4,4,3,4,4,2,,,,,,,,2,5,,42,6,4,1,,,,,,,
12/19/25 13:59,12/19/25 14:28,0,98.196.218.221,100,1714,1,12/19/25 14:28,R_1KSM7ujRtRPHLjj,,,,,29.6889,-95.3071,anonymous,EN,4,5,3,4,5,4,4,5,5,4,3,1,3,2,1,4,4,2,3,3,2,1,4,3,2,4,3,2,4,2,5,4,3,2,4,4,5,5,2,4,4,3,2,2,1,1,4,2,1,4,4,4,2,5,3,2,2,1,4,2,1,1,1,4,2,2,4,4,2,2,3,1,3,4,1,3,3,1,1,2,4,3,2,1,4,3,1,2,2,1,1,1,1,2,1,2,1,1,1,1,2,1,2,1,1,1,4,5,5,4,3,5,4,5,5,4,6,4,5,4,6,5,5,5,5,6,6,5,4,4,5,6,4,4,5,5,5,4,5,5,4,6,5,4,5,4,5,4,5,5,4,1,1,2,1,1,1,2,2,2,1,1,2,1,2,1,2,1,2,1,2,2,1,2,1,1,1,2,1,2,2,2,1,2,1,3,1,2,1,1,1,1,1,1,2,4,4,4,4,3,3,4,4,3,4,4,3,3,4,4,4,4,4,4,3,4,4,4,4,1,Uncle,4,4,4,4,4,3,4,3,4,4,4,4,4,3,3,4,4,4,4,4,4,1,4,4,4,4,4,4,4,4,1,Coach,4,4,4,3,3,4,1,1,,35,3,4,1,,,,,,,
12/19/25 14:23,12/19/25 14:31,0,154.7.225.102,100,451,1,12/19/25 14:31,R_15MmPJLVc3jKyq8,,,,,39.0469,-77.4903,anonymous,EN,2,4,4,3,2,3,3,2,3,4,2,2,3,2,2,3,3,3,2,3,3,1,2,3,2,2,2,3,3,2,2,4,3,2,3,3,3,4,3,2,4,4,3,2,3,3,4,3,2,3,4,3,2,4,4,3,2,3,4,2,4,4,2,3,4,3,3,2,3,3,2,3,3,2,3,3,2,3,3,2,2,3,4,2,3,3,1,1,1,1,1,1,1,1,1,1,1,1,1,1,1,1,1,1,1,1,5,3,4,5,4,3,4,3,4,5,3,4,4,3,4,4,3,4,3,5,4,3,5,3,3,5,3,4,2,5,2,5,4,3,4,5,3,4,5,3,5,2,4,5,4,2,1,2,2,2,1,2,2,1,2,1,2,2,1,2,1,2,2,2,1,2,1,2,2,2,2,3,2,2,1,3,2,1,2,2,2,1,2,2,3,1,2,2,2,2,3,2,3,2,1,2,3,2,3,3,2,3,3,2,3,2,3,3,1,3,3,2,3,1,Unles,3,2,3,3,2,3,2,3,2,3,3,1,2,3,2,3,2,3,2,1,3,1,3,2,3,3,1,3,2,2,1,Aunty,3,1,3,3,2,3,1,1,,34,6,7,1,,,,,,,
12/19/25 14:16,12/19/25 14:32,0,113.20.52.5,100,969,1,12/19/25 14:32,R_5FS5KGfp0fWv6ft,,,,,39.0814,-77.6443,anonymous,EN,4,4,4,4,5,4,4,5,5,5,4,1,4,3,1,4,4,1,1,4,1,1,4,4,1,4,1,1,4,2,1,1,5,5,5,1,1,1,5,1,5,5,5,5,5,5,1,5,5,5,5,1,5,1,5,5,5,5,5,5,5,5,5,3,5,5,4,4,1,2,4,1,1,4,1,4,4,1,1,1,4,4,1,1,3,4,1,1,1,1,1,1,1,1,1,1,1,1,1,1,1,1,1,1,1,1,5,5,4,4,5,4,5,5,4,5,5,3,3,3,4,4,4,3,3,4,3,5,4,5,4,5,5,5,5,3,5,4,3,3,2,5,4,4,4,4,4,4,4,4,5,1,1,1,1,1,1,1,1,1,2,1,1,1,1,1,1,1,1,1,1,1,1,1,1,1,1,1,1,1,1,1,1,1,1,1,1,1,1,1,1,1,1,1,1,3,4,3,3,3,3,4,4,3,3,3,4,3,4,3,3,3,3,2,3,3,3,4,3,1,friend,3,3,3,3,3,3,3,3,3,3,2,3,3,3,3,3,3,3,3,4,2,2,,,,,,,,,2,,,,,,,,1,1,,29,6,8,1,,,,,,,
12/19/25 13:50,12/19/25 14:32,0,76.24.156.28,100,2496,1,12/19/25 14:32,R_3jVvajg9FRzu712,,,,,42.5334,-70.9653,anonymous,EN,3,4,4,3,3,4,3,2,3,4,2,3,2,3,2,2,3,2,3,2,1,3,2,2,2,2,2,2,2,3,3,4,3,2,2,3,3,4,3,4,2,3,3,2,3,2,3,3,3,4,4,4,3,4,3,3,2,2,3,2,2,2,2,3,3,3,3,2,2,3,2,2,3,2,3,2,3,3,2,3,2,2,3,3,2,2,2,2,2,1,1,4,2,2,1,2,2,2,1,2,3,2,2,2,2,3,4,4,5,5,4,5,4,4,3,4,4,6,5,4,4,4,4,4,4,4,4,5,4,3,4,4,5,4,4,3,4,3,4,3,4,4,4,5,4,4,4,5,4,5,4,2,2,3,2,1,1,2,2,2,3,2,2,1,2,2,1,2,2,2,2,3,2,2,2,2,1,2,2,3,2,2,2,3,2,3,1,3,2,2,2,2,3,2,2,3,3,3,3,2,3,3,3,2,3,3,2,3,3,3,3,3,3,3,3,3,3,3,3,1,family friend,4,4,4,4,4,4,4,4,3,3,3,3,2,3,3,3,3,4,3,4,3,1,3,3,4,3,4,3,3,3,2,,,,,,,,1,1,,39,6,2,1,,,,,,,
12/19/25 14:19,12/19/25 14:32,0,174.81.214.133,100,791,1,12/19/25 14:32,R_1fqEcP06sudYeRi,,,,,43.337,-83.3525,anonymous,EN,4,4,4,5,5,4,5,4,4,5,3,2,3,3,2,3,4,2,2,3,1,2,3,2,2,3,2,2,3,2,4,4,2,2,2,4,3,4,2,4,1,1,4,1,2,3,4,4,2,3,1,4,2,4,1,4,2,2,1,3,3,2,4,3,2,2,3,3,2,2,4,2,2,3,2,4,3,2,2,2,4,3,2,2,4,3,2,2,1,1,1,1,2,1,1,1,1,2,1,1,1,1,1,1,1,1,5,4,5,4,4,4,5,2,2,4,2,5,5,4,2,6,5,6,4,3,3,5,4,3,4,5,3,2,3,1,4,2,3,6,3,3,4,3,4,4,4,5,5,4,4,1,1,2,1,1,1,1,2,1,2,1,1,2,1,1,1,2,3,1,2,2,1,2,2,1,1,2,1,1,3,2,1,2,3,2,1,1,2,2,1,2,2,2,1,4,4,4,4,3,4,4,3,3,4,4,4,3,4,4,4,4,4,4,2,3,3,2,4,2,,,,,,,,,,4,4,4,4,4,4,4,3,4,4,4,4,4,1,4,4,4,4,4,4,3,3,2,,,,,,,,1,1,,28,6,6,1,,,,,,,
12/19/25 13:54,12/19/25 14:32,0,223.29.141.9,100,2309,1,12/19/25 14:32,R_6ae7Phf914EKhkB,,,,,37.751,-97.822,anonymous,EN,3,3,4,4,3,5,4,5,4,5,4,1,4,3,1,4,4,2,3,4,1,4,4,4,1,4,3,3,4,2,2,2,2,4,4,2,2,2,2,4,2,2,4,4,2,3,3,2,4,4,5,3,5,4,5,4,3,4,3,4,3,4,4,2,4,4,4,4,1,2,4,3,3,4,2,4,3,1,1,1,4,1,3,4,2,4,1,1,1,1,1,1,1,1,1,1,1,1,1,1,1,1,1,1,1,1,6,5,4,6,5,4,5,5,4,5,5,4,5,5,4,5,5,5,4,5,4,5,4,5,3,5,4,5,5,6,3,5,4,5,5,4,5,3,4,5,5,4,4,4,4,2,1,2,3,2,1,1,1,1,3,1,1,1,1,1,1,1,2,1,1,1,1,1,1,1,2,2,2,2,2,1,2,2,1,1,1,1,2,2,1,1,1,1,1,4,4,4,4,4,4,3,4,3,3,3,3,3,3,4,3,4,3,3,4,3,4,3,3,1,Family friend,3,2,3,3,3,3,2,3,3,3,4,3,3,3,3,4,3,3,3,3,3,2,,,,,,,,,1,Coach,4,3,4,3,4,3,2,5,,23,6,8,1,,,,,,,
12/19/25 14:22,12/19/25 14:34,0,96.232.157.142,100,700,1,12/19/25 14:34,R_63au9BTYeIfG3vq,,,,,40.821,-73.143,anonymous,EN,2,3,5,4,3,4,2,4,5,4,2,3,2,4,2,2,3,3,4,2,2,1,3,1,2,1,3,2,3,3,5,3,3,2,3,4,3,4,2,4,2,1,3,2,2,3,4,4,2,3,3,2,4,2,1,4,1,1,2,4,4,2,4,5,2,4,2,3,3,4,2,1,2,2,1,2,3,3,2,1,2,1,2,2,3,2,1,1,1,1,1,1,1,1,1,2,1,1,1,3,3,2,1,1,2,1,5,3,2,4,5,6,3,2,4,2,4,3,2,1,4,5,4,3,5,3,2,4,3,5,2,4,2,3,2,1,5,2,1,5,2,4,2,2,4,4,2,2,1,2,3,1,1,3,1,2,1,3,2,3,3,1,2,1,2,1,2,3,3,2,3,2,1,3,2,2,2,3,1,2,1,1,1,1,3,2,2,3,3,1,1,2,3,3,2,1,1,1,1,4,3,2,1,1,2,4,4,4,,,,,,,,,,,,2,,,,,,,,,,1,1,3,1,1,2,2,1,2,4,4,4,4,2,,,,,,,,,2,,,,,,,,2,5,,26,3,3,1,,,,,,,
12/19/25 14:11,12/19/25 14:34,0,140.233.249.64,100,1366,1,12/19/25 14:34,R_33oa75WYj4QNAxb,,,,,37.751,-97.822,anonymous,EN,5,4,3,5,4,5,4,3,4,5,4,1,2,3,1,3,4,2,1,4,1,2,4,3,1,4,1,3,4,1,2,1,2,4,4,1,2,2,3,2,4,4,3,4,4,3,2,2,3,2,4,1,4,2,4,5,3,5,2,2,5,2,4,2,4,2,4,3,1,2,3,1,2,4,2,4,3,2,1,1,3,4,2,1,3,4,1,1,2,2,1,2,1,3,2,2,2,1,1,2,3,2,4,2,3,3,4,6,4,6,4,6,5,6,3,1,5,4,5,4,6,4,3,5,5,4,4,2,5,6,5,4,5,5,4,4,3,5,6,4,5,4,3,5,4,2,3,5,6,4,3,1,2,3,3,2,1,2,1,1,3,2,1,1,3,2,1,2,3,2,1,3,2,1,1,1,1,2,2,1,3,3,2,2,1,3,1,3,2,1,2,3,3,2,2,3,4,3,3,2,4,3,2,4,2,4,3,4,,,,,,,,,,,,2,,,,,,,,,,4,3,4,3,2,4,4,3,3,4,3,2,4,1,3,4,3,4,3,2,3,4,2,,,,,,,,2,5,,40,6,8,1,,,,,,,
12/19/25 14:11,12/19/25 14:35,0,98.28.97.49,100,1444,1,12/19/25 14:35,R_6MpGOaxoCeuUGgF,,,,,41.1208,-83.1733,anonymous,EN,4,3,4,3,4,4,3,2,4,4,3,4,4,4,1,3,2,3,3,3,2,2,3,3,1,2,3,3,3,3,5,5,4,1,1,5,4,5,2,5,4,5,4,4,5,4,5,5,5,2,5,4,4,3,5,4,5,4,5,5,3,4,4,5,5,5,2,3,4,4,2,3,4,2,3,2,3,4,2,3,2,3,3,3,3,2,2,2,1,1,3,1,1,2,1,2,1,1,1,2,1,2,1,1,2,1,4,5,6,5,4,5,5,5,5,6,5,5,5,5,4,5,5,5,5,5,6,5,5,6,5,6,6,4,6,5,6,6,6,2,6,6,6,5,5,6,5,4,5,5,6,3,2,1,2,3,3,3,3,3,2,2,3,2,3,2,3,3,3,2,3,2,3,3,3,3,2,1,2,3,3,3,3,3,2,3,3,3,1,2,3,3,2,2,3,4,4,4,4,4,3,4,4,4,4,4,4,3,3,4,4,4,4,4,4,4,4,4,4,1,aunt,4,4,4,4,4,4,4,4,4,4,4,4,4,4,4,4,4,4,4,4,4,1,3,4,4,4,4,4,4,4,1,aunt,4,4,4,4,4,4,2,5,,53,6,7,1,,,,,,,
12/19/25 14:17,12/19/25 14:35,0,65.185.27.75,100,1100,1,12/19/25 14:35,R_6rOpLpFhMxx6v6F,,,,,40.0732,-82.4017,anonymous,EN,5,5,4,5,5,5,4,5,5,5,3,2,2,1,1,2,3,1,2,4,1,4,3,1,1,4,2,1,4,1,1,1,5,5,5,1,1,1,5,1,5,5,2,5,5,5,1,5,5,1,5,1,5,1,5,5,5,5,5,5,5,5,5,1,5,3,4,4,1,1,4,1,1,4,1,4,1,1,1,1,4,4,1,1,4,3,1,1,1,1,1,1,4,2,1,1,1,1,1,2,3,1,1,1,2,1,1,3,1,1,1,6,6,3,6,1,6,1,1,1,6,1,1,1,1,6,6,1,4,6,3,6,1,6,1,4,1,3,1,1,1,6,1,1,6,2,1,1,1,1,6,2,1,3,3,2,1,1,3,1,3,2,1,3,3,1,3,3,3,3,2,1,1,3,3,1,1,3,1,3,3,1,3,3,3,3,1,3,1,3,1,3,3,3,1,4,4,3,3,1,1,1,1,1,4,4,1,4,,,,,,,,,,,,1,father,4,4,4,4,1,1,2,2,1,1,2,1,3,1,1,1,4,4,4,4,4,1,4,4,4,4,4,3,4,4,1,grandparent,4,4,4,1,1,3,2,5,,29,6,7,1,,,,,,,
12/19/25 13:59,12/19/25 14:37,0,68.170.3.212,100,2286,1,12/19/25 14:37,R_5lMI1lCRkA31hK1,,,,,37.751,-97.822,anonymous,EN,5,3,5,5,5,5,4,5,5,5,4,1,4,1,1,4,4,1,1,4,2,1,4,4,1,4,1,1,4,1,1,1,5,5,5,1,1,1,5,1,5,5,5,5,5,5,1,5,5,1,5,1,5,2,5,3,5,5,5,5,4,5,5,5,5,5,4,4,1,1,4,1,1,4,1,4,4,1,1,1,4,4,1,1,4,4,1,1,1,1,1,1,1,1,1,1,1,1,1,1,1,1,1,1,1,1,1,5,4,6,3,6,6,6,2,3,2,5,4,4,5,5,4,4,5,6,6,6,5,6,6,6,4,5,2,6,6,6,3,1,2,6,4,3,6,6,5,2,3,4,5,1,1,1,2,1,1,1,1,1,1,1,1,1,1,1,1,1,1,1,1,1,1,1,1,1,1,1,1,1,2,2,1,1,1,2,1,1,1,1,1,1,1,1,1,4,4,4,4,4,4,2,2,4,3,4,4,3,4,4,4,4,4,4,4,4,4,4,4,2,,,,,,,,,,4,4,4,4,4,4,4,4,4,4,4,4,4,1,4,4,4,4,4,4,4,4,1,Teacher,4,4,4,4,4,3,1,1,,41,3,8,1,,,,,,,
12/19/25 14:30,12/19/25 14:38,0,154.7.225.135,100,473,1,12/19/25 14:38,R_60yrwSUuUHWpio1,,,,,39.0469,-77.4903,anonymous,EN,5,4,4,4,3,5,3,5,5,4,4,1,4,4,1,3,4,3,1,4,2,3,2,3,1,4,2,3,4,4,4,5,5,3,5,5,4,5,1,2,1,1,1,1,1,1,1,1,1,1,1,1,1,1,1,1,1,1,1,1,1,1,2,3,3,3,4,4,1,4,2,4,3,4,2,4,4,1,3,4,4,4,2,1,3,4,1,1,1,1,1,1,1,1,1,1,1,1,1,1,1,1,1,1,1,1,4,6,3,4,3,6,4,5,4,6,3,4,3,5,4,4,3,5,4,4,4,4,5,3,5,3,4,4,4,1,2,4,3,4,3,4,2,4,5,4,4,3,5,5,4,1,1,1,1,1,1,1,1,1,1,1,1,1,1,1,1,1,1,1,1,1,1,3,3,2,2,2,2,2,2,2,2,2,2,2,2,2,1,1,3,1,2,2,3,3,3,4,2,3,4,3,3,3,3,3,3,3,3,2,4,2,3,3,4,3,4,2,3,1,sister ,3,2,4,3,3,4,4,3,4,4,4,3,4,3,4,3,4,3,4,3,4,1,3,2,4,3,4,2,2,4,1,A friend ,4,3,4,4,4,4,2,5,,48,6,7,1,,,,,,,
12/19/25 14:27,12/19/25 14:39,0,154.7.225.111,100,679,1,12/19/25 14:39,R_1OZ8l2pv1R7wamQ,,,,,39.0469,-77.4903,anonymous,EN,4,5,3,4,3,4,3,5,4,3,4,1,4,4,1,4,4,1,1,4,1,2,4,3,1,3,1,1,3,2,4,5,3,1,2,4,5,3,1,2,1,2,1,2,2,1,2,1,3,3,1,2,1,3,2,1,2,1,2,1,1,1,1,2,1,2,4,3,4,1,2,1,2,4,1,3,4,1,1,1,4,3,1,2,1,4,1,1,1,1,1,1,1,1,1,1,1,1,1,1,2,1,1,1,1,1,2,3,3,1,2,1,3,2,2,1,2,2,1,3,2,1,3,2,1,3,1,3,1,3,1,3,4,3,4,2,4,3,4,2,3,2,4,3,2,3,4,3,4,3,4,3,1,1,1,1,2,1,1,1,1,1,2,1,1,2,1,1,2,1,1,1,1,1,1,1,1,1,1,1,1,1,1,1,3,1,1,1,1,1,2,1,1,3,1,3,2,3,4,3,2,3,3,2,3,2,3,3,2,4,3,4,4,3,4,4,3,3,4,2,,,,,,,,,,1,3,4,2,3,2,3,3,4,3,3,3,4,2,,,,,,,,,1,Uncle,3,4,4,3,4,4,1,1,,62,6,7,1,,,,,,,
12/19/25 14:12,12/19/25 14:39,0,66.182.80.64,100,1618,1,12/19/25 14:39,R_3kSUuDq612OUiDC,,,,,41.7028,-112.1777,anonymous,EN,5,5,2,4,5,4,4,4,5,5,3,2,3,1,1,4,3,2,1,4,1,1,3,3,1,4,1,2,4,2,1,2,4,5,5,2,2,2,5,2,4,4,3,4,5,5,1,2,4,2,4,1,4,1,4,2,4,4,4,5,5,4,4,3,4,3,4,3,1,1,4,1,1,3,1,4,4,1,1,1,4,4,1,1,4,3,2,1,1,1,1,1,1,1,1,1,1,1,1,1,1,1,1,1,1,1,5,4,5,5,4,4,5,2,5,4,5,6,3,5,5,3,4,5,4,5,5,1,3,5,5,4,2,5,2,1,2,1,2,2,2,4,5,4,5,4,3,5,5,5,5,1,1,3,3,1,1,1,1,1,2,1,1,1,1,1,1,1,2,2,1,1,1,1,2,1,1,2,1,1,1,2,1,1,2,1,1,1,1,2,1,2,3,2,2,4,3,4,3,3,2,3,4,2,4,4,4,3,3,3,4,3,4,3,2,3,3,3,3,2,,,,,,,,,,2,3,4,3,3,3,3,2,4,4,3,4,4,1,3,4,3,3,3,3,3,3,1,Grandfather,4,4,4,3,2,3,1,1,,58,6,4,1,,,,,,,
12/19/25 14:28,12/19/25 14:40,0,154.7.225.87,100,734,1,12/19/25 14:40,R_6IUqouh8nzCDq2B,,,,,39.0469,-77.4903,anonymous,EN,3,4,2,3,2,3,2,3,2,3,4,1,3,3,1,4,2,1,2,3,3,3,4,3,1,4,2,1,3,1,4,5,2,2,2,3,4,3,2,1,1,1,2,1,3,1,1,1,2,2,1,1,1,3,1,1,2,3,1,3,2,2,2,2,3,2,3,4,2,2,4,1,2,4,1,3,4,1,1,2,4,3,1,3,4,4,1,1,1,1,1,1,1,1,1,1,1,1,1,1,1,1,1,1,1,1,3,4,3,2,3,3,3,2,3,3,3,2,3,2,3,3,2,3,2,3,2,2,2,3,3,3,2,3,2,3,3,3,2,3,3,2,4,3,2,3,3,2,3,3,2,2,1,2,2,1,2,2,2,2,2,2,2,1,2,1,1,2,1,1,1,1,1,2,1,2,1,2,2,2,2,2,1,2,2,2,2,1,1,2,1,2,1,2,1,2,3,2,3,2,3,2,3,2,3,2,2,4,,,,,,,,,,,,2,,,,,,,,,,3,1,3,2,3,2,3,2,3,2,3,2,3,2,,,,,,,,,2,,,,,,,,1,1,,25,6,7,1,,,,,,,
12/19/25 14:23,12/19/25 14:43,0,40.138.162.238,100,1223,1,12/19/25 14:43,R_78ZCyRsuZxsObuk,,,,,34.4825,-85.3298,anonymous,EN,4,4,4,3,4,4,4,5,4,3,3,2,3,3,3,2,3,4,3,2,4,1,2,3,4,4,4,3,4,4,1,1,1,5,5,1,1,1,5,1,1,1,1,2,3,2,2,1,2,4,2,3,3,3,3,2,3,2,2,1,2,3,2,2,2,2,2,3,4,4,1,4,4,1,2,2,2,3,3,4,1,1,4,3,2,2,2,2,3,2,2,1,3,2,2,2,3,2,2,2,1,3,2,2,1,2,3,4,5,5,5,5,4,5,5,5,4,6,4,5,4,4,4,5,5,5,4,4,5,5,5,5,4,5,4,5,4,5,4,3,5,5,4,2,5,4,4,5,4,5,4,1,1,3,2,1,1,1,2,1,2,1,1,1,1,1,1,1,2,1,1,3,1,2,2,1,1,2,1,2,3,3,1,1,1,3,1,3,1,2,1,1,1,1,3,4,4,4,4,4,4,4,4,4,4,4,4,3,4,4,4,4,4,4,4,4,4,4,4,1,My Father,4,4,4,4,4,4,4,4,4,4,4,4,4,4,4,4,4,4,4,4,4,1,4,4,4,4,4,4,4,4,1,Father,4,4,4,4,4,4,2,5,,37,6,8,1,,,,,,,
12/19/25 14:25,12/19/25 14:44,0,108.51.57.216,100,1173,1,12/19/25 14:44,R_1nYvKQ03OqOsKIN,,,,,39.1585,-77.0837,anonymous,EN,4,5,5,5,4,5,4,5,5,5,4,4,3,4,3,2,2,3,4,3,1,3,2,2,1,3,4,4,3,4,2,1,2,3,3,1,2,1,3,1,3,2,3,4,3,5,1,4,2,2,4,1,5,2,4,5,4,5,5,5,5,4,4,1,4,3,4,3,3,1,2,1,2,2,1,3,2,3,3,1,2,2,3,2,4,3,1,2,2,1,2,1,1,2,1,2,2,2,1,2,7,1,1,1,2,1,6,6,6,6,6,5,6,6,4,5,5,5,6,5,6,6,6,6,6,6,6,5,4,6,4,5,4,5,6,6,4,6,6,1,6,5,6,6,6,4,5,5,6,3,4,3,3,2,3,2,3,3,3,1,2,3,3,3,2,2,3,3,3,3,3,2,1,3,2,3,3,1,3,2,3,1,3,2,1,2,3,1,3,2,1,3,1,1,2,4,4,4,4,4,4,4,4,4,4,4,4,3,4,4,4,4,4,4,4,4,4,4,4,1,Mom and dad ,4,4,4,4,4,4,4,4,4,4,4,4,4,4,4,4,4,4,4,4,4,1,4,4,4,4,4,4,4,4,1,Mom and dad,4,4,4,4,4,4,2,5,,25,6,7,1,,,,,,,
12/19/25 14:32,12/19/25 14:45,0,154.7.225.139,100,762,1,12/19/25 14:45,R_6PhLxI96UAa5DsK,,,,,39.0469,-77.4903,anonymous,EN,5,4,4,4,3,4,3,4,3,4,4,1,3,4,3,4,3,2,2,4,1,1,4,3,1,4,4,1,4,3,5,5,5,3,3,5,5,5,5,5,3,5,1,2,1,1,1,1,1,2,1,1,1,1,1,1,1,1,2,1,1,2,2,2,2,2,4,4,3,1,4,1,3,4,3,4,4,1,1,1,4,4,1,4,1,4,1,1,1,1,1,1,1,1,1,1,1,1,1,1,1,1,1,1,1,1,6,5,4,6,6,3,3,6,5,6,3,4,3,4,5,3,5,4,6,4,3,5,4,5,4,5,1,4,1,4,4,4,5,3,2,4,4,4,5,4,5,5,3,6,4,1,1,1,1,1,1,1,1,1,1,1,1,1,1,2,1,2,3,2,2,2,3,3,2,1,1,2,2,1,3,2,2,3,1,2,3,2,3,1,1,1,2,3,1,3,4,4,4,4,4,4,4,4,4,4,3,3,3,4,2,3,3,4,2,4,4,4,2,1,Sister,3,4,3,4,4,4,3,3,3,4,4,4,3,2,3,4,3,3,4,2,4,1,4,3,3,3,4,3,4,3,1,Friend ,3,3,4,4,4,4,2,5,,53,3,7,1,,,,,,,
12/19/25 14:11,12/19/25 14:47,0,130.180.242.33,100,2171,1,12/19/25 14:47,R_5xyRPxjjcq0AHw5,,,,,40.7126,-74.0066,anonymous,EN,5,5,5,4,5,5,3,5,5,5,4,1,4,4,1,4,4,1,2,4,1,4,4,4,1,4,1,1,4,4,1,1,1,5,5,1,1,1,5,5,3,5,4,5,5,1,2,5,1,5,1,1,5,5,5,1,1,2,1,1,1,1,5,1,1,1,4,4,1,1,4,1,1,4,1,4,4,1,1,2,4,4,1,1,4,4,2,1,1,2,3,2,1,1,1,1,3,2,1,3,2,1,1,3,1,2,6,6,1,1,6,6,6,6,5,6,1,1,6,6,6,6,5,6,5,6,2,6,6,6,6,5,1,5,6,6,1,1,6,1,1,6,1,6,6,4,6,1,6,1,1,1,1,3,3,3,3,1,1,1,1,3,1,3,3,1,1,1,3,3,3,1,1,1,1,1,3,3,3,3,3,3,1,3,3,1,1,3,1,3,1,1,1,1,3,4,4,4,4,4,4,4,4,4,4,4,4,4,,,,,,,,,,,,1,Family friend,4,4,3,4,4,4,2,4,4,4,4,4,1,4,4,1,1,4,4,4,4,1,4,4,4,4,3,4,4,4,1,Aunt,4,3,4,4,4,4,1,1,,58,6,7,1,,,,,,,
12/19/25 14:23,12/19/25 14:48,0,70.105.250.245,100,1488,1,12/19/25 14:48,R_7Yoc0e2yHXAssS4,,,,,42.7798,-71.2019,anonymous,EN,3,2,4,3,2,4,3,1,4,2,3,2,3,4,2,2,2,3,2,3,2,3,4,3,2,3,4,2,3,4,4,4,4,3,4,3,4,2,2,3,4,3,2,4,2,2,4,2,4,2,2,3,2,4,3,4,5,4,2,4,3,4,2,5,4,2,2,3,2,3,4,3,2,3,2,3,2,3,2,3,2,3,2,3,2,3,2,2,3,2,3,2,2,4,2,2,2,4,2,2,2,2,6,2,3,2,2,5,3,5,4,3,5,4,3,5,3,4,5,3,2,5,2,2,3,2,4,3,3,5,4,5,3,4,2,5,3,4,2,4,5,3,4,5,3,2,5,5,3,3,5,1,3,1,1,2,3,1,2,1,2,3,1,2,3,1,3,2,1,2,3,1,2,1,2,1,2,3,2,1,1,1,3,2,1,2,3,2,1,2,3,2,1,1,2,3,2,4,2,4,2,3,4,3,2,3,4,3,3,2,3,3,2,3,4,2,3,3,2,2,,,,,,,,,,3,2,3,3,2,2,3,4,2,3,2,3,2,1,3,2,3,4,2,3,2,3,1,uncle,3,2,3,4,3,4,1,1,,27,6,7,1,,,,,,,
12/19/25 14:31,12/19/25 14:49,0,76.124.224.241,100,1058,1,12/19/25 14:49,R_53NforFcbGUl6lb,,,,,40.1375,-75.2014,anonymous,EN,3,4,2,3,3,5,4,3,4,4,3,2,3,2,1,2,3,1,4,3,1,1,2,3,1,4,2,2,3,1,3,3,2,3,4,3,3,2,3,4,5,5,2,5,5,5,2,1,4,2,4,2,5,2,5,2,5,4,5,5,5,5,3,4,3,4,3,3,1,1,3,1,1,3,1,3,2,2,1,1,3,3,2,1,3,2,1,1,1,1,1,1,1,1,1,1,1,1,1,1,2,1,1,2,2,1,5,6,4,5,5,2,2,1,1,5,1,6,6,5,2,5,4,6,3,2,2,2,2,4,2,2,5,1,4,1,4,1,6,6,6,2,4,4,2,2,2,5,4,5,2,2,3,3,3,2,1,2,3,2,2,1,1,1,1,1,1,2,3,2,1,2,1,3,3,2,1,2,1,3,1,3,2,2,3,2,1,2,1,1,3,3,3,3,1,2,2,2,1,1,2,1,1,2,3,4,3,3,3,4,4,3,4,3,3,2,2,2,3,2,,,,,,,,,,3,1,2,1,3,1,1,2,3,4,3,3,4,1,3,4,4,3,4,2,2,1,2,,,,,,,,2,5,,60,6,7,1,,,,,,,
12/19/25 14:35,12/19/25 14:51,0,68.33.68.49,100,941,1,12/19/25 14:51,R_1Y39ZJJJ2TPcHIl,,,,,39.0851,-77.059,anonymous,EN,4,5,4,5,5,5,4,4,5,4,3,1,4,2,1,4,4,1,3,4,3,2,3,4,1,3,4,3,3,2,5,5,2,1,1,5,5,4,1,2,5,3,4,2,4,3,3,5,2,2,5,3,4,3,5,5,2,3,5,5,1,1,4,2,4,3,3,3,2,2,3,1,3,4,1,3,3,1,1,1,4,4,1,1,4,4,2,2,2,2,2,2,2,2,1,2,2,2,2,2,1,2,1,2,2,1,5,5,6,6,4,4,2,3,2,5,5,3,5,5,2,4,6,5,5,4,2,2,5,5,2,5,5,4,6,2,3,3,6,2,6,5,6,1,4,1,1,6,5,6,2,2,1,1,1,2,1,2,3,1,2,1,1,1,2,1,1,1,1,1,1,3,2,3,2,1,1,2,1,3,2,3,1,1,2,3,1,3,1,3,1,2,2,2,2,3,3,3,3,4,2,3,3,2,3,4,4,3,4,4,4,4,4,3,3,4,4,3,4,1,grandparent,4,4,4,4,4,4,4,4,4,3,4,3,2,4,4,3,4,4,4,4,4,1,4,4,4,4,3,4,4,4,1,Coach,4,4,4,4,4,4,1,1,,33,2,8,1,,,,,,,
12/19/25 14:29,12/19/25 14:53,0,172.59.138.246,100,1445,1,12/19/25 14:53,R_1hYbxNhhvnBepLW,,,,,40.4422,-79.9927,anonymous,EN,3,3,5,4,4,3,3,1,1,4,2,3,1,4,4,3,3,4,3,2,1,3,2,2,4,2,2,4,3,4,2,2,4,4,4,4,3,5,4,5,3,3,1,3,2,1,2,1,3,4,3,2,3,2,3,1,4,3,2,3,4,4,2,3,2,3,3,2,3,2,2,2,4,2,1,3,2,3,1,2,3,2,3,1,2,3,2,4,4,2,3,1,3,1,1,1,2,1,3,2,1,1,1,1,2,3,4,5,4,6,6,5,5,5,2,5,2,6,5,5,1,5,6,6,5,2,3,5,5,1,6,5,5,2,5,6,5,5,5,5,5,5,5,4,5,2,6,6,5,6,3,2,1,3,2,3,1,3,2,2,3,1,1,2,2,1,1,1,2,2,1,3,2,2,3,1,1,2,1,1,2,3,1,2,3,3,1,3,1,2,1,3,3,3,2,3,4,3,1,3,3,4,4,3,4,4,3,3,4,4,4,4,3,2,3,2,3,4,3,1,Grandmother,4,4,3,4,2,3,3,3,2,3,2,2,4,4,4,3,4,4,4,4,4,1,4,4,3,4,4,2,3,3,1,Uncle,4,4,4,2,3,2,1,1,,52,6,4,1,,,,,,,
12/19/25 14:44,12/19/25 15:02,0,172.58.181.207,100,1080,1,12/19/25 15:02,R_6XHnOMunNo2T2Xn,,,,,32.9365,-96.7871,anonymous,EN,5,4,5,5,4,5,4,4,5,4,4,4,4,4,4,4,4,4,4,4,3,4,4,4,3,4,4,3,4,3,5,5,4,5,3,5,5,5,2,5,5,5,4,5,5,4,5,5,4,5,4,4,1,3,4,1,5,4,3,4,2,4,1,3,2,4,4,3,4,4,4,4,3,4,4,4,4,4,4,4,3,3,3,4,3,4,1,1,2,1,3,3,3,3,3,3,3,3,1,1,5,2,5,1,2,4,5,6,5,5,4,5,3,5,5,4,5,5,4,5,5,4,5,5,5,4,5,5,4,6,4,4,5,4,4,6,5,6,5,6,5,5,4,5,5,5,4,6,5,5,5,3,3,3,3,3,1,3,1,3,3,3,3,3,3,1,3,3,1,3,3,3,3,3,1,3,3,3,3,1,3,3,3,3,3,1,3,3,3,3,3,1,3,3,3,3,4,3,4,4,3,4,3,4,3,4,3,3,4,3,4,3,4,4,3,4,3,4,3,1,"I have really admired my grandfather, he has always been so smart and tactical",3,3,4,4,3,4,3,4,4,3,4,4,3,4,4,3,4,4,4,3,4,1,4,3,4,3,4,3,4,3,1,I have really admired my team leader,4,4,4,3,3,4,1,1,,31,6,7,1,,,,,,,
12/19/25 14:50,12/19/25 15:03,0,104.251.81.216,100,759,1,12/19/25 15:03,R_6DDcEY77tRqC8yq,,,,,37.751,-97.822,anonymous,EN,2,3,3,2,1,2,3,1,2,2,3,1,4,3,1,4,3,2,1,4,3,4,4,4,1,4,1,2,4,1,1,2,4,4,4,1,1,1,5,4,3,4,4,5,5,4,5,5,5,4,5,5,5,3,4,3,4,4,5,3,4,4,4,4,4,3,4,4,3,1,4,1,1,3,1,3,4,1,1,2,4,4,1,2,3,4,1,1,1,1,1,1,1,1,1,1,1,1,1,1,1,1,1,1,1,1,3,2,2,1,2,3,3,2,3,3,2,3,2,4,2,4,2,2,1,2,2,1,3,2,2,4,3,4,3,3,4,3,2,4,2,4,3,2,4,3,4,3,4,4,3,2,2,1,2,2,1,2,2,1,2,1,1,2,1,1,2,1,2,2,1,2,2,1,2,2,2,2,2,2,2,2,2,1,2,2,2,1,2,2,1,2,2,1,2,3,3,3,2,3,2,3,2,3,3,2,3,4,,,,,,,,,,,,2,,,,,,,,,,3,3,2,2,3,3,2,3,3,3,2,3,2,2,,,,,,,,,2,,,,,,,,1,1,,272w,4,8,1,,,,,,,
12/19/25 14:26,12/19/25 15:04,0,223.29.140.165,100,2301,1,12/19/25 15:04,R_6X4gCzSiHVkMCj9,,,,,37.751,-97.822,anonymous,EN,5,4,5,4,5,5,3,4,5,3,3,3,4,2,1,3,4,1,2,3,3,1,3,3,1,4,3,4,2,4,2,2,3,4,4,1,3,1,3,1,3,4,2,4,4,4,3,4,4,3,3,1,3,2,3,2,4,4,3,4,3,5,2,2,3,2,4,3,2,3,3,1,2,3,1,4,4,3,1,1,3,4,2,1,3,3,2,1,1,1,1,1,1,1,1,2,1,1,1,2,2,1,2,3,2,1,4,6,6,5,4,5,5,6,5,4,3,6,5,5,4,5,5,5,4,5,5,6,6,5,6,4,6,4,5,4,5,4,6,3,5,4,4,4,5,6,5,4,6,6,5,1,3,3,3,1,1,1,2,1,2,2,1,1,2,1,1,2,2,2,1,3,1,1,2,1,1,3,1,1,3,3,2,1,3,2,1,3,1,2,1,1,2,2,1,3,4,4,4,4,4,3,4,4,3,4,3,3,4,4,4,4,4,4,4,4,4,4,4,1,AUNT,4,4,4,4,4,3,3,4,4,4,4,4,4,4,3,4,4,4,3,4,4,1,4,3,4,3,3,4,4,4,1,Teacher ,3,3,4,4,4,3,2,5,,45,6,8,1,,,,,,,
12/19/25 14:15,12/19/25 15:07,0,86.109.82.172,100,3150,1,12/19/25 15:07,R_7Gs8Mj0BgLoBOyP,,,,,37.8117,-80.4434,anonymous,EN,5,5,5,5,5,5,5,5,5,5,4,1,4,4,1,1,4,2,1,4,2,1,3,4,2,3,2,2,3,2,2,2,4,4,4,2,1,1,5,2,2,2,4,4,4,4,4,4,4,1,4,1,4,1,4,4,4,2,4,4,4,4,4,2,4,4,4,4,2,2,3,2,2,3,2,3,4,2,2,2,4,3,2,2,3,4,1,1,1,2,1,1,1,1,1,1,1,1,1,1,1,1,1,1,1,1,5,5,5,5,5,5,5,5,5,5,2,2,5,5,2,2,2,5,5,5,5,2,5,5,5,5,5,2,5,5,5,5,5,5,5,5,5,2,5,5,2,5,5,5,5,1,2,2,2,2,3,2,2,2,2,1,1,3,3,2,2,1,2,2,3,1,3,1,3,3,3,3,1,2,3,3,3,3,3,3,3,2,2,1,2,2,2,2,2,4,4,4,4,4,4,4,4,4,4,4,4,3,3,4,4,3,4,2,4,4,3,4,3,1,My church Pastor,4,4,4,4,4,4,4,4,4,4,4,4,4,4,4,4,4,4,4,4,4,1,3,3,3,4,4,3,3,4,1,Neighbor,4,4,4,4,4,4,1,1,,38,6,8,1,,,,,,,
12/19/25 14:51,12/19/25 15:09,0,204.9.157.25,100,1098,1,12/19/25 15:09,R_1mhf3H9bxrWjIvG,,,,,43.4656,-89.9098,anonymous,EN,5,5,5,5,5,5,5,5,5,5,3,1,3,1,1,2,4,1,1,2,1,1,4,4,1,3,1,1,4,1,1,1,5,5,5,1,1,3,5,1,5,5,2,4,4,4,1,2,4,3,5,4,2,2,5,1,2,3,2,4,5,4,1,2,5,4,4,4,1,1,4,1,1,3,1,4,4,1,1,1,4,4,1,1,4,3,1,1,1,1,1,1,1,1,1,1,1,1,1,1,1,1,1,1,1,1,1,4,1,1,1,1,3,2,5,1,4,5,1,1,5,1,1,1,2,1,1,1,1,1,1,4,2,4,1,2,1,1,1,1,1,2,1,1,1,1,1,3,1,1,1,1,1,2,1,1,1,1,1,1,1,1,1,1,1,1,1,1,1,1,3,1,1,1,1,1,1,1,1,1,1,1,1,1,1,1,1,1,1,1,1,2,1,2,1,2,2,2,1,4,3,1,1,1,1,3,1,4,,,,,,,,,,,,2,,,,,,,,,,1,1,1,1,1,1,1,1,1,3,1,3,1,1,4,4,4,4,4,4,4,4,2,,,,,,,,1,1,,33,6,3,1,,,,,,,
12/19/25 14:49,12/19/25 15:09,0,154.17.152.252,100,1217,1,12/19/25 15:09,R_1CCY97tDwiOidHs,,,,,39.0469,-77.4903,anonymous,EN,5,4,5,4,5,4,3,3,4,3,4,2,4,2,1,4,3,3,2,3,2,1,4,3,1,4,2,3,4,2,5,4,5,2,3,5,5,4,2,3,4,4,2,3,4,2,4,2,3,4,2,4,2,3,2,1,3,4,3,4,3,5,3,4,3,4,4,3,4,2,4,1,2,4,2,4,3,2,3,1,4,4,1,3,4,3,1,1,1,1,2,1,1,1,1,1,1,1,1,1,1,1,1,1,1,1,6,3,5,5,3,5,4,5,4,3,5,4,3,5,4,6,4,3,5,5,4,5,3,4,5,4,5,5,4,5,4,5,4,5,4,5,4,5,5,4,5,4,5,4,5,2,2,3,2,3,2,2,3,2,3,2,3,2,3,2,3,2,2,3,2,3,2,1,2,3,2,3,2,2,2,2,2,3,2,3,2,3,2,3,2,3,2,2,3,3,2,3,4,3,2,3,4,3,2,3,4,3,3,2,3,4,2,3,3,2,4,3,3,1,Teacher,4,3,4,3,4,3,4,3,4,2,4,3,3,4,3,4,3,4,3,4,3,1,4,2,3,4,3,4,3,4,1,Uncle,4,3,4,3,4,3,1,1,,36,3,8,1,,,,,,,
12/19/25 14:25,12/19/25 15:10,0,95.135.180.52,100,2727,1,12/19/25 15:10,R_1GBg6tZ5m7csy09,,,,,39.0469,-77.4903,anonymous,EN,5,5,4,5,5,5,5,4,5,4,4,1,4,3,1,2,4,1,1,4,1,1,4,4,1,2,1,1,4,1,1,1,4,5,5,1,1,1,5,3,5,5,5,5,4,5,3,5,5,1,5,1,5,1,5,5,5,5,5,5,5,5,5,4,5,5,4,4,1,1,4,1,1,4,1,4,4,1,1,1,4,3,1,1,3,4,1,1,1,1,1,1,1,1,1,1,1,1,1,1,1,1,1,1,1,1,2,3,4,4,2,4,5,5,3,5,5,4,4,4,4,4,3,2,3,4,4,4,4,5,4,4,3,4,3,3,4,4,4,4,3,5,3,3,5,4,4,3,4,3,4,1,1,1,1,2,1,1,1,1,1,1,1,1,1,1,1,1,1,1,1,1,1,1,1,1,1,1,1,1,1,1,1,1,1,1,1,1,1,1,1,1,1,1,1,4,4,4,4,4,3,3,3,3,3,3,3,3,3,4,4,4,4,4,4,4,4,4,3,2,,,,,,,,,,4,3,3,3,3,3,3,3,2,3,3,3,3,1,4,4,4,4,4,4,4,4,2,,,,,,,,1,1,,47,6,8,1,,,,,,,
12/19/25 14:48,12/19/25 15:12,0,174.44.3.144,100,1473,1,12/19/25 15:12,R_5a9SEmytl2uVitM,,,,,41.0593,-74.7429,anonymous,EN,4,3,5,3,3,3,3,4,3,4,3,1,3,2,1,2,3,2,2,3,1,3,2,2,2,3,1,3,3,2,1,1,5,5,5,1,1,1,5,1,5,4,3,5,5,5,1,4,5,3,4,2,5,1,4,3,5,4,5,4,5,5,5,1,4,5,4,3,1,2,4,1,2,3,1,3,2,1,1,2,4,3,2,1,4,3,1,2,1,1,1,1,1,2,1,1,1,1,1,2,3,1,2,1,2,1,5,5,5,2,1,5,5,1,1,2,3,2,4,1,4,2,5,2,5,4,4,4,4,4,5,4,3,4,4,5,4,3,3,3,3,5,5,2,5,3,2,2,4,5,4,1,1,1,1,2,1,1,2,1,1,1,1,2,1,1,1,1,1,1,1,2,1,2,2,1,2,1,1,1,3,2,1,2,1,2,1,2,1,1,1,1,1,2,1,2,2,2,1,2,1,4,4,3,3,4,3,3,4,4,4,4,4,4,4,4,4,4,4,2,,,,,,,,,,2,1,2,1,2,4,4,3,3,4,3,4,3,1,4,4,4,4,4,4,4,4,2,,,,,,,,2,5,,58,6,7,2,,,,,,,
12/19/25 14:48,12/19/25 15:13,0,23.27.43.200,100,1513,1,12/19/25 15:13,R_5QK0YkEywyPeNNC,,,,,37.751,-97.822,anonymous,EN,3,2,2,3,3,3,2,2,2,3,2,2,2,4,2,3,2,3,2,2,1,4,2,3,3,2,2,3,3,2,3,2,3,4,4,2,2,3,4,4,3,2,2,5,3,3,3,2,4,4,2,3,2,3,2,2,4,3,2,3,4,4,1,3,2,3,3,2,1,2,2,1,1,2,1,3,1,1,1,1,3,2,2,1,2,2,1,2,2,2,1,1,1,1,1,1,1,1,2,1,1,1,1,2,1,1,4,2,5,5,5,4,4,2,2,5,2,6,5,4,1,5,3,5,2,3,3,3,4,3,4,4,5,2,5,4,3,2,5,5,5,3,6,3,4,2,4,6,5,4,3,1,1,3,2,2,1,2,2,2,3,1,1,1,2,3,1,2,3,2,1,2,1,2,3,1,1,3,1,3,1,2,2,2,3,2,1,2,3,1,1,3,3,3,2,3,3,4,3,2,2,3,3,3,4,3,4,3,3,3,3,4,4,3,3,3,2,3,3,2,,,,,,,,,,3,3,3,2,3,3,3,3,4,4,4,3,3,1,3,4,2,4,3,2,2,3,1,grandparent,3,4,4,3,3,4,1,1,,40,7,3,1,,,,,,,
12/19/25 15:03,12/19/25 15:17,0,223.29.141.84,100,846,1,12/19/25 15:17,R_3goNGc7NUn3Y6au,,,,,37.751,-97.822,anonymous,EN,4,5,4,4,4,5,4,4,4,4,3,1,4,2,1,3,3,2,1,4,1,1,3,3,1,4,1,2,4,2,1,2,5,4,4,2,2,1,4,2,4,4,4,4,4,4,3,4,4,2,3,2,4,1,4,4,5,4,4,4,5,4,4,2,3,4,4,4,1,2,3,2,2,4,2,3,3,1,1,1,4,3,2,1,3,3,1,1,1,1,1,1,1,1,1,1,1,1,1,1,7,1,2,1,1,1,2,2,4,5,5,3,5,3,5,5,4,5,3,4,4,5,5,5,4,4,5,5,4,5,6,5,5,3,5,5,3,4,5,3,5,4,3,5,5,5,2,5,4,2,5,1,1,3,2,2,1,1,1,1,1,1,1,1,1,1,1,1,1,1,1,1,1,1,1,1,1,2,1,1,1,1,1,1,2,1,1,1,1,1,1,1,1,1,1,3,4,4,3,3,4,4,3,3,3,3,3,3,4,3,3,3,3,4,3,3,4,3,4,1,Uncle,3,3,4,3,3,4,3,3,3,4,3,3,3,4,3,3,2,3,3,3,3,1,4,3,3,4,4,3,3,3,2,,,,,,,,1,1,,28,6,8,1,,,,,,,
12/19/25 15:11,12/19/25 15:21,0,71.196.65.187,100,580,1,12/19/25 15:21,R_12FoVbIOrfogqcw,,,,,26.2312,-80.1224,anonymous,EN,3,3,3,3,3,3,3,2,3,3,2,2,1,2,4,2,2,2,2,2,2,2,2,2,2,1,2,2,2,2,2,2,2,1,2,2,2,2,1,2,2,2,2,2,2,2,2,2,2,2,2,2,1,2,2,2,2,2,2,2,2,2,2,2,1,2,1,1,1,1,1,1,1,1,1,1,1,1,1,1,1,1,1,1,1,1,1,1,1,1,1,1,1,1,1,1,1,1,1,1,1,1,1,1,1,1,3,2,2,2,3,4,2,2,2,2,1,1,1,1,1,1,1,1,1,1,1,1,1,1,1,1,1,1,1,1,1,1,1,1,1,1,1,1,1,1,1,1,1,1,1,1,1,1,1,1,1,1,1,1,1,1,1,1,1,1,1,1,1,1,1,1,1,1,1,1,1,1,1,1,1,1,1,1,1,1,1,1,1,1,1,1,1,1,1,4,4,4,4,4,4,4,4,4,4,4,4,4,,,,,,,,,,,,2,,,,,,,,,,2,2,2,2,2,2,2,2,2,2,2,2,2,2,,,,,,,,,2,,,,,,,,1,1,,39,3,7,1,,,,,,,
12/19/25 15:17,12/19/25 15:30,0,174.227.237.47,100,790,1,12/19/25 15:30,R_1QKiRBzfQFNwuOY,,,,,28.4932,-81.2878,anonymous,EN,5,4,5,4,5,4,5,4,5,4,4,2,4,2,1,3,3,1,1,3,1,1,3,4,1,4,1,1,4,1,5,4,1,1,1,4,5,4,1,4,1,2,2,1,2,1,4,3,1,3,1,3,1,3,1,2,1,1,1,1,1,1,1,4,1,2,4,4,1,1,4,1,1,3,1,4,4,1,1,1,4,4,1,1,3,4,1,1,1,1,1,1,1,1,1,1,1,1,1,2,3,1,1,1,2,1,2,5,4,5,5,3,3,3,3,3,2,6,4,3,2,3,3,5,3,4,3,4,4,4,4,3,4,3,4,3,4,3,4,3,4,3,4,3,4,3,4,3,4,3,4,1,1,1,1,1,1,1,1,1,1,1,1,1,1,1,1,1,1,1,1,1,1,1,1,1,1,1,1,1,1,1,1,1,2,1,1,2,1,1,1,1,2,2,1,1,1,1,1,1,1,1,2,1,2,1,1,3,3,4,3,4,3,4,3,4,3,4,3,1,grandma,4,3,4,3,4,3,4,3,2,3,2,3,2,3,2,3,2,3,2,3,2,1,4,3,4,3,4,3,4,3,1,grandma,4,4,4,3,4,3,2,5,,40,6,7,1,,,,,,,
12/19/25 15:47,12/19/25 15:56,0,154.7.225.188,100,530,1,12/19/25 15:56,R_3c1xPxl1RV8K4QG,,,,,39.0469,-77.4903,anonymous,EN,3,4,4,1,3,4,2,4,3,4,4,2,3,4,3,3,3,3,2,3,4,1,3,3,2,2,4,4,2,3,5,3,4,5,3,5,3,5,3,5,4,3,4,2,4,5,3,5,2,5,3,3,5,4,5,3,1,5,4,4,3,4,2,4,4,3,3,4,3,4,3,3,3,2,4,4,2,3,4,4,1,3,1,4,3,4,1,1,1,1,1,1,1,1,1,1,1,1,1,1,5,1,6,3,3,1,5,6,4,6,3,5,6,3,6,6,4,5,6,3,5,5,6,6,3,4,3,6,3,3,5,4,4,5,3,4,2,5,6,3,5,4,3,5,3,5,2,2,2,6,3,3,2,3,1,3,1,3,2,2,3,2,3,2,3,2,3,1,3,3,2,1,2,3,1,2,3,3,1,3,3,2,2,1,3,1,2,3,1,2,2,2,2,1,3,3,1,4,1,3,2,4,1,3,2,4,2,3,2,3,2,2,1,4,1,4,3,3,2,1,Daddy,3,1,4,2,4,1,4,2,4,2,3,2,4,1,4,2,3,2,4,2,4,2,,,,,,,,,1,uncle,3,3,4,4,4,4,2,5,,55,2,8,1,,,,,,,
12/19/25 15:26,12/19/25 15:57,0,207.230.114.243,100,1810,1,12/19/25 15:57,R_6tMqTwgPfh2AMYq,,,,,37.751,-97.822,anonymous,EN,5,5,5,5,5,5,5,5,5,5,4,1,4,4,1,3,4,1,1,4,1,1,4,4,1,4,1,4,4,1,1,1,1,5,5,1,1,1,5,1,5,5,5,5,5,5,5,5,5,1,5,1,5,5,5,3,5,1,5,5,5,5,5,1,5,3,4,4,1,1,4,1,1,4,1,4,4,1,1,1,4,4,1,1,3,4,1,1,1,1,1,1,1,1,1,1,1,1,1,1,1,1,1,1,1,1,5,5,5,6,6,3,4,6,5,4,5,6,4,4,2,4,3,3,5,5,6,4,1,6,4,4,6,5,4,4,5,4,6,1,5,3,4,4,4,4,4,3,5,4,4,1,1,3,2,1,1,1,1,1,1,1,1,1,1,1,2,1,1,1,2,1,1,1,1,1,1,1,1,1,2,2,3,2,2,1,1,1,1,1,1,1,1,1,1,4,4,4,4,4,4,4,4,4,4,4,4,3,4,4,4,4,4,4,4,4,4,4,4,1,My father,4,4,4,4,4,4,4,4,4,4,4,4,4,4,4,4,4,4,4,4,4,1,4,4,4,4,4,3,3,3,1,My father,4,4,4,4,4,4,2,5,,50,6,7,1,,,,,,,
12/19/25 15:32,12/19/25 16:00,0,154.7.225.183,100,1640,1,12/19/25 16:00,R_6Ya0GdsFGjPLdaD,,,,,39.0469,-77.4903,anonymous,EN,4,4,5,5,3,4,4,1,5,3,4,1,4,4,1,3,3,2,2,4,1,4,4,3,2,4,2,1,3,4,5,5,3,2,1,5,5,5,2,4,2,1,3,2,2,1,2,3,2,3,1,3,1,4,2,3,3,1,1,3,1,2,3,4,2,3,4,4,2,2,3,1,2,4,1,4,4,2,1,2,4,3,1,2,3,4,1,1,1,1,1,1,1,1,1,1,1,1,1,1,1,1,1,1,1,1,4,4,4,4,4,4,4,4,5,5,3,6,5,5,3,6,5,6,6,5,4,5,6,6,4,5,5,4,4,5,4,4,4,5,5,6,4,2,5,3,5,4,5,4,4,1,1,1,1,1,2,2,2,2,2,1,1,1,1,1,1,1,2,2,2,2,1,1,1,1,1,1,1,1,2,2,1,2,2,2,1,1,1,1,1,1,1,2,1,3,3,3,3,3,3,3,3,3,3,3,3,4,,,,,,,,,,,,1,Uncle,4,4,4,3,3,3,3,3,4,4,4,3,4,3,3,3,3,3,3,4,4,1,3,3,3,4,4,3,4,4,1,Uncle,4,4,4,4,4,4,1,1,,35,6,7,1,,,,,,,
12/19/25 17:25,12/19/25 17:39,0,99.170.154.137,100,824,1,12/19/25 17:39,R_61BQPHnzJycV7VL,,,,,33.7731,-89.8079,anonymous,EN,5,5,5,5,5,5,5,5,5,5,4,1,4,1,1,4,4,1,1,4,1,1,4,4,1,4,1,1,4,4,5,5,1,1,1,5,5,5,1,5,1,1,1,1,1,1,5,1,1,5,1,5,1,5,1,1,1,1,1,1,1,1,1,5,5,1,4,4,1,1,4,1,1,4,1,4,4,1,1,1,4,4,1,1,4,4,1,1,1,1,1,1,1,1,1,1,1,1,1,1,1,1,1,1,1,1,6,6,6,6,6,6,6,6,6,6,6,6,6,6,6,6,6,6,6,6,6,6,6,6,6,6,6,6,6,1,6,6,6,6,6,6,6,6,6,6,6,6,6,6,6,1,1,3,3,1,1,2,1,2,3,1,2,1,1,1,1,1,2,1,1,1,1,1,1,1,1,2,1,1,3,1,2,2,3,2,1,2,1,1,1,2,3,3,1,4,4,4,4,4,4,4,4,4,4,4,4,3,4,4,4,4,4,4,4,4,4,4,4,1,grandparent,4,4,4,4,4,4,4,4,4,4,4,4,4,4,4,4,4,4,4,4,4,1,4,4,4,4,4,4,4,4,2,,,,,,,,2,5,,39,3,6,1,,55b249bdfdf99b28e3c14b05,,,,,
12/19/25 17:34,12/19/25 17:45,0,24.178.23.205,100,677,1,12/19/25 17:45,R_3oC6turRHzvpb7V,,,,,43.0628,-89.3171,anonymous,EN,5,5,3,5,5,5,4,4,5,5,4,1,4,1,1,4,4,1,1,4,1,1,4,4,1,4,1,1,4,1,1,1,5,5,5,1,1,1,5,1,5,5,3,5,5,5,5,5,5,1,5,1,5,1,5,5,5,5,5,5,5,5,5,1,5,5,4,4,1,1,4,1,1,4,1,4,4,1,1,1,4,4,1,1,4,4,1,1,1,1,1,1,1,1,1,1,1,1,1,1,1,1,1,1,1,1,1,1,1,3,3,3,3,3,3,3,3,3,3,3,3,3,3,3,3,3,3,3,3,3,3,3,3,3,3,3,3,3,3,3,3,3,3,3,3,3,3,3,3,3,3,1,1,1,1,1,1,1,1,1,1,1,1,1,1,1,1,1,1,1,1,1,1,1,1,1,1,1,1,1,1,1,1,1,1,1,1,1,1,1,1,1,1,1,1,4,4,4,4,4,4,4,4,4,4,4,4,3,4,4,4,4,4,4,4,4,4,4,4,1,Uncle,4,4,4,4,4,4,4,4,4,4,4,4,4,4,4,4,4,4,4,4,4,1,4,4,4,4,4,4,4,4,1,Uncle,4,4,4,4,4,4,1,1,,48,6,6,1,,60463896f9a82809f6eda231,,,,,
12/19/25 17:39,12/19/25 17:49,0,172.59.201.8,100,615,1,12/19/25 17:49,R_7UxsbzwkuHjiFK9,,,,,33.3967,-111.6545,anonymous,EN,4,4,5,5,4,4,5,4,5,3,4,1,4,4,1,1,4,1,1,4,1,1,4,4,1,4,1,1,4,3,5,4,4,1,1,4,4,5,1,4,1,1,1,2,1,2,5,3,1,1,2,2,2,2,1,1,1,1,2,1,2,1,2,1,2,2,3,3,1,1,4,1,1,4,1,3,4,1,1,2,4,3,1,1,3,3,1,1,1,1,1,1,1,1,1,1,1,1,1,1,1,1,1,1,1,1,1,4,3,3,4,4,3,3,3,3,3,3,3,3,3,3,3,3,3,3,3,3,3,3,3,3,3,3,3,3,3,3,3,3,3,3,3,3,3,3,3,3,3,3,3,2,2,2,2,2,2,2,2,2,2,2,2,2,2,2,2,2,2,2,2,2,2,2,2,2,2,2,2,2,2,2,2,2,2,2,2,2,2,2,2,2,2,2,2,3,2,3,3,3,3,3,3,2,3,3,3,3,2,3,3,3,3,3,3,3,3,2,3,2,,,,,,,,,,3,3,3,3,3,2,3,3,3,2,3,3,3,2,,,,,,,,,2,,,,,,,,1,1,,33,6,8,1,,673e5a3412198a5e62837745,,,,,
12/20/25 15:56,12/20/25 16:14,0,209.165.171.9,100,1076,1,12/20/25 16:14,R_11Qsr22WZKv3l2N,,,,,61.2049,-149.8096,anonymous,EN,2,2,3,2,4,3,2,2,3,2,2,3,2,4,3,3,2,3,3,2,3,4,2,2,3,2,3,3,3,4,3,2,1,2,2,2,4,2,2,2,2,2,1,4,4,2,4,2,2,4,2,3,2,2,2,2,2,4,2,2,3,2,2,2,3,2,3,2,2,2,2,3,4,2,1,3,1,3,1,3,2,2,3,2,2,3,3,3,4,3,3,4,4,3,2,3,3,3,3,3,3,3,4,3,3,3,4,5,4,5,4,4,3,5,5,4,5,5,4,3,5,4,5,6,5,5,4,5,5,4,3,3,4,4,3,4,4,5,3,3,5,5,4,3,5,5,4,4,5,4,5,3,1,3,1,3,3,3,2,3,3,3,3,1,3,3,2,2,3,3,1,2,1,3,2,3,1,3,3,3,3,3,3,3,3,3,3,3,3,3,1,3,3,3,3,1,3,3,3,2,2,2,3,2,4,3,2,3,3,4,4,3,3,4,4,3,3,2,3,2,,,,,,,,,,2,2,3,3,2,3,4,4,4,4,3,3,2,2,,,,,,,,,2,,,,,,,,1,1,,32,6,3,1,,62dc4a5fef307ee53c61afcc,,,,,
12/20/25 16:04,12/20/25 16:19,0,113.20.53.42,100,862,1,12/20/25 16:19,R_3QybYdJqvf2GZim,,,,,39.0814,-77.6443,anonymous,EN,5,4,5,5,5,5,4,5,5,5,4,1,4,4,1,4,4,1,1,4,1,1,4,4,1,4,1,1,4,3,1,1,1,5,5,1,1,1,5,3,5,5,4,5,5,5,1,5,5,1,5,4,5,1,1,5,5,5,5,5,4,5,5,4,4,5,4,4,2,1,4,1,1,4,1,4,4,1,2,1,4,4,1,4,3,4,1,1,1,1,1,1,1,1,1,1,1,1,1,1,1,1,1,1,1,1,5,4,4,5,3,4,4,4,4,3,3,3,3,4,4,3,4,3,4,3,4,4,3,4,4,4,4,5,4,5,4,4,4,3,4,4,4,5,4,4,4,4,4,3,4,1,1,1,1,1,1,1,1,1,1,1,1,1,1,1,1,1,1,1,1,1,1,1,1,1,1,1,2,1,2,1,1,1,1,1,1,1,1,1,1,1,1,1,1,1,1,1,1,1,1,1,1,1,1,1,1,3,4,4,3,4,3,4,4,4,4,3,4,2,,,,,,,,,,3,3,3,2,3,3,3,3,3,4,4,3,4,1,4,4,4,3,4,3,4,3,2,,,,,,,,1,1,,30,3,6,1,,67d21364aa4dc87ecd8f3f1b,,,,,
12/20/25 15:59,12/20/25 16:23,0,68.53.251.12,100,1451,1,12/20/25 16:23,R_1V29FKgl2vpuYgI,,,,,35.4557,-84.6026,anonymous,EN,1,1,3,1,1,2,1,1,1,1,3,4,1,4,4,2,1,4,4,2,3,4,1,1,4,2,3,4,1,4,4,2,1,3,1,3,5,4,1,3,1,1,1,2,1,1,4,1,1,4,1,4,1,3,1,1,3,2,1,1,4,4,1,3,1,1,2,1,3,4,2,2,4,1,1,1,1,4,3,1,2,2,4,1,1,2,4,3,4,3,4,3,4,3,3,4,3,3,4,4,5,2,7,4,4,3,5,4,5,6,6,4,3,1,1,5,1,6,6,4,1,6,6,6,5,2,2,6,4,1,4,5,6,1,6,2,6,1,6,6,6,5,5,3,5,2,6,6,6,6,2,3,3,3,3,3,3,3,3,3,3,3,3,3,3,3,3,3,3,3,3,3,3,3,3,3,3,3,2,3,3,3,3,3,3,3,3,3,3,3,3,3,3,2,2,2,1,1,1,4,2,2,1,2,3,3,3,3,1,2,2,1,1,1,1,1,1,1,4,2,,,,,,,,,,1,1,1,1,1,1,1,1,3,3,3,1,4,1,3,2,2,3,1,2,1,1,2,,,,,,,,5,"5,6,8",,24,1,3,1,,60c381c26357c51532f1b378,,,,,
12/20/25 16:01,12/20/25 16:30,0,71.235.254.49,100,1772,1,12/20/25 16:30,R_6Nojd4XGswCcTYJ,,,,,42.2796,-71.1282,anonymous,EN,3,3,4,5,3,4,3,4,3,4,3,2,3,3,1,3,4,1,2,3,2,2,3,3,2,3,1,2,3,1,1,2,5,4,5,2,1,2,3,3,4,3,4,5,4,5,3,4,5,2,4,2,3,2,4,3,5,4,4,5,4,5,3,2,4,5,3,3,2,2,4,1,2,3,2,1,3,2,1,2,3,3,2,1,3,4,1,2,2,2,2,2,2,2,1,1,1,1,2,3,3,1,2,1,2,1,4,4,5,6,5,4,5,5,4,5,4,5,6,4,4,5,6,5,5,4,4,4,4,3,4,5,4,4,5,3,4,4,5,4,5,4,5,4,5,4,3,6,5,6,4,2,1,2,1,1,1,1,1,1,2,1,1,1,1,1,1,1,2,1,1,2,1,1,2,1,1,1,1,1,2,1,2,2,2,2,1,1,1,1,2,2,1,1,1,4,3,4,3,3,4,3,2,3,3,4,3,3,4,4,4,3,4,3,3,4,3,4,3,2,,,,,,,,,,3,3,4,2,3,4,3,3,4,3,4,3,4,1,4,4,4,4,3,4,3,4,2,,,,,,,,1,1,,59,2,4,1,,6266e63b82fa38e800e33a24,,,,,