"","Participant.Public.ID","gloomy","sad","scared","anxious","upset","stim","condition"
"1","32368",74,28,34,73,38,"Fire 10.jpg","pic"
"2","32368",63,12,58,80,29,"Prison 2.jpg","pic"
"3","32368",6,20,0,0,0,"Snow 1.jpg","pic"
"4","32368",11,41,8,0,0,"Rainbow 2.jpg","pic"
"5","32368",0,0,10,15,0,"Lake 12.jpg","pic"
"6","32368",84,57,28,33,52,"Destruction 2.jpg","pic"
"7","32368",0,0,0,0,0,"Garbage dump 1.jpg","pic"
"8","32368",39,17,9,15,0,"Dirt 1.jpg","pic"
"9","32368",0,0,0,0,0,"Rocks 1.jpg","pic"
"10","32368",28,0,0,0,0,"Fireworks 6.jpg","pic"
"11","32368",0,10,0,0,0,"Heart 3.jpg","pic"
"12","32368",0,7,21,20,0,"Ferret 1.jpg","pic"
"13","32368",0,0,0,0,0,"Clean 1.jpg","pic"
"14","32368",27,78,84,73,29,"Flood 1.jpg","pic"
"15","32368",49,34,84,80,16,"Toilet 4.jpg","pic"
"16","32368",0,16,2,9,0,"Beach 1.jpg","pic"
"17","32449",40,42,28,42,65,"Fireworks 6.jpg","pic"
"18","32449",58,30,28,23,49,"Garbage dump 1.jpg","pic"
"19","32449",4,11,30,44,9,"Dirt 1.jpg","pic"
"20","32449",2,23,1,10,6,"Lake 12.jpg","pic"
"21","32449",23,45,25,42,24,"Flood 1.jpg","pic"
"22","32449",10,27,12,13,5,"Fire 10.jpg","pic"
"23","32449",32,30,7,24,10,"Destruction 2.jpg","pic"
"24","32449",1,10,1,2,2,"Beach 1.jpg","pic"
"25","32449",3,10,23,16,16,"Heart 3.jpg","pic"
"26","32449",1,6,0,9,3,"Clean 1.jpg","pic"
"27","32449",3,6,1,28,18,"Rainbow 2.jpg","pic"
"28","32449",2,15,2,1,3,"Snow 1.jpg","pic"
"29","32449",66,49,33,49,55,"Prison 2.jpg","pic"
"30","32449",46,32,34,23,8,"Toilet 4.jpg","pic"
"31","32449",10,3,77,44,29,"Ferret 1.jpg","pic"
"32","32449",2,8,7,1,3,"Rocks 1.jpg","pic"
"33","31267",0,0,0,0,0,"Rainbow 2.jpg","pic"
"34","31267",0,0,0,0,0,"Clean 1.jpg","pic"
"35","31267",100,50,100,100,100,"Toilet 4.jpg","pic"
"36","31267",0,0,0,23,0,"Fireworks 6.jpg","pic"
"37","31267",62,82,100,100,100,"Destruction 2.jpg","pic"
"38","31267",78,50,92,100,100,"Flood 1.jpg","pic"
"39","31267",0,0,0,11,0,"Rocks 1.jpg","pic"
"40","31267",0,0,0,0,0,"Snow 1.jpg","pic"
"41","31267",0,0,0,0,0,"Beach 1.jpg","pic"
"42","31267",24,0,100,100,100,"Ferret 1.jpg","pic"
"43","31267",20,34,90,100,80,"Fire 10.jpg","pic"
"44","31267",0,0,0,0,0,"Heart 3.jpg","pic"
"45","31267",72,75,56,100,100,"Garbage dump 1.jpg","pic"
"46","31267",0,0,65,81,68,"Dirt 1.jpg","pic"
"47","31267",0,0,64,49,0,"Lake 12.jpg","pic"
"48","31267",72,36,76,88,91,"Prison 2.jpg","pic"
"49","31522",65,69,86,85,87,"Fire 10.jpg","pic"
"50","31522",11,8,7,8,7,"Clean 1.jpg","pic"
"51","31522",14,13,13,28,18,"Beach 1.jpg","pic"
"52","31522",21,19,48,88,14,"Snow 1.jpg","pic"
"53","31522",84,77,95,100,100,"Destruction 2.jpg","pic"
"54","31522",0,0,61,84,0,"Heart 3.jpg","pic"
"55","31522",0,0,0,0,0,"Garbage dump 1.jpg","pic"
"56","31522",12,11,58,85,58,"Ferret 1.jpg","pic"
"57","31522",0,0,60,79,0,"Rocks 1.jpg","pic"
"58","31522",5,5,43,86,0,"Lake 12.jpg","pic"
"59","31522",50,14,90,98,48,"Toilet 4.jpg","pic"
"60","31522",17,17,13,74,10,"Rainbow 2.jpg","pic"
"61","31522",26,21,75,60,66,"Flood 1.jpg","pic"
"62","31522",10,10,49,79,42,"Fireworks 6.jpg","pic"
"63","31522",55,13,91,92,91,"Dirt 1.jpg","pic"
"64","31522",99,69,100,100,0,"Prison 2.jpg","pic"
"65","29986",0,1,0,0,0,"Rocks 1.jpg","pic"
"66","29986",45,27,15,5,13,"Flood 1.jpg","pic"
"67","29986",0,0,0,0,1,"Snow 1.jpg","pic"
"68","29986",0,0,8,5,0,"Ferret 1.jpg","pic"
"69","29986",0,0,4,21,0,"Rainbow 2.jpg","pic"
"70","29986",73,17,8,10,13,"Toilet 4.jpg","pic"
"71","29986",1,11,0,0,0,"Fire 10.jpg","pic"
"72","29986",0,6,0,0,0,"Heart 3.jpg","pic"
"73","29986",23,38,9,10,51,"Destruction 2.jpg","pic"
"74","29986",39,50,21,10,29,"Prison 2.jpg","pic"
"75","29986",0,0,48,55,86,"Dirt 1.jpg","pic"
"76","29986",0,0,0,0,0,"Beach 1.jpg","pic"
"77","29986",28,15,0,6,18,"Garbage dump 1.jpg","pic"
"78","29986",0,0,0,0,0,"Lake 12.jpg","pic"
"79","29986",0,0,0,2,1,"Fireworks 6.jpg","pic"
"80","29986",0,0,0,0,0,"Clean 1.jpg","pic"
"81","30388",0,0,5,0,0,"Clean 1.jpg","pic"
"82","30388",0,0,0,0,0,"Ferret 1.jpg","pic"
"83","30388",0,0,0,0,0,"Rainbow 2.jpg","pic"
"84","30388",0,0,0,0,0,"Snow 1.jpg","pic"
"85","30388",0,0,0,0,0,"Rocks 1.jpg","pic"
"86","30388",0,0,0,0,0,"Fire 10.jpg","pic"
"87","30388",0,0,0,0,0,"Flood 1.jpg","pic"
"88","30388",0,9,0,0,0,"Destruction 2.jpg","pic"
"89","30388",0,0,0,0,0,"Lake 12.jpg","pic"
"90","30388",6,11,0,0,0,"Prison 2.jpg","pic"
"91","30388",0,0,0,0,0,"Garbage dump 1.jpg","pic"
"92","30388",0,0,0,0,0,"Heart 3.jpg","pic"
"93","30388",0,0,0,0,0,"Dirt 1.jpg","pic"
"94","30388",0,0,0,0,0,"Fireworks 6.jpg","pic"
"95","30388",0,0,0,0,0,"Beach 1.jpg","pic"
"96","30388",0,0,0,0,0,"Toilet 4.jpg","pic"
"97","31279",30,11,1,1,23,"Fire 10.jpg","pic"
"98","31279",0,0,0,0,0,"Lake 12.jpg","pic"
"99","31279",61,21,54,91,42,"Toilet 4.jpg","pic"
"100","31279",31,48,0,11,11,"Snow 1.jpg","pic"
"101","31279",0,0,0,0,0,"Beach 1.jpg","pic"
"102","31279",21,43,14,100,66,"Dirt 1.jpg","pic"
"103","31279",82,78,79,77,69,"Prison 2.jpg","pic"
"104","31279",70,60,5,43,62,"Garbage dump 1.jpg","pic"
"105","31279",0,0,0,0,0,"Clean 1.jpg","pic"
"106","31279",27,60,15,17,38,"Destruction 2.jpg","pic"
"107","31279",0,0,3,0,0,"Heart 3.jpg","pic"
"108","31279",0,0,42,22,0,"Fireworks 6.jpg","pic"
"109","31279",79,77,18,79,82,"Flood 1.jpg","pic"
"110","31279",0,11,0,0,0,"Rocks 1.jpg","pic"
"111","31279",0,0,0,0,0,"Rainbow 2.jpg","pic"
"112","31279",0,0,0,0,0,"Ferret 1.jpg","pic"
"113","32551",16,32,77,44,47,"Destruction 2.jpg","pic"
"114","32551",6,5,6,2,3,"Beach 1.jpg","pic"
"115","32551",14,8,3,2,5,"Heart 3.jpg","pic"
"116","32551",76,27,61,11,67,"Prison 2.jpg","pic"
"117","32551",5,1,2,5,9,"Lake 12.jpg","pic"
"118","32551",1,4,4,8,4,"Rainbow 2.jpg","pic"
"119","32551",3,3,4,5,27,"Clean 1.jpg","pic"
"120","32551",3,31,3,3,6,"Snow 1.jpg","pic"
"121","32551",6,39,5,23,59,"Dirt 1.jpg","pic"
"122","32551",36,24,58,63,52,"Toilet 4.jpg","pic"
"123","32551",30,68,21,21,75,"Garbage dump 1.jpg","pic"
"124","32551",29,67,34,46,74,"Flood 1.jpg","pic"
"125","32551",1,18,87,51,42,"Ferret 1.jpg","pic"
"126","32551",1,1,1,1,2,"Fireworks 6.jpg","pic"
"127","32551",1,1,1,2,1,"Rocks 1.jpg","pic"
"128","32551",21,30,55,46,55,"Fire 10.jpg","pic"
"129","32569",0,0,0,0,0,"Heart 3.jpg","pic"
"130","32569",0,0,0,0,13,"Ferret 1.jpg","pic"
"131","32569",0,0,0,0,0,"Dirt 1.jpg","pic"
"132","32569",0,0,0,0,0,"Beach 1.jpg","pic"
"133","32569",0,0,0,0,0,"Fireworks 6.jpg","pic"
"134","32569",0,0,0,0,0,"Rainbow 2.jpg","pic"
"135","32569",5,19,11,13,3,"Flood 1.jpg","pic"
"136","32569",0,0,0,0,0,"Toilet 4.jpg","pic"
"137","32569",0,0,0,0,0,"Lake 12.jpg","pic"
"138","32569",21,0,0,0,0,"Prison 2.jpg","pic"
"139","32569",25,0,0,0,0,"Fire 10.jpg","pic"
"140","32569",0,0,0,0,0,"Rocks 1.jpg","pic"
"141","32569",0,0,0,0,0,"Snow 1.jpg","pic"
"142","32569",36,0,0,0,0,"Garbage dump 1.jpg","pic"
"143","32569",33,19,0,0,0,"Destruction 2.jpg","pic"
"144","32569",0,0,0,0,0,"Clean 1.jpg","pic"
"145","32299",0,10,30,50,0,"Ferret 1.jpg","pic"
"146","32299",1,0,0,0,0,"Clean 1.jpg","pic"
"147","32299",15,50,20,35,70,"Garbage dump 1.jpg","pic"
"148","32299",70,0,30,0,0,"Dirt 1.jpg","pic"
"149","32299",30,0,50,60,0,"Toilet 4.jpg","pic"
"150","32299",50,80,80,80,90,"Destruction 2.jpg","pic"
"151","32299",0,0,0,0,0,"Heart 3.jpg","pic"
"152","32299",0,0,0,0,0,"Rainbow 2.jpg","pic"
"153","32299",0,0,0,0,0,"Fireworks 6.jpg","pic"
"154","32299",0,0,0,0,0,"Rocks 1.jpg","pic"
"155","32299",40,70,80,80,30,"Fire 10.jpg","pic"
"156","32299",0,0,0,0,0,"Lake 12.jpg","pic"
"157","32299",0,0,0,0,0,"Snow 1.jpg","pic"
"158","32299",0,0,0,0,0,"Beach 1.jpg","pic"
"159","32299",75,80,80,80,50,"Flood 1.jpg","pic"
"160","32299",70,0,65,80,20,"Prison 2.jpg","pic"
"161","30766",0,0,0,0,50,"Toilet 4.jpg","pic"
"162","30766",0,0,0,0,0,"Beach 1.jpg","pic"
"163","30766",0,0,0,0,0,"Lake 12.jpg","pic"
"164","30766",0,5,0,0,0,"Snow 1.jpg","pic"
"165","30766",0,0,0,0,35,"Ferret 1.jpg","pic"
"166","30766",0,0,0,0,0,"Garbage dump 1.jpg","pic"
"167","30766",0,0,0,0,100,"Dirt 1.jpg","pic"
"168","30766",5,50,0,0,5,"Flood 1.jpg","pic"
"169","30766",0,0,0,0,0,"Heart 3.jpg","pic"
"170","30766",0,0,0,0,0,"Fireworks 6.jpg","pic"
"171","30766",0,0,0,0,0,"Clean 1.jpg","pic"
"172","30766",0,0,0,0,0,"Rainbow 2.jpg","pic"
"173","30766",20,5,0,0,0,"Prison 2.jpg","pic"
"174","30766",5,100,0,0,15,"Destruction 2.jpg","pic"
"175","30766",0,15,0,0,0,"Fire 10.jpg","pic"
"176","30766",0,0,0,0,0,"Rocks 1.jpg","pic"
"177","30916",47,41,53,28,41,"Flood 1.jpg","pic"
"178","30916",15,3,13,8,2,"Heart 3.jpg","pic"
"179","30916",1,20,13,44,3,"Lake 12.jpg","pic"
"180","30916",14,17,10,21,20,"Rocks 1.jpg","pic"
"181","30916",68,77,92,69,82,"Garbage dump 1.jpg","pic"
"182","30916",44,30,12,67,19,"Beach 1.jpg","pic"
"183","30916",64,77,87,46,58,"Prison 2.jpg","pic"
"184","30916",1,7,3,2,1,"Rainbow 2.jpg","pic"
"185","30916",59,52,37,76,58,"Toilet 4.jpg","pic"
"186","30916",88,92,98,76,51,"Destruction 2.jpg","pic"
"187","30916",19,23,62,71,69,"Dirt 1.jpg","pic"
"188","30916",84,61,72,72,78,"Fire 10.jpg","pic"
"189","30916",4,15,16,35,6,"Fireworks 6.jpg","pic"
"190","30916",13,16,12,30,4,"Clean 1.jpg","pic"
"191","30916",0,0,0,0,0,"Snow 1.jpg","pic"
"192","30916",12,18,53,28,16,"Ferret 1.jpg","pic"
"193","31711",38,24,97,98,11,"Toilet 4.jpg","pic"
"194","31711",1,15,8,1,4,"Fireworks 6.jpg","pic"
"195","31711",12,34,77,75,21,"Ferret 1.jpg","pic"
"196","31711",3,6,5,17,2,"Beach 1.jpg","pic"
"197","31711",10,6,6,2,6,"Snow 1.jpg","pic"
"198","31711",5,12,12,6,12,"Clean 1.jpg","pic"
"199","31711",11,6,4,3,5,"Rocks 1.jpg","pic"
"200","31711",9,8,20,8,4,"Lake 12.jpg","pic"
"201","31711",48,46,66,57,22,"Destruction 2.jpg","pic"
"202","31711",66,76,86,76,75,"Flood 1.jpg","pic"
"203","31711",15,13,4,24,33,"Garbage dump 1.jpg","pic"
"204","31711",20,21,11,21,22,"Fire 10.jpg","pic"
"205","31711",5,11,1,6,7,"Heart 3.jpg","pic"
"206","31711",34,35,51,28,17,"Prison 2.jpg","pic"
"207","31711",2,6,6,4,1,"Rainbow 2.jpg","pic"
"208","31711",7,2,23,5,4,"Dirt 1.jpg","pic"
"209","30475",1,0,0,0,0,"Dirt 1.jpg","pic"
"210","30475",0,0,0,0,0,"Fireworks 6.jpg","pic"
"211","30475",0,0,0,0,0,"Beach 1.jpg","pic"
"212","30475",0,0,0,15,0,"Fire 10.jpg","pic"
"213","30475",0,10,0,0,5,"Garbage dump 1.jpg","pic"
"214","30475",0,0,0,0,0,"Rocks 1.jpg","pic"
"215","30475",0,0,2,0,5,"Destruction 2.jpg","pic"
"216","30475",2,0,5,5,0,"Prison 2.jpg","pic"
"217","30475",0,0,0,0,0,"Rainbow 2.jpg","pic"
"218","30475",0,0,0,0,0,"Heart 3.jpg","pic"
"219","30475",0,0,0,0,0,"Clean 1.jpg","pic"
"220","30475",15,0,5,10,5,"Flood 1.jpg","pic"
"221","30475",0,0,10,5,0,"Ferret 1.jpg","pic"
"222","30475",5,0,10,20,10,"Toilet 4.jpg","pic"
"223","30475",0,0,0,0,0,"Snow 1.jpg","pic"
"224","30475",0,0,0,0,0,"Lake 12.jpg","pic"
"225","30880",0,0,0,0,0,"Clean 1.jpg","pic"
"226","30880",34,39,22,60,28,"Destruction 2.jpg","pic"
"227","30880",0,0,0,0,0,"Snow 1.jpg","pic"
"228","30880",0,0,10,34,0,"Fireworks 6.jpg","pic"
"229","30880",0,0,0,0,0,"Heart 3.jpg","pic"
"230","30880",50,65,9,35,44,"Garbage dump 1.jpg","pic"
"231","30880",0,0,0,0,0,"Rainbow 2.jpg","pic"
"232","30880",0,0,0,0,0,"Beach 1.jpg","pic"
"233","30880",0,0,31,46,0,"Ferret 1.jpg","pic"
"234","30880",68,40,27,36,15,"Flood 1.jpg","pic"
"235","30880",12,0,17,41,14,"Fire 10.jpg","pic"
"236","30880",0,0,0,0,0,"Dirt 1.jpg","pic"
"237","30880",0,0,0,4,0,"Rocks 1.jpg","pic"
"238","30880",18,0,28,61,48,"Toilet 4.jpg","pic"
"239","30880",67,3,24,35,0,"Prison 2.jpg","pic"
"240","30880",0,0,0,0,0,"Lake 12.jpg","pic"
"241","32848",0,0,0,0,0,"Snow 1.jpg","pic"
"242","32848",24,9,27,55,55,"Dirt 1.jpg","pic"
"243","32848",0,0,0,0,0,"Rainbow 2.jpg","pic"
"244","32848",18,5,3,24,8,"Heart 3.jpg","pic"
"245","32848",34,50,30,18,49,"Prison 2.jpg","pic"
"246","32848",6,58,20,9,18,"Ferret 1.jpg","pic"
"247","32848",51,65,62,45,57,"Toilet 4.jpg","pic"
"248","32848",4,2,1,2,5,"Clean 1.jpg","pic"
"249","32848",58,64,51,66,75,"Fire 10.jpg","pic"
"250","32848",67,66,71,39,64,"Garbage dump 1.jpg","pic"
"251","32848",0,0,2,0,1,"Beach 1.jpg","pic"
"252","32848",1,17,0,47,0,"Fireworks 6.jpg","pic"
"253","32848",0,0,18,1,0,"Lake 12.jpg","pic"
"254","32848",89,78,50,40,80,"Flood 1.jpg","pic"
"255","32848",85,79,48,60,77,"Destruction 2.jpg","pic"
"256","32848",0,0,0,0,0,"Rocks 1.jpg","pic"
"257","31168",32,89,48,26,40,"Destruction 2.jpg","pic"
"258","31168",0,0,16,0,0,"Ferret 1.jpg","pic"
"259","31168",0,21,0,0,0,"Lake 12.jpg","pic"
"260","31168",0,0,0,0,0,"Dirt 1.jpg","pic"
"261","31168",30,36,54,60,39,"Toilet 4.jpg","pic"
"262","31168",48,42,14,26,61,"Garbage dump 1.jpg","pic"
"263","31168",0,0,0,0,0,"Beach 1.jpg","pic"
"264","31168",0,0,0,0,0,"Rocks 1.jpg","pic"
"265","31168",44,8,70,43,43,"Prison 2.jpg","pic"
"266","31168",0,10,0,0,0,"Snow 1.jpg","pic"
"267","31168",0,28,52,33,0,"Fire 10.jpg","pic"
"268","31168",13,24,49,53,0,"Flood 1.jpg","pic"
"269","31168",0,0,0,0,0,"Clean 1.jpg","pic"
"270","31168",0,0,0,0,0,"Heart 3.jpg","pic"
"271","31168",0,0,0,0,0,"Fireworks 6.jpg","pic"
"272","31168",0,0,0,0,0,"Rainbow 2.jpg","pic"
"273","31669",66,70,44,44,55,"Flood 1.jpg","pic"
"274","31669",17,52,41,23,39,"Garbage dump 1.jpg","pic"
"275","31669",37,32,27,39,44,"Snow 1.jpg","pic"
"276","31669",36,28,56,60,61,"Fire 10.jpg","pic"
"277","31669",28,43,72,61,50,"Toilet 4.jpg","pic"
"278","31669",31,27,56,57,26,"Fireworks 6.jpg","pic"
"279","31669",33,40,61,31,33,"Prison 2.jpg","pic"
"280","31669",24,18,20,25,33,"Rocks 1.jpg","pic"
"281","31669",63,65,56,19,72,"Destruction 2.jpg","pic"
"282","31669",27,26,19,42,47,"Clean 1.jpg","pic"
"283","31669",29,28,50,57,64,"Ferret 1.jpg","pic"
"284","31669",5,23,45,25,29,"Lake 12.jpg","pic"
"285","31669",28,18,43,32,30,"Heart 3.jpg","pic"
"286","31669",31,32,33,66,31,"Beach 1.jpg","pic"
"287","31669",19,22,45,12,17,"Rainbow 2.jpg","pic"
"288","31669",32,31,50,19,55,"Dirt 1.jpg","pic"
"289","31981",65,56,54,60,51,"Fireworks 6.jpg","pic"
"290","31981",47,56,57,56,46,"Clean 1.jpg","pic"
"291","31981",58,83,76,53,60,"Dirt 1.jpg","pic"
"292","31981",40,31,40,37,32,"Lake 12.jpg","pic"
"293","31981",24,74,69,12,80,"Toilet 4.jpg","pic"
"294","31981",40,58,65,55,61,"Fire 10.jpg","pic"
"295","31981",39,62,66,41,41,"Rainbow 2.jpg","pic"
"296","31981",44,51,51,54,43,"Ferret 1.jpg","pic"
"297","31981",7,3,81,86,21,"Garbage dump 1.jpg","pic"
"298","31981",48,48,48,5,56,"Flood 1.jpg","pic"
"299","31981",34,33,50,30,45,"Beach 1.jpg","pic"
"300","31981",26,47,61,32,41,"Rocks 1.jpg","pic"
"301","31981",50,44,52,52,52,"Snow 1.jpg","pic"
"302","31981",52,51,54,43,45,"Destruction 2.jpg","pic"
"303","31981",43,42,46,43,50,"Prison 2.jpg","pic"
"304","31981",55,56,42,45,47,"Heart 3.jpg","pic"
"305","29974",3,24,3,3,1,"Lake 12.jpg","pic"
"306","29974",3,1,18,0,2,"Rocks 1.jpg","pic"
"307","29974",0,50,0,0,0,"Rainbow 2.jpg","pic"
"308","29974",22,9,10,0,4,"Fireworks 6.jpg","pic"
"309","29974",68,91,1,10,0,"Fire 10.jpg","pic"
"310","29974",64,0,0,0,0,"Heart 3.jpg","pic"
"311","29974",92,0,100,100,0,"Toilet 4.jpg","pic"
"312","29974",0,0,0,0,0,"Dirt 1.jpg","pic"
"313","29974",66,68,0,17,0,"Clean 1.jpg","pic"
"314","29974",0,82,100,0,0,"Ferret 1.jpg","pic"
"315","29974",100,50,81,59,0,"Prison 2.jpg","pic"
"316","29974",0,62,0,0,0,"Snow 1.jpg","pic"
"317","29974",0,0,0,0,0,"Beach 1.jpg","pic"
"318","29974",5,69,70,6,0,"Garbage dump 1.jpg","pic"
"319","29974",65,69,83,67,0,"Flood 1.jpg","pic"
"320","29974",71,45,92,59,0,"Destruction 2.jpg","pic"
"321","31723",20,20,10,30,20,"Prison 2.jpg","pic"
"322","31723",0,5,0,0,0,"Heart 3.jpg","pic"
"323","31723",0,0,20,0,0,"Lake 12.jpg","pic"
"324","31723",0,0,10,0,0,"Fireworks 6.jpg","pic"
"325","31723",10,10,0,10,0,"Dirt 1.jpg","pic"
"326","31723",0,0,10,0,0,"Rainbow 2.jpg","pic"
"327","31723",20,30,10,35,30,"Destruction 2.jpg","pic"
"328","31723",0,10,10,0,0,"Clean 1.jpg","pic"
"329","31723",10,30,10,20,40,"Flood 1.jpg","pic"
"330","31723",0,0,0,0,0,"Ferret 1.jpg","pic"
"331","31723",5,0,5,0,35,"Toilet 4.jpg","pic"
"332","31723",15,15,0,0,0,"Fire 10.jpg","pic"
"333","31723",0,0,0,0,0,"Rocks 1.jpg","pic"
"334","31723",0,0,0,0,0,"Beach 1.jpg","pic"
"335","31723",10,20,0,10,40,"Garbage dump 1.jpg","pic"
"336","31723",0,0,0,0,0,"Snow 1.jpg","pic"
"337","30007",22,36,34,36,28,"Garbage dump 1.jpg","pic"
"338","30007",16,19,24,8,29,"Heart 3.jpg","pic"
"339","30007",24,23,26,21,25,"Ferret 1.jpg","pic"
"340","30007",36,30,19,39,10,"Prison 2.jpg","pic"
"341","30007",6,11,10,15,11,"Lake 12.jpg","pic"
"342","30007",3,5,5,7,11,"Clean 1.jpg","pic"
"343","30007",8,7,11,11,11,"Snow 1.jpg","pic"
"344","30007",10,12,11,10,15,"Rocks 1.jpg","pic"
"345","30007",20,23,21,25,16,"Fire 10.jpg","pic"
"346","30007",13,10,8,5,16,"Fireworks 6.jpg","pic"
"347","30007",24,6,19,25,0,"Flood 1.jpg","pic"
"348","30007",34,5,39,32,10,"Toilet 4.jpg","pic"
"349","30007",12,11,12,9,9,"Rainbow 2.jpg","pic"
"350","30007",12,8,15,11,10,"Beach 1.jpg","pic"
"351","30007",10,32,11,33,28,"Dirt 1.jpg","pic"
"352","30007",51,38,53,48,41,"Destruction 2.jpg","pic"
"353","32635",93,64,87,74,86,"Prison 2.jpg","pic"
"354","32635",36,34,55,44,30,"Garbage dump 1.jpg","pic"
"355","32635",34,35,21,87,71,"Ferret 1.jpg","pic"
"356","32635",7,93,8,13,2,"Fireworks 6.jpg","pic"
"357","32635",17,15,11,20,14,"Rainbow 2.jpg","pic"
"358","32635",9,15,17,9,9,"Lake 12.jpg","pic"
"359","32635",85,80,81,73,63,"Destruction 2.jpg","pic"
"360","32635",17,15,20,15,12,"Clean 1.jpg","pic"
"361","32635",53,71,6,14,39,"Snow 1.jpg","pic"
"362","32635",27,62,71,49,27,"Flood 1.jpg","pic"
"363","32635",26,31,34,26,52,"Rocks 1.jpg","pic"
"364","32635",50,18,25,53,17,"Fire 10.jpg","pic"
"365","32635",7,8,4,11,11,"Beach 1.jpg","pic"
"366","32635",30,15,30,52,28,"Dirt 1.jpg","pic"
"367","32635",71,31,25,57,29,"Toilet 4.jpg","pic"
"368","32635",42,42,6,21,12,"Heart 3.jpg","pic"
"369","30814",10,5,0,0,0,"Rainbow 2.jpg","pic"
"370","30814",0,0,0,0,0,"Snow 1.jpg","pic"
"371","30814",5,5,5,0,5,"Fireworks 6.jpg","pic"
"372","30814",50,70,20,15,70,"Fire 10.jpg","pic"
"373","30814",15,0,0,0,0,"Heart 3.jpg","pic"
"374","30814",50,50,50,50,50,"Dirt 1.jpg","pic"
"375","30814",15,21,19,30,10,"Ferret 1.jpg","pic"
"376","30814",50,50,20,20,50,"Flood 1.jpg","pic"
"377","30814",70,60,61,60,60,"Prison 2.jpg","pic"
"378","30814",0,0,0,0,0,"Clean 1.jpg","pic"
"379","30814",60,0,55,60,0,"Toilet 4.jpg","pic"
"380","30814",1,5,0,10,0,"Rocks 1.jpg","pic"
"381","30814",0,0,0,4,0,"Beach 1.jpg","pic"
"382","30814",51,50,22,50,50,"Destruction 2.jpg","pic"
"383","30814",0,30,20,21,0,"Lake 12.jpg","pic"
"384","30814",70,0,0,0,50,"Garbage dump 1.jpg","pic"
"385","29887",55,8,5,17,23,"Toilet 4.jpg","pic"
"386","29887",0,35,0,0,24,"Flood 1.jpg","pic"
"387","29887",7,23,4,0,27,"Destruction 2.jpg","pic"
"388","29887",0,0,0,0,0,"Lake 12.jpg","pic"
"389","29887",0,0,0,0,0,"Rocks 1.jpg","pic"
"390","29887",0,0,45,52,13,"Ferret 1.jpg","pic"
"391","29887",0,0,0,0,0,"Snow 1.jpg","pic"
"392","29887",0,0,0,0,0,"Fireworks 6.jpg","pic"
"393","29887",0,0,0,0,0,"Heart 3.jpg","pic"
"394","29887",36,39,0,0,0,"Prison 2.jpg","pic"
"395","29887",0,0,0,0,0,"Clean 1.jpg","pic"
"396","29887",41,23,0,30,52,"Garbage dump 1.jpg","pic"
"397","29887",0,0,0,0,0,"Rainbow 2.jpg","pic"
"398","29887",0,0,0,0,0,"Beach 1.jpg","pic"
"399","29887",0,0,0,4,12,"Dirt 1.jpg","pic"
"400","29887",76,44,0,5,68,"Fire 10.jpg","pic"
"401","29944",0,0,0,0,10,"Garbage dump 1.jpg","pic"
"402","29944",10,0,0,0,15,"Toilet 4.jpg","pic"
"403","29944",0,0,0,0,15,"Destruction 2.jpg","pic"
"404","29944",0,0,0,0,0,"Ferret 1.jpg","pic"
"405","29944",0,0,0,0,0,"Clean 1.jpg","pic"
"406","29944",0,0,0,0,0,"Heart 3.jpg","pic"
"407","29944",0,0,0,0,0,"Fireworks 6.jpg","pic"
"408","29944",0,0,0,0,0,"Lake 12.jpg","pic"
"409","29944",0,0,0,0,0,"Beach 1.jpg","pic"
"410","29944",0,0,0,0,0,"Snow 1.jpg","pic"
"411","29944",0,0,0,0,0,"Dirt 1.jpg","pic"
"412","29944",10,0,0,20,0,"Prison 2.jpg","pic"
"413","29944",0,0,0,0,0,"Rainbow 2.jpg","pic"
"414","29944",0,0,0,0,20,"Fire 10.jpg","pic"
"415","29944",0,0,0,0,0,"Rocks 1.jpg","pic"
"416","29944",0,0,0,10,0,"Flood 1.jpg","pic"
"417","31132",72,50,3,49,57,"Rocks 1.jpg","pic"
"418","31132",69,71,71,70,66,"Prison 2.jpg","pic"
"419","31132",71,76,72,73,74,"Ferret 1.jpg","pic"
"420","31132",0,61,0,31,34,"Fireworks 6.jpg","pic"
"421","31132",1,18,4,1,2,"Beach 1.jpg","pic"
"422","31132",0,11,3,0,6,"Snow 1.jpg","pic"
"423","31132",0,0,0,0,8,"Lake 12.jpg","pic"
"424","31132",2,5,3,2,4,"Rainbow 2.jpg","pic"
"425","31132",75,57,20,79,72,"Clean 1.jpg","pic"
"426","31132",28,50,34,32,29,"Garbage dump 1.jpg","pic"
"427","31132",21,9,12,17,17,"Destruction 2.jpg","pic"
"428","31132",16,20,22,18,55,"Fire 10.jpg","pic"
"429","31132",27,21,30,28,63,"Dirt 1.jpg","pic"
"430","31132",82,76,65,89,95,"Toilet 4.jpg","pic"
"431","31132",34,41,44,7,64,"Flood 1.jpg","pic"
"432","31132",39,7,19,29,30,"Heart 3.jpg","pic"
"433","30064",0,0,0,0,0,"Heart 3.jpg","pic"
"434","30064",0,7,8,10,16,"Destruction 2.jpg","pic"
"435","30064",0,0,6,5,0,"Lake 12.jpg","pic"
"436","30064",0,0,0,10,0,"Snow 1.jpg","pic"
"437","30064",30,60,100,99,100,"Toilet 4.jpg","pic"
"438","30064",0,0,0,0,0,"Rainbow 2.jpg","pic"
"439","30064",0,0,0,0,0,"Clean 1.jpg","pic"
"440","30064",0,0,100,80,30,"Ferret 1.jpg","pic"
"441","30064",24,20,100,85,60,"Prison 2.jpg","pic"
"442","30064",0,10,0,0,20,"Fireworks 6.jpg","pic"
"443","30064",10,100,100,80,30,"Flood 1.jpg","pic"
"444","30064",0,8,10,0,15,"Rocks 1.jpg","pic"
"445","30064",0,0,0,0,0,"Beach 1.jpg","pic"
"446","30064",40,50,70,100,100,"Garbage dump 1.jpg","pic"
"447","30064",0,30,55,100,50,"Dirt 1.jpg","pic"
"448","30064",6,30,100,100,70,"Fire 10.jpg","pic"
"449","32392",19,0,2,7,15,"Prison 2.jpg","pic"
"450","32392",0,0,12,17,5,"Ferret 1.jpg","pic"
"451","32392",0,0,1,0,0,"Heart 3.jpg","pic"
"452","32392",0,1,0,0,0,"Dirt 1.jpg","pic"
"453","32392",7,14,0,7,4,"Flood 1.jpg","pic"
"454","32392",0,0,0,1,0,"Rainbow 2.jpg","pic"
"455","32392",2,6,0,0,4,"Toilet 4.jpg","pic"
"456","32392",0,0,0,0,0,"Lake 12.jpg","pic"
"457","32392",0,6,0,0,9,"Fire 10.jpg","pic"
"458","32392",0,0,0,4,0,"Beach 1.jpg","pic"
"459","32392",0,16,2,15,22,"Destruction 2.jpg","pic"
"460","32392",0,0,0,0,0,"Clean 1.jpg","pic"
"461","32392",0,0,0,1,0,"Rocks 1.jpg","pic"
"462","32392",0,0,9,22,4,"Fireworks 6.jpg","pic"
"463","32392",0,20,7,13,21,"Garbage dump 1.jpg","pic"
"464","32392",0,0,0,9,0,"Snow 1.jpg","pic"
"465","32875",0,0,0,0,0,"Rainbow 2.jpg","pic"
"466","32875",15,16,62,12,0,"Ferret 1.jpg","pic"
"467","32875",0,0,0,0,0,"Fireworks 6.jpg","pic"
"468","32875",0,0,0,0,0,"Beach 1.jpg","pic"
"469","32875",30,20,13,16,31,"Dirt 1.jpg","pic"
"470","32875",80,69,83,47,43,"Prison 2.jpg","pic"
"471","32875",26,45,61,42,45,"Fire 10.jpg","pic"
"472","32875",0,0,0,0,0,"Lake 12.jpg","pic"
"473","32875",31,33,52,42,33,"Garbage dump 1.jpg","pic"
"474","32875",8,33,48,19,36,"Flood 1.jpg","pic"
"475","32875",78,49,94,61,58,"Toilet 4.jpg","pic"
"476","32875",52,38,46,16,54,"Destruction 2.jpg","pic"
"477","32875",0,6,0,0,0,"Snow 1.jpg","pic"
"478","32875",0,7,0,6,0,"Heart 3.jpg","pic"
"479","32875",0,0,0,0,0,"Clean 1.jpg","pic"
"480","32875",5,0,13,24,0,"Rocks 1.jpg","pic"
"481","31654",81,44,10,68,79,"Flood 1.jpg","pic"
"482","31654",0,4,0,4,0,"Lake 12.jpg","pic"
"483","31654",0,0,0,18,0,"Clean 1.jpg","pic"
"484","31654",81,36,65,88,59,"Prison 2.jpg","pic"
"485","31654",23,62,11,31,22,"Fire 10.jpg","pic"
"486","31654",0,5,0,0,6,"Snow 1.jpg","pic"
"487","31654",72,68,20,38,89,"Garbage dump 1.jpg","pic"
"488","31654",19,40,33,62,75,"Ferret 1.jpg","pic"
"489","31654",33,23,31,22,18,"Heart 3.jpg","pic"
"490","31654",0,8,8,19,4,"Beach 1.jpg","pic"
"491","31654",8,12,25,36,14,"Fireworks 6.jpg","pic"
"492","31654",71,28,30,81,45,"Toilet 4.jpg","pic"
"493","31654",78,32,42,87,19,"Dirt 1.jpg","pic"
"494","31654",91,65,58,81,85,"Destruction 2.jpg","pic"
"495","31654",7,1,0,0,3,"Rainbow 2.jpg","pic"
"496","31654",4,0,0,0,0,"Rocks 1.jpg","pic"
"497","32791",0,0,0,0,0,"Rocks 1.jpg","pic"
"498","32791",75,1,59,27,64,"Beach 1.jpg","pic"
"499","32791",0,0,0,36,15,"Snow 1.jpg","pic"
"500","32791",0,0,0,0,0,"Clean 1.jpg","pic"
"501","32791",0,0,0,0,0,"Lake 12.jpg","pic"
"502","32791",0,0,0,0,0,"Fire 10.jpg","pic"
"503","32791",58,18,0,0,0,"Toilet 4.jpg","pic"
"504","32791",44,0,89,63,96,"Rainbow 2.jpg","pic"
"505","32791",99,98,99,100,97,"Prison 2.jpg","pic"
"506","32791",4,55,80,19,30,"Dirt 1.jpg","pic"
"507","32791",23,27,0,56,78,"Garbage dump 1.jpg","pic"
"508","32791",98,99,0,0,100,"Destruction 2.jpg","pic"
"509","32791",0,39,0,0,0,"Fireworks 6.jpg","pic"
"510","32791",0,70,3,0,36,"Heart 3.jpg","pic"
"511","32791",22,0,82,57,14,"Ferret 1.jpg","pic"
"512","32791",15,60,6,0,85,"Flood 1.jpg","pic"
"513","32854",21,64,47,56,29,"Ferret 1.jpg","pic"
"514","32854",68,88,54,74,91,"Prison 2.jpg","pic"
"515","32854",8,14,3,1,12,"Snow 1.jpg","pic"
"516","32854",13,29,6,11,3,"Garbage dump 1.jpg","pic"
"517","32854",2,1,0,2,0,"Heart 3.jpg","pic"
"518","32854",2,9,1,0,3,"Lake 12.jpg","pic"
"519","32854",34,30,36,35,23,"Fire 10.jpg","pic"
"520","32854",67,98,99,97,98,"Destruction 2.jpg","pic"
"521","32854",66,57,38,57,47,"Flood 1.jpg","pic"
"522","32854",1,4,3,0,2,"Clean 1.jpg","pic"
"523","32854",0,2,2,2,1,"Rainbow 2.jpg","pic"
"524","32854",7,23,50,71,27,"Toilet 4.jpg","pic"
"525","32854",8,2,3,8,1,"Fireworks 6.jpg","pic"
"526","32854",28,1,1,25,5,"Dirt 1.jpg","pic"
"527","32854",11,15,16,12,11,"Rocks 1.jpg","pic"
"528","32854",1,0,1,1,1,"Beach 1.jpg","pic"
"529","31621",0,2,2,1,1,"Rainbow 2.jpg","pic"
"530","31621",1,13,3,1,3,"Fire 10.jpg","pic"
"531","31621",2,1,0,1,0,"Clean 1.jpg","pic"
"532","31621",1,2,2,11,3,"Ferret 1.jpg","pic"
"533","31621",0,23,0,1,20,"Garbage dump 1.jpg","pic"
"534","31621",1,1,1,0,1,"Toilet 4.jpg","pic"
"535","31621",3,19,1,2,2,"Prison 2.jpg","pic"
"536","31621",0,0,1,1,0,"Lake 12.jpg","pic"
"537","31621",0,0,0,1,0,"Rocks 1.jpg","pic"
"538","31621",1,52,0,1,19,"Destruction 2.jpg","pic"
"539","31621",0,1,1,0,3,"Heart 3.jpg","pic"
"540","31621",0,0,0,0,0,"Fireworks 6.jpg","pic"
"541","31621",1,50,10,11,32,"Dirt 1.jpg","pic"
"542","31621",1,1,1,3,1,"Snow 1.jpg","pic"
"543","31621",0,1,1,0,1,"Beach 1.jpg","pic"
"544","31621",0,47,16,68,42,"Flood 1.jpg","pic"
"545","32395",21,14,37,43,20,"Heart 3.jpg","pic"
"546","32395",12,67,74,72,68,"Ferret 1.jpg","pic"
"547","32395",11,6,8,16,6,"Clean 1.jpg","pic"
"548","32395",13,5,23,18,8,"Snow 1.jpg","pic"
"549","32395",18,5,50,11,20,"Lake 12.jpg","pic"
"550","32395",82,39,100,87,24,"Toilet 4.jpg","pic"
"551","32395",84,80,78,86,85,"Garbage dump 1.jpg","pic"
"552","32395",11,10,8,6,8,"Rocks 1.jpg","pic"
"553","32395",96,98,98,97,100,"Flood 1.jpg","pic"
"554","32395",84,19,77,81,41,"Prison 2.jpg","pic"
"555","32395",96,94,95,96,84,"Destruction 2.jpg","pic"
"556","32395",72,55,83,71,69,"Fire 10.jpg","pic"
"557","32395",1,2,1,5,2,"Rainbow 2.jpg","pic"
"558","32395",2,1,2,1,0,"Beach 1.jpg","pic"
"559","32395",17,17,82,85,20,"Dirt 1.jpg","pic"
"560","32395",3,7,39,19,6,"Fireworks 6.jpg","pic"
"561","32617",2,0,0,0,7,"Lake 12.jpg","pic"
"562","32617",12,10,16,14,17,"Dirt 1.jpg","pic"
"563","32617",4,2,2,4,3,"Snow 1.jpg","pic"
"564","32617",1,6,24,19,4,"Prison 2.jpg","pic"
"565","32617",24,40,18,36,64,"Destruction 2.jpg","pic"
"566","32617",2,3,2,7,1,"Fireworks 6.jpg","pic"
"567","32617",4,5,4,5,1,"Rainbow 2.jpg","pic"
"568","32617",25,36,33,61,48,"Flood 1.jpg","pic"
"569","32617",5,5,4,3,2,"Clean 1.jpg","pic"
"570","32617",4,1,3,4,2,"Rocks 1.jpg","pic"
"571","32617",3,1,13,3,3,"Beach 1.jpg","pic"
"572","32617",3,2,4,3,4,"Heart 3.jpg","pic"
"573","32617",15,23,15,11,7,"Garbage dump 1.jpg","pic"
"574","32617",20,13,33,61,41,"Toilet 4.jpg","pic"
"575","32617",70,35,54,67,63,"Fire 10.jpg","pic"
"576","32617",17,3,48,34,43,"Ferret 1.jpg","pic"
"577","30022",30,20,10,30,20,"Rainbow 2.jpg","pic"
"578","30022",0,50,0,0,30,"Fireworks 6.jpg","pic"
"579","30022",40,35,35,50,50,"Flood 1.jpg","pic"
"580","30022",0,0,45,40,20,"Ferret 1.jpg","pic"
"581","30022",35,20,0,10,0,"Toilet 4.jpg","pic"
"582","30022",25,10,0,0,0,"Snow 1.jpg","pic"
"583","30022",80,50,50,80,29,"Prison 2.jpg","pic"
"584","30022",50,50,30,50,30,"Garbage dump 1.jpg","pic"
"585","30022",15,30,15,50,20,"Dirt 1.jpg","pic"
"586","30022",0,0,0,0,0,"Beach 1.jpg","pic"
"587","30022",100,80,80,100,100,"Destruction 2.jpg","pic"
"588","30022",0,0,0,0,0,"Rocks 1.jpg","pic"
"589","30022",0,0,0,0,0,"Clean 1.jpg","pic"
"590","30022",0,10,0,0,0,"Heart 3.jpg","pic"
"591","30022",0,0,0,0,0,"Lake 12.jpg","pic"
"592","30022",40,50,0,30,35,"Fire 10.jpg","pic"
"593","32572",49,7,0,30,0,"Heart 3.jpg","pic"
"594","32572",0,0,0,0,8,"Dirt 1.jpg","pic"
"595","32572",0,0,0,0,0,"Clean 1.jpg","pic"
"596","32572",25,0,0,26,0,"Beach 1.jpg","pic"
"597","32572",0,0,0,0,0,"Rocks 1.jpg","pic"
"598","32572",48,41,52,39,51,"Destruction 2.jpg","pic"
"599","32572",39,46,0,54,39,"Garbage dump 1.jpg","pic"
"600","32572",29,0,84,44,84,"Ferret 1.jpg","pic"
"601","32572",72,51,48,52,60,"Toilet 4.jpg","pic"
"602","32572",52,1,56,42,22,"Fire 10.jpg","pic"
"603","32572",18,1,2,17,3,"Rainbow 2.jpg","pic"
"604","32572",0,1,1,0,1,"Lake 12.jpg","pic"
"605","32572",0,1,1,1,0,"Snow 1.jpg","pic"
"606","32572",2,1,1,0,1,"Fireworks 6.jpg","pic"
"607","32572",70,69,56,63,50,"Flood 1.jpg","pic"
"608","32572",78,81,76,63,68,"Prison 2.jpg","pic"
"609","TEAM_YA_045",77,88,61,49,69,"Destruction 2.jpg","pic"
"610","TEAM_YA_045",0,0,0,0,0,"Rocks 1.jpg","pic"
"611","TEAM_YA_045",0,0,0,0,0,"Beach 1.jpg","pic"
"612","TEAM_YA_045",33,42,43,4,38,"Flood 1.jpg","pic"
"613","TEAM_YA_045",16,16,0,0,0,"Toilet 4.jpg","pic"
"614","TEAM_YA_045",0,0,0,0,0,"Dirt 1.jpg","pic"
"615","TEAM_YA_045",22,0,12,35,0,"Fireworks 6.jpg","pic"
"616","TEAM_YA_045",23,8,13,35,0,"Prison 2.jpg","pic"
"617","TEAM_YA_045",0,0,0,0,0,"Snow 1.jpg","pic"
"618","TEAM_YA_045",0,0,0,0,0,"Clean 1.jpg","pic"
"619","TEAM_YA_045",16,9,5,0,0,"Rainbow 2.jpg","pic"
"620","TEAM_YA_045",0,0,0,0,0,"Lake 12.jpg","pic"
"621","TEAM_YA_045",0,0,0,0,0,"Heart 3.jpg","pic"
"622","TEAM_YA_045",28,15,17,18,13,"Fire 10.jpg","pic"
"623","TEAM_YA_045",9,0,41,25,0,"Ferret 1.jpg","pic"
"624","TEAM_YA_045",24,11,19,17,10,"Garbage dump 1.jpg","pic"
"625","31930",19,16,18,14,16,"Lake 12.jpg","pic"
"626","31930",56,48,61,68,34,"Toilet 4.jpg","pic"
"627","31930",4,1,2,3,5,"Beach 1.jpg","pic"
"628","31930",59,8,5,68,5,"Garbage dump 1.jpg","pic"
"629","31930",16,15,0,13,8,"Clean 1.jpg","pic"
"630","31930",5,5,3,4,2,"Dirt 1.jpg","pic"
"631","31930",54,73,42,8,58,"Destruction 2.jpg","pic"
"632","31930",3,5,2,4,1,"Fireworks 6.jpg","pic"
"633","31930",2,1,0,1,8,"Rocks 1.jpg","pic"
"634","31930",2,1,80,61,26,"Ferret 1.jpg","pic"
"635","31930",2,0,2,1,3,"Fire 10.jpg","pic"
"636","31930",1,0,2,1,4,"Rainbow 2.jpg","pic"
"637","31930",2,2,2,2,2,"Snow 1.jpg","pic"
"638","31930",54,31,21,53,19,"Flood 1.jpg","pic"
"639","31930",3,1,2,2,3,"Heart 3.jpg","pic"
"640","31930",44,1,18,61,2,"Prison 2.jpg","pic"
"641","32884",11,10,2,10,1,"Clean 1.jpg","pic"
"642","32884",85,81,87,65,65,"Destruction 2.jpg","pic"
"643","32884",1,1,1,0,2,"Heart 3.jpg","pic"
"644","32884",1,0,1,1,0,"Lake 12.jpg","pic"
"645","32884",45,47,33,44,32,"Flood 1.jpg","pic"
"646","32884",7,9,2,7,2,"Toilet 4.jpg","pic"
"647","32884",5,2,2,7,2,"Snow 1.jpg","pic"
"648","32884",0,1,2,1,1,"Fireworks 6.jpg","pic"
"649","32884",3,2,2,3,3,"Beach 1.jpg","pic"
"650","32884",64,70,58,61,57,"Garbage dump 1.jpg","pic"
"651","32884",1,0,0,2,0,"Rainbow 2.jpg","pic"
"652","32884",1,0,1,1,1,"Ferret 1.jpg","pic"
"653","32884",1,2,37,3,3,"Dirt 1.jpg","pic"
"654","32884",24,11,22,4,13,"Fire 10.jpg","pic"
"655","32884",3,0,0,1,1,"Prison 2.jpg","pic"
"656","32884",1,0,2,3,3,"Rocks 1.jpg","pic"
"657","30349",1,45,22,30,35,"Fire 10.jpg","pic"
"658","30349",0,2,0,1,0,"Clean 1.jpg","pic"
"659","30349",83,59,26,20,64,"Flood 1.jpg","pic"
"660","30349",0,0,0,1,0,"Fireworks 6.jpg","pic"
"661","30349",0,0,1,0,0,"Heart 3.jpg","pic"
"662","30349",0,0,0,0,0,"Lake 12.jpg","pic"
"663","30349",58,92,85,68,88,"Destruction 2.jpg","pic"
"664","30349",1,2,1,0,1,"Beach 1.jpg","pic"
"665","30349",51,62,2,1,27,"Dirt 1.jpg","pic"
"666","30349",49,59,38,37,67,"Rainbow 2.jpg","pic"
"667","30349",29,15,1,3,1,"Snow 1.jpg","pic"
"668","30349",9,5,6,13,74,"Ferret 1.jpg","pic"
"669","30349",64,72,39,66,74,"Rocks 1.jpg","pic"
"670","30349",91,92,49,48,88,"Garbage dump 1.jpg","pic"
"671","30349",62,58,28,45,55,"Toilet 4.jpg","pic"
"672","30349",73,85,82,80,88,"Prison 2.jpg","pic"
"673","32275",0,0,0,0,0,"Rainbow 2.jpg","pic"
"674","32275",0,0,0,0,0,"Clean 1.jpg","pic"
"675","32275",12,5,0,21,0,"Garbage dump 1.jpg","pic"
"676","32275",0,0,0,0,0,"Heart 3.jpg","pic"
"677","32275",0,0,0,0,0,"Dirt 1.jpg","pic"
"678","32275",0,0,43,0,0,"Fire 10.jpg","pic"
"679","32275",0,0,14,47,10,"Flood 1.jpg","pic"
"680","32275",0,0,0,0,0,"Snow 1.jpg","pic"
"681","32275",0,0,0,16,34,"Toilet 4.jpg","pic"
"682","32275",0,26,71,10,22,"Destruction 2.jpg","pic"
"683","32275",11,0,0,0,0,"Prison 2.jpg","pic"
"684","32275",0,0,0,0,0,"Lake 12.jpg","pic"
"685","32275",0,0,0,0,0,"Rocks 1.jpg","pic"
"686","32275",0,0,48,0,0,"Ferret 1.jpg","pic"
"687","32275",0,5,0,0,0,"Beach 1.jpg","pic"
"688","32275",0,0,0,0,0,"Fireworks 6.jpg","pic"
"689","29911",37,36,32,50,17,"Rocks 1.jpg","pic"
"690","29911",30,21,35,35,15,"Snow 1.jpg","pic"
"691","29911",24,15,26,42,19,"Heart 3.jpg","pic"
"692","29911",5,88,98,91,96,"Garbage dump 1.jpg","pic"
"693","29911",10,5,16,13,16,"Lake 12.jpg","pic"
"694","29911",29,83,70,69,83,"Dirt 1.jpg","pic"
"695","29911",53,96,82,83,71,"Fire 10.jpg","pic"
"696","29911",54,33,72,78,88,"Destruction 2.jpg","pic"
"697","29911",25,43,35,48,30,"Fireworks 6.jpg","pic"
"698","29911",69,21,89,78,45,"Ferret 1.jpg","pic"
"699","29911",3,5,0,3,10,"Beach 1.jpg","pic"
"700","29911",31,31,20,35,30,"Rainbow 2.jpg","pic"
"701","29911",25,59,66,77,64,"Prison 2.jpg","pic"
"702","29911",45,87,78,77,62,"Flood 1.jpg","pic"
"703","29911",47,34,44,50,61,"Clean 1.jpg","pic"
"704","29911",78,73,53,76,52,"Toilet 4.jpg","pic"
"705","32332",30,10,35,30,0,"Prison 2.jpg","pic"
"706","32332",0,0,0,0,0,"Rocks 1.jpg","pic"
"707","32332",0,0,10,0,5,"Dirt 1.jpg","pic"
"708","32332",0,0,0,0,0,"Rainbow 2.jpg","pic"
"709","32332",0,0,0,20,15,"Toilet 4.jpg","pic"
"710","32332",0,0,0,10,0,"Beach 1.jpg","pic"
"711","32332",0,0,0,0,0,"Garbage dump 1.jpg","pic"
"712","32332",0,0,0,15,0,"Fireworks 6.jpg","pic"
"713","32332",0,0,30,0,5,"Ferret 1.jpg","pic"
"714","32332",0,0,0,0,0,"Heart 3.jpg","pic"
"715","32332",20,30,5,30,5,"Destruction 2.jpg","pic"
"716","32332",0,0,0,0,0,"Clean 1.jpg","pic"
"717","32332",0,0,0,0,0,"Lake 12.jpg","pic"
"718","32332",0,5,5,20,0,"Fire 10.jpg","pic"
"719","32332",0,0,0,0,0,"Snow 1.jpg","pic"
"720","32332",20,10,0,5,0,"Flood 1.jpg","pic"
"721","TEAM_YA_028",1,1,0,0,0,"Fireworks 6.jpg","pic"
"722","TEAM_YA_028",19,42,37,24,42,"Flood 1.jpg","pic"
"723","TEAM_YA_028",34,43,8,35,41,"Destruction 2.jpg","pic"
"724","TEAM_YA_028",3,1,24,31,11,"Fire 10.jpg","pic"
"725","TEAM_YA_028",0,0,0,0,1,"Rainbow 2.jpg","pic"
"726","TEAM_YA_028",48,39,60,35,38,"Prison 2.jpg","pic"
"727","TEAM_YA_028",0,0,0,0,0,"Clean 1.jpg","pic"
"728","TEAM_YA_028",0,0,1,0,0,"Lake 12.jpg","pic"
"729","TEAM_YA_028",1,1,0,0,0,"Heart 3.jpg","pic"
"730","TEAM_YA_028",71,53,0,1,63,"Garbage dump 1.jpg","pic"
"731","TEAM_YA_028",0,0,0,0,0,"Dirt 1.jpg","pic"
"732","TEAM_YA_028",0,1,24,1,1,"Snow 1.jpg","pic"
"733","TEAM_YA_028",0,0,0,0,1,"Rocks 1.jpg","pic"
"734","TEAM_YA_028",0,0,0,0,0,"Beach 1.jpg","pic"
"735","TEAM_YA_028",0,0,30,67,33,"Ferret 1.jpg","pic"
"736","TEAM_YA_028",0,0,60,87,34,"Toilet 4.jpg","pic"
"737","30070",10,15,45,65,85,"Dirt 1.jpg","pic"
"738","30070",10,10,10,10,20,"Snow 1.jpg","pic"
"739","30070",15,25,55,35,60,"Fireworks 6.jpg","pic"
"740","30070",90,90,85,85,80,"Fire 10.jpg","pic"
"741","30070",85,60,65,80,75,"Flood 1.jpg","pic"
"742","30070",70,70,90,85,95,"Prison 2.jpg","pic"
"743","30070",90,80,90,70,80,"Destruction 2.jpg","pic"
"744","30070",30,30,60,80,30,"Ferret 1.jpg","pic"
"745","30070",35,15,15,30,20,"Garbage dump 1.jpg","pic"
"746","30070",30,30,35,35,35,"Heart 3.jpg","pic"
"747","30070",10,10,10,10,10,"Clean 1.jpg","pic"
"748","30070",25,25,25,25,40,"Rocks 1.jpg","pic"
"749","30070",30,30,60,15,20,"Lake 12.jpg","pic"
"750","30070",20,20,50,70,35,"Beach 1.jpg","pic"
"751","30070",15,35,20,35,20,"Rainbow 2.jpg","pic"
"752","30070",70,60,85,90,95,"Toilet 4.jpg","pic"
"753","31231",72,85,56,59,73,"Destruction 2.jpg","pic"
"754","31231",0,0,31,36,0,"Ferret 1.jpg","pic"
"755","31231",0,0,0,0,0,"Lake 12.jpg","pic"
"756","31231",0,0,0,14,0,"Rainbow 2.jpg","pic"
"757","31231",45,61,9,35,24,"Garbage dump 1.jpg","pic"
"758","31231",0,0,0,0,0,"Beach 1.jpg","pic"
"759","31231",48,72,27,50,58,"Flood 1.jpg","pic"
"760","31231",42,23,21,20,62,"Toilet 4.jpg","pic"
"761","31231",0,0,0,0,0,"Rocks 1.jpg","pic"
"762","31231",0,0,0,1,0,"Heart 3.jpg","pic"
"763","31231",0,47,40,70,64,"Fire 10.jpg","pic"
"764","31231",0,0,0,23,0,"Fireworks 6.jpg","pic"
"765","31231",53,18,54,64,18,"Prison 2.jpg","pic"
"766","31231",0,0,0,0,0,"Snow 1.jpg","pic"
"767","31231",0,0,0,22,0,"Dirt 1.jpg","pic"
"768","31231",0,0,0,0,0,"Clean 1.jpg","pic"
"769","32266",0,0,0,0,0,"Snow 1.jpg","pic"
"770","32266",0,0,9,0,0,"Ferret 1.jpg","pic"
"771","32266",16,0,17,50,11,"Toilet 4.jpg","pic"
"772","32266",0,0,0,0,0,"Heart 3.jpg","pic"
"773","32266",0,0,0,0,0,"Clean 1.jpg","pic"
"774","32266",33,68,0,0,20,"Flood 1.jpg","pic"
"775","32266",0,0,0,0,0,"Rocks 1.jpg","pic"
"776","32266",0,0,0,17,8,"Dirt 1.jpg","pic"
"777","32266",53,75,57,53,70,"Prison 2.jpg","pic"
"778","32266",0,0,7,0,0,"Lake 12.jpg","pic"
"779","32266",0,0,2,0,0,"Beach 1.jpg","pic"
"780","32266",0,34,0,9,5,"Garbage dump 1.jpg","pic"
"781","32266",0,0,0,0,0,"Rainbow 2.jpg","pic"
"782","32266",0,0,21,10,0,"Fireworks 6.jpg","pic"
"783","32266",0,37,12,0,39,"Destruction 2.jpg","pic"
"784","32266",0,65,23,0,29,"Fire 10.jpg","pic"
"785","30292",5,0,40,30,0,"Lake 12.jpg","pic"
"786","30292",0,0,5,0,0,"Fireworks 6.jpg","pic"
"787","30292",0,0,15,25,0,"Rainbow 2.jpg","pic"
"788","30292",0,0,25,25,0,"Beach 1.jpg","pic"
"789","30292",0,50,75,75,35,"Dirt 1.jpg","pic"
"790","30292",0,60,40,55,70,"Garbage dump 1.jpg","pic"
"791","30292",10,0,4,0,0,"Heart 3.jpg","pic"
"792","30292",0,0,15,30,0,"Rocks 1.jpg","pic"
"793","30292",0,0,0,0,0,"Clean 1.jpg","pic"
"794","30292",50,15,85,90,55,"Toilet 4.jpg","pic"
"795","30292",50,10,60,70,15,"Prison 2.jpg","pic"
"796","30292",0,0,0,0,0,"Snow 1.jpg","pic"
"797","30292",90,100,90,90,100,"Destruction 2.jpg","pic"
"798","30292",12,16,14,10,10,"Fire 10.jpg","pic"
"799","30292",50,80,70,90,85,"Flood 1.jpg","pic"
"800","30292",0,0,45,55,0,"Ferret 1.jpg","pic"
"801","31984",89,27,83,99,1,"Toilet 4.jpg","pic"
"802","31984",0,1,1,0,2,"Beach 1.jpg","pic"
"803","31984",5,3,1,5,2,"Clean 1.jpg","pic"
"804","31984",1,0,2,0,3,"Fireworks 6.jpg","pic"
"805","31984",83,82,55,78,0,"Flood 1.jpg","pic"
"806","31984",51,2,66,46,45,"Ferret 1.jpg","pic"
"807","31984",0,0,0,0,0,"Lake 12.jpg","pic"
"808","31984",24,2,2,2,0,"Rainbow 2.jpg","pic"
"809","31984",16,34,15,2,26,"Snow 1.jpg","pic"
"810","31984",25,23,78,44,26,"Heart 3.jpg","pic"
"811","31984",49,49,86,77,100,"Destruction 2.jpg","pic"
"812","31984",77,67,67,73,73,"Dirt 1.jpg","pic"
"813","31984",2,0,2,2,2,"Rocks 1.jpg","pic"
"814","31984",73,6,71,40,35,"Fire 10.jpg","pic"
"815","31984",97,98,100,99,68,"Prison 2.jpg","pic"
"816","31984",50,78,64,33,29,"Garbage dump 1.jpg","pic"
"817","30955",26,24,62,62,64,"Rocks 1.jpg","pic"
"818","30955",0,7,42,62,18,"Ferret 1.jpg","pic"
"819","30955",21,50,0,64,66,"Dirt 1.jpg","pic"
"820","30955",0,0,41,49,0,"Fireworks 6.jpg","pic"
"821","30955",24,11,0,0,0,"Snow 1.jpg","pic"
"822","30955",25,3,0,0,9,"Rainbow 2.jpg","pic"
"823","30955",28,41,8,8,0,"Clean 1.jpg","pic"
"824","30955",60,41,74,82,72,"Destruction 2.jpg","pic"
"825","30955",77,64,49,73,73,"Garbage dump 1.jpg","pic"
"826","30955",48,51,62,72,26,"Fire 10.jpg","pic"
"827","30955",8,12,6,9,6,"Beach 1.jpg","pic"
"828","30955",21,23,76,76,22,"Toilet 4.jpg","pic"
"829","30955",73,76,51,49,39,"Flood 1.jpg","pic"
"830","30955",60,63,88,86,17,"Prison 2.jpg","pic"
"831","30955",42,51,55,14,24,"Heart 3.jpg","pic"
"832","30955",21,9,9,5,13,"Lake 12.jpg","pic"
"833","31978",56,70,71,76,80,"Destruction 2.jpg","pic"
"834","31978",55,66,71,89,84,"Fire 10.jpg","pic"
"835","31978",76,75,78,69,77,"Prison 2.jpg","pic"
"836","31978",0,0,0,0,3,"Rainbow 2.jpg","pic"
"837","31978",46,7,2,45,3,"Snow 1.jpg","pic"
"838","31978",79,83,87,79,67,"Flood 1.jpg","pic"
"839","31978",43,67,66,79,56,"Toilet 4.jpg","pic"
"840","31978",7,9,49,82,6,"Ferret 1.jpg","pic"
"841","31978",16,7,9,15,6,"Fireworks 6.jpg","pic"
"842","31978",10,9,9,11,8,"Rocks 1.jpg","pic"
"843","31978",17,11,43,56,12,"Heart 3.jpg","pic"
"844","31978",7,8,7,13,14,"Lake 12.jpg","pic"
"845","31978",7,3,1,12,3,"Clean 1.jpg","pic"
"846","31978",81,94,95,74,90,"Garbage dump 1.jpg","pic"
"847","31978",16,51,53,73,50,"Dirt 1.jpg","pic"
"848","31978",5,16,13,8,52,"Beach 1.jpg","pic"
"849","32920",73,72,72,75,19,"Destruction 2.jpg","pic"
"850","32920",51,51,49,56,51,"Heart 3.jpg","pic"
"851","32920",50,50,51,51,47,"Fire 10.jpg","pic"
"852","32920",54,56,58,54,35,"Toilet 4.jpg","pic"
"853","32920",72,75,71,72,32,"Garbage dump 1.jpg","pic"
"854","32920",67,64,62,66,33,"Prison 2.jpg","pic"
"855","32920",23,22,20,21,71,"Rainbow 2.jpg","pic"
"856","32920",43,50,48,45,53,"Flood 1.jpg","pic"
"857","32920",12,12,11,8,10,"Dirt 1.jpg","pic"
"858","32920",16,13,13,14,72,"Rocks 1.jpg","pic"
"859","32920",16,17,12,17,73,"Beach 1.jpg","pic"
"860","32920",12,13,13,13,86,"Fireworks 6.jpg","pic"
"861","32920",19,18,18,20,80,"Clean 1.jpg","pic"
"862","32920",16,14,12,17,76,"Ferret 1.jpg","pic"
"863","32920",7,6,6,9,6,"Lake 12.jpg","pic"
"864","32920",8,13,7,8,82,"Snow 1.jpg","pic"
"865","29998",60,5,35,64,4,"Snow 1.jpg","pic"
"866","29998",73,52,91,61,56,"Prison 2.jpg","pic"
"867","29998",30,29,64,77,58,"Fire 10.jpg","pic"
"868","29998",22,21,0,0,0,"Rocks 1.jpg","pic"
"869","29998",0,0,0,0,0,"Beach 1.jpg","pic"
"870","29998",0,0,0,29,0,"Fireworks 6.jpg","pic"
"871","29998",29,16,100,100,73,"Ferret 1.jpg","pic"
"872","29998",66,33,50,59,81,"Garbage dump 1.jpg","pic"
"873","29998",9,0,0,0,0,"Lake 12.jpg","pic"
"874","29998",37,15,66,69,61,"Dirt 1.jpg","pic"
"875","29998",100,100,100,100,100,"Destruction 2.jpg","pic"
"876","29998",100,69,53,100,62,"Flood 1.jpg","pic"
"877","29998",17,3,0,25,4,"Clean 1.jpg","pic"
"878","29998",0,0,0,0,0,"Rainbow 2.jpg","pic"
"879","29998",0,27,47,25,0,"Heart 3.jpg","pic"
"880","29998",95,95,96,91,97,"Toilet 4.jpg","pic"
"881","31546",21,72,91,10,65,"Flood 1.jpg","pic"
"882","31546",90,4,100,0,6,"Ferret 1.jpg","pic"
"883","31546",0,0,0,79,0,"Clean 1.jpg","pic"
"884","31546",8,7,9,6,9,"Heart 3.jpg","pic"
"885","31546",0,7,35,62,28,"Lake 12.jpg","pic"
"886","31546",77,27,48,2,76,"Garbage dump 1.jpg","pic"
"887","31546",29,82,96,1,97,"Fire 10.jpg","pic"
"888","31546",7,9,10,6,6,"Rocks 1.jpg","pic"
"889","31546",95,13,99,0,82,"Toilet 4.jpg","pic"
"890","31546",96,24,99,0,84,"Prison 2.jpg","pic"
"891","31546",61,3,67,8,78,"Destruction 2.jpg","pic"
"892","31546",1,0,66,67,8,"Rainbow 2.jpg","pic"
"893","31546",33,48,10,22,22,"Snow 1.jpg","pic"
"894","31546",11,86,90,3,4,"Dirt 1.jpg","pic"
"895","31546",0,6,1,68,3,"Beach 1.jpg","pic"
"896","31546",1,4,11,5,13,"Fireworks 6.jpg","pic"
"897","31576",84,82,83,77,92,"Destruction 2.jpg","pic"
"898","31576",61,72,98,98,77,"Toilet 4.jpg","pic"
"899","31576",0,0,0,0,0,"Rocks 1.jpg","pic"
"900","31576",2,2,1,1,5,"Fireworks 6.jpg","pic"
"901","31576",2,1,1,4,6,"Snow 1.jpg","pic"
"902","31576",65,58,95,92,65,"Prison 2.jpg","pic"
"903","31576",62,80,83,88,77,"Fire 10.jpg","pic"
"904","31576",1,3,1,0,0,"Lake 12.jpg","pic"
"905","31576",3,0,0,0,0,"Heart 3.jpg","pic"
"906","31576",52,50,51,48,51,"Clean 1.jpg","pic"
"907","31576",3,1,0,4,12,"Rainbow 2.jpg","pic"
"908","31576",81,84,25,55,74,"Flood 1.jpg","pic"
"909","31576",1,2,1,0,1,"Beach 1.jpg","pic"
"910","31576",69,92,88,90,98,"Garbage dump 1.jpg","pic"
"911","31576",12,16,6,70,49,"Dirt 1.jpg","pic"
"912","31576",1,64,96,96,51,"Ferret 1.jpg","pic"
"913","30907",13,43,16,9,38,"Rainbow 2.jpg","pic"
"914","30907",54,52,34,63,36,"Destruction 2.jpg","pic"
"915","30907",27,26,23,22,24,"Lake 12.jpg","pic"
"916","30907",48,41,44,43,31,"Fireworks 6.jpg","pic"
"917","30907",17,20,19,24,20,"Rocks 1.jpg","pic"
"918","30907",59,31,22,27,36,"Ferret 1.jpg","pic"
"919","30907",32,27,23,15,18,"Fire 10.jpg","pic"
"920","30907",22,14,19,15,16,"Snow 1.jpg","pic"
"921","30907",64,47,20,41,17,"Prison 2.jpg","pic"
"922","30907",63,52,14,45,37,"Flood 1.jpg","pic"
"923","30907",47,51,53,46,16,"Heart 3.jpg","pic"
"924","30907",48,49,51,48,47,"Dirt 1.jpg","pic"
"925","30907",19,22,14,82,73,"Beach 1.jpg","pic"
"926","30907",31,29,20,31,17,"Garbage dump 1.jpg","pic"
"927","30907",26,23,21,27,24,"Toilet 4.jpg","pic"
"928","30907",37,23,45,66,30,"Clean 1.jpg","pic"
"929","30850",51,48,48,25,67,"Clean 1.jpg","pic"
"930","30850",21,20,14,50,9,"Snow 1.jpg","pic"
"931","30850",62,57,3,32,49,"Garbage dump 1.jpg","pic"
"932","30850",20,31,3,3,39,"Heart 3.jpg","pic"
"933","30850",1,0,74,59,26,"Ferret 1.jpg","pic"
"934","30850",43,72,48,48,71,"Dirt 1.jpg","pic"
"935","30850",1,7,4,1,5,"Fireworks 6.jpg","pic"
"936","30850",91,96,62,91,62,"Destruction 2.jpg","pic"
"937","30850",2,2,1,1,1,"Beach 1.jpg","pic"
"938","30850",97,80,64,94,64,"Flood 1.jpg","pic"
"939","30850",0,0,2,2,0,"Lake 12.jpg","pic"
"940","30850",77,78,31,81,68,"Prison 2.jpg","pic"
"941","30850",1,1,2,0,2,"Rocks 1.jpg","pic"
"942","30850",3,3,3,3,5,"Rainbow 2.jpg","pic"
"943","30850",45,27,26,89,59,"Fire 10.jpg","pic"
"944","30850",56,23,43,72,55,"Toilet 4.jpg","pic"
"945","31612",2,0,0,12,0,"Dirt 1.jpg","pic"
"946","31612",1,0,0,0,0,"Prison 2.jpg","pic"
"947","31612",0,0,0,0,0,"Snow 1.jpg","pic"
"948","31612",0,4,0,0,1,"Beach 1.jpg","pic"
"949","31612",3,2,0,2,4,"Garbage dump 1.jpg","pic"
"950","31612",0,0,0,0,1,"Lake 12.jpg","pic"
"951","31612",0,0,0,4,0,"Ferret 1.jpg","pic"
"952","31612",7,3,2,6,1,"Toilet 4.jpg","pic"
"953","31612",0,0,0,0,0,"Fireworks 6.jpg","pic"
"954","31612",0,2,0,0,0,"Heart 3.jpg","pic"
"955","31612",0,0,0,0,0,"Clean 1.jpg","pic"
"956","31612",0,0,0,0,0,"Fire 10.jpg","pic"
"957","31612",6,6,0,2,2,"Flood 1.jpg","pic"
"958","31612",0,0,0,0,0,"Rocks 1.jpg","pic"
"959","31612",0,0,0,0,0,"Rainbow 2.jpg","pic"
"960","31612",6,3,5,2,6,"Destruction 2.jpg","pic"
"961","32377",23,5,0,0,50,"Rainbow 2.jpg","pic"
"962","32377",0,19,0,0,0,"Beach 1.jpg","pic"
"963","32377",0,0,0,0,0,"Lake 12.jpg","pic"
"964","32377",74,68,13,19,74,"Flood 1.jpg","pic"
"965","32377",90,67,4,38,49,"Destruction 2.jpg","pic"
"966","32377",1,1,1,1,1,"Fire 10.jpg","pic"
"967","32377",21,24,1,1,31,"Garbage dump 1.jpg","pic"
"968","32377",1,10,0,1,1,"Fireworks 6.jpg","pic"
"969","32377",1,1,1,1,1,"Heart 3.jpg","pic"
"970","32377",1,5,1,1,1,"Rocks 1.jpg","pic"
"971","32377",1,1,1,0,1,"Clean 1.jpg","pic"
"972","32377",13,23,19,15,25,"Ferret 1.jpg","pic"
"973","32377",22,5,52,36,9,"Toilet 4.jpg","pic"
"974","32377",13,7,1,1,1,"Dirt 1.jpg","pic"
"975","32377",47,5,2,29,11,"Prison 2.jpg","pic"
"976","32377",1,3,1,1,1,"Snow 1.jpg","pic"
"977","31897",0,59,0,6,5,"Toilet 4.jpg","pic"
"978","31897",27,57,7,10,23,"Flood 1.jpg","pic"
"979","31897",0,0,8,22,0,"Beach 1.jpg","pic"
"980","31897",0,0,24,51,9,"Dirt 1.jpg","pic"
"981","31897",41,79,19,19,56,"Garbage dump 1.jpg","pic"
"982","31897",0,0,51,24,0,"Ferret 1.jpg","pic"
"983","31897",0,23,0,0,13,"Fireworks 6.jpg","pic"
"984","31897",0,0,14,0,0,"Heart 3.jpg","pic"
"985","31897",22,37,14,14,34,"Destruction 2.jpg","pic"
"986","31897",0,13,6,8,0,"Lake 12.jpg","pic"
"987","31897",0,0,0,6,0,"Snow 1.jpg","pic"
"988","31897",0,0,0,21,0,"Rainbow 2.jpg","pic"
"989","31897",12,6,32,46,0,"Fire 10.jpg","pic"
"990","31897",10,29,0,0,14,"Clean 1.jpg","pic"
"991","31897",73,69,64,47,76,"Prison 2.jpg","pic"
"992","31897",0,0,0,0,0,"Rocks 1.jpg","pic"
"993","32587",0,2,0,15,0,"Beach 1.jpg","pic"
"994","32587",62,69,24,52,44,"Garbage dump 1.jpg","pic"
"995","32587",14,19,0,5,3,"Rainbow 2.jpg","pic"
"996","32587",45,37,76,52,32,"Toilet 4.jpg","pic"
"997","32587",7,0,0,0,0,"Snow 1.jpg","pic"
"998","32587",0,10,58,62,29,"Ferret 1.jpg","pic"
"999","32587",16,8,0,0,0,"Heart 3.jpg","pic"
"1000","32587",50,85,55,63,84,"Destruction 2.jpg","pic"
"1001","32587",10,7,4,8,8,"Rocks 1.jpg","pic"
"1002","32587",79,89,77,59,91,"Flood 1.jpg","pic"
"1003","32587",2,9,2,0,0,"Clean 1.jpg","pic"
"1004","32587",74,17,86,88,33,"Prison 2.jpg","pic"
"1005","32587",11,19,66,94,67,"Dirt 1.jpg","pic"
"1006","32587",29,58,93,96,77,"Fire 10.jpg","pic"
"1007","32587",0,0,6,20,7,"Fireworks 6.jpg","pic"
"1008","32587",5,23,11,7,7,"Lake 12.jpg","pic"
"1009","29959",45,11,0,67,0,"Garbage dump 1.jpg","pic"
"1010","29959",64,50,46,70,0,"Beach 1.jpg","pic"
"1011","29959",0,0,0,17,0,"Toilet 4.jpg","pic"
"1012","29959",0,9,0,0,0,"Heart 3.jpg","pic"
"1013","29959",0,0,0,0,0,"Ferret 1.jpg","pic"
"1014","29959",0,0,0,0,0,"Fireworks 6.jpg","pic"
"1015","29959",63,10,0,100,75,"Fire 10.jpg","pic"
"1016","29959",0,0,0,0,0,"Clean 1.jpg","pic"
"1017","29959",79,24,45,37,82,"Destruction 2.jpg","pic"
"1018","29959",80,48,19,30,18,"Flood 1.jpg","pic"
"1019","29959",0,2,0,0,9,"Lake 12.jpg","pic"
"1020","29959",43,29,53,60,36,"Prison 2.jpg","pic"
"1021","29959",0,0,0,0,0,"Snow 1.jpg","pic"
"1022","29959",0,0,0,0,0,"Rocks 1.jpg","pic"
"1023","29959",14,0,46,0,3,"Rainbow 2.jpg","pic"
"1024","29959",0,0,0,11,0,"Dirt 1.jpg","pic"
"1025","31699",0,0,0,0,0,"Snow 1.jpg","pic"
"1026","31699",1,1,4,2,1,"Toilet 4.jpg","pic"
"1027","31699",8,13,6,24,10,"Prison 2.jpg","pic"
"1028","31699",1,0,0,0,1,"Garbage dump 1.jpg","pic"
"1029","31699",2,0,0,1,0,"Dirt 1.jpg","pic"
"1030","31699",1,0,1,0,1,"Rocks 1.jpg","pic"
"1031","31699",0,0,0,0,0,"Beach 1.jpg","pic"
"1032","31699",1,0,0,1,0,"Heart 3.jpg","pic"
"1033","31699",20,25,3,15,30,"Flood 1.jpg","pic"
"1034","31699",1,0,1,0,1,"Lake 12.jpg","pic"
"1035","31699",3,1,1,0,1,"Fireworks 6.jpg","pic"
"1036","31699",1,2,2,0,1,"Clean 1.jpg","pic"
"1037","31699",3,0,17,6,1,"Ferret 1.jpg","pic"
"1038","31699",0,0,0,0,2,"Rainbow 2.jpg","pic"
"1039","31699",20,13,3,7,46,"Destruction 2.jpg","pic"
"1040","31699",8,12,8,11,12,"Fire 10.jpg","pic"
"1041","29962",0,0,0,30,0,"Flood 1.jpg","pic"
"1042","29962",0,0,0,0,0,"Rocks 1.jpg","pic"
"1043","29962",0,0,0,22,0,"Fire 10.jpg","pic"
"1044","29962",0,0,0,0,0,"Fireworks 6.jpg","pic"
"1045","29962",0,0,0,50,0,"Toilet 4.jpg","pic"
"1046","29962",0,0,0,21,0,"Dirt 1.jpg","pic"
"1047","29962",17,24,0,46,38,"Destruction 2.jpg","pic"
"1048","29962",0,0,0,0,0,"Clean 1.jpg","pic"
"1049","29962",0,0,0,0,0,"Heart 3.jpg","pic"
"1050","29962",0,32,0,0,28,"Garbage dump 1.jpg","pic"
"1051","29962",0,0,0,0,0,"Lake 12.jpg","pic"
"1052","29962",0,0,0,0,0,"Rainbow 2.jpg","pic"
"1053","29962",0,0,27,16,8,"Ferret 1.jpg","pic"
"1054","29962",0,0,0,0,0,"Snow 1.jpg","pic"
"1055","29962",71,19,40,49,18,"Prison 2.jpg","pic"
"1056","29962",2,0,0,0,0,"Beach 1.jpg","pic"
"1057","30415",0,0,0,0,0,"Lake 12.jpg","pic"
"1058","30415",0,0,0,0,0,"Rainbow 2.jpg","pic"
"1059","30415",0,0,46,9,11,"Ferret 1.jpg","pic"
"1060","30415",0,0,0,0,0,"Rocks 1.jpg","pic"
"1061","30415",37,0,9,24,0,"Toilet 4.jpg","pic"
"1062","30415",25,0,10,0,0,"Dirt 1.jpg","pic"
"1063","30415",49,29,45,0,25,"Flood 1.jpg","pic"
"1064","30415",53,40,12,0,53,"Destruction 2.jpg","pic"
"1065","30415",40,0,24,33,0,"Prison 2.jpg","pic"
"1066","30415",52,7,0,0,9,"Garbage dump 1.jpg","pic"
"1067","30415",0,0,0,0,0,"Heart 3.jpg","pic"
"1068","30415",0,0,0,0,0,"Fireworks 6.jpg","pic"
"1069","30415",0,0,0,0,0,"Beach 1.jpg","pic"
"1070","30415",0,0,0,0,0,"Snow 1.jpg","pic"
"1071","30415",0,0,0,0,0,"Clean 1.jpg","pic"
"1072","30415",17,5,28,29,29,"Fire 10.jpg","pic"
"1073","32362",28,51,49,12,34,"Toilet 4.jpg","pic"
"1074","32362",49,56,24,30,31,"Fire 10.jpg","pic"
"1075","32362",0,0,2,0,1,"Rocks 1.jpg","pic"
"1076","32362",8,0,0,1,0,"Snow 1.jpg","pic"
"1077","32362",48,18,8,1,9,"Garbage dump 1.jpg","pic"
"1078","32362",0,0,0,0,0,"Heart 3.jpg","pic"
"1079","32362",0,1,13,0,0,"Fireworks 6.jpg","pic"
"1080","32362",9,0,0,0,0,"Rainbow 2.jpg","pic"
"1081","32362",0,0,0,0,0,"Dirt 1.jpg","pic"
"1082","32362",31,38,37,30,30,"Prison 2.jpg","pic"
"1083","32362",10,61,16,0,11,"Clean 1.jpg","pic"
"1084","32362",0,0,22,28,0,"Beach 1.jpg","pic"
"1085","32362",0,0,15,10,20,"Lake 12.jpg","pic"
"1086","32362",60,82,82,76,68,"Destruction 2.jpg","pic"
"1087","32362",38,37,54,62,46,"Flood 1.jpg","pic"
"1088","32362",0,31,36,30,7,"Ferret 1.jpg","pic"
"1089","TEAM_YA_049",2,4,12,4,11,"Heart 3.jpg","pic"
"1090","TEAM_YA_049",2,1,4,1,6,"Snow 1.jpg","pic"
"1091","TEAM_YA_049",1,1,29,1,0,"Beach 1.jpg","pic"
"1092","TEAM_YA_049",97,96,64,55,67,"Destruction 2.jpg","pic"
"1093","TEAM_YA_049",94,96,63,53,68,"Prison 2.jpg","pic"
"1094","TEAM_YA_049",80,15,69,91,32,"Dirt 1.jpg","pic"
"1095","TEAM_YA_049",45,60,18,24,32,"Flood 1.jpg","pic"
"1096","TEAM_YA_049",27,56,36,54,75,"Fire 10.jpg","pic"
"1097","TEAM_YA_049",2,0,0,2,7,"Clean 1.jpg","pic"
"1098","TEAM_YA_049",2,21,29,11,5,"Rainbow 2.jpg","pic"
"1099","TEAM_YA_049",42,2,94,96,70,"Toilet 4.jpg","pic"
"1100","TEAM_YA_049",11,16,14,18,21,"Rocks 1.jpg","pic"
"1101","TEAM_YA_049",1,4,7,2,1,"Lake 12.jpg","pic"
"1102","TEAM_YA_049",83,77,89,70,85,"Garbage dump 1.jpg","pic"
"1103","TEAM_YA_049",6,15,48,11,95,"Ferret 1.jpg","pic"
"1104","TEAM_YA_049",8,20,33,48,30,"Fireworks 6.jpg","pic"
"1105","TEAM_YA_053",9,23,0,13,0,"Garbage dump 1.jpg","pic"
"1106","TEAM_YA_053",25,27,7,2,36,"Destruction 2.jpg","pic"
"1107","TEAM_YA_053",0,5,5,9,7,"Fire 10.jpg","pic"
"1108","TEAM_YA_053",12,0,0,0,0,"Clean 1.jpg","pic"
"1109","TEAM_YA_053",5,17,0,2,23,"Flood 1.jpg","pic"
"1110","TEAM_YA_053",0,16,8,23,22,"Prison 2.jpg","pic"
"1111","TEAM_YA_053",27,16,0,0,0,"Heart 3.jpg","pic"
"1112","TEAM_YA_053",32,14,65,73,20,"Toilet 4.jpg","pic"
"1113","TEAM_YA_053",0,10,0,0,0,"Fireworks 6.jpg","pic"
"1114","TEAM_YA_053",13,6,0,0,0,"Rainbow 2.jpg","pic"
"1115","TEAM_YA_053",3,24,28,20,33,"Ferret 1.jpg","pic"
"1116","TEAM_YA_053",1,1,0,0,0,"Lake 12.jpg","pic"
"1117","TEAM_YA_053",15,15,4,22,4,"Dirt 1.jpg","pic"
"1118","TEAM_YA_053",4,2,0,7,2,"Beach 1.jpg","pic"
"1119","TEAM_YA_053",14,8,0,3,0,"Rocks 1.jpg","pic"
"1120","TEAM_YA_053",22,4,0,0,0,"Snow 1.jpg","pic"
"1121","TEAM_YA_051",0,0,0,0,0,"Clean 1.jpg","pic"
"1122","TEAM_YA_051",0,1,1,0,0,"Fire 10.jpg","pic"
"1123","TEAM_YA_051",0,0,0,11,0,"Dirt 1.jpg","pic"
"1124","TEAM_YA_051",22,0,4,12,2,"Prison 2.jpg","pic"
"1125","TEAM_YA_051",0,0,0,0,0,"Snow 1.jpg","pic"
"1126","TEAM_YA_051",0,0,0,0,0,"Rainbow 2.jpg","pic"
"1127","TEAM_YA_051",22,0,15,0,43,"Toilet 4.jpg","pic"
"1128","TEAM_YA_051",0,0,5,19,0,"Fireworks 6.jpg","pic"
"1129","TEAM_YA_051",8,0,0,0,0,"Heart 3.jpg","pic"
"1130","TEAM_YA_051",45,72,14,46,63,"Garbage dump 1.jpg","pic"
"1131","TEAM_YA_051",0,10,26,13,0,"Ferret 1.jpg","pic"
"1132","TEAM_YA_051",0,0,0,0,0,"Lake 12.jpg","pic"
"1133","TEAM_YA_051",0,0,0,0,0,"Rocks 1.jpg","pic"
"1134","TEAM_YA_051",48,83,54,44,36,"Flood 1.jpg","pic"
"1135","TEAM_YA_051",0,98,48,48,0,"Destruction 2.jpg","pic"
"1136","TEAM_YA_051",0,0,0,0,0,"Beach 1.jpg","pic"
"1137","TEAM_YA_052",57,29,16,58,28,"Fire 10.jpg","pic"
"1138","TEAM_YA_052",1,25,11,51,21,"Ferret 1.jpg","pic"
"1139","TEAM_YA_052",63,1,21,50,20,"Prison 2.jpg","pic"
"1140","TEAM_YA_052",46,63,61,62,81,"Destruction 2.jpg","pic"
"1141","TEAM_YA_052",67,1,0,33,1,"Garbage dump 1.jpg","pic"
"1142","TEAM_YA_052",3,1,2,0,2,"Rainbow 2.jpg","pic"
"1143","TEAM_YA_052",24,0,0,1,1,"Rocks 1.jpg","pic"
"1144","TEAM_YA_052",2,1,1,2,2,"Fireworks 6.jpg","pic"
"1145","TEAM_YA_052",45,19,5,46,1,"Toilet 4.jpg","pic"
"1146","TEAM_YA_052",1,14,1,27,27,"Dirt 1.jpg","pic"
"1147","TEAM_YA_052",1,2,1,2,1,"Beach 1.jpg","pic"
"1148","TEAM_YA_052",35,49,15,68,41,"Flood 1.jpg","pic"
"1149","TEAM_YA_052",1,1,1,1,1,"Snow 1.jpg","pic"
"1150","TEAM_YA_052",1,1,1,1,1,"Heart 3.jpg","pic"
"1151","TEAM_YA_052",1,0,2,1,1,"Clean 1.jpg","pic"
"1152","TEAM_YA_052",1,1,2,1,1,"Lake 12.jpg","pic"
"1153","TEAM_YA_050",0,0,0,0,0,"Lake 12.jpg","pic"
"1154","TEAM_YA_050",0,28,0,0,0,"Rocks 1.jpg","pic"
"1155","TEAM_YA_050",0,0,11,0,0,"Ferret 1.jpg","pic"
"1156","TEAM_YA_050",24,8,5,19,9,"Garbage dump 1.jpg","pic"
"1157","TEAM_YA_050",0,10,0,0,0,"Beach 1.jpg","pic"
"1158","TEAM_YA_050",0,0,0,0,0,"Clean 1.jpg","pic"
"1159","TEAM_YA_050",17,13,0,9,0,"Destruction 2.jpg","pic"
"1160","TEAM_YA_050",0,0,0,0,0,"Snow 1.jpg","pic"
"1161","TEAM_YA_050",11,12,0,0,0,"Rainbow 2.jpg","pic"
"1162","TEAM_YA_050",9,0,0,0,0,"Dirt 1.jpg","pic"
"1163","TEAM_YA_050",0,0,0,0,0,"Heart 3.jpg","pic"
"1164","TEAM_YA_050",12,0,19,29,72,"Toilet 4.jpg","pic"
"1165","TEAM_YA_050",0,0,0,0,0,"Fireworks 6.jpg","pic"
"1166","TEAM_YA_050",15,12,8,9,7,"Prison 2.jpg","pic"
"1167","TEAM_YA_050",15,0,0,5,6,"Flood 1.jpg","pic"
"1168","TEAM_YA_050",0,0,9,0,0,"Fire 10.jpg","pic"
"1169","TEAM_YA_055",0,0,0,2,0,"Toilet 4.jpg","pic"
"1170","TEAM_YA_055",0,0,0,0,0,"Fireworks 6.jpg","pic"
"1171","TEAM_YA_055",0,0,0,0,0,"Fire 10.jpg","pic"
"1172","TEAM_YA_055",0,0,0,0,0,"Dirt 1.jpg","pic"
"1173","TEAM_YA_055",0,0,0,0,0,"Beach 1.jpg","pic"
"1174","TEAM_YA_055",0,0,0,0,0,"Snow 1.jpg","pic"
"1175","TEAM_YA_055",0,0,0,0,0,"Rocks 1.jpg","pic"
"1176","TEAM_YA_055",0,11,0,0,1,"Garbage dump 1.jpg","pic"
"1177","TEAM_YA_055",0,0,0,0,0,"Ferret 1.jpg","pic"
"1178","TEAM_YA_055",0,0,0,0,0,"Lake 12.jpg","pic"
"1179","TEAM_YA_055",0,0,0,0,0,"Prison 2.jpg","pic"
"1180","TEAM_YA_055",0,0,0,0,0,"Clean 1.jpg","pic"
"1181","TEAM_YA_055",0,0,0,0,0,"Rainbow 2.jpg","pic"
"1182","TEAM_YA_055",0,0,0,0,0,"Heart 3.jpg","pic"
"1183","TEAM_YA_055",0,3,7,17,0,"Flood 1.jpg","pic"
"1184","TEAM_YA_055",27,36,0,7,12,"Destruction 2.jpg","pic"
"1185","TEAM_YA_058",0,5,0,9,0,"Lake 12.jpg","pic"
"1186","TEAM_YA_058",47,82,42,36,62,"Prison 2.jpg","pic"
"1187","TEAM_YA_058",30,33,0,0,11,"Heart 3.jpg","pic"
"1188","TEAM_YA_058",0,0,79,25,50,"Toilet 4.jpg","pic"
"1189","TEAM_YA_058",63,100,14,34,100,"Destruction 2.jpg","pic"
"1190","TEAM_YA_058",0,5,0,0,0,"Rainbow 2.jpg","pic"
"1191","TEAM_YA_058",0,0,0,10,0,"Snow 1.jpg","pic"
"1192","TEAM_YA_058",0,0,0,30,0,"Fireworks 6.jpg","pic"
"1193","TEAM_YA_058",0,0,0,0,0,"Clean 1.jpg","pic"
"1194","TEAM_YA_058",0,16,64,30,4,"Ferret 1.jpg","pic"
"1195","TEAM_YA_058",91,81,36,61,63,"Dirt 1.jpg","pic"
"1196","TEAM_YA_058",13,63,37,25,38,"Fire 10.jpg","pic"
"1197","TEAM_YA_058",62,83,28,0,88,"Garbage dump 1.jpg","pic"
"1198","TEAM_YA_058",0,0,11,0,0,"Rocks 1.jpg","pic"
"1199","TEAM_YA_058",16,61,23,65,56,"Flood 1.jpg","pic"
"1200","TEAM_YA_058",0,0,0,0,0,"Beach 1.jpg","pic"
"1201","TEAM_YA_046",15,57,19,0,31,"Destruction 2.jpg","pic"
"1202","TEAM_YA_046",0,0,0,0,0,"Beach 1.jpg","pic"
"1203","TEAM_YA_046",29,12,19,18,5,"Garbage dump 1.jpg","pic"
"1204","TEAM_YA_046",0,0,0,0,0,"Lake 12.jpg","pic"
"1205","TEAM_YA_046",0,0,0,0,0,"Fireworks 6.jpg","pic"
"1206","TEAM_YA_046",21,8,0,7,0,"Toilet 4.jpg","pic"
"1207","TEAM_YA_046",59,6,73,14,14,"Prison 2.jpg","pic"
"1208","TEAM_YA_046",0,0,0,0,0,"Rainbow 2.jpg","pic"
"1209","TEAM_YA_046",0,0,10,37,0,"Fire 10.jpg","pic"
"1210","TEAM_YA_046",0,0,35,14,0,"Ferret 1.jpg","pic"
"1211","TEAM_YA_046",17,10,0,24,17,"Dirt 1.jpg","pic"
"1212","TEAM_YA_046",0,0,0,0,0,"Clean 1.jpg","pic"
"1213","TEAM_YA_046",0,0,0,0,0,"Snow 1.jpg","pic"
"1214","TEAM_YA_046",0,0,0,0,0,"Heart 3.jpg","pic"
"1215","TEAM_YA_046",17,34,0,7,14,"Rocks 1.jpg","pic"
"1216","TEAM_YA_046",57,30,0,14,23,"Flood 1.jpg","pic"
"1217","TEAM_YA_056",0,0,0,0,10,"Rainbow 2.jpg","pic"
"1218","TEAM_YA_056",20,0,30,40,20,"Toilet 4.jpg","pic"
"1219","TEAM_YA_056",0,0,0,0,0,"Lake 12.jpg","pic"
"1220","TEAM_YA_056",0,0,0,30,30,"Fireworks 6.jpg","pic"
"1221","TEAM_YA_056",0,0,15,15,0,"Ferret 1.jpg","pic"
"1222","TEAM_YA_056",0,0,0,0,0,"Rocks 1.jpg","pic"
"1223","TEAM_YA_056",0,0,0,0,0,"Dirt 1.jpg","pic"
"1224","TEAM_YA_056",0,0,0,20,15,"Clean 1.jpg","pic"
"1225","TEAM_YA_056",20,30,10,20,50,"Garbage dump 1.jpg","pic"
"1226","TEAM_YA_056",30,50,0,30,20,"Heart 3.jpg","pic"
"1227","TEAM_YA_056",15,60,0,15,60,"Destruction 2.jpg","pic"
"1228","TEAM_YA_056",0,0,0,10,10,"Snow 1.jpg","pic"
"1229","TEAM_YA_056",20,30,0,30,10,"Flood 1.jpg","pic"
"1230","TEAM_YA_056",0,30,0,20,10,"Fire 10.jpg","pic"
"1231","TEAM_YA_056",30,0,35,40,10,"Prison 2.jpg","pic"
"1232","TEAM_YA_056",0,0,0,0,10,"Beach 1.jpg","pic"
"1233","TEAM_YA_048",73,50,63,73,31,"Flood 1.jpg","pic"
"1234","TEAM_YA_048",70,64,57,72,34,"Destruction 2.jpg","pic"
"1235","TEAM_YA_048",60,48,88,87,27,"Prison 2.jpg","pic"
"1236","TEAM_YA_048",0,0,0,0,0,"Beach 1.jpg","pic"
"1237","TEAM_YA_048",0,0,0,0,0,"Lake 12.jpg","pic"
"1238","TEAM_YA_048",63,31,28,48,0,"Fire 10.jpg","pic"
"1239","TEAM_YA_048",73,65,0,48,35,"Garbage dump 1.jpg","pic"
"1240","TEAM_YA_048",0,0,0,0,0,"Clean 1.jpg","pic"
"1241","TEAM_YA_048",0,0,0,15,0,"Rainbow 2.jpg","pic"
"1242","TEAM_YA_048",15,0,0,27,0,"Rocks 1.jpg","pic"
"1243","TEAM_YA_048",0,0,0,0,0,"Snow 1.jpg","pic"
"1244","TEAM_YA_048",0,0,0,0,0,"Fireworks 6.jpg","pic"
"1245","TEAM_YA_048",0,0,0,0,0,"Heart 3.jpg","pic"
"1246","TEAM_YA_048",0,0,21,30,11,"Ferret 1.jpg","pic"
"1247","TEAM_YA_048",62,0,51,63,18,"Dirt 1.jpg","pic"
"1248","TEAM_YA_048",70,28,29,41,0,"Toilet 4.jpg","pic"
"1249","TEAM_YA_054",24,11,0,4,3,"Rainbow 2.jpg","pic"
"1250","TEAM_YA_054",58,92,41,70,16,"Prison 2.jpg","pic"
"1251","TEAM_YA_054",2,1,13,93,77,"Dirt 1.jpg","pic"
"1252","TEAM_YA_054",4,0,0,0,0,"Clean 1.jpg","pic"
"1253","TEAM_YA_054",7,9,25,54,9,"Fire 10.jpg","pic"
"1254","TEAM_YA_054",0,22,30,42,6,"Destruction 2.jpg","pic"
"1255","TEAM_YA_054",20,6,0,8,0,"Rocks 1.jpg","pic"
"1256","TEAM_YA_054",2,0,0,1,0,"Lake 12.jpg","pic"
"1257","TEAM_YA_054",6,11,23,12,0,"Flood 1.jpg","pic"
"1258","TEAM_YA_054",4,11,3,5,0,"Toilet 4.jpg","pic"
"1259","TEAM_YA_054",0,0,0,0,0,"Beach 1.jpg","pic"
"1260","TEAM_YA_054",0,0,0,0,0,"Fireworks 6.jpg","pic"
"1261","TEAM_YA_054",0,0,0,0,0,"Snow 1.jpg","pic"
"1262","TEAM_YA_054",0,27,18,15,25,"Ferret 1.jpg","pic"
"1263","TEAM_YA_054",0,19,11,17,53,"Garbage dump 1.jpg","pic"
"1264","TEAM_YA_054",0,0,0,0,0,"Heart 3.jpg","pic"
"1265","TEAM_YA_080",2,0,1,3,0,"Rainbow 2.jpg","pic"
"1266","TEAM_YA_080",21,96,32,22,28,"Garbage dump 1.jpg","pic"
"1267","TEAM_YA_080",38,24,23,27,5,"Prison 2.jpg","pic"
"1268","TEAM_YA_080",2,3,2,1,2,"Clean 1.jpg","pic"
"1269","TEAM_YA_080",2,4,2,2,0,"Beach 1.jpg","pic"
"1270","TEAM_YA_080",2,9,2,1,2,"Snow 1.jpg","pic"
"1271","TEAM_YA_080",86,72,57,85,1,"Toilet 4.jpg","pic"
"1272","TEAM_YA_080",2,44,1,3,2,"Rocks 1.jpg","pic"
"1273","TEAM_YA_080",2,27,3,1,2,"Heart 3.jpg","pic"
"1274","TEAM_YA_080",96,97,97,96,51,"Fire 10.jpg","pic"
"1275","TEAM_YA_080",3,2,18,2,4,"Lake 12.jpg","pic"
"1276","TEAM_YA_080",2,17,4,4,4,"Fireworks 6.jpg","pic"
"1277","TEAM_YA_080",4,4,73,60,30,"Ferret 1.jpg","pic"
"1278","TEAM_YA_080",81,51,68,84,58,"Destruction 2.jpg","pic"
"1279","TEAM_YA_080",17,35,2,18,3,"Dirt 1.jpg","pic"
"1280","TEAM_YA_080",42,42,42,36,2,"Flood 1.jpg","pic"
"1281","TEAM_YA_065",63,100,48,67,95,"Destruction 2.jpg","pic"
"1282","TEAM_YA_065",90,68,0,45,80,"Garbage dump 1.jpg","pic"
"1283","TEAM_YA_065",0,0,1,0,0,"Rainbow 2.jpg","pic"
"1284","TEAM_YA_065",12,57,96,58,73,"Dirt 1.jpg","pic"
"1285","TEAM_YA_065",2,0,1,1,2,"Rocks 1.jpg","pic"
"1286","TEAM_YA_065",0,0,0,1,0,"Beach 1.jpg","pic"
"1287","TEAM_YA_065",31,73,98,65,29,"Prison 2.jpg","pic"
"1288","TEAM_YA_065",0,0,0,0,0,"Heart 3.jpg","pic"
"1289","TEAM_YA_065",0,0,0,0,0,"Lake 12.jpg","pic"
"1290","TEAM_YA_065",0,0,0,19,0,"Clean 1.jpg","pic"
"1291","TEAM_YA_065",0,0,0,15,0,"Fireworks 6.jpg","pic"
"1292","TEAM_YA_065",1,0,67,67,1,"Fire 10.jpg","pic"
"1293","TEAM_YA_065",90,67,19,22,77,"Toilet 4.jpg","pic"
"1294","TEAM_YA_065",0,0,100,88,0,"Ferret 1.jpg","pic"
"1295","TEAM_YA_065",88,67,0,28,95,"Flood 1.jpg","pic"
"1296","TEAM_YA_065",0,0,0,0,0,"Snow 1.jpg","pic"
"1297","TEAM_YA_082",17,25,0,16,0,"Rocks 1.jpg","pic"
"1298","TEAM_YA_082",9,52,39,25,18,"Fire 10.jpg","pic"
"1299","TEAM_YA_082",42,30,9,32,16,"Destruction 2.jpg","pic"
"1300","TEAM_YA_082",11,11,0,0,0,"Fireworks 6.jpg","pic"
"1301","TEAM_YA_082",30,25,54,31,0,"Rainbow 2.jpg","pic"
"1302","TEAM_YA_082",50,25,39,30,26,"Prison 2.jpg","pic"
"1303","TEAM_YA_082",0,0,36,20,0,"Ferret 1.jpg","pic"
"1304","TEAM_YA_082",0,21,0,26,0,"Beach 1.jpg","pic"
"1305","TEAM_YA_082",0,24,0,16,0,"Heart 3.jpg","pic"
"1306","TEAM_YA_082",16,55,0,17,12,"Toilet 4.jpg","pic"
"1307","TEAM_YA_082",14,59,16,42,0,"Dirt 1.jpg","pic"
"1308","TEAM_YA_082",72,39,21,51,0,"Flood 1.jpg","pic"
"1309","TEAM_YA_082",0,15,0,0,0,"Lake 12.jpg","pic"
"1310","TEAM_YA_082",23,28,0,0,0,"Snow 1.jpg","pic"
"1311","TEAM_YA_082",48,30,26,47,26,"Garbage dump 1.jpg","pic"
"1312","TEAM_YA_082",26,35,0,19,0,"Clean 1.jpg","pic"
"1313","TEAM_YA_083",0,14,17,15,54,"Destruction 2.jpg","pic"
"1314","TEAM_YA_083",13,11,9,15,15,"Heart 3.jpg","pic"
"1315","TEAM_YA_083",2,2,2,37,1,"Clean 1.jpg","pic"
"1316","TEAM_YA_083",8,0,0,2,5,"Rocks 1.jpg","pic"
"1317","TEAM_YA_083",1,1,1,23,2,"Fireworks 6.jpg","pic"
"1318","TEAM_YA_083",0,2,28,24,74,"Toilet 4.jpg","pic"
"1319","TEAM_YA_083",4,3,4,4,2,"Dirt 1.jpg","pic"
"1320","TEAM_YA_083",2,4,0,9,3,"Lake 12.jpg","pic"
"1321","TEAM_YA_083",8,23,20,11,35,"Flood 1.jpg","pic"
"1322","TEAM_YA_083",1,1,1,11,2,"Rainbow 2.jpg","pic"
"1323","TEAM_YA_083",0,1,2,1,1,"Snow 1.jpg","pic"
"1324","TEAM_YA_083",9,17,51,9,33,"Fire 10.jpg","pic"
"1325","TEAM_YA_083",5,36,30,24,51,"Prison 2.jpg","pic"
"1326","TEAM_YA_083",2,6,11,6,5,"Beach 1.jpg","pic"
"1327","TEAM_YA_083",4,14,44,11,40,"Ferret 1.jpg","pic"
"1328","TEAM_YA_083",15,49,24,23,45,"Garbage dump 1.jpg","pic"
"1329","TEAM_YA_069",0,0,0,0,0,"Lake 12.jpg","pic"
"1330","TEAM_YA_069",0,0,0,7,0,"Flood 1.jpg","pic"
"1331","TEAM_YA_069",0,0,0,7,0,"Toilet 4.jpg","pic"
"1332","TEAM_YA_069",6,0,0,12,0,"Destruction 2.jpg","pic"
"1333","TEAM_YA_069",0,0,0,8,0,"Dirt 1.jpg","pic"
"1334","TEAM_YA_069",0,0,0,9,0,"Garbage dump 1.jpg","pic"
"1335","TEAM_YA_069",0,0,0,5,0,"Prison 2.jpg","pic"
"1336","TEAM_YA_069",0,0,0,0,5,"Heart 3.jpg","pic"
"1337","TEAM_YA_069",0,0,0,0,18,"Clean 1.jpg","pic"
"1338","TEAM_YA_069",0,0,0,0,13,"Snow 1.jpg","pic"
"1339","TEAM_YA_069",0,0,0,0,7,"Beach 1.jpg","pic"
"1340","TEAM_YA_069",0,0,0,0,3,"Rainbow 2.jpg","pic"
"1341","TEAM_YA_069",0,0,0,0,5,"Rocks 1.jpg","pic"
"1342","TEAM_YA_069",0,0,0,7,19,"Ferret 1.jpg","pic"
"1343","TEAM_YA_069",0,0,0,0,3,"Fire 10.jpg","pic"
"1344","TEAM_YA_069",0,0,0,0,7,"Fireworks 6.jpg","pic"
"1345","TEAM_YA_064",0,0,0,0,0,"Rocks 1.jpg","pic"
"1346","TEAM_YA_064",0,0,0,7,0,"Fireworks 6.jpg","pic"
"1347","TEAM_YA_064",85,87,84,92,16,"Prison 2.jpg","pic"
"1348","TEAM_YA_064",0,0,0,0,0,"Heart 3.jpg","pic"
"1349","TEAM_YA_064",0,0,0,0,0,"Dirt 1.jpg","pic"
"1350","TEAM_YA_064",1,0,0,0,1,"Clean 1.jpg","pic"
"1351","TEAM_YA_064",30,43,76,86,70,"Ferret 1.jpg","pic"
"1352","TEAM_YA_064",0,0,77,46,0,"Lake 12.jpg","pic"
"1353","TEAM_YA_064",60,63,70,62,2,"Toilet 4.jpg","pic"
"1354","TEAM_YA_064",77,94,0,10,65,"Garbage dump 1.jpg","pic"
"1355","TEAM_YA_064",2,2,0,3,0,"Fire 10.jpg","pic"
"1356","TEAM_YA_064",89,91,70,71,88,"Destruction 2.jpg","pic"
"1357","TEAM_YA_064",0,0,0,0,0,"Beach 1.jpg","pic"
"1358","TEAM_YA_064",0,1,1,0,1,"Snow 1.jpg","pic"
"1359","TEAM_YA_064",77,75,74,84,92,"Flood 1.jpg","pic"
"1360","TEAM_YA_064",0,0,27,32,0,"Rainbow 2.jpg","pic"
"1361","TEAM_YA_084",2,3,5,3,4,"Fireworks 6.jpg","pic"
"1362","TEAM_YA_084",3,3,14,13,12,"Fire 10.jpg","pic"
"1363","TEAM_YA_084",1,1,1,1,1,"Rainbow 2.jpg","pic"
"1364","TEAM_YA_084",19,8,26,14,21,"Prison 2.jpg","pic"
"1365","TEAM_YA_084",22,22,18,10,37,"Flood 1.jpg","pic"
"1366","TEAM_YA_084",1,1,1,2,2,"Clean 1.jpg","pic"
"1367","TEAM_YA_084",0,5,15,6,4,"Ferret 1.jpg","pic"
"1368","TEAM_YA_084",18,9,48,21,91,"Dirt 1.jpg","pic"
"1369","TEAM_YA_084",6,7,7,0,6,"Beach 1.jpg","pic"
"1370","TEAM_YA_084",21,13,4,13,11,"Garbage dump 1.jpg","pic"
"1371","TEAM_YA_084",6,6,3,8,2,"Rocks 1.jpg","pic"
"1372","TEAM_YA_084",2,1,2,0,4,"Lake 12.jpg","pic"
"1373","TEAM_YA_084",13,21,10,3,36,"Toilet 4.jpg","pic"
"1374","TEAM_YA_084",24,31,50,46,58,"Destruction 2.jpg","pic"
"1375","TEAM_YA_084",2,4,4,5,8,"Snow 1.jpg","pic"
"1376","TEAM_YA_084",4,2,2,5,2,"Heart 3.jpg","pic"
"1377","TEAM_YA_085",0,0,0,0,0,"Fireworks 6.jpg","pic"
"1378","TEAM_YA_085",36,32,12,43,51,"Flood 1.jpg","pic"
"1379","TEAM_YA_085",20,7,0,0,0,"Rocks 1.jpg","pic"
"1380","TEAM_YA_085",0,0,0,0,0,"Heart 3.jpg","pic"
"1381","TEAM_YA_085",0,0,0,0,0,"Rainbow 2.jpg","pic"
"1382","TEAM_YA_085",44,79,8,20,56,"Destruction 2.jpg","pic"
"1383","TEAM_YA_085",0,0,0,0,0,"Lake 12.jpg","pic"
"1384","TEAM_YA_085",0,0,0,0,0,"Beach 1.jpg","pic"
"1385","TEAM_YA_085",47,48,7,25,60,"Garbage dump 1.jpg","pic"
"1386","TEAM_YA_085",23,0,0,7,0,"Prison 2.jpg","pic"
"1387","TEAM_YA_085",0,0,0,0,0,"Clean 1.jpg","pic"
"1388","TEAM_YA_085",0,0,0,0,0,"Ferret 1.jpg","pic"
"1389","TEAM_YA_085",19,8,3,2,12,"Toilet 4.jpg","pic"
"1390","TEAM_YA_085",0,0,0,0,0,"Dirt 1.jpg","pic"
"1391","TEAM_YA_085",6,0,0,33,0,"Fire 10.jpg","pic"
"1392","TEAM_YA_085",0,0,0,0,0,"Snow 1.jpg","pic"
"1393","TEAM_YA_062",0,4,3,1,1,"Beach 1.jpg","pic"
"1394","TEAM_YA_062",9,2,8,12,23,"Toilet 4.jpg","pic"
"1395","TEAM_YA_062",0,2,25,21,6,"Ferret 1.jpg","pic"
"1396","TEAM_YA_062",1,2,2,1,1,"Rainbow 2.jpg","pic"
"1397","TEAM_YA_062",2,1,1,2,4,"Clean 1.jpg","pic"
"1398","TEAM_YA_062",3,8,1,9,2,"Rocks 1.jpg","pic"
"1399","TEAM_YA_062",1,4,2,2,2,"Fire 10.jpg","pic"
"1400","TEAM_YA_062",1,1,1,1,2,"Heart 3.jpg","pic"
"1401","TEAM_YA_062",16,12,14,16,15,"Fireworks 6.jpg","pic"
"1402","TEAM_YA_062",0,4,2,3,2,"Lake 12.jpg","pic"
"1403","TEAM_YA_062",35,6,8,21,5,"Prison 2.jpg","pic"
"1404","TEAM_YA_062",23,6,1,13,35,"Garbage dump 1.jpg","pic"
"1405","TEAM_YA_062",21,12,4,22,21,"Destruction 2.jpg","pic"
"1406","TEAM_YA_062",23,10,11,23,21,"Flood 1.jpg","pic"
"1407","TEAM_YA_062",4,4,1,3,6,"Snow 1.jpg","pic"
"1408","TEAM_YA_062",50,4,55,87,61,"Dirt 1.jpg","pic"
"1409","TEAM_YA_061",70,50,80,98,51,"Toilet 4.jpg","pic"
"1410","TEAM_YA_061",3,4,0,20,0,"Snow 1.jpg","pic"
"1411","TEAM_YA_061",80,25,91,89,19,"Prison 2.jpg","pic"
"1412","TEAM_YA_061",0,0,0,0,0,"Rocks 1.jpg","pic"
"1413","TEAM_YA_061",75,85,60,80,100,"Destruction 2.jpg","pic"
"1414","TEAM_YA_061",20,30,75,90,30,"Dirt 1.jpg","pic"
"1415","TEAM_YA_061",0,0,0,0,0,"Clean 1.jpg","pic"
"1416","TEAM_YA_061",0,0,0,0,0,"Beach 1.jpg","pic"
"1417","TEAM_YA_061",80,100,100,100,85,"Fire 10.jpg","pic"
"1418","TEAM_YA_061",0,0,35,40,0,"Ferret 1.jpg","pic"
"1419","TEAM_YA_061",0,0,0,0,0,"Lake 12.jpg","pic"
"1420","TEAM_YA_061",0,0,5,0,0,"Fireworks 6.jpg","pic"
"1421","TEAM_YA_061",0,0,0,0,0,"Rainbow 2.jpg","pic"
"1422","TEAM_YA_061",80,85,89,100,85,"Flood 1.jpg","pic"
"1423","TEAM_YA_061",0,0,0,0,0,"Heart 3.jpg","pic"
"1424","TEAM_YA_061",100,100,85,90,100,"Garbage dump 1.jpg","pic"
"1425","TEAM_YA_081",2,0,0,21,0,"Snow 1.jpg","pic"
"1426","TEAM_YA_081",2,1,1,1,3,"Clean 1.jpg","pic"
"1427","TEAM_YA_081",0,0,1,0,1,"Rainbow 2.jpg","pic"
"1428","TEAM_YA_081",3,20,2,1,0,"Heart 3.jpg","pic"
"1429","TEAM_YA_081",69,33,0,21,47,"Garbage dump 1.jpg","pic"
"1430","TEAM_YA_081",32,65,54,13,64,"Destruction 2.jpg","pic"
"1431","TEAM_YA_081",75,42,24,56,26,"Flood 1.jpg","pic"
"1432","TEAM_YA_081",66,74,73,78,26,"Prison 2.jpg","pic"
"1433","TEAM_YA_081",0,0,0,0,0,"Dirt 1.jpg","pic"
"1434","TEAM_YA_081",0,0,5,23,0,"Fireworks 6.jpg","pic"
"1435","TEAM_YA_081",0,0,0,0,0,"Beach 1.jpg","pic"
"1436","TEAM_YA_081",44,45,0,26,48,"Toilet 4.jpg","pic"
"1437","TEAM_YA_081",0,1,71,44,17,"Ferret 1.jpg","pic"
"1438","TEAM_YA_081",0,0,13,32,7,"Fire 10.jpg","pic"
"1439","TEAM_YA_081",0,0,0,0,0,"Lake 12.jpg","pic"
"1440","TEAM_YA_081",0,0,0,51,0,"Rocks 1.jpg","pic"
"1441","TEAM_YA_003",0,16,50,51,29,"Toilet 4.jpg","pic"
"1442","TEAM_YA_003",36,35,9,19,15,"Prison 2.jpg","pic"
"1443","TEAM_YA_003",0,0,68,52,28,"Ferret 1.jpg","pic"
"1444","TEAM_YA_003",22,51,10,48,38,"Garbage dump 1.jpg","pic"
"1445","TEAM_YA_003",40,32,44,60,36,"Fire 10.jpg","pic"
"1446","TEAM_YA_003",0,0,0,0,0,"Snow 1.jpg","pic"
"1447","TEAM_YA_003",0,0,32,32,0,"Fireworks 6.jpg","pic"
"1448","TEAM_YA_003",0,0,0,0,0,"Heart 3.jpg","pic"
"1449","TEAM_YA_003",24,34,12,46,38,"Destruction 2.jpg","pic"
"1450","TEAM_YA_003",0,0,0,0,0,"Rocks 1.jpg","pic"
"1451","TEAM_YA_003",29,21,31,61,32,"Dirt 1.jpg","pic"
"1452","TEAM_YA_003",0,0,0,0,0,"Rainbow 2.jpg","pic"
"1453","TEAM_YA_003",0,0,0,0,0,"Clean 1.jpg","pic"
"1454","TEAM_YA_003",11,67,15,53,61,"Flood 1.jpg","pic"
"1455","TEAM_YA_003",0,0,0,0,0,"Lake 12.jpg","pic"
"1456","TEAM_YA_003",0,0,0,0,0,"Beach 1.jpg","pic"
"1457","TEAM_YA_073",3,2,48,49,6,"Fireworks 6.jpg","pic"
"1458","TEAM_YA_073",58,29,73,62,29,"Fire 10.jpg","pic"
"1459","TEAM_YA_073",17,21,48,50,61,"Rocks 1.jpg","pic"
"1460","TEAM_YA_073",31,8,19,38,35,"Flood 1.jpg","pic"
"1461","TEAM_YA_073",55,19,48,22,25,"Prison 2.jpg","pic"
"1462","TEAM_YA_073",5,9,2,4,3,"Clean 1.jpg","pic"
"1463","TEAM_YA_073",7,10,3,14,6,"Snow 1.jpg","pic"
"1464","TEAM_YA_073",3,32,4,4,8,"Rainbow 2.jpg","pic"
"1465","TEAM_YA_073",68,20,78,49,34,"Destruction 2.jpg","pic"
"1466","TEAM_YA_073",25,28,6,14,26,"Garbage dump 1.jpg","pic"
"1467","TEAM_YA_073",11,3,66,61,16,"Ferret 1.jpg","pic"
"1468","TEAM_YA_073",5,37,5,10,5,"Lake 12.jpg","pic"
"1469","TEAM_YA_073",35,1,24,13,86,"Toilet 4.jpg","pic"
"1470","TEAM_YA_073",2,11,2,3,1,"Beach 1.jpg","pic"
"1471","TEAM_YA_073",47,11,28,7,52,"Dirt 1.jpg","pic"
"1472","TEAM_YA_073",6,9,15,35,7,"Heart 3.jpg","pic"
"1473","TEAM_YA_068",0,62,0,15,61,"Destruction 2.jpg","pic"
"1474","TEAM_YA_068",0,53,32,0,59,"Flood 1.jpg","pic"
"1475","TEAM_YA_068",0,0,0,0,0,"Rocks 1.jpg","pic"
"1476","TEAM_YA_068",0,0,0,0,0,"Fireworks 6.jpg","pic"
"1477","TEAM_YA_068",0,0,45,18,0,"Ferret 1.jpg","pic"
"1478","TEAM_YA_068",0,0,0,0,0,"Clean 1.jpg","pic"
"1479","TEAM_YA_068",0,0,0,0,0,"Rainbow 2.jpg","pic"
"1480","TEAM_YA_068",0,63,0,0,72,"Dirt 1.jpg","pic"
"1481","TEAM_YA_068",0,21,0,0,27,"Garbage dump 1.jpg","pic"
"1482","TEAM_YA_068",0,0,0,0,0,"Lake 12.jpg","pic"
"1483","TEAM_YA_068",0,58,61,49,49,"Fire 10.jpg","pic"
"1484","TEAM_YA_068",0,0,0,0,0,"Beach 1.jpg","pic"
"1485","TEAM_YA_068",8,0,62,65,0,"Toilet 4.jpg","pic"
"1486","TEAM_YA_068",0,0,0,0,0,"Heart 3.jpg","pic"
"1487","TEAM_YA_068",0,0,0,0,0,"Snow 1.jpg","pic"
"1488","TEAM_YA_068",54,11,73,54,0,"Prison 2.jpg","pic"
"1489","TEAM_YA_075",0,0,0,0,10,"Rocks 1.jpg","pic"
"1490","TEAM_YA_075",20,10,0,0,0,"Rainbow 2.jpg","pic"
"1491","TEAM_YA_075",60,70,75,75,75,"Flood 1.jpg","pic"
"1492","TEAM_YA_075",15,0,20,15,0,"Heart 3.jpg","pic"
"1493","TEAM_YA_075",35,0,0,75,0,"Clean 1.jpg","pic"
"1494","TEAM_YA_075",40,50,85,70,15,"Toilet 4.jpg","pic"
"1495","TEAM_YA_075",75,75,85,100,100,"Garbage dump 1.jpg","pic"
"1496","TEAM_YA_075",0,30,100,100,90,"Ferret 1.jpg","pic"
"1497","TEAM_YA_075",0,0,0,10,0,"Snow 1.jpg","pic"
"1498","TEAM_YA_075",0,0,85,100,15,"Fireworks 6.jpg","pic"
"1499","TEAM_YA_075",70,40,20,20,15,"Dirt 1.jpg","pic"
"1500","TEAM_YA_075",10,0,0,10,0,"Beach 1.jpg","pic"
"1501","TEAM_YA_075",100,100,100,100,100,"Fire 10.jpg","pic"
"1502","TEAM_YA_075",100,100,100,100,100,"Destruction 2.jpg","pic"
"1503","TEAM_YA_075",0,0,0,0,0,"Lake 12.jpg","pic"
"1504","TEAM_YA_075",100,100,100,100,100,"Prison 2.jpg","pic"
"1505","TEAM_YA_036",2,2,2,2,3,"Heart 3.jpg","pic"
"1506","TEAM_YA_036",65,29,38,50,32,"Fire 10.jpg","pic"
"1507","TEAM_YA_036",2,1,1,2,3,"Fireworks 6.jpg","pic"
"1508","TEAM_YA_036",2,2,1,2,2,"Snow 1.jpg","pic"
"1509","TEAM_YA_036",21,8,38,53,67,"Ferret 1.jpg","pic"
"1510","TEAM_YA_036",67,55,40,56,76,"Dirt 1.jpg","pic"
"1511","TEAM_YA_036",50,53,25,25,54,"Destruction 2.jpg","pic"
"1512","TEAM_YA_036",61,63,6,30,70,"Garbage dump 1.jpg","pic"
"1513","TEAM_YA_036",43,33,15,36,20,"Flood 1.jpg","pic"
"1514","TEAM_YA_036",3,2,1,4,3,"Clean 1.jpg","pic"
"1515","TEAM_YA_036",2,4,0,5,3,"Rocks 1.jpg","pic"
"1516","TEAM_YA_036",29,26,13,14,28,"Toilet 4.jpg","pic"
"1517","TEAM_YA_036",6,3,4,6,2,"Rainbow 2.jpg","pic"
"1518","TEAM_YA_036",2,3,1,2,3,"Beach 1.jpg","pic"
"1519","TEAM_YA_036",3,5,2,4,3,"Lake 12.jpg","pic"
"1520","TEAM_YA_036",47,38,57,32,42,"Prison 2.jpg","pic"
"1521","TEAM_YA_023",0,0,0,0,0,"Clean 1.jpg","pic"
"1522","TEAM_YA_023",90,90,90,90,100,"Prison 2.jpg","pic"
"1523","TEAM_YA_023",0,70,80,100,100,"Garbage dump 1.jpg","pic"
"1524","TEAM_YA_023",0,0,100,100,100,"Ferret 1.jpg","pic"
"1525","TEAM_YA_023",80,50,75,80,70,"Dirt 1.jpg","pic"
"1526","TEAM_YA_023",70,65,0,0,0,"Rocks 1.jpg","pic"
"1527","TEAM_YA_023",60,0,100,100,90,"Toilet 4.jpg","pic"
"1528","TEAM_YA_023",0,90,0,0,0,"Lake 12.jpg","pic"
"1529","TEAM_YA_023",0,50,75,50,25,"Fire 10.jpg","pic"
"1530","TEAM_YA_023",75,70,100,100,90,"Destruction 2.jpg","pic"
"1531","TEAM_YA_023",0,0,25,60,70,"Rainbow 2.jpg","pic"
"1532","TEAM_YA_023",90,70,85,100,100,"Flood 1.jpg","pic"
"1533","TEAM_YA_023",0,0,0,0,0,"Heart 3.jpg","pic"
"1534","TEAM_YA_023",0,0,0,0,0,"Snow 1.jpg","pic"
"1535","TEAM_YA_023",0,0,0,0,0,"Beach 1.jpg","pic"
"1536","TEAM_YA_023",0,0,0,5,0,"Fireworks 6.jpg","pic"
"1537","TEAM_YA_098",72,60,50,30,69,"Fire 10.jpg","pic"
"1538","TEAM_YA_098",4,14,18,17,7,"Ferret 1.jpg","pic"
"1539","TEAM_YA_098",61,74,61,46,71,"Destruction 2.jpg","pic"
"1540","TEAM_YA_098",74,45,61,52,24,"Toilet 4.jpg","pic"
"1541","TEAM_YA_098",2,4,0,2,10,"Rainbow 2.jpg","pic"
"1542","TEAM_YA_098",6,3,1,3,3,"Dirt 1.jpg","pic"
"1543","TEAM_YA_098",0,0,0,0,5,"Lake 12.jpg","pic"
"1544","TEAM_YA_098",3,5,0,4,7,"Heart 3.jpg","pic"
"1545","TEAM_YA_098",3,9,8,2,5,"Fireworks 6.jpg","pic"
"1546","TEAM_YA_098",4,0,22,6,11,"Beach 1.jpg","pic"
"1547","TEAM_YA_098",2,2,2,6,4,"Snow 1.jpg","pic"
"1548","TEAM_YA_098",60,71,34,26,69,"Garbage dump 1.jpg","pic"
"1549","TEAM_YA_098",2,7,2,6,5,"Rocks 1.jpg","pic"
"1550","TEAM_YA_098",79,46,28,69,70,"Flood 1.jpg","pic"
"1551","TEAM_YA_098",84,3,36,70,47,"Prison 2.jpg","pic"
"1552","TEAM_YA_098",2,10,3,0,0,"Clean 1.jpg","pic"
"1553","TEAM_YA_102",0,12,0,0,0,"Rocks 1.jpg","pic"
"1554","TEAM_YA_102",0,0,0,0,0,"Heart 3.jpg","pic"
"1555","TEAM_YA_102",0,0,0,0,0,"Dirt 1.jpg","pic"
"1556","TEAM_YA_102",0,0,0,14,45,"Toilet 4.jpg","pic"
"1557","TEAM_YA_102",0,0,0,13,0,"Fire 10.jpg","pic"
"1558","TEAM_YA_102",17,24,7,0,31,"Ferret 1.jpg","pic"
"1559","TEAM_YA_102",0,0,0,0,0,"Beach 1.jpg","pic"
"1560","TEAM_YA_102",0,0,0,0,0,"Rainbow 2.jpg","pic"
"1561","TEAM_YA_102",47,45,15,47,51,"Flood 1.jpg","pic"
"1562","TEAM_YA_102",0,0,0,0,0,"Fireworks 6.jpg","pic"
"1563","TEAM_YA_102",0,0,0,0,0,"Lake 12.jpg","pic"
"1564","TEAM_YA_102",18,47,12,17,48,"Destruction 2.jpg","pic"
"1565","TEAM_YA_102",59,58,0,16,52,"Garbage dump 1.jpg","pic"
"1566","TEAM_YA_102",0,0,0,0,0,"Clean 1.jpg","pic"
"1567","TEAM_YA_102",47,21,7,14,9,"Prison 2.jpg","pic"
"1568","TEAM_YA_102",0,0,0,0,0,"Snow 1.jpg","pic"
"1569","TEAM_YA_103",0,0,0,0,0,"Clean 1.jpg","pic"
"1570","TEAM_YA_103",30,87,32,73,100,"Flood 1.jpg","pic"
"1571","TEAM_YA_103",73,51,72,19,100,"Prison 2.jpg","pic"
"1572","TEAM_YA_103",0,0,0,0,0,"Beach 1.jpg","pic"
"1573","TEAM_YA_103",0,0,0,20,0,"Snow 1.jpg","pic"
"1574","TEAM_YA_103",40,13,74,100,40,"Ferret 1.jpg","pic"
"1575","TEAM_YA_103",50,100,68,50,100,"Fire 10.jpg","pic"
"1576","TEAM_YA_103",0,0,0,0,0,"Heart 3.jpg","pic"
"1577","TEAM_YA_103",0,18,69,35,79,"Dirt 1.jpg","pic"
"1578","TEAM_YA_103",6,86,34,24,77,"Garbage dump 1.jpg","pic"
"1579","TEAM_YA_103",51,100,49,35,100,"Destruction 2.jpg","pic"
"1580","TEAM_YA_103",0,0,0,0,0,"Rocks 1.jpg","pic"
"1581","TEAM_YA_103",0,0,0,0,0,"Lake 12.jpg","pic"
"1582","TEAM_YA_103",0,0,0,10,0,"Fireworks 6.jpg","pic"
"1583","TEAM_YA_103",0,0,0,0,0,"Rainbow 2.jpg","pic"
"1584","TEAM_YA_103",35,68,100,70,100,"Toilet 4.jpg","pic"
"1585","TEAM_YA_108",3,3,3,3,4,"Snow 1.jpg","pic"
"1586","TEAM_YA_108",2,2,5,16,7,"Lake 12.jpg","pic"
"1587","TEAM_YA_108",86,1,68,71,78,"Flood 1.jpg","pic"
"1588","TEAM_YA_108",4,2,1,70,17,"Clean 1.jpg","pic"
"1589","TEAM_YA_108",2,1,75,59,36,"Ferret 1.jpg","pic"
"1590","TEAM_YA_108",32,24,80,73,73,"Toilet 4.jpg","pic"
"1591","TEAM_YA_108",1,3,1,1,1,"Rocks 1.jpg","pic"
"1592","TEAM_YA_108",1,1,1,0,2,"Beach 1.jpg","pic"
"1593","TEAM_YA_108",26,29,82,91,86,"Destruction 2.jpg","pic"
"1594","TEAM_YA_108",1,1,15,50,0,"Fireworks 6.jpg","pic"
"1595","TEAM_YA_108",1,0,1,1,2,"Heart 3.jpg","pic"
"1596","TEAM_YA_108",1,10,93,85,27,"Dirt 1.jpg","pic"
"1597","TEAM_YA_108",71,68,99,98,82,"Garbage dump 1.jpg","pic"
"1598","TEAM_YA_108",98,98,66,28,77,"Prison 2.jpg","pic"
"1599","TEAM_YA_108",28,50,85,82,69,"Fire 10.jpg","pic"
"1600","TEAM_YA_108",3,1,1,1,2,"Rainbow 2.jpg","pic"
"1601","TEAM_YA_109",11,33,44,42,55,"Fire 10.jpg","pic"
"1602","TEAM_YA_109",69,29,52,57,70,"Prison 2.jpg","pic"
"1603","TEAM_YA_109",1,1,1,1,1,"Heart 3.jpg","pic"
"1604","TEAM_YA_109",24,51,18,24,22,"Garbage dump 1.jpg","pic"
"1605","TEAM_YA_109",0,25,0,0,0,"Rainbow 2.jpg","pic"
"1606","TEAM_YA_109",0,0,0,0,0,"Clean 1.jpg","pic"
"1607","TEAM_YA_109",6,2,2,27,45,"Dirt 1.jpg","pic"
"1608","TEAM_YA_109",84,79,79,62,90,"Destruction 2.jpg","pic"
"1609","TEAM_YA_109",1,0,0,0,0,"Beach 1.jpg","pic"
"1610","TEAM_YA_109",1,18,0,1,1,"Snow 1.jpg","pic"
"1611","TEAM_YA_109",10,18,41,29,33,"Toilet 4.jpg","pic"
"1612","TEAM_YA_109",0,29,43,35,16,"Ferret 1.jpg","pic"
"1613","TEAM_YA_109",1,1,0,0,1,"Rocks 1.jpg","pic"
"1614","TEAM_YA_109",95,97,81,97,98,"Flood 1.jpg","pic"
"1615","TEAM_YA_109",0,1,0,0,1,"Lake 12.jpg","pic"
"1616","TEAM_YA_109",0,1,0,17,0,"Fireworks 6.jpg","pic"
"1617","TEAM_YA_111",67,65,2,31,37,"Garbage dump 1.jpg","pic"
"1618","TEAM_YA_111",2,18,1,2,1,"Lake 12.jpg","pic"
"1619","TEAM_YA_111",67,26,22,38,33,"Toilet 4.jpg","pic"
"1620","TEAM_YA_111",2,1,1,2,2,"Heart 3.jpg","pic"
"1621","TEAM_YA_111",4,3,1,3,5,"Fireworks 6.jpg","pic"
"1622","TEAM_YA_111",3,3,1,2,2,"Clean 1.jpg","pic"
"1623","TEAM_YA_111",6,6,4,4,2,"Rocks 1.jpg","pic"
"1624","TEAM_YA_111",4,2,2,3,12,"Rainbow 2.jpg","pic"
"1625","TEAM_YA_111",2,0,1,6,3,"Dirt 1.jpg","pic"
"1626","TEAM_YA_111",64,71,9,42,75,"Destruction 2.jpg","pic"
"1627","TEAM_YA_111",58,69,61,75,90,"Flood 1.jpg","pic"
"1628","TEAM_YA_111",21,50,80,60,36,"Ferret 1.jpg","pic"
"1629","TEAM_YA_111",3,1,2,2,4,"Beach 1.jpg","pic"
"1630","TEAM_YA_111",2,0,0,2,3,"Fire 10.jpg","pic"
"1631","TEAM_YA_111",7,4,4,6,19,"Snow 1.jpg","pic"
"1632","TEAM_YA_111",74,77,39,74,14,"Prison 2.jpg","pic"
"1633","TEAM_YA_101",0,33,26,50,26,"Prison 2.jpg","pic"
"1634","TEAM_YA_101",0,0,0,50,0,"Fireworks 6.jpg","pic"
"1635","TEAM_YA_101",0,33,40,49,11,"Toilet 4.jpg","pic"
"1636","TEAM_YA_101",0,0,5,35,0,"Dirt 1.jpg","pic"
"1637","TEAM_YA_101",0,0,0,0,0,"Clean 1.jpg","pic"
"1638","TEAM_YA_101",0,0,0,0,0,"Beach 1.jpg","pic"
"1639","TEAM_YA_101",0,38,36,73,51,"Flood 1.jpg","pic"
"1640","TEAM_YA_101",0,0,0,0,0,"Rocks 1.jpg","pic"
"1641","TEAM_YA_101",0,56,23,61,36,"Garbage dump 1.jpg","pic"
"1642","TEAM_YA_101",15,71,71,73,82,"Destruction 2.jpg","pic"
"1643","TEAM_YA_101",0,39,74,73,49,"Fire 10.jpg","pic"
"1644","TEAM_YA_101",0,0,18,34,0,"Ferret 1.jpg","pic"
"1645","TEAM_YA_101",0,0,0,9,0,"Rainbow 2.jpg","pic"
"1646","TEAM_YA_101",0,0,0,0,0,"Snow 1.jpg","pic"
"1647","TEAM_YA_101",0,0,0,0,0,"Heart 3.jpg","pic"
"1648","TEAM_YA_101",0,0,0,0,0,"Lake 12.jpg","pic"
"1649","TEAM_YA_097",0,0,0,0,0,"Rocks 1.jpg","pic"
"1650","TEAM_YA_097",0,0,0,0,0,"Flood 1.jpg","pic"
"1651","TEAM_YA_097",0,0,0,0,0,"Ferret 1.jpg","pic"
"1652","TEAM_YA_097",0,0,0,0,0,"Dirt 1.jpg","pic"
"1653","TEAM_YA_097",0,0,0,0,0,"Fireworks 6.jpg","pic"
"1654","TEAM_YA_097",0,0,0,0,0,"Garbage dump 1.jpg","pic"
"1655","TEAM_YA_097",0,5,0,0,1,"Fire 10.jpg","pic"
"1656","TEAM_YA_097",0,0,0,0,0,"Destruction 2.jpg","pic"
"1657","TEAM_YA_097",0,0,0,0,0,"Beach 1.jpg","pic"
"1658","TEAM_YA_097",0,0,0,0,0,"Prison 2.jpg","pic"
"1659","TEAM_YA_097",0,0,0,0,0,"Toilet 4.jpg","pic"
"1660","TEAM_YA_097",0,0,0,0,0,"Snow 1.jpg","pic"
"1661","TEAM_YA_097",0,0,0,0,0,"Heart 3.jpg","pic"
"1662","TEAM_YA_097",0,0,0,0,0,"Lake 12.jpg","pic"
"1663","TEAM_YA_097",0,0,0,0,0,"Clean 1.jpg","pic"
"1664","TEAM_YA_097",0,0,0,0,0,"Rainbow 2.jpg","pic"
"1665","TEAM_YA_112",26,0,0,0,0,"Garbage dump 1.jpg","pic"
"1666","TEAM_YA_112",0,0,1,1,1,"Snow 1.jpg","pic"
"1667","TEAM_YA_112",0,0,0,0,0,"Clean 1.jpg","pic"
"1668","TEAM_YA_112",1,0,0,0,0,"Fireworks 6.jpg","pic"
"1669","TEAM_YA_112",0,0,2,0,0,"Dirt 1.jpg","pic"
"1670","TEAM_YA_112",52,38,0,55,20,"Toilet 4.jpg","pic"
"1671","TEAM_YA_112",1,1,0,0,0,"Rainbow 2.jpg","pic"
"1672","TEAM_YA_112",0,0,0,0,0,"Heart 3.jpg","pic"
"1673","TEAM_YA_112",86,85,49,23,70,"Destruction 2.jpg","pic"
"1674","TEAM_YA_112",0,0,0,19,0,"Fire 10.jpg","pic"
"1675","TEAM_YA_112",0,0,0,0,0,"Beach 1.jpg","pic"
"1676","TEAM_YA_112",0,0,12,65,74,"Ferret 1.jpg","pic"
"1677","TEAM_YA_112",0,0,0,0,0,"Lake 12.jpg","pic"
"1678","TEAM_YA_112",78,73,53,72,63,"Prison 2.jpg","pic"
"1679","TEAM_YA_112",80,74,58,68,47,"Flood 1.jpg","pic"
"1680","TEAM_YA_112",0,0,0,0,0,"Rocks 1.jpg","pic"
"1681","TEAM_YA_106",91,91,43,87,94,"Destruction 2.jpg","pic"
"1682","TEAM_YA_106",2,1,3,2,0,"Heart 3.jpg","pic"
"1683","TEAM_YA_106",0,6,0,9,3,"Fireworks 6.jpg","pic"
"1684","TEAM_YA_106",52,14,68,71,67,"Toilet 4.jpg","pic"
"1685","TEAM_YA_106",60,50,10,17,1,"Ferret 1.jpg","pic"
"1686","TEAM_YA_106",1,2,2,2,1,"Rocks 1.jpg","pic"
"1687","TEAM_YA_106",50,64,43,66,71,"Flood 1.jpg","pic"
"1688","TEAM_YA_106",0,0,0,3,0,"Snow 1.jpg","pic"
"1689","TEAM_YA_106",0,0,12,0,0,"Beach 1.jpg","pic"
"1690","TEAM_YA_106",12,16,9,68,10,"Dirt 1.jpg","pic"
"1691","TEAM_YA_106",67,59,42,79,67,"Garbage dump 1.jpg","pic"
"1692","TEAM_YA_106",0,0,0,0,0,"Clean 1.jpg","pic"
"1693","TEAM_YA_106",71,10,37,74,69,"Prison 2.jpg","pic"
"1694","TEAM_YA_106",0,14,0,3,3,"Rainbow 2.jpg","pic"
"1695","TEAM_YA_106",73,69,70,89,76,"Fire 10.jpg","pic"
"1696","TEAM_YA_106",0,0,9,17,0,"Lake 12.jpg","pic"
"1697","TEAM_YA_090",0,0,0,0,0,"Clean 1.jpg","pic"
"1698","TEAM_YA_090",0,0,0,0,0,"Rainbow 2.jpg","pic"
"1699","TEAM_YA_090",8,6,2,8,4,"Dirt 1.jpg","pic"
"1700","TEAM_YA_090",12,20,8,10,15,"Fire 10.jpg","pic"
"1701","TEAM_YA_090",0,0,0,0,0,"Beach 1.jpg","pic"
"1702","TEAM_YA_090",0,0,0,0,0,"Fireworks 6.jpg","pic"
"1703","TEAM_YA_090",0,0,10,0,0,"Ferret 1.jpg","pic"
"1704","TEAM_YA_090",5,0,5,8,0,"Toilet 4.jpg","pic"
"1705","TEAM_YA_090",10,15,5,15,20,"Garbage dump 1.jpg","pic"
"1706","TEAM_YA_090",6,8,8,5,10,"Flood 1.jpg","pic"
"1707","TEAM_YA_090",0,0,0,0,0,"Heart 3.jpg","pic"
"1708","TEAM_YA_090",10,15,10,8,16,"Destruction 2.jpg","pic"
"1709","TEAM_YA_090",0,0,0,0,0,"Lake 12.jpg","pic"
"1710","TEAM_YA_090",18,8,8,6,15,"Prison 2.jpg","pic"
"1711","TEAM_YA_090",0,0,0,0,0,"Snow 1.jpg","pic"
"1712","TEAM_YA_090",0,0,0,0,0,"Rocks 1.jpg","pic"
"1713","TEAM_YA_100",0,0,0,0,0,"Snow 1.jpg","pic"
"1714","TEAM_YA_100",17,40,12,4,16,"Destruction 2.jpg","pic"
"1715","TEAM_YA_100",23,19,0,11,24,"Garbage dump 1.jpg","pic"
"1716","TEAM_YA_100",0,0,0,0,0,"Dirt 1.jpg","pic"
"1717","TEAM_YA_100",0,0,0,6,0,"Beach 1.jpg","pic"
"1718","TEAM_YA_100",0,0,0,11,0,"Fireworks 6.jpg","pic"
"1719","TEAM_YA_100",0,11,0,0,0,"Lake 12.jpg","pic"
"1720","TEAM_YA_100",0,0,0,0,0,"Rainbow 2.jpg","pic"
"1721","TEAM_YA_100",42,69,7,19,31,"Fire 10.jpg","pic"
"1722","TEAM_YA_100",0,0,0,0,0,"Rocks 1.jpg","pic"
"1723","TEAM_YA_100",23,0,0,0,0,"Prison 2.jpg","pic"
"1724","TEAM_YA_100",0,0,18,51,0,"Flood 1.jpg","pic"
"1725","TEAM_YA_100",16,0,0,14,0,"Toilet 4.jpg","pic"
"1726","TEAM_YA_100",0,0,0,10,0,"Ferret 1.jpg","pic"
"1727","TEAM_YA_100",12,29,0,0,13,"Heart 3.jpg","pic"
"1728","TEAM_YA_100",0,0,0,0,0,"Clean 1.jpg","pic"
"1729","TEAM_YA_031",18,29,9,9,29,"Heart 3.jpg","pic"
"1730","TEAM_YA_031",12,9,7,16,10,"Rocks 1.jpg","pic"
"1731","TEAM_YA_031",58,59,66,54,68,"Garbage dump 1.jpg","pic"
"1732","TEAM_YA_031",3,13,4,7,5,"Beach 1.jpg","pic"
"1733","TEAM_YA_031",28,29,61,50,48,"Prison 2.jpg","pic"
"1734","TEAM_YA_031",61,50,56,65,55,"Fire 10.jpg","pic"
"1735","TEAM_YA_031",22,21,20,43,38,"Toilet 4.jpg","pic"
"1736","TEAM_YA_031",19,16,53,62,8,"Ferret 1.jpg","pic"
"1737","TEAM_YA_031",24,66,32,65,51,"Destruction 2.jpg","pic"
"1738","TEAM_YA_031",31,14,13,39,21,"Clean 1.jpg","pic"
"1739","TEAM_YA_031",9,20,10,4,29,"Fireworks 6.jpg","pic"
"1740","TEAM_YA_031",2,4,3,6,19,"Lake 12.jpg","pic"
"1741","TEAM_YA_031",12,9,31,68,40,"Dirt 1.jpg","pic"
"1742","TEAM_YA_031",7,7,6,9,5,"Rainbow 2.jpg","pic"
"1743","TEAM_YA_031",5,5,7,2,10,"Snow 1.jpg","pic"
"1744","TEAM_YA_031",62,46,7,69,70,"Flood 1.jpg","pic"
"1745","TEAM_YA_079",0,0,14,19,0,"Beach 1.jpg","pic"
"1746","TEAM_YA_079",0,0,0,0,0,"Snow 1.jpg","pic"
"1747","TEAM_YA_079",78,37,18,57,8,"Flood 1.jpg","pic"
"1748","TEAM_YA_079",0,0,0,0,0,"Fireworks 6.jpg","pic"
"1749","TEAM_YA_079",95,20,0,19,27,"Garbage dump 1.jpg","pic"
"1750","TEAM_YA_079",67,19,7,33,30,"Destruction 2.jpg","pic"
"1751","TEAM_YA_079",0,0,0,0,0,"Rocks 1.jpg","pic"
"1752","TEAM_YA_079",0,1,1,0,0,"Lake 12.jpg","pic"
"1753","TEAM_YA_079",81,0,0,40,23,"Prison 2.jpg","pic"
"1754","TEAM_YA_079",0,0,0,0,45,"Dirt 1.jpg","pic"
"1755","TEAM_YA_079",0,0,14,9,46,"Ferret 1.jpg","pic"
"1756","TEAM_YA_079",0,0,0,0,0,"Heart 3.jpg","pic"
"1757","TEAM_YA_079",0,1,0,0,0,"Rainbow 2.jpg","pic"
"1758","TEAM_YA_079",0,0,0,0,0,"Clean 1.jpg","pic"
"1759","TEAM_YA_079",0,0,0,0,0,"Fire 10.jpg","pic"
"1760","TEAM_YA_079",1,0,0,19,16,"Toilet 4.jpg","pic"
"1761","TEAM_YA_066",69,22,23,74,14,"Snow 1.jpg","pic"
"1762","TEAM_YA_066",2,1,14,3,3,"Lake 12.jpg","pic"
"1763","TEAM_YA_066",74,0,76,74,76,"Flood 1.jpg","pic"
"1764","TEAM_YA_066",66,76,78,68,80,"Prison 2.jpg","pic"
"1765","TEAM_YA_066",49,0,0,24,4,"Toilet 4.jpg","pic"
"1766","TEAM_YA_066",88,88,5,88,84,"Beach 1.jpg","pic"
"1767","TEAM_YA_066",50,50,50,50,50,"Rocks 1.jpg","pic"
"1768","TEAM_YA_066",0,0,0,0,0,"Ferret 1.jpg","pic"
"1769","TEAM_YA_066",78,74,0,20,67,"Garbage dump 1.jpg","pic"
"1770","TEAM_YA_066",0,0,0,0,0,"Dirt 1.jpg","pic"
"1771","TEAM_YA_066",0,0,0,0,0,"Heart 3.jpg","pic"
"1772","TEAM_YA_066",97,96,96,97,94,"Rainbow 2.jpg","pic"
"1773","TEAM_YA_066",76,76,26,65,72,"Destruction 2.jpg","pic"
"1774","TEAM_YA_066",88,92,89,91,90,"Fire 10.jpg","pic"
"1775","TEAM_YA_066",60,60,73,60,18,"Fireworks 6.jpg","pic"
"1776","TEAM_YA_066",72,71,11,0,71,"Clean 1.jpg","pic"
"1777","TEAM_YA_089",0,0,0,0,0,"Beach 1.jpg","pic"
"1778","TEAM_YA_089",0,0,0,0,0,"Dirt 1.jpg","pic"
"1779","TEAM_YA_089",0,0,0,0,0,"Rocks 1.jpg","pic"
"1780","TEAM_YA_089",16,14,5,14,8,"Destruction 2.jpg","pic"
"1781","TEAM_YA_089",18,11,5,5,18,"Flood 1.jpg","pic"
"1782","TEAM_YA_089",16,7,22,22,9,"Prison 2.jpg","pic"
"1783","TEAM_YA_089",0,0,0,0,0,"Heart 3.jpg","pic"
"1784","TEAM_YA_089",0,14,6,12,5,"Fireworks 6.jpg","pic"
"1785","TEAM_YA_089",0,0,0,0,0,"Rainbow 2.jpg","pic"
"1786","TEAM_YA_089",5,9,6,6,5,"Toilet 4.jpg","pic"
"1787","TEAM_YA_089",0,0,0,0,0,"Lake 12.jpg","pic"
"1788","TEAM_YA_089",10,11,6,10,5,"Fire 10.jpg","pic"
"1789","TEAM_YA_089",0,0,0,0,5,"Clean 1.jpg","pic"
"1790","TEAM_YA_089",21,14,5,5,16,"Garbage dump 1.jpg","pic"
"1791","TEAM_YA_089",0,0,2,3,0,"Ferret 1.jpg","pic"
"1792","TEAM_YA_089",0,0,0,0,0,"Snow 1.jpg","pic"
"1793","TEAM_YA_030",16,22,27,27,19,"Lake 12.jpg","pic"
"1794","TEAM_YA_030",29,35,25,21,18,"Snow 1.jpg","pic"
"1795","TEAM_YA_030",17,18,15,16,22,"Clean 1.jpg","pic"
"1796","TEAM_YA_030",14,15,16,13,22,"Heart 3.jpg","pic"
"1797","TEAM_YA_030",47,25,49,68,23,"Toilet 4.jpg","pic"
"1798","TEAM_YA_030",57,47,46,84,56,"Flood 1.jpg","pic"
"1799","TEAM_YA_030",15,17,82,65,58,"Ferret 1.jpg","pic"
"1800","TEAM_YA_030",0,0,0,1,0,"Prison 2.jpg","pic"
"1801","TEAM_YA_030",33,85,68,90,99,"Destruction 2.jpg","pic"
"1802","TEAM_YA_030",11,23,16,21,16,"Rainbow 2.jpg","pic"
"1803","TEAM_YA_030",9,21,17,9,4,"Rocks 1.jpg","pic"
"1804","TEAM_YA_030",31,26,38,51,39,"Fire 10.jpg","pic"
"1805","TEAM_YA_030",22,41,26,85,72,"Dirt 1.jpg","pic"
"1806","TEAM_YA_030",12,18,17,11,18,"Beach 1.jpg","pic"
"1807","TEAM_YA_030",35,53,21,34,72,"Garbage dump 1.jpg","pic"
"1808","TEAM_YA_030",17,18,23,17,26,"Fireworks 6.jpg","pic"
"1809","TEAM_YA_092",0,0,0,0,0,"Snow 1.jpg","pic"
"1810","TEAM_YA_092",0,0,0,0,0,"Rocks 1.jpg","pic"
"1811","TEAM_YA_092",0,14,0,0,0,"Fireworks 6.jpg","pic"
"1812","TEAM_YA_092",52,0,14,11,0,"Dirt 1.jpg","pic"
"1813","TEAM_YA_092",82,43,0,0,1,"Prison 2.jpg","pic"
"1814","TEAM_YA_092",0,11,0,0,4,"Beach 1.jpg","pic"
"1815","TEAM_YA_092",0,19,0,0,2,"Garbage dump 1.jpg","pic"
"1816","TEAM_YA_092",7,0,1,10,0,"Fire 10.jpg","pic"
"1817","TEAM_YA_092",2,0,0,0,0,"Lake 12.jpg","pic"
"1818","TEAM_YA_092",9,5,0,11,5,"Flood 1.jpg","pic"
"1819","TEAM_YA_092",17,77,0,10,10,"Destruction 2.jpg","pic"
"1820","TEAM_YA_092",13,14,0,0,0,"Heart 3.jpg","pic"
"1821","TEAM_YA_092",0,0,1,4,1,"Ferret 1.jpg","pic"
"1822","TEAM_YA_092",0,7,0,0,5,"Clean 1.jpg","pic"
"1823","TEAM_YA_092",0,0,0,7,0,"Rainbow 2.jpg","pic"
"1824","TEAM_YA_092",0,30,0,0,0,"Toilet 4.jpg","pic"
"1825","TEAM_YA_044",82,61,47,46,63,"Toilet 4.jpg","pic"
"1826","TEAM_YA_044",2,7,9,3,6,"Rainbow 2.jpg","pic"
"1827","TEAM_YA_044",85,90,99,88,86,"Dirt 1.jpg","pic"
"1828","TEAM_YA_044",14,11,11,12,7,"Fireworks 6.jpg","pic"
"1829","TEAM_YA_044",14,20,19,11,11,"Rocks 1.jpg","pic"
"1830","TEAM_YA_044",32,28,25,26,18,"Destruction 2.jpg","pic"
"1831","TEAM_YA_044",8,10,14,8,4,"Snow 1.jpg","pic"
"1832","TEAM_YA_044",95,94,92,95,94,"Flood 1.jpg","pic"
"1833","TEAM_YA_044",74,41,97,70,52,"Ferret 1.jpg","pic"
"1834","TEAM_YA_044",3,3,0,3,2,"Clean 1.jpg","pic"
"1835","TEAM_YA_044",47,47,1,14,15,"Heart 3.jpg","pic"
"1836","TEAM_YA_044",98,99,99,97,100,"Fire 10.jpg","pic"
"1837","TEAM_YA_044",99,99,99,97,97,"Garbage dump 1.jpg","pic"
"1838","TEAM_YA_044",2,1,1,0,0,"Beach 1.jpg","pic"
"1839","TEAM_YA_044",1,3,2,0,1,"Lake 12.jpg","pic"
"1840","TEAM_YA_044",99,100,95,87,95,"Prison 2.jpg","pic"
"1841","TEAM_YA_077",8,31,0,0,5,"Lake 12.jpg","pic"
"1842","TEAM_YA_077",96,100,100,49,91,"Destruction 2.jpg","pic"
"1843","TEAM_YA_077",48,50,0,5,0,"Prison 2.jpg","pic"
"1844","TEAM_YA_077",0,0,0,0,0,"Fireworks 6.jpg","pic"
"1845","TEAM_YA_077",1,9,0,1,14,"Snow 1.jpg","pic"
"1846","TEAM_YA_077",0,0,0,3,2,"Heart 3.jpg","pic"
"1847","TEAM_YA_077",0,0,0,0,0,"Rainbow 2.jpg","pic"
"1848","TEAM_YA_077",22,29,11,15,48,"Dirt 1.jpg","pic"
"1849","TEAM_YA_077",0,0,54,20,35,"Ferret 1.jpg","pic"
"1850","TEAM_YA_077",0,0,0,0,0,"Rocks 1.jpg","pic"
"1851","TEAM_YA_077",0,2,0,0,0,"Beach 1.jpg","pic"
"1852","TEAM_YA_077",51,46,47,50,88,"Fire 10.jpg","pic"
"1853","TEAM_YA_077",90,55,54,83,100,"Garbage dump 1.jpg","pic"
"1854","TEAM_YA_077",0,3,0,2,0,"Clean 1.jpg","pic"
"1855","TEAM_YA_077",17,13,12,2,86,"Toilet 4.jpg","pic"
"1856","TEAM_YA_077",53,100,84,48,93,"Flood 1.jpg","pic"
"1857","TEAM_YA_072",0,0,0,0,0,"Beach 1.jpg","pic"
"1858","TEAM_YA_072",48,18,8,21,10,"Flood 1.jpg","pic"
"1859","TEAM_YA_072",0,0,0,0,0,"Rainbow 2.jpg","pic"
"1860","TEAM_YA_072",11,0,23,40,10,"Ferret 1.jpg","pic"
"1861","TEAM_YA_072",47,17,29,55,11,"Toilet 4.jpg","pic"
"1862","TEAM_YA_072",0,0,0,0,0,"Heart 3.jpg","pic"
"1863","TEAM_YA_072",0,0,0,0,0,"Dirt 1.jpg","pic"
"1864","TEAM_YA_072",66,18,26,39,13,"Prison 2.jpg","pic"
"1865","TEAM_YA_072",18,0,8,31,8,"Fire 10.jpg","pic"
"1866","TEAM_YA_072",37,39,16,32,19,"Destruction 2.jpg","pic"
"1867","TEAM_YA_072",0,0,0,0,0,"Snow 1.jpg","pic"
"1868","TEAM_YA_072",0,0,0,0,0,"Clean 1.jpg","pic"
"1869","TEAM_YA_072",0,0,0,0,0,"Fireworks 6.jpg","pic"
"1870","TEAM_YA_072",0,0,0,0,0,"Lake 12.jpg","pic"
"1871","TEAM_YA_072",39,0,0,33,13,"Garbage dump 1.jpg","pic"
"1872","TEAM_YA_072",0,0,0,0,0,"Rocks 1.jpg","pic"
"1873","TEAM_YA_022",0,0,0,0,0,"Beach 1.jpg","pic"
"1874","TEAM_YA_022",0,0,0,0,0,"Fireworks 6.jpg","pic"
"1875","TEAM_YA_022",50,35,0,0,1,"Snow 1.jpg","pic"
"1876","TEAM_YA_022",3,2,2,5,4,"Rocks 1.jpg","pic"
"1877","TEAM_YA_022",0,0,0,0,5,"Ferret 1.jpg","pic"
"1878","TEAM_YA_022",11,100,53,100,100,"Garbage dump 1.jpg","pic"
"1879","TEAM_YA_022",48,100,21,100,100,"Fire 10.jpg","pic"
"1880","TEAM_YA_022",60,100,75,80,94,"Destruction 2.jpg","pic"
"1881","TEAM_YA_022",1,0,0,0,2,"Heart 3.jpg","pic"
"1882","TEAM_YA_022",0,0,22,90,80,"Dirt 1.jpg","pic"
"1883","TEAM_YA_022",0,0,0,0,0,"Clean 1.jpg","pic"
"1884","TEAM_YA_022",90,100,85,100,100,"Prison 2.jpg","pic"
"1885","TEAM_YA_022",50,82,31,71,76,"Toilet 4.jpg","pic"
"1886","TEAM_YA_022",4,0,0,0,0,"Lake 12.jpg","pic"
"1887","TEAM_YA_022",100,100,77,94,100,"Flood 1.jpg","pic"
"1888","TEAM_YA_022",8,9,0,0,0,"Rainbow 2.jpg","pic"
"1889","TEAM_YA_074",3,4,0,1,3,"Snow 1.jpg","pic"
"1890","TEAM_YA_074",3,2,3,1,6,"Rainbow 2.jpg","pic"
"1891","TEAM_YA_074",1,5,0,1,3,"Beach 1.jpg","pic"
"1892","TEAM_YA_074",0,65,68,0,62,"Destruction 2.jpg","pic"
"1893","TEAM_YA_074",16,0,0,0,0,"Heart 3.jpg","pic"
"1894","TEAM_YA_074",0,52,51,0,0,"Fire 10.jpg","pic"
"1895","TEAM_YA_074",0,0,0,0,1,"Fireworks 6.jpg","pic"
"1896","TEAM_YA_074",0,1,1,0,37,"Lake 12.jpg","pic"
"1897","TEAM_YA_074",3,60,65,1,0,"Flood 1.jpg","pic"
"1898","TEAM_YA_074",0,0,0,0,2,"Toilet 4.jpg","pic"
"1899","TEAM_YA_074",0,0,0,53,0,"Dirt 1.jpg","pic"
"1900","TEAM_YA_074",0,0,0,0,0,"Ferret 1.jpg","pic"
"1901","TEAM_YA_074",0,0,0,0,0,"Clean 1.jpg","pic"
"1902","TEAM_YA_074",0,0,44,0,0,"Prison 2.jpg","pic"
"1903","TEAM_YA_074",0,30,0,0,51,"Garbage dump 1.jpg","pic"
"1904","TEAM_YA_074",3,1,1,2,0,"Rocks 1.jpg","pic"
"1905","TEAM_YA_067",15,32,2,12,5,"Fire 10.jpg","pic"
"1906","TEAM_YA_067",24,24,2,13,25,"Prison 2.jpg","pic"
"1907","TEAM_YA_067",22,15,2,1,18,"Destruction 2.jpg","pic"
"1908","TEAM_YA_067",0,0,0,0,1,"Rocks 1.jpg","pic"
"1909","TEAM_YA_067",0,1,0,2,0,"Beach 1.jpg","pic"
"1910","TEAM_YA_067",0,11,0,0,1,"Snow 1.jpg","pic"
"1911","TEAM_YA_067",8,9,11,29,0,"Toilet 4.jpg","pic"
"1912","TEAM_YA_067",0,0,0,0,0,"Lake 12.jpg","pic"
"1913","TEAM_YA_067",24,30,24,13,13,"Flood 1.jpg","pic"
"1914","TEAM_YA_067",0,19,0,1,0,"Rainbow 2.jpg","pic"
"1915","TEAM_YA_067",0,0,0,2,0,"Heart 3.jpg","pic"
"1916","TEAM_YA_067",0,0,1,2,0,"Fireworks 6.jpg","pic"
"1917","TEAM_YA_067",0,2,0,6,3,"Dirt 1.jpg","pic"
"1918","TEAM_YA_067",0,0,0,0,0,"Clean 1.jpg","pic"
"1919","TEAM_YA_067",1,15,0,4,0,"Ferret 1.jpg","pic"
"1920","TEAM_YA_067",1,9,0,14,24,"Garbage dump 1.jpg","pic"
"1921","TEAM_YA_071",23,18,10,18,13,"Toilet 4.jpg","pic"
"1922","TEAM_YA_071",4,1,2,2,0,"Lake 12.jpg","pic"
"1923","TEAM_YA_071",76,28,55,56,52,"Destruction 2.jpg","pic"
"1924","TEAM_YA_071",0,0,0,0,0,"Beach 1.jpg","pic"
"1925","TEAM_YA_071",64,67,63,17,65,"Flood 1.jpg","pic"
"1926","TEAM_YA_071",4,5,2,2,5,"Snow 1.jpg","pic"
"1927","TEAM_YA_071",52,37,31,68,37,"Garbage dump 1.jpg","pic"
"1928","TEAM_YA_071",2,2,4,5,1,"Fireworks 6.jpg","pic"
"1929","TEAM_YA_071",4,5,2,3,2,"Dirt 1.jpg","pic"
"1930","TEAM_YA_071",0,1,2,0,3,"Heart 3.jpg","pic"
"1931","TEAM_YA_071",5,10,17,7,35,"Rocks 1.jpg","pic"
"1932","TEAM_YA_071",80,68,71,78,73,"Prison 2.jpg","pic"
"1933","TEAM_YA_071",63,28,48,50,72,"Ferret 1.jpg","pic"
"1934","TEAM_YA_071",23,16,7,5,7,"Clean 1.jpg","pic"
"1935","TEAM_YA_071",74,9,61,78,28,"Fire 10.jpg","pic"
"1936","TEAM_YA_071",21,19,21,19,2,"Rainbow 2.jpg","pic"
"1937","TEAM_YA_013",0,0,0,0,0,"Beach 1.jpg","pic"
"1938","TEAM_YA_013",32,24,7,18,16,"Destruction 2.jpg","pic"
"1939","TEAM_YA_013",0,0,5,50,0,"Rocks 1.jpg","pic"
"1940","TEAM_YA_013",0,0,25,45,0,"Ferret 1.jpg","pic"
"1941","TEAM_YA_013",0,0,0,0,0,"Rainbow 2.jpg","pic"
"1942","TEAM_YA_013",30,30,10,30,7,"Dirt 1.jpg","pic"
"1943","TEAM_YA_013",60,58,30,23,50,"Garbage dump 1.jpg","pic"
"1944","TEAM_YA_013",8,8,23,30,20,"Snow 1.jpg","pic"
"1945","TEAM_YA_013",13,2,20,20,5,"Fireworks 6.jpg","pic"
"1946","TEAM_YA_013",10,9,0,0,0,"Heart 3.jpg","pic"
"1947","TEAM_YA_013",48,18,84,67,34,"Toilet 4.jpg","pic"
"1948","TEAM_YA_013",93,82,58,46,74,"Flood 1.jpg","pic"
"1949","TEAM_YA_013",72,55,69,71,89,"Prison 2.jpg","pic"
"1950","TEAM_YA_013",0,0,0,0,0,"Lake 12.jpg","pic"
"1951","TEAM_YA_013",3,3,11,4,2,"Fire 10.jpg","pic"
"1952","TEAM_YA_013",5,3,10,18,1,"Clean 1.jpg","pic"
"1953","35335",0,7,5,0,12,"Dirt 1.jpg","pic"
"1954","35335",5,6,10,9,12,"Rocks 1.jpg","pic"
"1955","35335",7,7,3,13,1,"Lake 12.jpg","pic"
"1956","35335",11,16,18,22,8,"Heart 3.jpg","pic"
"1957","35335",1,18,5,0,6,"Beach 1.jpg","pic"
"1958","35335",10,7,6,10,7,"Prison 2.jpg","pic"
"1959","35335",6,5,25,5,5,"Fireworks 6.jpg","pic"
"1960","35335",30,30,33,34,37,"Flood 1.jpg","pic"
"1961","35335",4,46,36,3,44,"Destruction 2.jpg","pic"
"1962","35335",6,6,3,4,4,"Snow 1.jpg","pic"
"1963","35335",7,4,3,7,13,"Rainbow 2.jpg","pic"
"1964","35335",2,6,39,6,3,"Ferret 1.jpg","pic"
"1965","35335",6,9,7,6,2,"Fire 10.jpg","pic"
"1966","35335",4,64,2,4,3,"Garbage dump 1.jpg","pic"
"1967","35335",2,5,2,4,2,"Clean 1.jpg","pic"
"1968","35335",2,4,6,4,4,"Toilet 4.jpg","pic"
"1969","36118",0,72,28,0,0,"Clean 1.jpg","pic"
"1970","36118",0,0,0,0,0,"Rocks 1.jpg","pic"
"1971","36118",0,0,37,59,77,"Fireworks 6.jpg","pic"
"1972","36118",70,75,61,75,84,"Flood 1.jpg","pic"
"1973","36118",0,0,22,0,0,"Lake 12.jpg","pic"
"1974","36118",1,0,0,62,0,"Heart 3.jpg","pic"
"1975","36118",0,0,25,63,0,"Fire 10.jpg","pic"
"1976","36118",0,1,84,91,74,"Ferret 1.jpg","pic"
"1977","36118",0,0,0,54,2,"Snow 1.jpg","pic"
"1978","36118",69,0,47,71,37,"Toilet 4.jpg","pic"
"1979","36118",77,91,89,80,87,"Destruction 2.jpg","pic"
"1980","36118",0,0,28,53,0,"Rainbow 2.jpg","pic"
"1981","36118",66,77,81,91,84,"Garbage dump 1.jpg","pic"
"1982","36118",0,0,78,93,54,"Dirt 1.jpg","pic"
"1983","36118",79,85,96,88,78,"Prison 2.jpg","pic"
"1984","36118",1,1,30,1,0,"Beach 1.jpg","pic"
"1985","35464",0,0,0,0,0,"Heart 3.jpg","pic"
"1986","35464",0,0,0,0,0,"Clean 1.jpg","pic"
"1987","35464",10,21,29,52,21,"Prison 2.jpg","pic"
"1988","35464",0,15,27,49,52,"Ferret 1.jpg","pic"
"1989","35464",69,70,47,70,85,"Destruction 2.jpg","pic"
"1990","35464",0,21,36,55,53,"Toilet 4.jpg","pic"
"1991","35464",0,25,47,80,26,"Flood 1.jpg","pic"
"1992","35464",0,4,38,51,4,"Fire 10.jpg","pic"
"1993","35464",80,88,98,92,18,"Garbage dump 1.jpg","pic"
"1994","35464",0,0,0,0,0,"Snow 1.jpg","pic"
"1995","35464",0,0,0,0,0,"Dirt 1.jpg","pic"
"1996","35464",0,0,0,0,0,"Rocks 1.jpg","pic"
"1997","35464",0,0,0,0,0,"Fireworks 6.jpg","pic"
"1998","35464",0,0,0,0,0,"Lake 12.jpg","pic"
"1999","35464",3,0,0,0,0,"Rainbow 2.jpg","pic"
"2000","35464",0,0,0,0,0,"Beach 1.jpg","pic"
"2001","35581",0,0,18,15,0,"Lake 12.jpg","pic"
"2002","35581",62,0,61,58,40,"Prison 2.jpg","pic"
"2003","35581",1,1,0,3,0,"Heart 3.jpg","pic"
"2004","35581",0,0,10,16,0,"Fireworks 6.jpg","pic"
"2005","35581",0,64,99,12,28,"Ferret 1.jpg","pic"
"2006","35581",0,11,29,9,2,"Snow 1.jpg","pic"
"2007","35581",3,0,43,76,4,"Dirt 1.jpg","pic"
"2008","35581",23,73,79,36,53,"Garbage dump 1.jpg","pic"
"2009","35581",3,0,0,2,1,"Clean 1.jpg","pic"
"2010","35581",13,21,84,68,16,"Fire 10.jpg","pic"
"2011","35581",21,1,25,15,17,"Toilet 4.jpg","pic"
"2012","35581",78,6,1,3,1,"Flood 1.jpg","pic"
"2013","35581",0,5,1,4,1,"Rocks 1.jpg","pic"
"2014","35581",0,0,2,0,2,"Beach 1.jpg","pic"
"2015","35581",84,78,29,28,14,"Destruction 2.jpg","pic"
"2016","35581",13,18,32,30,6,"Rainbow 2.jpg","pic"
"2017","35692",0,20,5,20,0,"Ferret 1.jpg","pic"
"2018","35692",0,0,0,0,0,"Snow 1.jpg","pic"
"2019","35692",0,20,20,0,15,"Beach 1.jpg","pic"
"2020","35692",0,0,30,0,0,"Clean 1.jpg","pic"
"2021","35692",100,40,0,75,15,"Garbage dump 1.jpg","pic"
"2022","35692",0,0,0,0,0,"Heart 3.jpg","pic"
"2023","35692",0,0,10,30,0,"Fireworks 6.jpg","pic"
"2024","35692",80,100,80,100,100,"Destruction 2.jpg","pic"
"2025","35692",50,55,55,70,30,"Fire 10.jpg","pic"
"2026","35692",50,65,0,50,0,"Toilet 4.jpg","pic"
"2027","35692",0,0,25,30,0,"Lake 12.jpg","pic"
"2028","35692",30,65,60,100,80,"Flood 1.jpg","pic"
"2029","35692",0,0,50,100,85,"Dirt 1.jpg","pic"
"2030","35692",0,50,0,0,0,"Rocks 1.jpg","pic"
"2031","35692",0,0,0,0,0,"Rainbow 2.jpg","pic"
"2032","35692",80,10,25,30,30,"Prison 2.jpg","pic"
"2033","35503",3,0,0,0,0,"Fireworks 6.jpg","pic"
"2034","35503",38,52,27,28,57,"Destruction 2.jpg","pic"
"2035","35503",50,7,0,0,13,"Flood 1.jpg","pic"
"2036","35503",6,2,0,2,0,"Lake 12.jpg","pic"
"2037","35503",11,10,14,10,13,"Fire 10.jpg","pic"
"2038","35503",0,0,0,0,2,"Rainbow 2.jpg","pic"
"2039","35503",54,19,3,7,10,"Toilet 4.jpg","pic"
"2040","35503",11,5,0,0,2,"Rocks 1.jpg","pic"
"2041","35503",0,0,0,0,0,"Beach 1.jpg","pic"
"2042","35503",54,20,2,10,5,"Prison 2.jpg","pic"
"2043","35503",25,0,0,31,12,"Snow 1.jpg","pic"
"2044","35503",0,1,0,0,0,"Clean 1.jpg","pic"
"2045","35503",7,7,25,8,38,"Ferret 1.jpg","pic"
"2046","35503",8,7,5,15,19,"Dirt 1.jpg","pic"
"2047","35503",22,21,2,19,43,"Garbage dump 1.jpg","pic"
"2048","35503",0,2,0,3,0,"Heart 3.jpg","pic"
"2049","35725",30,30,0,0,15,"Garbage dump 1.jpg","pic"
"2050","35725",0,0,0,0,0,"Snow 1.jpg","pic"
"2051","35725",40,40,20,50,50,"Fire 10.jpg","pic"
"2052","35725",0,0,0,5,0,"Beach 1.jpg","pic"
"2053","35725",0,0,30,19,5,"Ferret 1.jpg","pic"
"2054","35725",15,10,0,0,0,"Heart 3.jpg","pic"
"2055","35725",30,25,40,35,50,"Flood 1.jpg","pic"
"2056","35725",60,45,50,50,40,"Prison 2.jpg","pic"
"2057","35725",55,55,20,45,50,"Destruction 2.jpg","pic"
"2058","35725",0,10,0,20,0,"Lake 12.jpg","pic"
"2059","35725",0,5,0,0,0,"Rocks 1.jpg","pic"
"2060","35725",10,0,15,25,20,"Dirt 1.jpg","pic"
"2061","35725",0,10,25,25,0,"Fireworks 6.jpg","pic"
"2062","35725",0,0,0,0,0,"Rainbow 2.jpg","pic"
"2063","35725",30,40,25,10,25,"Toilet 4.jpg","pic"
"2064","35725",0,10,0,0,0,"Clean 1.jpg","pic"
"2065","35593",53,28,84,71,48,"Toilet 4.jpg","pic"
"2066","35593",0,1,0,0,0,"Snow 1.jpg","pic"
"2067","35593",37,25,86,79,37,"Prison 2.jpg","pic"
"2068","35593",7,60,74,78,47,"Fire 10.jpg","pic"
"2069","35593",0,0,0,0,0,"Heart 3.jpg","pic"
"2070","35593",0,0,0,0,0,"Beach 1.jpg","pic"
"2071","35593",0,1,12,1,0,"Rainbow 2.jpg","pic"
"2072","35593",0,0,0,0,0,"Clean 1.jpg","pic"
"2073","35593",0,7,65,64,15,"Ferret 1.jpg","pic"
"2074","35593",0,0,0,0,0,"Fireworks 6.jpg","pic"
"2075","35593",0,0,0,0,0,"Lake 12.jpg","pic"
"2076","35593",0,58,24,77,19,"Garbage dump 1.jpg","pic"
"2077","35593",7,81,93,90,65,"Dirt 1.jpg","pic"
"2078","35593",24,38,57,90,62,"Destruction 2.jpg","pic"
"2079","35593",27,55,73,81,63,"Flood 1.jpg","pic"
"2080","35593",0,0,2,0,0,"Rocks 1.jpg","pic"
"2081","35518",54,36,0,16,75,"Fire 10.jpg","pic"
"2082","35518",0,2,2,1,2,"Heart 3.jpg","pic"
"2083","35518",20,14,0,39,11,"Dirt 1.jpg","pic"
"2084","35518",9,0,0,3,2,"Snow 1.jpg","pic"
"2085","35518",25,8,8,65,28,"Ferret 1.jpg","pic"
"2086","35518",99,29,7,70,56,"Prison 2.jpg","pic"
"2087","35518",0,1,0,0,2,"Rainbow 2.jpg","pic"
"2088","35518",1,3,0,0,0,"Fireworks 6.jpg","pic"
"2089","35518",99,6,0,6,24,"Garbage dump 1.jpg","pic"
"2090","35518",100,21,1,0,44,"Flood 1.jpg","pic"
"2091","35518",0,2,0,0,2,"Rocks 1.jpg","pic"
"2092","35518",1,0,0,2,2,"Lake 12.jpg","pic"
"2093","35518",54,11,1,4,1,"Clean 1.jpg","pic"
"2094","35518",0,0,0,0,0,"Beach 1.jpg","pic"
"2095","35518",96,72,11,21,89,"Destruction 2.jpg","pic"
"2096","35518",40,29,2,41,95,"Toilet 4.jpg","pic"
"2097","35560",1,1,1,1,2,"Beach 1.jpg","pic"
"2098","35560",0,3,2,1,2,"Rainbow 2.jpg","pic"
"2099","35560",75,22,50,78,30,"Prison 2.jpg","pic"
"2100","35560",47,38,0,26,84,"Garbage dump 1.jpg","pic"
"2101","35560",0,1,1,2,1,"Snow 1.jpg","pic"
"2102","35560",2,1,2,25,1,"Dirt 1.jpg","pic"
"2103","35560",51,36,38,54,94,"Destruction 2.jpg","pic"
"2104","35560",35,0,36,25,1,"Toilet 4.jpg","pic"
"2105","35560",1,0,0,1,1,"Lake 12.jpg","pic"
"2106","35560",65,13,38,91,66,"Flood 1.jpg","pic"
"2107","35560",11,1,11,1,2,"Heart 3.jpg","pic"
"2108","35560",3,2,58,33,65,"Ferret 1.jpg","pic"
"2109","35560",2,1,1,1,1,"Rocks 1.jpg","pic"
"2110","35560",64,1,16,12,12,"Fire 10.jpg","pic"
"2111","35560",2,0,0,18,59,"Clean 1.jpg","pic"
"2112","35560",1,1,26,72,21,"Fireworks 6.jpg","pic"
"2113","35467",2,14,2,2,0,"Rainbow 2.jpg","pic"
"2114","35467",1,1,0,3,3,"Beach 1.jpg","pic"
"2115","35467",18,11,0,1,2,"Rocks 1.jpg","pic"
"2116","35467",1,22,62,14,12,"Ferret 1.jpg","pic"
"2117","35467",36,72,56,46,68,"Toilet 4.jpg","pic"
"2118","35467",1,2,2,2,1,"Fireworks 6.jpg","pic"
"2119","35467",65,56,43,62,83,"Destruction 2.jpg","pic"
"2120","35467",2,1,1,2,2,"Heart 3.jpg","pic"
"2121","35467",82,86,80,78,87,"Prison 2.jpg","pic"
"2122","35467",60,39,50,37,57,"Fire 10.jpg","pic"
"2123","35467",56,67,64,57,60,"Flood 1.jpg","pic"
"2124","35467",4,2,1,4,2,"Snow 1.jpg","pic"
"2125","35467",2,0,2,4,2,"Clean 1.jpg","pic"
"2126","35467",50,23,8,52,41,"Garbage dump 1.jpg","pic"
"2127","35467",1,1,2,2,3,"Lake 12.jpg","pic"
"2128","35467",3,2,11,36,95,"Dirt 1.jpg","pic"
"2129","35839",36,44,9,39,53,"Flood 1.jpg","pic"
"2130","35839",33,28,0,0,51,"Lake 12.jpg","pic"
"2131","35839",63,62,15,24,38,"Toilet 4.jpg","pic"
"2132","35839",0,1,26,14,0,"Fireworks 6.jpg","pic"
"2133","35839",49,30,11,9,26,"Ferret 1.jpg","pic"
"2134","35839",37,37,42,23,21,"Prison 2.jpg","pic"
"2135","35839",0,0,0,0,0,"Heart 3.jpg","pic"
"2136","35839",0,0,0,0,9,"Clean 1.jpg","pic"
"2137","35839",0,0,13,0,0,"Rainbow 2.jpg","pic"
"2138","35839",0,0,25,0,0,"Snow 1.jpg","pic"
"2139","35839",38,27,8,41,48,"Dirt 1.jpg","pic"
"2140","35839",0,0,11,0,3,"Beach 1.jpg","pic"
"2141","35839",13,15,0,31,16,"Garbage dump 1.jpg","pic"
"2142","35839",2,0,20,43,13,"Fire 10.jpg","pic"
"2143","35839",10,0,7,15,0,"Rocks 1.jpg","pic"
"2144","35839",65,57,31,49,53,"Destruction 2.jpg","pic"
"2145","36154",0,0,0,0,0,"Fireworks 6.jpg","pic"
"2146","36154",0,0,29,16,0,"Toilet 4.jpg","pic"
"2147","36154",0,0,0,2,0,"Fire 10.jpg","pic"
"2148","36154",0,1,0,0,15,"Destruction 2.jpg","pic"
"2149","36154",9,0,0,0,0,"Rocks 1.jpg","pic"
"2150","36154",0,0,0,0,0,"Beach 1.jpg","pic"
"2151","36154",0,0,5,10,0,"Rainbow 2.jpg","pic"
"2152","36154",1,0,0,0,0,"Lake 12.jpg","pic"
"2153","36154",58,20,30,36,20,"Prison 2.jpg","pic"
"2154","36154",0,0,0,0,0,"Ferret 1.jpg","pic"
"2155","36154",0,0,0,0,0,"Heart 3.jpg","pic"
"2156","36154",0,0,0,0,0,"Snow 1.jpg","pic"
"2157","36154",0,0,0,13,0,"Dirt 1.jpg","pic"
"2158","36154",12,34,10,2,21,"Flood 1.jpg","pic"
"2159","36154",18,28,36,8,50,"Garbage dump 1.jpg","pic"
"2160","36154",0,0,0,0,0,"Clean 1.jpg","pic"
"2161","35584",7,7,0,8,0,"Heart 3.jpg","pic"
"2162","35584",11,13,62,17,3,"Ferret 1.jpg","pic"
"2163","35584",25,21,87,70,50,"Toilet 4.jpg","pic"
"2164","35584",0,0,24,25,14,"Dirt 1.jpg","pic"
"2165","35584",0,0,7,9,0,"Beach 1.jpg","pic"
"2166","35584",0,0,5,6,0,"Snow 1.jpg","pic"
"2167","35584",69,66,82,60,23,"Flood 1.jpg","pic"
"2168","35584",0,0,0,14,0,"Lake 12.jpg","pic"
"2169","35584",58,54,72,63,35,"Destruction 2.jpg","pic"
"2170","35584",30,31,30,29,27,"Fireworks 6.jpg","pic"
"2171","35584",23,15,21,80,63,"Garbage dump 1.jpg","pic"
"2172","35584",3,1,9,4,0,"Clean 1.jpg","pic"
"2173","35584",1,1,1,3,0,"Rainbow 2.jpg","pic"
"2174","35584",26,25,91,83,84,"Prison 2.jpg","pic"
"2175","35584",27,16,94,76,87,"Fire 10.jpg","pic"
"2176","35584",4,4,3,5,0,"Rocks 1.jpg","pic"
"2177","36031",0,0,30,0,0,"Ferret 1.jpg","pic"
"2178","36031",10,100,80,20,100,"Garbage dump 1.jpg","pic"
"2179","36031",23,100,100,30,51,"Destruction 2.jpg","pic"
"2180","36031",0,0,9,25,0,"Fireworks 6.jpg","pic"
"2181","36031",0,0,0,0,0,"Clean 1.jpg","pic"
"2182","36031",0,0,20,20,0,"Lake 12.jpg","pic"
"2183","36031",20,100,100,20,100,"Fire 10.jpg","pic"
"2184","36031",60,75,100,100,50,"Prison 2.jpg","pic"
"2185","36031",10,10,0,0,0,"Snow 1.jpg","pic"
"2186","36031",20,0,20,0,0,"Rainbow 2.jpg","pic"
"2187","36031",0,0,0,0,0,"Rocks 1.jpg","pic"
"2188","36031",0,0,0,0,0,"Beach 1.jpg","pic"
"2189","36031",0,0,15,0,0,"Heart 3.jpg","pic"
"2190","36031",50,100,100,50,100,"Toilet 4.jpg","pic"
"2191","36031",0,90,100,100,50,"Flood 1.jpg","pic"
"2192","36031",0,0,0,0,0,"Dirt 1.jpg","pic"
"2193","32368",9,0,20,50,0,"11_10.mp3","music"
"2194","32368",0,0,0,0,0,"8_2.mp3","music"
"2195","32368",0,0,0,0,0,"6_10.mp3","music"
"2196","32368",52,15,46,32,7,"11_2.mp3","music"
"2197","32368",0,22,0,0,0,"2_1.mp3","music"
"2198","32368",14,36,0,0,0,"7_13.mp3","music"
"2199","32368",0,0,0,0,0,"10_2.mp3","music"
"2200","32368",0,23,0,0,0,"12_2.mp3","music"
"2201","32368",39,59,15,6,0,"11_11.mp3","music"
"2202","32368",33,0,35,85,26,"7_10.mp3","music"
"2203","32368",47,37,51,24,2,"5_14.mp3","music"
"2204","32368",0,0,0,0,0,"4_1.mp3","music"
"2205","32368",0,0,0,0,0,"6_5.mp3","music"
"2206","32368",61,87,0,4,13,"3_1.mp3","music"
"2207","32368",0,17,0,0,0,"10_1.mp3","music"
"2208","32368",36,39,11,3,14,"4_2.mp3","music"
"2209","32449",39,35,20,32,36,"5_14.mp3","music"
"2210","32449",20,20,8,18,7,"7_13.mp3","music"
"2211","32449",4,5,4,6,18,"10_1.mp3","music"
"2212","32449",17,1,4,8,3,"11_10.mp3","music"
"2213","32449",8,8,1,5,2,"2_1.mp3","music"
"2214","32449",2,7,2,2,2,"4_1.mp3","music"
"2215","32449",30,11,21,21,16,"7_10.mp3","music"
"2216","32449",1,2,3,4,2,"6_5.mp3","music"
"2217","32449",3,4,8,9,11,"11_11.mp3","music"
"2218","32449",7,19,2,7,3,"3_1.mp3","music"
"2219","32449",25,11,2,12,4,"11_2.mp3","music"
"2220","32449",0,3,1,1,2,"10_2.mp3","music"
"2221","32449",1,1,9,15,9,"6_10.mp3","music"
"2222","32449",0,0,0,11,4,"8_2.mp3","music"
"2223","32449",2,10,2,9,3,"12_2.mp3","music"
"2224","32449",5,8,2,9,3,"4_2.mp3","music"
"2225","31267",51,73,0,7,17,"3_1.mp3","music"
"2226","31267",9,20,88,82,22,"6_10.mp3","music"
"2227","31267",0,13,0,0,0,"2_1.mp3","music"
"2228","31267",0,0,0,0,0,"8_2.mp3","music"
"2229","31267",54,12,100,100,100,"7_10.mp3","music"
"2230","31267",0,1,0,0,0,"6_5.mp3","music"
"2231","31267",13,66,0,0,11,"11_11.mp3","music"
"2232","31267",0,0,0,0,0,"12_2.mp3","music"
"2233","31267",16,51,0,0,0,"7_13.mp3","music"
"2234","31267",11,65,0,0,0,"4_2.mp3","music"
"2235","31267",0,37,0,0,27,"4_1.mp3","music"
"2236","31267",0,0,0,13,0,"10_2.mp3","music"
"2237","31267",98,99,26,48,66,"5_14.mp3","music"
"2238","31267",52,0,76,87,0,"11_10.mp3","music"
"2239","31267",56,0,72,87,37,"11_2.mp3","music"
"2240","31267",10,77,0,10,9,"10_1.mp3","music"
"2241","31522",37,49,57,41,30,"4_1.mp3","music"
"2242","31522",16,25,26,29,10,"12_2.mp3","music"
"2243","31522",54,36,66,73,53,"11_2.mp3","music"
"2244","31522",12,26,20,21,4,"10_2.mp3","music"
"2245","31522",42,37,63,61,62,"7_10.mp3","music"
"2246","31522",16,16,17,16,11,"6_5.mp3","music"
"2247","31522",32,26,33,72,23,"10_1.mp3","music"
"2248","31522",79,74,24,65,73,"5_14.mp3","music"
"2249","31522",6,5,4,5,3,"7_13.mp3","music"
"2250","31522",0,3,0,0,0,"8_2.mp3","music"
"2251","31522",3,5,60,49,28,"11_10.mp3","music"
"2252","31522",3,3,3,2,3,"2_1.mp3","music"
"2253","31522",84,42,61,84,46,"3_1.mp3","music"
"2254","31522",17,12,15,26,19,"4_2.mp3","music"
"2255","31522",11,61,76,71,58,"11_11.mp3","music"
"2256","31522",48,23,72,100,71,"6_10.mp3","music"
"2257","29986",2,36,0,0,0,"5_14.mp3","music"
"2258","29986",2,7,0,0,0,"10_1.mp3","music"
"2259","29986",0,0,0,0,0,"10_2.mp3","music"
"2260","29986",0,0,0,0,0,"4_1.mp3","music"
"2261","29986",18,0,5,11,0,"11_10.mp3","music"
"2262","29986",8,0,0,0,4,"6_5.mp3","music"
"2263","29986",3,0,31,30,0,"7_10.mp3","music"
"2264","29986",0,0,0,0,0,"12_2.mp3","music"
"2265","29986",0,0,0,0,0,"8_2.mp3","music"
"2266","29986",0,0,0,0,0,"2_1.mp3","music"
"2267","29986",0,30,0,0,0,"4_2.mp3","music"
"2268","29986",0,0,0,0,0,"11_11.mp3","music"
"2269","29986",17,7,4,9,0,"11_2.mp3","music"
"2270","29986",16,25,0,0,5,"3_1.mp3","music"
"2271","29986",0,9,0,0,10,"7_13.mp3","music"
"2272","29986",1,0,0,12,0,"6_10.mp3","music"
"2273","30388",0,0,84,53,0,"7_10.mp3","music"
"2274","30388",0,0,0,0,0,"10_2.mp3","music"
"2275","30388",0,0,0,0,0,"4_1.mp3","music"
"2276","30388",0,0,0,0,0,"8_2.mp3","music"
"2277","30388",0,0,0,0,0,"6_5.mp3","music"
"2278","30388",0,0,0,0,0,"3_1.mp3","music"
"2279","30388",6,0,0,0,0,"11_11.mp3","music"
"2280","30388",5,0,0,0,0,"4_2.mp3","music"
"2281","30388",0,0,0,12,0,"6_10.mp3","music"
"2282","30388",0,0,0,0,0,"7_13.mp3","music"
"2283","30388",0,0,0,0,0,"2_1.mp3","music"
"2284","30388",0,0,0,0,0,"12_2.mp3","music"
"2285","30388",20,0,0,0,0,"11_2.mp3","music"
"2286","30388",0,0,0,0,0,"11_10.mp3","music"
"2287","30388",0,0,0,0,0,"10_1.mp3","music"
"2288","30388",0,20,0,0,0,"5_14.mp3","music"
"2289","31279",0,6,3,0,11,"10_1.mp3","music"
"2290","31279",82,42,0,0,84,"11_11.mp3","music"
"2291","31279",0,0,10,18,1,"6_5.mp3","music"
"2292","31279",54,16,0,0,26,"7_13.mp3","music"
"2293","31279",74,0,100,100,87,"7_10.mp3","music"
"2294","31279",63,17,70,50,76,"6_10.mp3","music"
"2295","31279",79,75,1,12,77,"5_14.mp3","music"
"2296","31279",0,0,12,4,1,"8_2.mp3","music"
"2297","31279",82,56,53,73,84,"11_2.mp3","music"
"2298","31279",16,21,21,31,23,"12_2.mp3","music"
"2299","31279",0,0,0,0,0,"10_2.mp3","music"
"2300","31279",0,0,0,0,0,"4_1.mp3","music"
"2301","31279",74,67,0,0,63,"2_1.mp3","music"
"2302","31279",61,43,0,0,52,"4_2.mp3","music"
"2303","31279",61,0,74,69,56,"11_10.mp3","music"
"2304","31279",98,86,0,0,88,"3_1.mp3","music"
"2305","32551",19,78,5,3,55,"2_1.mp3","music"
"2306","32551",75,48,24,3,46,"5_14.mp3","music"
"2307","32551",42,25,61,63,55,"11_11.mp3","music"
"2308","32551",16,14,46,78,1,"11_10.mp3","music"
"2309","32551",54,95,3,13,79,"3_1.mp3","music"
"2310","32551",1,4,3,38,7,"6_5.mp3","music"
"2311","32551",5,3,2,3,3,"10_1.mp3","music"
"2312","32551",11,55,3,1,57,"7_13.mp3","music"
"2313","32551",1,1,2,47,8,"8_2.mp3","music"
"2314","32551",20,30,69,87,53,"7_10.mp3","music"
"2315","32551",0,1,1,14,4,"10_2.mp3","music"
"2316","32551",1,2,2,27,13,"4_1.mp3","music"
"2317","32551",2,5,42,78,11,"6_10.mp3","music"
"2318","32551",2,2,1,2,2,"12_2.mp3","music"
"2319","32551",40,47,2,1,45,"4_2.mp3","music"
"2320","32551",17,15,60,80,32,"11_2.mp3","music"
"2321","32569",0,0,0,0,0,"8_2.mp3","music"
"2322","32569",0,0,0,0,0,"4_1.mp3","music"
"2323","32569",0,0,0,0,0,"4_2.mp3","music"
"2324","32569",0,0,0,0,0,"12_2.mp3","music"
"2325","32569",0,0,0,0,0,"10_1.mp3","music"
"2326","32569",0,0,0,0,16,"11_11.mp3","music"
"2327","32569",0,0,0,0,0,"3_1.mp3","music"
"2328","32569",0,0,0,0,0,"5_14.mp3","music"
"2329","32569",0,0,0,0,0,"6_5.mp3","music"
"2330","32569",0,0,0,0,0,"7_13.mp3","music"
"2331","32569",0,0,0,0,0,"10_2.mp3","music"
"2332","32569",0,0,0,0,0,"11_2.mp3","music"
"2333","32569",0,0,0,0,0,"6_10.mp3","music"
"2334","32569",0,0,0,0,0,"2_1.mp3","music"
"2335","32569",0,0,0,0,0,"11_10.mp3","music"
"2336","32569",0,0,19,0,0,"7_10.mp3","music"
"2337","32299",0,0,0,0,0,"10_2.mp3","music"
"2338","32299",20,0,50,40,0,"6_10.mp3","music"
"2339","32299",30,30,0,0,0,"2_1.mp3","music"
"2340","32299",0,0,0,0,0,"8_2.mp3","music"
"2341","32299",50,0,75,75,20,"11_2.mp3","music"
"2342","32299",20,0,30,40,0,"11_10.mp3","music"
"2343","32299",70,0,100,90,0,"7_10.mp3","music"
"2344","32299",0,0,0,0,0,"7_13.mp3","music"
"2345","32299",75,30,0,0,0,"3_1.mp3","music"
"2346","32299",0,40,0,0,20,"4_2.mp3","music"
"2347","32299",0,0,0,0,0,"6_5.mp3","music"
"2348","32299",60,50,0,15,0,"5_14.mp3","music"
"2349","32299",0,0,0,0,0,"10_1.mp3","music"
"2350","32299",0,0,0,0,0,"4_1.mp3","music"
"2351","32299",75,75,20,0,0,"11_11.mp3","music"
"2352","32299",0,0,0,0,0,"12_2.mp3","music"
"2353","30766",10,10,0,0,0,"4_2.mp3","music"
"2354","30766",25,0,0,0,0,"7_13.mp3","music"
"2355","30766",0,0,0,0,0,"6_5.mp3","music"
"2356","30766",0,0,0,0,0,"11_2.mp3","music"
"2357","30766",0,0,0,0,0,"12_2.mp3","music"
"2358","30766",0,0,0,0,0,"2_1.mp3","music"
"2359","30766",0,0,0,0,0,"6_10.mp3","music"
"2360","30766",0,0,0,0,0,"4_1.mp3","music"
"2361","30766",0,0,0,0,0,"8_2.mp3","music"
"2362","30766",0,0,0,0,0,"10_2.mp3","music"
"2363","30766",0,0,0,0,0,"10_1.mp3","music"
"2364","30766",30,5,0,0,0,"3_1.mp3","music"
"2365","30766",0,0,0,0,0,"11_10.mp3","music"
"2366","30766",5,10,0,0,0,"11_11.mp3","music"
"2367","30766",0,0,0,5,100,"7_10.mp3","music"
"2368","30766",45,5,0,0,5,"5_14.mp3","music"
"2369","30916",1,2,1,1,2,"8_2.mp3","music"
"2370","30916",8,15,13,11,14,"4_1.mp3","music"
"2371","30916",29,20,1,17,19,"3_1.mp3","music"
"2372","30916",19,30,19,5,9,"5_14.mp3","music"
"2373","30916",14,13,13,12,25,"10_1.mp3","music"
"2374","30916",18,18,48,28,16,"7_10.mp3","music"
"2375","30916",6,6,16,6,17,"10_2.mp3","music"
"2376","30916",5,6,6,2,17,"2_1.mp3","music"
"2377","30916",28,23,3,7,0,"11_11.mp3","music"
"2378","30916",14,57,3,9,2,"4_2.mp3","music"
"2379","30916",46,27,1,3,9,"7_13.mp3","music"
"2380","30916",21,35,6,1,13,"11_2.mp3","music"
"2381","30916",10,10,7,14,3,"6_10.mp3","music"
"2382","30916",0,0,0,0,4,"12_2.mp3","music"
"2383","30916",4,1,6,13,11,"11_10.mp3","music"
"2384","30916",0,1,0,19,3,"6_5.mp3","music"
"2385","31711",13,1,15,27,13,"11_10.mp3","music"
"2386","31711",15,22,33,27,12,"8_2.mp3","music"
"2387","31711",4,13,4,20,19,"4_1.mp3","music"
"2388","31711",8,6,25,28,0,"12_2.mp3","music"
"2389","31711",1,10,2,13,5,"5_14.mp3","music"
"2390","31711",12,25,11,31,2,"3_1.mp3","music"
"2391","31711",29,7,2,13,0,"2_1.mp3","music"
"2392","31711",8,6,9,8,8,"6_5.mp3","music"
"2393","31711",24,32,13,19,2,"11_11.mp3","music"
"2394","31711",5,8,3,6,2,"6_10.mp3","music"
"2395","31711",16,11,7,16,21,"10_1.mp3","music"
"2396","31711",6,1,9,6,17,"7_13.mp3","music"
"2397","31711",10,5,2,13,1,"4_2.mp3","music"
"2398","31711",3,5,16,5,5,"10_2.mp3","music"
"2399","31711",28,0,53,51,47,"7_10.mp3","music"
"2400","31711",9,6,3,10,8,"11_2.mp3","music"
"2401","30475",0,0,0,10,0,"11_2.mp3","music"
"2402","30475",0,0,0,0,0,"10_2.mp3","music"
"2403","30475",0,0,0,0,0,"10_1.mp3","music"
"2404","30475",10,0,0,0,0,"2_1.mp3","music"
"2405","30475",10,30,0,0,5,"3_1.mp3","music"
"2406","30475",0,0,0,0,0,"4_1.mp3","music"
"2407","30475",0,0,2,20,0,"8_2.mp3","music"
"2408","30475",5,0,0,0,0,"7_13.mp3","music"
"2409","30475",0,0,0,0,0,"12_2.mp3","music"
"2410","30475",20,30,0,0,20,"11_11.mp3","music"
"2411","30475",0,0,5,30,0,"6_10.mp3","music"
"2412","30475",0,0,0,5,0,"6_5.mp3","music"
"2413","30475",5,5,0,20,5,"5_14.mp3","music"
"2414","30475",0,0,0,0,0,"4_2.mp3","music"
"2415","30475",5,0,15,35,0,"7_10.mp3","music"
"2416","30475",0,0,5,25,0,"11_10.mp3","music"
"2417","30880",26,8,0,12,0,"5_14.mp3","music"
"2418","30880",0,0,0,39,0,"11_2.mp3","music"
"2419","30880",0,0,0,14,0,"10_2.mp3","music"
"2420","30880",11,0,9,42,0,"11_10.mp3","music"
"2421","30880",8,10,0,4,0,"10_1.mp3","music"
"2422","30880",19,25,0,8,0,"4_2.mp3","music"
"2423","30880",0,2,0,14,0,"11_11.mp3","music"
"2424","30880",0,0,8,58,0,"6_10.mp3","music"
"2425","30880",0,0,0,11,0,"8_2.mp3","music"
"2426","30880",4,9,0,0,0,"3_1.mp3","music"
"2427","30880",0,0,0,4,0,"12_2.mp3","music"
"2428","30880",33,15,0,13,19,"7_13.mp3","music"
"2429","30880",0,0,0,0,0,"4_1.mp3","music"
"2430","30880",11,0,63,61,0,"7_10.mp3","music"
"2431","30880",18,12,0,9,0,"2_1.mp3","music"
"2432","30880",0,0,0,3,0,"6_5.mp3","music"
"2433","32848",12,30,0,20,15,"4_1.mp3","music"
"2434","32848",12,12,63,67,50,"6_10.mp3","music"
"2435","32848",17,23,1,5,13,"4_2.mp3","music"
"2436","32848",3,2,2,5,1,"8_2.mp3","music"
"2437","32848",28,32,0,0,45,"12_2.mp3","music"
"2438","32848",41,55,1,8,38,"10_1.mp3","music"
"2439","32848",58,54,27,52,53,"11_2.mp3","music"
"2440","32848",4,2,47,42,4,"11_10.mp3","music"
"2441","32848",91,90,17,22,88,"3_1.mp3","music"
"2442","32848",25,14,1,12,30,"2_1.mp3","music"
"2443","32848",59,55,0,6,66,"7_13.mp3","music"
"2444","32848",2,0,1,6,0,"10_2.mp3","music"
"2445","32848",59,63,4,4,57,"5_14.mp3","music"
"2446","32848",2,0,0,5,4,"6_5.mp3","music"
"2447","32848",80,86,11,32,79,"11_11.mp3","music"
"2448","32848",15,14,78,79,31,"7_10.mp3","music"
"2449","31168",37,0,35,48,0,"11_2.mp3","music"
"2450","31168",38,37,0,33,23,"11_11.mp3","music"
"2451","31168",0,0,23,0,0,"10_2.mp3","music"
"2452","31168",33,44,0,0,46,"7_13.mp3","music"
"2453","31168",11,0,62,67,17,"6_10.mp3","music"
"2454","31168",7,14,48,72,18,"10_1.mp3","music"
"2455","31168",28,8,33,73,0,"4_1.mp3","music"
"2456","31168",9,0,57,57,8,"11_10.mp3","music"
"2457","31168",0,0,11,36,0,"8_2.mp3","music"
"2458","31168",64,38,0,0,44,"12_2.mp3","music"
"2459","31168",19,0,100,100,62,"7_10.mp3","music"
"2460","31168",84,41,7,22,55,"5_14.mp3","music"
"2461","31168",100,100,0,16,34,"4_2.mp3","music"
"2462","31168",100,70,11,0,86,"3_1.mp3","music"
"2463","31168",28,18,0,0,40,"2_1.mp3","music"
"2464","31168",0,0,0,64,0,"6_5.mp3","music"
"2465","31669",55,47,20,35,30,"11_11.mp3","music"
"2466","31669",25,30,36,32,34,"12_2.mp3","music"
"2467","31669",32,41,61,83,48,"6_10.mp3","music"
"2468","31669",20,26,20,27,25,"10_2.mp3","music"
"2469","31669",46,56,55,50,48,"5_14.mp3","music"
"2470","31669",33,37,46,44,38,"11_10.mp3","music"
"2471","31669",64,20,35,22,45,"7_13.mp3","music"
"2472","31669",36,20,52,52,36,"6_5.mp3","music"
"2473","31669",32,76,47,39,32,"4_2.mp3","music"
"2474","31669",61,37,50,26,35,"2_1.mp3","music"
"2475","31669",33,30,52,48,31,"11_2.mp3","music"
"2476","31669",32,27,27,41,31,"4_1.mp3","music"
"2477","31669",42,31,34,69,43,"8_2.mp3","music"
"2478","31669",45,28,50,24,31,"10_1.mp3","music"
"2479","31669",54,59,28,14,17,"3_1.mp3","music"
"2480","31669",14,17,78,87,73,"7_10.mp3","music"
"2481","31981",58,51,53,50,44,"12_2.mp3","music"
"2482","31981",50,30,37,49,71,"8_2.mp3","music"
"2483","31981",48,41,44,29,52,"11_10.mp3","music"
"2484","31981",43,52,50,31,49,"4_1.mp3","music"
"2485","31981",55,53,75,55,57,"2_1.mp3","music"
"2486","31981",56,63,68,60,61,"6_5.mp3","music"
"2487","31981",38,33,44,32,10,"11_11.mp3","music"
"2488","31981",44,48,47,44,51,"11_2.mp3","music"
"2489","31981",47,54,51,34,41,"7_10.mp3","music"
"2490","31981",39,41,57,42,43,"5_14.mp3","music"
"2491","31981",36,46,41,41,51,"6_10.mp3","music"
"2492","31981",49,52,60,40,57,"7_13.mp3","music"
"2493","31981",69,43,48,47,24,"10_2.mp3","music"
"2494","31981",44,49,54,38,22,"3_1.mp3","music"
"2495","31981",53,33,56,40,64,"4_2.mp3","music"
"2496","31981",62,26,67,57,30,"10_1.mp3","music"
"2497","29974",69,66,3,48,31,"4_2.mp3","music"
"2498","29974",2,0,1,2,2,"10_2.mp3","music"
"2499","29974",3,1,31,0,2,"8_2.mp3","music"
"2500","29974",56,94,5,56,11,"10_1.mp3","music"
"2501","29974",19,51,13,46,9,"12_2.mp3","music"
"2502","29974",61,90,1,60,52,"11_11.mp3","music"
"2503","29974",65,74,17,67,16,"2_1.mp3","music"
"2504","29974",43,11,78,76,74,"6_10.mp3","music"
"2505","29974",54,3,93,66,95,"11_10.mp3","music"
"2506","29974",0,0,0,74,0,"6_5.mp3","music"
"2507","29974",99,100,100,69,0,"11_2.mp3","music"
"2508","29974",82,79,0,26,0,"7_13.mp3","music"
"2509","29974",44,0,0,63,0,"4_1.mp3","music"
"2510","29974",100,100,0,75,10,"5_14.mp3","music"
"2511","29974",100,70,100,100,100,"7_10.mp3","music"
"2512","29974",100,100,15,0,0,"3_1.mp3","music"
"2513","31723",0,0,0,5,0,"6_5.mp3","music"
"2514","31723",0,0,0,0,0,"10_2.mp3","music"
"2515","31723",10,0,10,30,0,"6_10.mp3","music"
"2516","31723",30,45,0,25,35,"4_2.mp3","music"
"2517","31723",40,15,35,20,20,"7_10.mp3","music"
"2518","31723",0,0,0,0,0,"8_2.mp3","music"
"2519","31723",0,0,0,0,0,"4_1.mp3","music"
"2520","31723",20,50,0,10,10,"3_1.mp3","music"
"2521","31723",0,40,0,15,10,"5_14.mp3","music"
"2522","31723",30,50,0,10,0,"7_13.mp3","music"
"2523","31723",10,50,10,25,30,"2_1.mp3","music"
"2524","31723",20,10,0,10,0,"12_2.mp3","music"
"2525","31723",10,35,10,20,20,"11_2.mp3","music"
"2526","31723",0,0,0,0,0,"10_1.mp3","music"
"2527","31723",0,50,0,5,0,"11_11.mp3","music"
"2528","31723",0,0,0,0,0,"11_10.mp3","music"
"2529","30007",13,6,10,6,6,"2_1.mp3","music"
"2530","30007",13,27,6,3,18,"10_2.mp3","music"
"2531","30007",19,31,2,18,5,"3_1.mp3","music"
"2532","30007",17,19,23,16,21,"8_2.mp3","music"
"2533","30007",17,17,10,9,8,"4_1.mp3","music"
"2534","30007",6,21,7,7,13,"10_1.mp3","music"
"2535","30007",3,7,18,7,8,"11_2.mp3","music"
"2536","30007",10,10,30,15,25,"6_5.mp3","music"
"2537","30007",38,12,63,42,6,"7_10.mp3","music"
"2538","30007",29,8,25,35,9,"11_10.mp3","music"
"2539","30007",16,16,17,20,22,"4_2.mp3","music"
"2540","30007",10,15,12,12,9,"12_2.mp3","music"
"2541","30007",10,9,9,12,9,"7_13.mp3","music"
"2542","30007",10,10,7,7,9,"5_14.mp3","music"
"2543","30007",15,15,12,34,12,"6_10.mp3","music"
"2544","30007",15,25,24,19,35,"11_11.mp3","music"
"2545","32635",75,71,51,70,61,"3_1.mp3","music"
"2546","32635",59,63,51,48,67,"11_10.mp3","music"
"2547","32635",10,96,12,15,44,"12_2.mp3","music"
"2548","32635",13,32,76,84,47,"6_10.mp3","music"
"2549","32635",51,63,25,25,34,"4_2.mp3","music"
"2550","32635",24,7,10,14,18,"4_1.mp3","music"
"2551","32635",78,5,97,95,54,"7_10.mp3","music"
"2552","32635",13,28,14,11,22,"10_2.mp3","music"
"2553","32635",52,73,2,41,58,"11_11.mp3","music"
"2554","32635",7,22,41,9,61,"10_1.mp3","music"
"2555","32635",20,6,27,75,4,"6_5.mp3","music"
"2556","32635",6,11,9,42,7,"8_2.mp3","music"
"2557","32635",75,76,68,67,65,"11_2.mp3","music"
"2558","32635",88,97,11,73,94,"5_14.mp3","music"
"2559","32635",44,39,40,25,67,"2_1.mp3","music"
"2560","32635",48,78,9,38,61,"7_13.mp3","music"
"2561","30814",20,25,0,20,20,"12_2.mp3","music"
"2562","30814",0,10,0,0,50,"11_11.mp3","music"
"2563","30814",70,65,50,60,50,"3_1.mp3","music"
"2564","30814",10,0,0,10,60,"10_1.mp3","music"
"2565","30814",0,0,0,1,30,"7_13.mp3","music"
"2566","30814",0,0,40,51,0,"6_10.mp3","music"
"2567","30814",60,51,60,50,50,"5_14.mp3","music"
"2568","30814",0,0,0,7,0,"4_1.mp3","music"
"2569","30814",25,25,25,50,20,"11_2.mp3","music"
"2570","30814",50,50,50,51,50,"7_10.mp3","music"
"2571","30814",0,0,49,49,0,"10_2.mp3","music"
"2572","30814",35,23,0,50,0,"2_1.mp3","music"
"2573","30814",30,15,2,1,20,"4_2.mp3","music"
"2574","30814",0,0,70,70,0,"11_10.mp3","music"
"2575","30814",50,40,50,30,0,"6_5.mp3","music"
"2576","30814",60,0,0,20,0,"8_2.mp3","music"
"2577","29887",0,0,0,0,0,"10_1.mp3","music"
"2578","29887",8,0,0,0,0,"4_2.mp3","music"
"2579","29887",0,0,0,0,0,"6_5.mp3","music"
"2580","29887",0,0,14,67,3,"7_10.mp3","music"
"2581","29887",0,0,0,0,0,"8_2.mp3","music"
"2582","29887",0,0,0,0,0,"10_2.mp3","music"
"2583","29887",0,0,0,0,0,"12_2.mp3","music"
"2584","29887",15,0,0,0,0,"11_11.mp3","music"
"2585","29887",5,0,0,0,0,"7_13.mp3","music"
"2586","29887",0,0,0,23,0,"6_10.mp3","music"
"2587","29887",38,13,0,0,17,"3_1.mp3","music"
"2588","29887",24,0,0,0,0,"2_1.mp3","music"
"2589","29887",0,0,0,9,0,"4_1.mp3","music"
"2590","29887",0,0,5,22,0,"11_10.mp3","music"
"2591","29887",0,0,0,7,0,"11_2.mp3","music"
"2592","29887",45,4,0,14,0,"5_14.mp3","music"
"2593","29944",0,0,0,0,0,"10_2.mp3","music"
"2594","29944",0,0,0,0,0,"3_1.mp3","music"
"2595","29944",0,0,0,0,0,"6_10.mp3","music"
"2596","29944",0,0,0,0,0,"4_1.mp3","music"
"2597","29944",0,0,0,0,0,"8_2.mp3","music"
"2598","29944",15,0,0,0,0,"7_10.mp3","music"
"2599","29944",10,0,0,0,0,"11_10.mp3","music"
"2600","29944",0,0,0,0,0,"10_1.mp3","music"
"2601","29944",10,0,0,0,0,"5_14.mp3","music"
"2602","29944",0,0,0,0,0,"6_5.mp3","music"
"2603","29944",10,0,0,0,0,"11_11.mp3","music"
"2604","29944",0,0,0,0,0,"11_2.mp3","music"
"2605","29944",0,10,0,0,0,"12_2.mp3","music"
"2606","29944",0,15,0,0,0,"2_1.mp3","music"
"2607","29944",0,0,0,0,0,"7_13.mp3","music"
"2608","29944",0,20,0,0,10,"4_2.mp3","music"
"2609","31132",0,0,28,25,36,"8_2.mp3","music"
"2610","31132",33,10,0,0,60,"3_1.mp3","music"
"2611","31132",0,0,0,0,0,"10_2.mp3","music"
"2612","31132",31,6,5,3,2,"11_11.mp3","music"
"2613","31132",83,77,0,29,84,"5_14.mp3","music"
"2614","31132",83,92,68,84,100,"6_10.mp3","music"
"2615","31132",0,0,0,0,2,"2_1.mp3","music"
"2616","31132",1,4,4,1,2,"10_1.mp3","music"
"2617","31132",1,3,3,1,3,"4_2.mp3","music"
"2618","31132",6,7,7,7,7,"12_2.mp3","music"
"2619","31132",28,27,30,29,72,"11_2.mp3","music"
"2620","31132",67,63,38,71,61,"6_5.mp3","music"
"2621","31132",22,38,37,19,44,"7_13.mp3","music"
"2622","31132",54,34,59,47,64,"4_1.mp3","music"
"2623","31132",23,23,59,9,66,"11_10.mp3","music"
"2624","31132",100,71,98,100,100,"7_10.mp3","music"
"2625","30064",20,6,0,0,0,"7_13.mp3","music"
"2626","30064",15,30,0,0,5,"4_2.mp3","music"
"2627","30064",25,60,0,0,5,"3_1.mp3","music"
"2628","30064",0,0,20,0,0,"10_1.mp3","music"
"2629","30064",12,38,0,0,0,"12_2.mp3","music"
"2630","30064",14,30,10,5,0,"2_1.mp3","music"
"2631","30064",5,5,76,60,50,"6_10.mp3","music"
"2632","30064",20,14,40,8,22,"4_1.mp3","music"
"2633","30064",50,0,98,100,50,"7_10.mp3","music"
"2634","30064",10,6,100,100,30,"11_10.mp3","music"
"2635","30064",4,0,10,10,0,"8_2.mp3","music"
"2636","30064",5,0,15,55,17,"6_5.mp3","music"
"2637","30064",40,100,10,45,25,"5_14.mp3","music"
"2638","30064",30,50,30,0,0,"11_11.mp3","music"
"2639","30064",0,0,6,10,0,"10_2.mp3","music"
"2640","30064",5,40,100,100,45,"11_2.mp3","music"
"2641","32392",0,0,0,3,0,"10_2.mp3","music"
"2642","32392",3,8,0,0,7,"12_2.mp3","music"
"2643","32392",0,0,0,0,0,"8_2.mp3","music"
"2644","32392",0,1,0,0,0,"6_5.mp3","music"
"2645","32392",1,9,0,0,0,"4_2.mp3","music"
"2646","32392",0,10,0,4,1,"4_1.mp3","music"
"2647","32392",15,0,0,0,0,"3_1.mp3","music"
"2648","32392",0,0,0,2,0,"11_2.mp3","music"
"2649","32392",0,0,0,0,0,"11_10.mp3","music"
"2650","32392",11,1,5,6,0,"7_10.mp3","music"
"2651","32392",7,9,0,0,0,"5_14.mp3","music"
"2652","32392",0,13,4,0,0,"2_1.mp3","music"
"2653","32392",19,20,0,1,0,"7_13.mp3","music"
"2654","32392",6,8,0,0,9,"10_1.mp3","music"
"2655","32392",0,6,2,0,14,"6_10.mp3","music"
"2656","32392",9,9,0,13,4,"11_11.mp3","music"
"2657","32875",19,42,0,18,41,"3_1.mp3","music"
"2658","32875",25,38,0,8,28,"2_1.mp3","music"
"2659","32875",10,0,24,35,0,"6_10.mp3","music"
"2660","32875",22,26,0,13,16,"12_2.mp3","music"
"2661","32875",11,31,0,6,22,"10_1.mp3","music"
"2662","32875",35,41,0,37,40,"11_2.mp3","music"
"2663","32875",34,33,13,20,37,"5_14.mp3","music"
"2664","32875",21,45,0,7,47,"7_13.mp3","music"
"2665","32875",0,2,71,43,0,"11_10.mp3","music"
"2666","32875",0,0,0,0,0,"10_2.mp3","music"
"2667","32875",0,0,0,0,0,"8_2.mp3","music"
"2668","32875",0,26,0,11,17,"11_11.mp3","music"
"2669","32875",0,0,0,8,0,"4_1.mp3","music"
"2670","32875",64,30,92,78,24,"7_10.mp3","music"
"2671","32875",0,6,36,70,0,"6_5.mp3","music"
"2672","32875",0,19,0,4,3,"4_2.mp3","music"
"2673","31654",17,20,0,35,0,"12_2.mp3","music"
"2674","31654",81,50,40,69,0,"5_14.mp3","music"
"2675","31654",12,15,3,46,0,"2_1.mp3","music"
"2676","31654",12,11,6,20,4,"7_13.mp3","music"
"2677","31654",20,26,29,72,23,"10_1.mp3","music"
"2678","31654",4,11,4,4,4,"4_2.mp3","music"
"2679","31654",0,0,17,40,8,"4_1.mp3","music"
"2680","31654",22,20,0,5,0,"3_1.mp3","music"
"2681","31654",4,5,13,27,10,"8_2.mp3","music"
"2682","31654",10,19,37,43,12,"10_2.mp3","music"
"2683","31654",5,9,24,14,10,"6_5.mp3","music"
"2684","31654",66,8,79,94,71,"7_10.mp3","music"
"2685","31654",77,23,28,69,5,"11_2.mp3","music"
"2686","31654",3,7,47,60,4,"11_10.mp3","music"
"2687","31654",40,18,23,39,17,"11_11.mp3","music"
"2688","31654",42,7,47,77,27,"6_10.mp3","music"
"2689","32791",36,71,0,0,0,"4_2.mp3","music"
"2690","32791",66,17,0,0,42,"7_13.mp3","music"
"2691","32791",0,0,0,0,0,"6_5.mp3","music"
"2692","32791",0,0,0,14,0,"11_10.mp3","music"
"2693","32791",31,11,0,0,0,"11_2.mp3","music"
"2694","32791",0,0,0,1,0,"2_1.mp3","music"
"2695","32791",36,13,0,0,2,"11_11.mp3","music"
"2696","32791",0,0,0,0,0,"8_2.mp3","music"
"2697","32791",0,38,0,0,1,"10_1.mp3","music"
"2698","32791",30,8,38,0,33,"6_10.mp3","music"
"2699","32791",21,47,0,0,28,"3_1.mp3","music"
"2700","32791",0,29,0,0,0,"12_2.mp3","music"
"2701","32791",0,0,0,0,0,"10_2.mp3","music"
"2702","32791",17,19,100,81,0,"7_10.mp3","music"
"2703","32791",12,0,0,0,0,"5_14.mp3","music"
"2704","32791",0,0,0,0,0,"4_1.mp3","music"
"2705","32854",2,6,3,3,1,"10_2.mp3","music"
"2706","32854",1,1,2,9,0,"4_2.mp3","music"
"2707","32854",8,19,9,12,2,"10_1.mp3","music"
"2708","32854",83,14,92,91,44,"7_10.mp3","music"
"2709","32854",20,19,23,17,47,"2_1.mp3","music"
"2710","32854",19,14,2,49,22,"6_5.mp3","music"
"2711","32854",7,7,5,11,11,"8_2.mp3","music"
"2712","32854",76,44,47,79,1,"11_10.mp3","music"
"2713","32854",24,28,1,24,1,"5_14.mp3","music"
"2714","32854",7,8,7,8,12,"4_1.mp3","music"
"2715","32854",0,1,3,3,4,"7_13.mp3","music"
"2716","32854",15,10,11,17,16,"11_11.mp3","music"
"2717","32854",9,7,5,12,10,"12_2.mp3","music"
"2718","32854",27,89,5,42,78,"3_1.mp3","music"
"2719","32854",4,81,3,93,0,"6_10.mp3","music"
"2720","32854",81,2,2,85,29,"11_2.mp3","music"
"2721","31621",32,36,0,4,0,"4_2.mp3","music"
"2722","31621",1,2,2,2,3,"10_2.mp3","music"
"2723","31621",1,21,0,0,1,"11_2.mp3","music"
"2724","31621",9,16,1,0,18,"2_1.mp3","music"
"2725","31621",1,2,0,0,3,"4_1.mp3","music"
"2726","31621",0,0,0,1,1,"6_5.mp3","music"
"2727","31621",1,0,0,1,2,"11_10.mp3","music"
"2728","31621",0,2,1,0,2,"10_1.mp3","music"
"2729","31621",15,38,1,0,6,"11_11.mp3","music"
"2730","31621",1,16,1,2,0,"5_14.mp3","music"
"2731","31621",0,2,0,0,0,"8_2.mp3","music"
"2732","31621",1,22,0,0,10,"7_13.mp3","music"
"2733","31621",0,21,0,1,1,"3_1.mp3","music"
"2734","31621",21,0,30,36,0,"7_10.mp3","music"
"2735","31621",7,1,7,36,0,"6_10.mp3","music"
"2736","31621",8,4,5,0,3,"12_2.mp3","music"
"2737","32395",11,30,72,93,51,"11_10.mp3","music"
"2738","32395",17,26,9,26,8,"10_2.mp3","music"
"2739","32395",71,77,47,54,65,"2_1.mp3","music"
"2740","32395",15,22,54,72,22,"6_10.mp3","music"
"2741","32395",90,83,73,99,81,"7_10.mp3","music"
"2742","32395",17,68,11,16,49,"12_2.mp3","music"
"2743","32395",16,8,11,18,10,"8_2.mp3","music"
"2744","32395",9,47,33,41,35,"4_1.mp3","music"
"2745","32395",85,84,45,90,70,"11_2.mp3","music"
"2746","32395",73,85,8,54,93,"4_2.mp3","music"
"2747","32395",50,50,19,79,51,"3_1.mp3","music"
"2748","32395",48,84,10,18,51,"7_13.mp3","music"
"2749","32395",99,35,3,76,51,"5_14.mp3","music"
"2750","32395",8,10,16,10,12,"10_1.mp3","music"
"2751","32395",51,50,15,50,80,"11_11.mp3","music"
"2752","32395",16,6,44,97,8,"6_5.mp3","music"
"2753","32617",3,2,2,1,2,"11_10.mp3","music"
"2754","32617",2,2,1,2,2,"4_1.mp3","music"
"2755","32617",25,48,3,4,23,"7_13.mp3","music"
"2756","32617",32,46,2,3,37,"11_11.mp3","music"
"2757","32617",2,5,20,20,20,"11_2.mp3","music"
"2758","32617",6,4,4,3,2,"8_2.mp3","music"
"2759","32617",4,3,4,4,2,"10_1.mp3","music"
"2760","32617",34,42,3,13,35,"2_1.mp3","music"
"2761","32617",32,54,15,29,65,"5_14.mp3","music"
"2762","32617",33,22,4,4,42,"12_2.mp3","music"
"2763","32617",3,3,8,2,2,"6_5.mp3","music"
"2764","32617",46,20,6,10,44,"3_1.mp3","music"
"2765","32617",57,34,7,21,53,"4_2.mp3","music"
"2766","32617",27,2,89,95,48,"7_10.mp3","music"
"2767","32617",11,3,18,70,31,"6_10.mp3","music"
"2768","32617",14,8,4,7,6,"10_2.mp3","music"
"2769","30022",0,0,0,0,0,"6_5.mp3","music"
"2770","30022",20,10,10,0,20,"4_1.mp3","music"
"2771","30022",60,80,30,20,40,"7_13.mp3","music"
"2772","30022",25,50,0,20,30,"10_1.mp3","music"
"2773","30022",85,85,15,10,85,"3_1.mp3","music"
"2774","30022",20,30,50,50,50,"5_14.mp3","music"
"2775","30022",35,50,50,50,30,"11_11.mp3","music"
"2776","30022",0,0,0,0,0,"8_2.mp3","music"
"2777","30022",0,0,0,0,0,"10_2.mp3","music"
"2778","30022",50,50,30,50,15,"4_2.mp3","music"
"2779","30022",10,10,10,20,10,"12_2.mp3","music"
"2780","30022",25,10,0,0,0,"2_1.mp3","music"
"2781","30022",50,0,100,100,50,"7_10.mp3","music"
"2782","30022",35,0,25,70,30,"11_2.mp3","music"
"2783","30022",10,10,35,50,35,"6_10.mp3","music"
"2784","30022",20,25,50,70,30,"11_10.mp3","music"
"2785","32572",39,46,41,33,0,"4_2.mp3","music"
"2786","32572",36,30,2,3,2,"7_13.mp3","music"
"2787","32572",73,57,86,69,77,"7_10.mp3","music"
"2788","32572",58,61,50,53,65,"3_1.mp3","music"
"2789","32572",1,0,2,30,1,"6_5.mp3","music"
"2790","32572",1,0,1,0,0,"8_2.mp3","music"
"2791","32572",2,1,1,1,0,"10_2.mp3","music"
"2792","32572",1,1,54,42,41,"11_10.mp3","music"
"2793","32572",56,1,2,30,2,"11_11.mp3","music"
"2794","32572",59,0,1,1,51,"10_1.mp3","music"
"2795","32572",1,1,1,1,27,"11_2.mp3","music"
"2796","32572",52,52,1,57,38,"2_1.mp3","music"
"2797","32572",16,59,1,8,34,"12_2.mp3","music"
"2798","32572",0,0,50,26,1,"5_14.mp3","music"
"2799","32572",68,2,71,69,56,"6_10.mp3","music"
"2800","32572",2,19,2,1,0,"4_1.mp3","music"
"2801","TEAM_YA_045",0,0,10,17,0,"10_2.mp3","music"
"2802","TEAM_YA_045",70,63,55,33,19,"11_2.mp3","music"
"2803","TEAM_YA_045",79,63,13,0,63,"11_11.mp3","music"
"2804","TEAM_YA_045",0,0,0,22,7,"4_1.mp3","music"
"2805","TEAM_YA_045",0,0,0,52,0,"6_5.mp3","music"
"2806","TEAM_YA_045",31,29,0,0,0,"4_2.mp3","music"
"2807","TEAM_YA_045",31,8,31,42,0,"6_10.mp3","music"
"2808","TEAM_YA_045",10,23,8,19,1,"10_1.mp3","music"
"2809","TEAM_YA_045",62,10,33,39,0,"7_10.mp3","music"
"2810","TEAM_YA_045",56,33,0,0,0,"7_13.mp3","music"
"2811","TEAM_YA_045",31,14,7,11,36,"5_14.mp3","music"
"2812","TEAM_YA_045",0,0,0,49,0,"8_2.mp3","music"
"2813","TEAM_YA_045",35,48,24,8,11,"3_1.mp3","music"
"2814","TEAM_YA_045",4,0,12,65,0,"11_10.mp3","music"
"2815","TEAM_YA_045",47,15,22,0,0,"2_1.mp3","music"
"2816","TEAM_YA_045",34,36,0,0,0,"12_2.mp3","music"
"2817","31930",25,32,2,32,21,"2_1.mp3","music"
"2818","31930",23,5,11,48,12,"10_1.mp3","music"
"2819","31930",50,13,74,82,4,"7_10.mp3","music"
"2820","31930",47,49,61,61,24,"5_14.mp3","music"
"2821","31930",14,19,51,66,44,"4_1.mp3","music"
"2822","31930",24,27,2,8,10,"7_13.mp3","music"
"2823","31930",48,18,41,68,43,"11_10.mp3","music"
"2824","31930",13,9,2,6,8,"3_1.mp3","music"
"2825","31930",12,2,48,55,2,"11_2.mp3","music"
"2826","31930",10,8,2,4,5,"4_2.mp3","music"
"2827","31930",3,2,3,30,10,"10_2.mp3","music"
"2828","31930",1,3,26,69,4,"6_10.mp3","music"
"2829","31930",10,11,13,7,2,"12_2.mp3","music"
"2830","31930",3,6,4,3,2,"8_2.mp3","music"
"2831","31930",2,2,24,60,6,"6_5.mp3","music"
"2832","31930",2,1,5,24,5,"11_11.mp3","music"
"2833","32884",6,8,8,21,12,"6_5.mp3","music"
"2834","32884",5,78,3,64,67,"6_10.mp3","music"
"2835","32884",5,3,1,16,27,"10_2.mp3","music"
"2836","32884",1,82,4,5,8,"10_1.mp3","music"
"2837","32884",14,18,3,6,3,"2_1.mp3","music"
"2838","32884",2,21,1,64,2,"5_14.mp3","music"
"2839","32884",2,3,4,1,2,"4_2.mp3","music"
"2840","32884",1,1,1,7,1,"8_2.mp3","music"
"2841","32884",0,17,1,1,4,"7_13.mp3","music"
"2842","32884",49,55,2,4,34,"11_11.mp3","music"
"2843","32884",1,2,1,3,0,"11_10.mp3","music"
"2844","32884",80,76,1,26,70,"3_1.mp3","music"
"2845","32884",2,0,4,2,4,"4_1.mp3","music"
"2846","32884",0,2,82,77,2,"11_2.mp3","music"
"2847","32884",4,0,80,90,33,"7_10.mp3","music"
"2848","32884",2,18,2,2,3,"12_2.mp3","music"
"2849","30349",0,0,0,0,0,"10_1.mp3","music"
"2850","30349",13,31,0,23,23,"11_2.mp3","music"
"2851","30349",18,59,72,49,31,"7_10.mp3","music"
"2852","30349",73,65,10,8,69,"5_14.mp3","music"
"2853","30349",66,67,9,67,67,"7_13.mp3","music"
"2854","30349",47,48,0,1,1,"3_1.mp3","music"
"2855","30349",1,1,3,1,2,"8_2.mp3","music"
"2856","30349",64,67,5,13,9,"4_2.mp3","music"
"2857","30349",0,1,0,48,1,"4_1.mp3","music"
"2858","30349",0,2,36,56,14,"6_10.mp3","music"
"2859","30349",25,34,12,25,37,"2_1.mp3","music"
"2860","30349",4,3,2,14,3,"10_2.mp3","music"
"2861","30349",0,1,3,5,3,"6_5.mp3","music"
"2862","30349",20,18,6,23,19,"12_2.mp3","music"
"2863","30349",17,50,16,66,22,"11_10.mp3","music"
"2864","30349",69,83,23,64,62,"11_11.mp3","music"
"2865","32275",0,0,0,0,0,"8_2.mp3","music"
"2866","32275",30,30,0,0,0,"2_1.mp3","music"
"2867","32275",0,0,0,0,0,"12_2.mp3","music"
"2868","32275",49,0,50,10,0,"7_10.mp3","music"
"2869","32275",48,0,0,0,0,"4_1.mp3","music"
"2870","32275",0,0,0,8,0,"6_5.mp3","music"
"2871","32275",94,0,0,0,0,"10_1.mp3","music"
"2872","32275",0,0,0,20,0,"11_10.mp3","music"
"2873","32275",66,12,0,0,0,"11_11.mp3","music"
"2874","32275",79,0,0,0,0,"7_13.mp3","music"
"2875","32275",72,40,0,0,0,"4_2.mp3","music"
"2876","32275",0,0,0,0,0,"10_2.mp3","music"
"2877","32275",10,0,0,0,0,"11_2.mp3","music"
"2878","32275",0,0,0,0,0,"6_10.mp3","music"
"2879","32275",0,0,0,0,0,"3_1.mp3","music"
"2880","32275",9,0,0,0,0,"5_14.mp3","music"
"2881","29911",12,35,6,5,11,"5_14.mp3","music"
"2882","29911",21,30,7,18,12,"8_2.mp3","music"
"2883","29911",26,7,66,52,29,"10_2.mp3","music"
"2884","29911",22,34,34,60,16,"6_5.mp3","music"
"2885","29911",16,32,15,21,19,"12_2.mp3","music"
"2886","29911",81,78,76,86,64,"11_10.mp3","music"
"2887","29911",15,37,21,8,25,"7_13.mp3","music"
"2888","29911",25,35,35,38,26,"11_11.mp3","music"
"2889","29911",27,22,16,17,13,"4_2.mp3","music"
"2890","29911",12,22,14,3,12,"3_1.mp3","music"
"2891","29911",17,10,9,13,16,"10_1.mp3","music"
"2892","29911",14,28,25,30,18,"11_2.mp3","music"
"2893","29911",43,41,38,56,34,"4_1.mp3","music"
"2894","29911",55,48,76,85,39,"6_10.mp3","music"
"2895","29911",67,57,74,86,87,"7_10.mp3","music"
"2896","29911",45,32,29,38,42,"2_1.mp3","music"
"2897","32332",0,0,35,20,0,"7_10.mp3","music"
"2898","32332",0,0,0,0,0,"4_1.mp3","music"
"2899","32332",10,20,0,0,0,"3_1.mp3","music"
"2900","32332",0,0,0,0,0,"2_1.mp3","music"
"2901","32332",10,40,0,0,0,"4_2.mp3","music"
"2902","32332",0,0,0,0,0,"11_10.mp3","music"
"2903","32332",5,20,0,5,0,"7_13.mp3","music"
"2904","32332",0,0,0,0,0,"11_2.mp3","music"
"2905","32332",0,5,0,0,0,"12_2.mp3","music"
"2906","32332",0,0,0,0,0,"6_5.mp3","music"
"2907","32332",0,0,0,0,0,"10_2.mp3","music"
"2908","32332",5,0,5,5,0,"10_1.mp3","music"
"2909","32332",25,10,0,15,0,"5_14.mp3","music"
"2910","32332",0,0,0,0,0,"8_2.mp3","music"
"2911","32332",0,20,0,5,0,"11_11.mp3","music"
"2912","32332",0,0,0,10,0,"6_10.mp3","music"
"2913","TEAM_YA_028",2,0,0,1,0,"4_1.mp3","music"
"2914","TEAM_YA_028",0,2,0,1,0,"8_2.mp3","music"
"2915","TEAM_YA_028",1,0,0,0,0,"6_5.mp3","music"
"2916","TEAM_YA_028",20,32,1,5,11,"7_13.mp3","music"
"2917","TEAM_YA_028",4,5,26,8,2,"5_14.mp3","music"
"2918","TEAM_YA_028",0,0,1,0,0,"10_1.mp3","music"
"2919","TEAM_YA_028",1,0,0,0,0,"10_2.mp3","music"
"2920","TEAM_YA_028",2,12,43,73,5,"6_10.mp3","music"
"2921","TEAM_YA_028",46,28,96,92,45,"7_10.mp3","music"
"2922","TEAM_YA_028",0,39,70,25,18,"11_10.mp3","music"
"2923","TEAM_YA_028",0,9,44,21,0,"11_2.mp3","music"
"2924","TEAM_YA_028",3,52,0,19,21,"11_11.mp3","music"
"2925","TEAM_YA_028",24,49,12,0,21,"4_2.mp3","music"
"2926","TEAM_YA_028",56,37,22,25,37,"3_1.mp3","music"
"2927","TEAM_YA_028",26,5,1,0,0,"2_1.mp3","music"
"2928","TEAM_YA_028",0,0,1,0,0,"12_2.mp3","music"
"2929","30070",0,0,55,35,0,"11_10.mp3","music"
"2930","30070",0,45,0,0,0,"4_2.mp3","music"
"2931","30070",5,5,0,10,0,"4_1.mp3","music"
"2932","30070",10,10,55,65,40,"7_10.mp3","music"
"2933","30070",10,10,15,10,10,"10_2.mp3","music"
"2934","30070",10,25,60,65,50,"6_10.mp3","music"
"2935","30070",90,90,50,50,0,"3_1.mp3","music"
"2936","30070",15,10,15,20,15,"11_2.mp3","music"
"2937","30070",0,10,0,0,10,"10_1.mp3","music"
"2938","30070",80,90,20,15,10,"12_2.mp3","music"
"2939","30070",95,95,25,25,60,"5_14.mp3","music"
"2940","30070",90,90,75,20,55,"11_11.mp3","music"
"2941","30070",30,30,15,50,40,"8_2.mp3","music"
"2942","30070",20,20,20,20,15,"2_1.mp3","music"
"2943","30070",25,25,15,15,20,"7_13.mp3","music"
"2944","30070",30,30,40,80,25,"6_5.mp3","music"
"2945","31231",0,0,0,0,0,"6_5.mp3","music"
"2946","31231",52,21,0,34,0,"4_2.mp3","music"
"2947","31231",0,0,0,0,0,"8_2.mp3","music"
"2948","31231",40,55,0,25,22,"5_14.mp3","music"
"2949","31231",38,35,0,9,0,"2_1.mp3","music"
"2950","31231",0,18,0,0,0,"12_2.mp3","music"
"2951","31231",0,0,0,0,0,"10_1.mp3","music"
"2952","31231",23,32,0,0,0,"7_13.mp3","music"
"2953","31231",33,22,0,53,21,"11_11.mp3","music"
"2954","31231",0,0,0,0,0,"10_2.mp3","music"
"2955","31231",0,0,21,34,0,"11_10.mp3","music"
"2956","31231",0,0,0,0,0,"4_1.mp3","music"
"2957","31231",0,0,16,26,0,"6_10.mp3","music"
"2958","31231",18,0,42,59,0,"11_2.mp3","music"
"2959","31231",0,0,68,76,0,"7_10.mp3","music"
"2960","31231",16,36,0,0,0,"3_1.mp3","music"
"2961","32266",0,0,0,0,0,"2_1.mp3","music"
"2962","32266",0,0,0,0,0,"12_2.mp3","music"
"2963","32266",0,0,0,0,0,"6_5.mp3","music"
"2964","32266",0,0,0,11,0,"11_2.mp3","music"
"2965","32266",0,0,0,0,0,"10_1.mp3","music"
"2966","32266",16,0,0,0,0,"11_11.mp3","music"
"2967","32266",6,16,0,0,0,"4_2.mp3","music"
"2968","32266",8,14,0,0,0,"7_13.mp3","music"
"2969","32266",32,19,0,0,0,"5_14.mp3","music"
"2970","32266",0,0,0,14,0,"4_1.mp3","music"
"2971","32266",0,0,0,12,0,"11_10.mp3","music"
"2972","32266",27,0,32,68,7,"7_10.mp3","music"
"2973","32266",0,0,0,0,0,"8_2.mp3","music"
"2974","32266",0,0,0,0,0,"10_2.mp3","music"
"2975","32266",0,0,9,19,0,"6_10.mp3","music"
"2976","32266",43,70,0,0,0,"3_1.mp3","music"
"2977","30292",0,0,45,60,15,"11_10.mp3","music"
"2978","30292",85,75,0,0,0,"11_11.mp3","music"
"2979","30292",0,0,0,0,0,"4_1.mp3","music"
"2980","30292",0,0,0,0,0,"10_1.mp3","music"
"2981","30292",0,0,20,20,0,"6_10.mp3","music"
"2982","30292",15,10,0,0,0,"2_1.mp3","music"
"2983","30292",70,60,0,0,0,"7_13.mp3","music"
"2984","30292",0,40,98,95,90,"7_10.mp3","music"
"2985","30292",40,50,0,0,0,"12_2.mp3","music"
"2986","30292",0,0,0,0,0,"6_5.mp3","music"
"2987","30292",20,12,0,0,0,"4_2.mp3","music"
"2988","30292",50,25,70,79,40,"11_2.mp3","music"
"2989","30292",0,0,0,15,0,"8_2.mp3","music"
"2990","30292",0,0,0,14,0,"10_2.mp3","music"
"2991","30292",88,80,30,40,0,"3_1.mp3","music"
"2992","30292",55,55,25,45,5,"5_14.mp3","music"
"2993","31984",62,70,14,1,39,"2_1.mp3","music"
"2994","31984",9,4,4,9,8,"4_1.mp3","music"
"2995","31984",53,3,53,88,25,"6_10.mp3","music"
"2996","31984",87,0,95,98,34,"7_10.mp3","music"
"2997","31984",1,1,7,11,0,"6_5.mp3","music"
"2998","31984",0,0,0,0,1,"10_2.mp3","music"
"2999","31984",2,10,11,15,9,"12_2.mp3","music"
"3000","31984",9,7,68,6,44,"11_11.mp3","music"
"3001","31984",9,9,8,9,8,"4_2.mp3","music"
"3002","31984",23,16,22,12,32,"8_2.mp3","music"
"3003","31984",74,10,87,77,40,"11_10.mp3","music"
"3004","31984",91,12,34,52,31,"3_1.mp3","music"
"3005","31984",70,17,48,59,52,"7_13.mp3","music"
"3006","31984",68,8,86,76,91,"11_2.mp3","music"
"3007","31984",97,2,2,47,24,"5_14.mp3","music"
"3008","31984",45,84,0,33,29,"10_1.mp3","music"
"3009","30955",0,0,0,9,0,"10_2.mp3","music"
"3010","30955",45,37,0,31,0,"12_2.mp3","music"
"3011","30955",9,0,73,85,57,"6_10.mp3","music"
"3012","30955",32,22,0,0,0,"2_1.mp3","music"
"3013","30955",49,49,0,0,0,"7_13.mp3","music"
"3014","30955",50,0,100,100,14,"7_10.mp3","music"
"3015","30955",73,35,0,0,0,"5_14.mp3","music"
"3016","30955",18,29,0,0,0,"10_1.mp3","music"
"3017","30955",67,63,0,36,20,"4_2.mp3","music"
"3018","30955",57,30,57,61,60,"11_11.mp3","music"
"3019","30955",48,50,37,56,46,"4_1.mp3","music"
"3020","30955",61,28,72,90,0,"11_2.mp3","music"
"3021","30955",36,37,0,9,0,"3_1.mp3","music"
"3022","30955",1,9,22,12,0,"6_5.mp3","music"
"3023","30955",31,3,16,62,11,"11_10.mp3","music"
"3024","30955",14,6,6,10,5,"8_2.mp3","music"
"3025","31978",16,13,2,3,10,"2_1.mp3","music"
"3026","31978",39,16,32,40,14,"11_11.mp3","music"
"3027","31978",3,7,4,4,0,"3_1.mp3","music"
"3028","31978",4,18,78,43,73,"11_2.mp3","music"
"3029","31978",42,47,44,46,47,"4_2.mp3","music"
"3030","31978",47,50,49,47,23,"10_2.mp3","music"
"3031","31978",20,37,18,81,24,"6_10.mp3","music"
"3032","31978",6,2,27,14,3,"6_5.mp3","music"
"3033","31978",8,5,8,8,11,"12_2.mp3","music"
"3034","31978",9,3,48,50,8,"4_1.mp3","music"
"3035","31978",45,18,2,9,6,"7_13.mp3","music"
"3036","31978",15,15,10,15,15,"10_1.mp3","music"
"3037","31978",9,14,15,11,15,"5_14.mp3","music"
"3038","31978",28,49,69,30,61,"11_10.mp3","music"
"3039","31978",37,79,95,85,48,"7_10.mp3","music"
"3040","31978",13,16,15,11,12,"8_2.mp3","music"
"3041","32920",61,61,58,67,45,"11_11.mp3","music"
"3042","32920",54,51,51,70,49,"4_2.mp3","music"
"3043","32920",50,49,50,54,55,"4_1.mp3","music"
"3044","32920",52,56,38,33,53,"11_2.mp3","music"
"3045","32920",53,49,47,49,47,"7_13.mp3","music"
"3046","32920",66,67,54,70,39,"8_2.mp3","music"
"3047","32920",3,6,4,7,3,"6_5.mp3","music"
"3048","32920",60,59,57,62,26,"7_10.mp3","music"
"3049","32920",16,12,9,57,13,"10_1.mp3","music"
"3050","32920",15,17,16,15,80,"2_1.mp3","music"
"3051","32920",14,12,8,14,13,"10_2.mp3","music"
"3052","32920",4,8,7,6,6,"11_10.mp3","music"
"3053","32920",9,8,8,8,6,"6_10.mp3","music"
"3054","32920",11,7,8,6,12,"3_1.mp3","music"
"3055","32920",12,10,7,8,3,"12_2.mp3","music"
"3056","32920",17,16,20,21,28,"5_14.mp3","music"
"3057","29998",0,0,0,35,0,"6_5.mp3","music"
"3058","29998",84,75,0,33,38,"5_14.mp3","music"
"3059","29998",0,0,0,0,0,"8_2.mp3","music"
"3060","29998",77,79,34,20,26,"3_1.mp3","music"
"3061","29998",18,35,0,0,17,"10_1.mp3","music"
"3062","29998",0,29,0,0,0,"12_2.mp3","music"
"3063","29998",0,0,9,40,0,"4_1.mp3","music"
"3064","29998",23,15,59,40,25,"6_10.mp3","music"
"3065","29998",0,0,0,21,0,"10_2.mp3","music"
"3066","29998",78,34,20,62,33,"11_11.mp3","music"
"3067","29998",50,34,20,47,29,"7_13.mp3","music"
"3068","29998",76,41,56,67,51,"11_2.mp3","music"
"3069","29998",64,79,24,19,65,"4_2.mp3","music"
"3070","29998",53,62,22,6,41,"2_1.mp3","music"
"3071","29998",18,16,87,93,22,"11_10.mp3","music"
"3072","29998",59,62,100,100,75,"7_10.mp3","music"
"3073","31546",31,5,13,33,12,"11_11.mp3","music"
"3074","31546",0,0,2,91,12,"8_2.mp3","music"
"3075","31546",38,33,13,6,7,"11_2.mp3","music"
"3076","31546",15,4,14,6,19,"4_1.mp3","music"
"3077","31546",18,31,14,43,57,"2_1.mp3","music"
"3078","31546",26,0,6,74,25,"6_10.mp3","music"
"3079","31546",10,7,4,85,4,"11_10.mp3","music"
"3080","31546",8,72,15,5,24,"7_13.mp3","music"
"3081","31546",1,10,62,72,9,"10_2.mp3","music"
"3082","31546",68,11,18,67,42,"6_5.mp3","music"
"3083","31546",99,14,99,10,75,"7_10.mp3","music"
"3084","31546",5,69,32,9,21,"4_2.mp3","music"
"3085","31546",59,22,35,8,9,"5_14.mp3","music"
"3086","31546",6,14,22,20,21,"10_1.mp3","music"
"3087","31546",15,70,27,14,18,"3_1.mp3","music"
"3088","31546",23,82,26,26,17,"12_2.mp3","music"
"3089","31576",0,0,0,0,0,"10_1.mp3","music"
"3090","31576",56,65,0,0,1,"2_1.mp3","music"
"3091","31576",30,0,40,34,0,"11_2.mp3","music"
"3092","31576",84,67,6,10,8,"5_14.mp3","music"
"3093","31576",72,95,0,11,62,"3_1.mp3","music"
"3094","31576",1,1,1,12,0,"4_1.mp3","music"
"3095","31576",2,2,0,0,2,"8_2.mp3","music"
"3096","31576",2,0,0,75,0,"6_5.mp3","music"
"3097","31576",51,35,68,80,25,"6_10.mp3","music"
"3098","31576",1,2,1,18,1,"10_2.mp3","music"
"3099","31576",46,11,0,1,1,"12_2.mp3","music"
"3100","31576",86,81,1,1,14,"11_11.mp3","music"
"3101","31576",96,75,0,2,12,"7_13.mp3","music"
"3102","31576",15,18,7,12,46,"4_2.mp3","music"
"3103","31576",42,72,97,87,17,"11_10.mp3","music"
"3104","31576",17,62,97,95,62,"7_10.mp3","music"
"3105","30907",59,25,21,25,24,"2_1.mp3","music"
"3106","30907",55,47,17,46,29,"5_14.mp3","music"
"3107","30907",31,26,20,81,63,"8_2.mp3","music"
"3108","30907",23,27,27,13,20,"4_1.mp3","music"
"3109","30907",25,24,36,26,28,"11_2.mp3","music"
"3110","30907",7,7,11,8,3,"10_1.mp3","music"
"3111","30907",29,20,27,30,19,"7_10.mp3","music"
"3112","30907",13,16,33,11,10,"3_1.mp3","music"
"3113","30907",31,27,31,32,23,"6_5.mp3","music"
"3114","30907",27,23,26,30,16,"11_11.mp3","music"
"3115","30907",70,50,11,25,8,"7_13.mp3","music"
"3116","30907",36,32,9,10,9,"12_2.mp3","music"
"3117","30907",23,23,52,64,18,"6_10.mp3","music"
"3118","30907",60,19,78,59,31,"11_10.mp3","music"
"3119","30907",65,63,29,34,26,"4_2.mp3","music"
"3120","30907",33,46,26,20,40,"10_2.mp3","music"
"3121","30850",2,8,2,3,10,"7_13.mp3","music"
"3122","30850",44,41,2,8,9,"5_14.mp3","music"
"3123","30850",3,1,2,3,2,"3_1.mp3","music"
"3124","30850",3,2,3,4,2,"10_1.mp3","music"
"3125","30850",16,16,2,82,4,"11_2.mp3","music"
"3126","30850",16,24,29,13,18,"12_2.mp3","music"
"3127","30850",57,69,12,3,4,"4_2.mp3","music"
"3128","30850",32,31,10,2,6,"2_1.mp3","music"
"3129","30850",1,1,1,2,1,"4_1.mp3","music"
"3130","30850",44,27,3,15,20,"11_11.mp3","music"
"3131","30850",4,5,71,74,13,"7_10.mp3","music"
"3132","30850",13,1,3,5,7,"8_2.mp3","music"
"3133","30850",2,0,4,5,1,"10_2.mp3","music"
"3134","30850",2,0,1,62,5,"11_10.mp3","music"
"3135","30850",7,9,6,28,6,"6_5.mp3","music"
"3136","30850",5,0,14,10,4,"6_10.mp3","music"
"3137","31612",0,0,1,5,0,"6_10.mp3","music"
"3138","31612",0,0,0,0,0,"6_5.mp3","music"
"3139","31612",0,0,0,0,0,"10_1.mp3","music"
"3140","31612",0,0,0,0,0,"12_2.mp3","music"
"3141","31612",0,0,0,1,0,"11_10.mp3","music"
"3142","31612",0,0,0,4,0,"8_2.mp3","music"
"3143","31612",0,0,0,0,0,"5_14.mp3","music"
"3144","31612",0,0,0,1,0,"4_1.mp3","music"
"3145","31612",0,0,0,1,0,"11_2.mp3","music"
"3146","31612",0,0,0,0,0,"10_2.mp3","music"
"3147","31612",0,0,0,0,0,"2_1.mp3","music"
"3148","31612",5,4,0,0,3,"3_1.mp3","music"
"3149","31612",0,3,0,0,0,"11_11.mp3","music"
"3150","31612",0,0,0,0,0,"4_2.mp3","music"
"3151","31612",0,0,0,0,2,"7_13.mp3","music"
"3152","31612",16,0,3,24,0,"7_10.mp3","music"
"3153","32377",0,0,15,45,0,"11_10.mp3","music"
"3154","32377",0,0,0,25,0,"6_5.mp3","music"
"3155","32377",76,78,2,35,63,"5_14.mp3","music"
"3156","32377",72,76,0,19,34,"7_13.mp3","music"
"3157","32377",29,37,2,7,21,"11_11.mp3","music"
"3158","32377",70,73,0,45,46,"3_1.mp3","music"
"3159","32377",24,2,44,69,1,"6_10.mp3","music"
"3160","32377",73,68,19,21,24,"11_2.mp3","music"
"3161","32377",1,2,8,10,3,"2_1.mp3","music"
"3162","32377",1,1,1,25,1,"8_2.mp3","music"
"3163","32377",41,15,73,72,38,"7_10.mp3","music"
"3164","32377",1,1,1,1,1,"4_1.mp3","music"
"3165","32377",2,3,1,12,1,"12_2.mp3","music"
"3166","32377",49,35,1,28,5,"4_2.mp3","music"
"3167","32377",1,4,1,8,3,"10_1.mp3","music"
"3168","32377",1,2,1,19,1,"10_2.mp3","music"
"3169","31897",0,21,0,12,0,"12_2.mp3","music"
"3170","31897",0,35,0,11,17,"11_2.mp3","music"
"3171","31897",0,11,0,10,12,"4_1.mp3","music"
"3172","31897",0,0,0,15,0,"10_2.mp3","music"
"3173","31897",0,49,0,0,0,"10_1.mp3","music"
"3174","31897",24,47,0,0,21,"11_11.mp3","music"
"3175","31897",0,0,34,43,7,"7_10.mp3","music"
"3176","31897",0,0,29,35,0,"11_10.mp3","music"
"3177","31897",0,0,0,15,0,"6_5.mp3","music"
"3178","31897",0,47,0,0,31,"4_2.mp3","music"
"3179","31897",18,41,0,0,22,"2_1.mp3","music"
"3180","31897",0,6,0,18,0,"6_10.mp3","music"
"3181","31897",29,25,11,0,23,"5_14.mp3","music"
"3182","31897",0,0,0,0,0,"8_2.mp3","music"
"3183","31897",23,36,9,0,13,"7_13.mp3","music"
"3184","31897",41,48,0,0,19,"3_1.mp3","music"
"3185","32587",7,24,6,4,19,"11_2.mp3","music"
"3186","32587",8,5,0,2,0,"2_1.mp3","music"
"3187","32587",11,11,89,90,12,"7_10.mp3","music"
"3188","32587",17,19,27,76,33,"6_10.mp3","music"
"3189","32587",2,0,0,2,1,"6_5.mp3","music"
"3190","32587",62,60,19,10,26,"5_14.mp3","music"
"3191","32587",0,13,0,0,0,"10_1.mp3","music"
"3192","32587",18,18,0,0,0,"7_13.mp3","music"
"3193","32587",84,65,0,1,0,"3_1.mp3","music"
"3194","32587",11,14,17,83,38,"4_1.mp3","music"
"3195","32587",8,7,0,0,0,"12_2.mp3","music"
"3196","32587",94,85,4,13,0,"4_2.mp3","music"
"3197","32587",2,0,46,88,10,"11_10.mp3","music"
"3198","32587",89,68,8,11,0,"11_11.mp3","music"
"3199","32587",0,0,0,4,0,"10_2.mp3","music"
"3200","32587",0,0,0,73,0,"8_2.mp3","music"
"3201","29959",1,0,0,0,0,"12_2.mp3","music"
"3202","29959",0,0,0,0,0,"10_1.mp3","music"
"3203","29959",18,9,0,0,0,"5_14.mp3","music"
"3204","29959",2,0,0,0,0,"3_1.mp3","music"
"3205","29959",0,0,0,4,0,"6_5.mp3","music"
"3206","29959",17,53,0,0,0,"11_11.mp3","music"
"3207","29959",38,28,0,0,0,"4_2.mp3","music"
"3208","29959",0,8,0,11,0,"10_2.mp3","music"
"3209","29959",6,0,0,10,0,"8_2.mp3","music"
"3210","29959",52,60,82,46,0,"7_10.mp3","music"
"3211","29959",11,0,0,82,0,"6_10.mp3","music"
"3212","29959",0,0,0,0,0,"2_1.mp3","music"
"3213","29959",1,0,0,2,0,"4_1.mp3","music"
"3214","29959",0,0,0,16,0,"11_10.mp3","music"
"3215","29959",0,0,0,0,0,"11_2.mp3","music"
"3216","29959",0,0,0,0,0,"7_13.mp3","music"
"3217","31699",2,1,3,6,4,"11_10.mp3","music"
"3218","31699",3,5,1,2,2,"12_2.mp3","music"
"3219","31699",8,5,7,12,5,"6_10.mp3","music"
"3220","31699",1,1,17,7,8,"7_10.mp3","music"
"3221","31699",0,2,1,1,1,"6_5.mp3","music"
"3222","31699",1,7,0,1,3,"10_1.mp3","music"
"3223","31699",14,12,0,0,13,"3_1.mp3","music"
"3224","31699",11,2,0,3,0,"11_2.mp3","music"
"3225","31699",2,2,4,9,1,"10_2.mp3","music"
"3226","31699",0,0,1,0,1,"4_2.mp3","music"
"3227","31699",0,10,4,3,8,"5_14.mp3","music"
"3228","31699",1,0,1,0,0,"11_11.mp3","music"
"3229","31699",0,3,3,1,2,"8_2.mp3","music"
"3230","31699",9,11,0,0,1,"7_13.mp3","music"
"3231","31699",0,0,0,0,0,"4_1.mp3","music"
"3232","31699",0,11,0,0,0,"2_1.mp3","music"
"3233","29962",0,0,0,0,0,"6_5.mp3","music"
"3234","29962",20,0,0,20,0,"3_1.mp3","music"
"3235","29962",35,0,0,34,0,"5_14.mp3","music"
"3236","29962",0,0,0,0,0,"4_2.mp3","music"
"3237","29962",0,0,0,0,0,"12_2.mp3","music"
"3238","29962",0,0,0,0,0,"10_2.mp3","music"
"3239","29962",0,0,0,48,0,"11_2.mp3","music"
"3240","29962",0,0,14,57,0,"6_10.mp3","music"
"3241","29962",0,0,0,0,0,"2_1.mp3","music"
"3242","29962",0,0,0,0,0,"4_1.mp3","music"
"3243","29962",0,0,0,0,0,"8_2.mp3","music"
"3244","29962",0,0,0,30,0,"11_10.mp3","music"
"3245","29962",27,27,0,0,0,"11_11.mp3","music"
"3246","29962",0,0,0,0,0,"10_1.mp3","music"
"3247","29962",16,0,52,49,10,"7_10.mp3","music"
"3248","29962",48,28,0,0,17,"7_13.mp3","music"
"3249","30415",30,40,0,0,5,"7_13.mp3","music"
"3250","30415",0,0,15,15,0,"11_2.mp3","music"
"3251","30415",0,0,0,0,0,"12_2.mp3","music"
"3252","30415",7,0,84,67,0,"7_10.mp3","music"
"3253","30415",33,47,0,0,4,"5_14.mp3","music"
"3254","30415",0,0,0,0,0,"8_2.mp3","music"
"3255","30415",0,0,0,0,0,"10_2.mp3","music"
"3256","30415",77,76,0,0,12,"3_1.mp3","music"
"3257","30415",0,0,10,25,0,"6_10.mp3","music"
"3258","30415",37,31,0,0,0,"2_1.mp3","music"
"3259","30415",0,0,0,0,0,"10_1.mp3","music"
"3260","30415",0,0,0,0,0,"6_5.mp3","music"
"3261","30415",0,0,10,31,0,"11_10.mp3","music"
"3262","30415",0,0,0,0,0,"4_1.mp3","music"
"3263","30415",47,18,0,0,5,"4_2.mp3","music"
"3264","30415",30,21,9,19,8,"11_11.mp3","music"
"3265","32362",0,0,0,0,0,"8_2.mp3","music"
"3266","32362",0,29,0,0,0,"7_13.mp3","music"
"3267","32362",0,0,0,0,1,"4_1.mp3","music"
"3268","32362",0,0,20,48,0,"6_10.mp3","music"
"3269","32362",1,0,0,8,2,"11_2.mp3","music"
"3270","32362",0,1,0,10,0,"11_11.mp3","music"
"3271","32362",24,37,13,13,11,"5_14.mp3","music"
"3272","32362",14,9,0,10,2,"12_2.mp3","music"
"3273","32362",19,14,0,0,0,"2_1.mp3","music"
"3274","32362",48,0,17,65,0,"7_10.mp3","music"
"3275","32362",0,0,0,31,0,"6_5.mp3","music"
"3276","32362",12,11,13,20,12,"11_10.mp3","music"
"3277","32362",24,46,0,0,0,"4_2.mp3","music"
"3278","32362",0,0,0,7,0,"10_2.mp3","music"
"3279","32362",6,0,0,6,0,"10_1.mp3","music"
"3280","32362",45,41,0,0,25,"3_1.mp3","music"
"3281","TEAM_YA_049",74,67,28,30,15,"5_14.mp3","music"
"3282","TEAM_YA_049",4,19,58,46,15,"11_10.mp3","music"
"3283","TEAM_YA_049",63,88,2,2,12,"12_2.mp3","music"
"3284","TEAM_YA_049",71,83,0,4,29,"3_1.mp3","music"
"3285","TEAM_YA_049",26,31,49,99,72,"7_10.mp3","music"
"3286","TEAM_YA_049",54,64,2,2,7,"4_2.mp3","music"
"3287","TEAM_YA_049",7,5,6,0,6,"6_5.mp3","music"
"3288","TEAM_YA_049",32,37,3,6,4,"10_1.mp3","music"
"3289","TEAM_YA_049",2,4,5,3,4,"10_2.mp3","music"
"3290","TEAM_YA_049",53,78,2,2,23,"7_13.mp3","music"
"3291","TEAM_YA_049",9,5,19,41,15,"8_2.mp3","music"
"3292","TEAM_YA_049",40,49,0,4,25,"2_1.mp3","music"
"3293","TEAM_YA_049",2,16,24,42,48,"4_1.mp3","music"
"3294","TEAM_YA_049",25,51,3,4,8,"11_11.mp3","music"
"3295","TEAM_YA_049",89,82,61,35,63,"11_2.mp3","music"
"3296","TEAM_YA_049",39,42,76,84,68,"6_10.mp3","music"
"3297","TEAM_YA_053",17,11,0,0,0,"3_1.mp3","music"
"3298","TEAM_YA_053",0,0,19,29,0,"7_10.mp3","music"
"3299","TEAM_YA_053",14,25,0,0,0,"4_2.mp3","music"
"3300","TEAM_YA_053",3,19,1,0,0,"12_2.mp3","music"
"3301","TEAM_YA_053",0,0,15,15,0,"11_10.mp3","music"
"3302","TEAM_YA_053",26,16,1,0,0,"11_11.mp3","music"
"3303","TEAM_YA_053",17,12,0,6,0,"5_14.mp3","music"
"3304","TEAM_YA_053",24,5,0,10,7,"11_2.mp3","music"
"3305","TEAM_YA_053",11,15,0,6,0,"8_2.mp3","music"
"3306","TEAM_YA_053",7,12,2,11,0,"4_1.mp3","music"
"3307","TEAM_YA_053",19,11,9,3,5,"10_1.mp3","music"
"3308","TEAM_YA_053",2,1,1,1,2,"10_2.mp3","music"
"3309","TEAM_YA_053",22,9,0,3,1,"2_1.mp3","music"
"3310","TEAM_YA_053",5,8,3,8,1,"6_10.mp3","music"
"3311","TEAM_YA_053",57,70,0,0,0,"7_13.mp3","music"
"3312","TEAM_YA_053",2,8,0,10,2,"6_5.mp3","music"
"3313","TEAM_YA_051",24,9,0,0,0,"11_11.mp3","music"
"3314","TEAM_YA_051",4,0,23,27,6,"7_10.mp3","music"
"3315","TEAM_YA_051",24,0,0,0,0,"11_2.mp3","music"
"3316","TEAM_YA_051",0,0,0,0,0,"6_5.mp3","music"
"3317","TEAM_YA_051",0,1,0,0,0,"10_1.mp3","music"
"3318","TEAM_YA_051",9,11,0,0,0,"2_1.mp3","music"
"3319","TEAM_YA_051",0,0,0,0,0,"10_2.mp3","music"
"3320","TEAM_YA_051",0,0,0,44,0,"11_10.mp3","music"
"3321","TEAM_YA_051",29,7,0,0,0,"7_13.mp3","music"
"3322","TEAM_YA_051",1,1,0,18,0,"4_1.mp3","music"
"3323","TEAM_YA_051",0,28,0,0,0,"12_2.mp3","music"
"3324","TEAM_YA_051",0,0,0,1,0,"8_2.mp3","music"
"3325","TEAM_YA_051",27,55,2,0,0,"4_2.mp3","music"
"3326","TEAM_YA_051",0,0,0,43,0,"6_10.mp3","music"
"3327","TEAM_YA_051",32,0,0,0,0,"5_14.mp3","music"
"3328","TEAM_YA_051",9,32,0,0,0,"3_1.mp3","music"
"3329","TEAM_YA_052",8,16,1,2,2,"12_2.mp3","music"
"3330","TEAM_YA_052",1,10,2,0,2,"2_1.mp3","music"
"3331","TEAM_YA_052",2,1,14,49,1,"6_10.mp3","music"
"3332","TEAM_YA_052",36,1,2,3,2,"5_14.mp3","music"
"3333","TEAM_YA_052",4,1,1,2,1,"6_5.mp3","music"
"3334","TEAM_YA_052",16,38,0,1,2,"4_2.mp3","music"
"3335","TEAM_YA_052",2,1,71,45,26,"7_10.mp3","music"
"3336","TEAM_YA_052",1,1,1,1,2,"10_1.mp3","music"
"3337","TEAM_YA_052",46,26,2,1,1,"3_1.mp3","music"
"3338","TEAM_YA_052",1,0,0,1,2,"10_2.mp3","music"
"3339","TEAM_YA_052",1,19,0,12,0,"4_1.mp3","music"
"3340","TEAM_YA_052",49,2,1,29,4,"11_2.mp3","music"
"3341","TEAM_YA_052",1,2,1,33,1,"11_10.mp3","music"
"3342","TEAM_YA_052",18,44,1,1,2,"7_13.mp3","music"
"3343","TEAM_YA_052",36,34,0,4,1,"11_11.mp3","music"
"3344","TEAM_YA_052",0,0,1,3,2,"8_2.mp3","music"
"3345","TEAM_YA_050",0,0,0,20,0,"6_10.mp3","music"
"3346","TEAM_YA_050",20,22,0,0,0,"11_11.mp3","music"
"3347","TEAM_YA_050",16,20,0,0,0,"7_13.mp3","music"
"3348","TEAM_YA_050",12,0,13,15,47,"7_10.mp3","music"
"3349","TEAM_YA_050",32,37,0,0,1,"5_14.mp3","music"
"3350","TEAM_YA_050",13,14,0,0,0,"4_2.mp3","music"
"3351","TEAM_YA_050",17,12,0,0,0,"11_2.mp3","music"
"3352","TEAM_YA_050",9,19,0,0,0,"2_1.mp3","music"
"3353","TEAM_YA_050",0,0,0,0,0,"10_2.mp3","music"
"3354","TEAM_YA_050",0,0,0,0,0,"6_5.mp3","music"
"3355","TEAM_YA_050",12,7,0,0,0,"10_1.mp3","music"
"3356","TEAM_YA_050",27,22,0,0,0,"3_1.mp3","music"
"3357","TEAM_YA_050",0,0,0,0,0,"4_1.mp3","music"
"3358","TEAM_YA_050",0,0,0,0,0,"8_2.mp3","music"
"3359","TEAM_YA_050",15,15,0,0,0,"12_2.mp3","music"
"3360","TEAM_YA_050",0,0,0,7,0,"11_10.mp3","music"
"3361","TEAM_YA_055",6,12,0,0,0,"2_1.mp3","music"
"3362","TEAM_YA_055",0,0,0,0,0,"10_2.mp3","music"
"3363","TEAM_YA_055",0,0,0,5,0,"4_1.mp3","music"
"3364","TEAM_YA_055",0,5,5,15,3,"11_2.mp3","music"
"3365","TEAM_YA_055",0,0,0,26,0,"6_10.mp3","music"
"3366","TEAM_YA_055",0,0,0,0,0,"12_2.mp3","music"
"3367","TEAM_YA_055",0,0,0,4,0,"8_2.mp3","music"
"3368","TEAM_YA_055",0,0,0,0,0,"10_1.mp3","music"
"3369","TEAM_YA_055",0,0,0,0,0,"6_5.mp3","music"
"3370","TEAM_YA_055",14,7,0,0,0,"5_14.mp3","music"
"3371","TEAM_YA_055",0,0,0,0,0,"7_13.mp3","music"
"3372","TEAM_YA_055",25,15,0,6,0,"3_1.mp3","music"
"3373","TEAM_YA_055",0,0,21,16,5,"7_10.mp3","music"
"3374","TEAM_YA_055",9,4,0,0,0,"4_2.mp3","music"
"3375","TEAM_YA_055",11,0,0,0,0,"11_11.mp3","music"
"3376","TEAM_YA_055",0,0,0,5,0,"11_10.mp3","music"
"3377","TEAM_YA_058",0,0,65,70,0,"6_10.mp3","music"
"3378","TEAM_YA_058",0,0,28,12,0,"6_5.mp3","music"
"3379","TEAM_YA_058",0,17,0,0,0,"7_13.mp3","music"
"3380","TEAM_YA_058",82,100,18,61,24,"3_1.mp3","music"
"3381","TEAM_YA_058",0,12,100,91,0,"7_10.mp3","music"
"3382","TEAM_YA_058",0,8,10,23,0,"10_2.mp3","music"
"3383","TEAM_YA_058",0,0,19,0,0,"8_2.mp3","music"
"3384","TEAM_YA_058",6,21,8,24,0,"4_1.mp3","music"
"3385","TEAM_YA_058",0,100,0,25,0,"10_1.mp3","music"
"3386","TEAM_YA_058",0,13,0,6,0,"2_1.mp3","music"
"3387","TEAM_YA_058",0,0,33,86,0,"11_10.mp3","music"
"3388","TEAM_YA_058",42,30,0,26,0,"12_2.mp3","music"
"3389","TEAM_YA_058",16,16,0,9,0,"5_14.mp3","music"
"3390","TEAM_YA_058",0,9,22,31,0,"11_2.mp3","music"
"3391","TEAM_YA_058",35,61,0,11,0,"4_2.mp3","music"
"3392","TEAM_YA_058",7,20,0,25,9,"11_11.mp3","music"
"3393","TEAM_YA_046",0,0,0,0,0,"8_2.mp3","music"
"3394","TEAM_YA_046",12,29,0,0,16,"7_13.mp3","music"
"3395","TEAM_YA_046",34,2,58,70,5,"7_10.mp3","music"
"3396","TEAM_YA_046",0,0,0,0,0,"4_1.mp3","music"
"3397","TEAM_YA_046",0,0,0,0,0,"11_2.mp3","music"
"3398","TEAM_YA_046",0,0,0,14,0,"6_5.mp3","music"
"3399","TEAM_YA_046",14,57,0,0,9,"3_1.mp3","music"
"3400","TEAM_YA_046",3,82,0,0,0,"4_2.mp3","music"
"3401","TEAM_YA_046",10,42,0,0,10,"5_14.mp3","music"
"3402","TEAM_YA_046",0,12,0,0,0,"10_1.mp3","music"
"3403","TEAM_YA_046",0,7,0,25,0,"11_11.mp3","music"
"3404","TEAM_YA_046",0,0,0,0,0,"10_2.mp3","music"
"3405","TEAM_YA_046",0,2,0,0,0,"2_1.mp3","music"
"3406","TEAM_YA_046",6,0,19,46,7,"11_10.mp3","music"
"3407","TEAM_YA_046",0,0,0,0,0,"12_2.mp3","music"
"3408","TEAM_YA_046",0,0,0,31,0,"6_10.mp3","music"
"3409","TEAM_YA_056",0,0,1,0,0,"4_2.mp3","music"
"3410","TEAM_YA_056",20,20,0,0,0,"3_1.mp3","music"
"3411","TEAM_YA_056",0,0,20,40,0,"7_10.mp3","music"
"3412","TEAM_YA_056",0,0,0,0,0,"8_2.mp3","music"
"3413","TEAM_YA_056",10,10,0,0,0,"11_2.mp3","music"
"3414","TEAM_YA_056",0,20,0,0,0,"12_2.mp3","music"
"3415","TEAM_YA_056",0,0,0,10,0,"11_10.mp3","music"
"3416","TEAM_YA_056",0,0,10,20,0,"6_10.mp3","music"
"3417","TEAM_YA_056",0,0,0,0,0,"10_2.mp3","music"
"3418","TEAM_YA_056",10,10,0,0,1,"11_11.mp3","music"
"3419","TEAM_YA_056",0,0,0,0,0,"2_1.mp3","music"
"3420","TEAM_YA_056",0,0,0,20,10,"4_1.mp3","music"
"3421","TEAM_YA_056",30,15,0,0,0,"5_14.mp3","music"
"3422","TEAM_YA_056",0,0,0,0,0,"10_1.mp3","music"
"3423","TEAM_YA_056",0,20,0,0,0,"7_13.mp3","music"
"3424","TEAM_YA_056",0,0,0,10,0,"6_5.mp3","music"
"3425","TEAM_YA_048",61,67,0,0,0,"7_13.mp3","music"
"3426","TEAM_YA_048",0,0,14,36,0,"4_1.mp3","music"
"3427","TEAM_YA_048",0,0,25,0,0,"12_2.mp3","music"
"3428","TEAM_YA_048",27,29,0,29,0,"11_11.mp3","music"
"3429","TEAM_YA_048",0,0,63,87,20,"11_10.mp3","music"
"3430","TEAM_YA_048",0,0,12,36,0,"10_2.mp3","music"
"3431","TEAM_YA_048",32,16,59,71,0,"11_2.mp3","music"
"3432","TEAM_YA_048",94,73,31,24,26,"3_1.mp3","music"
"3433","TEAM_YA_048",0,0,0,37,0,"8_2.mp3","music"
"3434","TEAM_YA_048",45,31,0,0,0,"2_1.mp3","music"
"3435","TEAM_YA_048",0,0,0,29,0,"10_1.mp3","music"
"3436","TEAM_YA_048",71,51,33,43,0,"5_14.mp3","music"
"3437","TEAM_YA_048",50,16,86,82,33,"7_10.mp3","music"
"3438","TEAM_YA_048",19,36,0,19,0,"4_2.mp3","music"
"3439","TEAM_YA_048",0,0,33,85,0,"6_10.mp3","music"
"3440","TEAM_YA_048",0,0,29,62,0,"6_5.mp3","music"
"3441","TEAM_YA_054",88,85,2,23,21,"3_1.mp3","music"
"3442","TEAM_YA_054",3,2,1,16,6,"6_5.mp3","music"
"3443","TEAM_YA_054",80,80,1,11,10,"2_1.mp3","music"
"3444","TEAM_YA_054",78,14,0,4,2,"12_2.mp3","music"
"3445","TEAM_YA_054",31,20,0,7,7,"4_2.mp3","music"
"3446","TEAM_YA_054",17,13,0,36,9,"11_2.mp3","music"
"3447","TEAM_YA_054",17,0,15,59,0,"6_10.mp3","music"
"3448","TEAM_YA_054",5,3,5,25,0,"11_10.mp3","music"
"3449","TEAM_YA_054",5,0,32,77,0,"7_10.mp3","music"
"3450","TEAM_YA_054",18,17,9,10,9,"11_11.mp3","music"
"3451","TEAM_YA_054",0,0,0,0,2,"4_1.mp3","music"
"3452","TEAM_YA_054",1,0,0,2,0,"10_2.mp3","music"
"3453","TEAM_YA_054",47,13,0,11,4,"7_13.mp3","music"
"3454","TEAM_YA_054",0,0,0,6,0,"8_2.mp3","music"
"3455","TEAM_YA_054",28,8,0,0,0,"10_1.mp3","music"
"3456","TEAM_YA_054",21,35,2,4,2,"5_14.mp3","music"
"3457","TEAM_YA_080",36,2,46,97,23,"6_10.mp3","music"
"3458","TEAM_YA_080",0,5,38,96,40,"11_10.mp3","music"
"3459","TEAM_YA_080",2,30,4,2,17,"10_2.mp3","music"
"3460","TEAM_YA_080",59,52,15,22,7,"11_2.mp3","music"
"3461","TEAM_YA_080",63,68,14,17,2,"5_14.mp3","music"
"3462","TEAM_YA_080",36,72,2,15,1,"11_11.mp3","music"
"3463","TEAM_YA_080",68,28,3,11,1,"7_13.mp3","music"
"3464","TEAM_YA_080",84,81,1,2,4,"3_1.mp3","music"
"3465","TEAM_YA_080",1,35,2,3,4,"2_1.mp3","music"
"3466","TEAM_YA_080",2,2,3,20,3,"8_2.mp3","music"
"3467","TEAM_YA_080",2,35,11,43,4,"12_2.mp3","music"
"3468","TEAM_YA_080",0,1,1,97,2,"6_5.mp3","music"
"3469","TEAM_YA_080",8,32,15,29,14,"4_2.mp3","music"
"3470","TEAM_YA_080",0,14,3,17,8,"4_1.mp3","music"
"3471","TEAM_YA_080",2,42,2,3,2,"10_1.mp3","music"
"3472","TEAM_YA_080",74,62,70,92,71,"7_10.mp3","music"
"3473","TEAM_YA_065",88,98,29,39,74,"3_1.mp3","music"
"3474","TEAM_YA_065",1,0,0,0,0,"10_1.mp3","music"
"3475","TEAM_YA_065",100,34,0,0,52,"11_11.mp3","music"
"3476","TEAM_YA_065",0,0,9,15,0,"10_2.mp3","music"
"3477","TEAM_YA_065",36,70,9,0,85,"2_1.mp3","music"
"3478","TEAM_YA_065",0,0,86,69,0,"11_10.mp3","music"
"3479","TEAM_YA_065",47,74,0,6,72,"12_2.mp3","music"
"3480","TEAM_YA_065",0,0,0,25,0,"6_5.mp3","music"
"3481","TEAM_YA_065",36,14,100,97,0,"7_10.mp3","music"
"3482","TEAM_YA_065",0,0,51,26,0,"6_10.mp3","music"
"3483","TEAM_YA_065",53,80,0,0,61,"4_2.mp3","music"
"3484","TEAM_YA_065",17,25,0,0,23,"11_2.mp3","music"
"3485","TEAM_YA_065",67,79,1,0,77,"5_14.mp3","music"
"3486","TEAM_YA_065",0,0,9,32,0,"4_1.mp3","music"
"3487","TEAM_YA_065",0,0,0,0,0,"7_13.mp3","music"
"3488","TEAM_YA_065",0,0,0,15,0,"8_2.mp3","music"
"3489","TEAM_YA_082",0,5,25,22,0,"6_5.mp3","music"
"3490","TEAM_YA_082",0,7,40,27,0,"7_10.mp3","music"
"3491","TEAM_YA_082",13,12,20,15,0,"11_2.mp3","music"
"3492","TEAM_YA_082",50,54,1,20,0,"3_1.mp3","music"
"3493","TEAM_YA_082",5,17,5,12,0,"5_14.mp3","music"
"3494","TEAM_YA_082",0,15,35,32,7,"6_10.mp3","music"
"3495","TEAM_YA_082",0,12,12,21,0,"11_11.mp3","music"
"3496","TEAM_YA_082",0,16,10,23,0,"10_1.mp3","music"
"3497","TEAM_YA_082",0,16,6,20,0,"12_2.mp3","music"
"3498","TEAM_YA_082",0,0,0,6,0,"10_2.mp3","music"
"3499","TEAM_YA_082",0,21,27,28,23,"4_1.mp3","music"
"3500","TEAM_YA_082",0,28,10,17,0,"2_1.mp3","music"
"3501","TEAM_YA_082",0,17,9,17,0,"4_2.mp3","music"
"3502","TEAM_YA_082",13,29,22,22,0,"7_13.mp3","music"
"3503","TEAM_YA_082",0,0,39,35,0,"11_10.mp3","music"
"3504","TEAM_YA_082",0,37,31,38,37,"8_2.mp3","music"
"3505","TEAM_YA_083",11,1,0,5,4,"4_2.mp3","music"
"3506","TEAM_YA_083",3,2,4,2,1,"11_11.mp3","music"
"3507","TEAM_YA_083",3,1,3,4,4,"2_1.mp3","music"
"3508","TEAM_YA_083",2,1,1,4,0,"10_1.mp3","music"
"3509","TEAM_YA_083",15,9,29,22,2,"7_10.mp3","music"
"3510","TEAM_YA_083",14,2,1,1,12,"8_2.mp3","music"
"3511","TEAM_YA_083",11,8,11,12,16,"6_10.mp3","music"
"3512","TEAM_YA_083",4,17,2,7,7,"3_1.mp3","music"
"3513","TEAM_YA_083",3,2,0,5,16,"11_2.mp3","music"
"3514","TEAM_YA_083",2,3,0,9,1,"10_2.mp3","music"
"3515","TEAM_YA_083",15,3,4,21,10,"6_5.mp3","music"
"3516","TEAM_YA_083",9,4,8,14,15,"11_10.mp3","music"
"3517","TEAM_YA_083",11,3,9,12,19,"4_1.mp3","music"
"3518","TEAM_YA_083",5,18,5,3,6,"7_13.mp3","music"
"3519","TEAM_YA_083",5,17,2,4,0,"12_2.mp3","music"
"3520","TEAM_YA_083",2,8,5,6,62,"5_14.mp3","music"
"3521","TEAM_YA_069",0,0,11,0,0,"3_1.mp3","music"
"3522","TEAM_YA_069",0,0,0,0,0,"10_1.mp3","music"
"3523","TEAM_YA_069",0,0,0,4,0,"2_1.mp3","music"
"3524","TEAM_YA_069",0,0,0,7,8,"8_2.mp3","music"
"3525","TEAM_YA_069",0,0,0,6,4,"7_10.mp3","music"
"3526","TEAM_YA_069",0,0,0,4,10,"4_2.mp3","music"
"3527","TEAM_YA_069",0,0,0,4,12,"6_5.mp3","music"
"3528","TEAM_YA_069",0,0,0,5,9,"11_10.mp3","music"
"3529","TEAM_YA_069",0,0,0,0,7,"6_10.mp3","music"
"3530","TEAM_YA_069",0,0,0,0,5,"5_14.mp3","music"
"3531","TEAM_YA_069",0,0,0,0,5,"10_2.mp3","music"
"3532","TEAM_YA_069",0,0,0,4,11,"7_13.mp3","music"
"3533","TEAM_YA_069",0,0,0,0,2,"12_2.mp3","music"
"3534","TEAM_YA_069",0,0,0,0,0,"11_2.mp3","music"
"3535","TEAM_YA_069",0,0,0,0,0,"4_1.mp3","music"
"3536","TEAM_YA_069",0,0,0,0,7,"11_11.mp3","music"
"3537","TEAM_YA_064",0,0,11,45,1,"6_5.mp3","music"
"3538","TEAM_YA_064",29,1,75,92,0,"6_10.mp3","music"
"3539","TEAM_YA_064",88,83,0,0,9,"4_2.mp3","music"
"3540","TEAM_YA_064",98,97,1,3,15,"5_14.mp3","music"
"3541","TEAM_YA_064",23,52,0,0,0,"2_1.mp3","music"
"3542","TEAM_YA_064",4,20,79,91,0,"11_10.mp3","music"
"3543","TEAM_YA_064",98,95,0,5,58,"3_1.mp3","music"
"3544","TEAM_YA_064",0,0,0,29,0,"8_2.mp3","music"
"3545","TEAM_YA_064",85,85,0,57,42,"11_11.mp3","music"
"3546","TEAM_YA_064",0,0,0,0,1,"10_2.mp3","music"
"3547","TEAM_YA_064",65,47,96,97,60,"7_10.mp3","music"
"3548","TEAM_YA_064",0,0,0,0,0,"4_1.mp3","music"
"3549","TEAM_YA_064",0,0,0,0,0,"12_2.mp3","music"
"3550","TEAM_YA_064",16,0,60,67,0,"11_2.mp3","music"
"3551","TEAM_YA_064",37,38,1,0,0,"7_13.mp3","music"
"3552","TEAM_YA_064",23,15,0,0,0,"10_1.mp3","music"
"3553","TEAM_YA_084",3,9,25,25,5,"11_10.mp3","music"
"3554","TEAM_YA_084",11,8,10,12,15,"4_1.mp3","music"
"3555","TEAM_YA_084",3,1,0,0,1,"6_5.mp3","music"
"3556","TEAM_YA_084",2,3,1,1,0,"7_13.mp3","music"
"3557","TEAM_YA_084",15,15,2,6,8,"5_14.mp3","music"
"3558","TEAM_YA_084",5,6,5,2,2,"10_1.mp3","music"
"3559","TEAM_YA_084",8,9,0,2,5,"12_2.mp3","music"
"3560","TEAM_YA_084",2,1,8,9,2,"6_10.mp3","music"
"3561","TEAM_YA_084",45,22,0,2,11,"3_1.mp3","music"
"3562","TEAM_YA_084",1,3,4,3,1,"2_1.mp3","music"
"3563","TEAM_YA_084",17,0,1,1,9,"11_11.mp3","music"
"3564","TEAM_YA_084",3,1,0,2,1,"8_2.mp3","music"
"3565","TEAM_YA_084",4,0,1,0,2,"10_2.mp3","music"
"3566","TEAM_YA_084",11,21,21,31,24,"11_2.mp3","music"
"3567","TEAM_YA_084",37,7,45,57,47,"7_10.mp3","music"
"3568","TEAM_YA_084",11,6,1,1,2,"4_2.mp3","music"
"3569","TEAM_YA_085",12,46,0,0,0,"4_2.mp3","music"
"3570","TEAM_YA_085",0,0,0,0,0,"4_1.mp3","music"
"3571","TEAM_YA_085",0,0,0,0,0,"8_2.mp3","music"
"3572","TEAM_YA_085",0,0,0,0,0,"10_2.mp3","music"
"3573","TEAM_YA_085",0,0,0,0,0,"10_1.mp3","music"
"3574","TEAM_YA_085",0,0,7,26,0,"11_10.mp3","music"
"3575","TEAM_YA_085",10,0,0,0,0,"12_2.mp3","music"
"3576","TEAM_YA_085",0,0,14,25,1,"6_10.mp3","music"
"3577","TEAM_YA_085",27,4,0,0,0,"5_14.mp3","music"
"3578","TEAM_YA_085",0,0,60,28,0,"7_10.mp3","music"
"3579","TEAM_YA_085",0,8,8,11,0,"11_2.mp3","music"
"3580","TEAM_YA_085",0,0,0,1,0,"6_5.mp3","music"
"3581","TEAM_YA_085",30,6,0,0,0,"7_13.mp3","music"
"3582","TEAM_YA_085",0,1,0,0,0,"2_1.mp3","music"
"3583","TEAM_YA_085",11,30,0,0,0,"3_1.mp3","music"
"3584","TEAM_YA_085",0,0,0,0,0,"11_11.mp3","music"
"3585","TEAM_YA_062",1,3,0,9,0,"11_2.mp3","music"
"3586","TEAM_YA_062",5,2,2,2,1,"3_1.mp3","music"
"3587","TEAM_YA_062",0,1,1,1,1,"7_13.mp3","music"
"3588","TEAM_YA_062",0,0,2,5,1,"10_2.mp3","music"
"3589","TEAM_YA_062",2,5,1,9,2,"11_11.mp3","music"
"3590","TEAM_YA_062",13,2,0,11,2,"5_14.mp3","music"
"3591","TEAM_YA_062",4,3,1,24,3,"6_5.mp3","music"
"3592","TEAM_YA_062",8,13,5,21,3,"12_2.mp3","music"
"3593","TEAM_YA_062",24,14,36,64,22,"7_10.mp3","music"
"3594","TEAM_YA_062",3,3,2,2,4,"4_1.mp3","music"
"3595","TEAM_YA_062",16,1,1,30,7,"8_2.mp3","music"
"3596","TEAM_YA_062",26,9,10,44,31,"6_10.mp3","music"
"3597","TEAM_YA_062",7,5,2,24,2,"11_10.mp3","music"
"3598","TEAM_YA_062",9,8,2,25,2,"2_1.mp3","music"
"3599","TEAM_YA_062",36,17,1,20,5,"4_2.mp3","music"
"3600","TEAM_YA_062",9,1,2,12,5,"10_1.mp3","music"
"3601","TEAM_YA_061",0,0,0,21,0,"12_2.mp3","music"
"3602","TEAM_YA_061",0,1,19,18,0,"10_2.mp3","music"
"3603","TEAM_YA_061",45,49,87,84,51,"6_10.mp3","music"
"3604","TEAM_YA_061",85,95,10,65,80,"3_1.mp3","music"
"3605","TEAM_YA_061",80,65,100,100,70,"7_10.mp3","music"
"3606","TEAM_YA_061",0,0,0,0,0,"6_5.mp3","music"
"3607","TEAM_YA_061",85,95,20,70,90,"11_11.mp3","music"
"3608","TEAM_YA_061",0,0,0,0,0,"7_13.mp3","music"
"3609","TEAM_YA_061",25,35,0,0,10,"4_2.mp3","music"
"3610","TEAM_YA_061",20,40,0,70,15,"8_2.mp3","music"
"3611","TEAM_YA_061",15,25,0,0,19,"4_1.mp3","music"
"3612","TEAM_YA_061",65,80,0,10,39,"2_1.mp3","music"
"3613","TEAM_YA_061",0,0,0,0,0,"10_1.mp3","music"
"3614","TEAM_YA_061",25,21,79,85,0,"11_10.mp3","music"
"3615","TEAM_YA_061",0,0,80,85,0,"11_2.mp3","music"
"3616","TEAM_YA_061",90,100,45,60,100,"5_14.mp3","music"
"3617","TEAM_YA_081",0,0,2,1,1,"10_2.mp3","music"
"3618","TEAM_YA_081",0,1,24,50,2,"11_10.mp3","music"
"3619","TEAM_YA_081",26,50,0,0,18,"7_13.mp3","music"
"3620","TEAM_YA_081",0,0,0,0,0,"12_2.mp3","music"
"3621","TEAM_YA_081",22,53,78,83,29,"7_10.mp3","music"
"3622","TEAM_YA_081",40,51,0,0,5,"4_2.mp3","music"
"3623","TEAM_YA_081",0,0,0,0,0,"4_1.mp3","music"
"3624","TEAM_YA_081",0,18,0,32,2,"8_2.mp3","music"
"3625","TEAM_YA_081",26,62,0,36,5,"5_14.mp3","music"
"3626","TEAM_YA_081",5,34,4,20,1,"10_1.mp3","music"
"3627","TEAM_YA_081",20,30,21,19,0,"2_1.mp3","music"
"3628","TEAM_YA_081",2,0,2,55,0,"6_5.mp3","music"
"3629","TEAM_YA_081",32,27,0,14,26,"11_2.mp3","music"
"3630","TEAM_YA_081",27,33,23,73,33,"6_10.mp3","music"
"3631","TEAM_YA_081",34,69,0,27,39,"11_11.mp3","music"
"3632","TEAM_YA_081",0,31,0,14,19,"3_1.mp3","music"
"3633","TEAM_YA_003",0,0,19,12,0,"11_10.mp3","music"
"3634","TEAM_YA_003",7,0,56,31,16,"7_10.mp3","music"
"3635","TEAM_YA_003",0,0,0,0,0,"11_11.mp3","music"
"3636","TEAM_YA_003",32,0,0,0,0,"4_2.mp3","music"
"3637","TEAM_YA_003",0,0,0,0,0,"10_2.mp3","music"
"3638","TEAM_YA_003",67,46,0,0,0,"3_1.mp3","music"
"3639","TEAM_YA_003",0,0,0,0,0,"4_1.mp3","music"
"3640","TEAM_YA_003",53,58,0,0,0,"2_1.mp3","music"
"3641","TEAM_YA_003",14,0,45,51,14,"11_2.mp3","music"
"3642","TEAM_YA_003",15,0,0,0,0,"7_13.mp3","music"
"3643","TEAM_YA_003",0,0,0,0,0,"10_1.mp3","music"
"3644","TEAM_YA_003",0,0,0,0,0,"8_2.mp3","music"
"3645","TEAM_YA_003",0,0,0,0,0,"12_2.mp3","music"
"3646","TEAM_YA_003",0,0,0,15,0,"6_5.mp3","music"
"3647","TEAM_YA_003",50,16,34,29,10,"5_14.mp3","music"
"3648","TEAM_YA_003",0,0,60,75,32,"6_10.mp3","music"
"3649","TEAM_YA_073",8,15,61,76,9,"11_10.mp3","music"
"3650","TEAM_YA_073",22,24,6,10,7,"3_1.mp3","music"
"3651","TEAM_YA_073",5,5,12,38,6,"8_2.mp3","music"
"3652","TEAM_YA_073",28,19,41,46,16,"11_2.mp3","music"
"3653","TEAM_YA_073",23,7,15,5,18,"5_14.mp3","music"
"3654","TEAM_YA_073",5,5,6,7,3,"10_2.mp3","music"
"3655","TEAM_YA_073",3,1,2,2,4,"4_1.mp3","music"
"3656","TEAM_YA_073",1,14,2,3,1,"10_1.mp3","music"
"3657","TEAM_YA_073",20,10,68,64,27,"7_10.mp3","music"
"3658","TEAM_YA_073",45,29,3,13,9,"4_2.mp3","music"
"3659","TEAM_YA_073",54,47,11,26,12,"11_11.mp3","music"
"3660","TEAM_YA_073",5,9,39,74,8,"6_5.mp3","music"
"3661","TEAM_YA_073",17,42,6,11,6,"7_13.mp3","music"
"3662","TEAM_YA_073",1,9,1,16,3,"2_1.mp3","music"
"3663","TEAM_YA_073",3,20,4,5,2,"12_2.mp3","music"
"3664","TEAM_YA_073",3,18,68,74,22,"6_10.mp3","music"
"3665","TEAM_YA_068",0,9,0,0,0,"11_2.mp3","music"
"3666","TEAM_YA_068",0,0,0,0,0,"10_2.mp3","music"
"3667","TEAM_YA_068",0,32,0,0,0,"7_13.mp3","music"
"3668","TEAM_YA_068",0,0,0,0,0,"12_2.mp3","music"
"3669","TEAM_YA_068",0,0,0,0,0,"8_2.mp3","music"
"3670","TEAM_YA_068",0,0,0,0,0,"10_1.mp3","music"
"3671","TEAM_YA_068",0,0,0,0,0,"6_5.mp3","music"
"3672","TEAM_YA_068",0,0,97,49,0,"7_10.mp3","music"
"3673","TEAM_YA_068",0,0,11,0,0,"11_10.mp3","music"
"3674","TEAM_YA_068",0,0,1,0,0,"6_10.mp3","music"
"3675","TEAM_YA_068",0,0,0,0,0,"2_1.mp3","music"
"3676","TEAM_YA_068",0,80,0,0,48,"11_11.mp3","music"
"3677","TEAM_YA_068",0,38,0,0,22,"5_14.mp3","music"
"3678","TEAM_YA_068",0,0,0,0,0,"4_1.mp3","music"
"3679","TEAM_YA_068",0,37,0,0,0,"3_1.mp3","music"
"3680","TEAM_YA_068",0,63,0,0,26,"4_2.mp3","music"
"3681","TEAM_YA_075",85,65,0,0,45,"4_2.mp3","music"
"3682","TEAM_YA_075",0,0,90,85,30,"11_10.mp3","music"
"3683","TEAM_YA_075",0,0,0,0,0,"10_1.mp3","music"
"3684","TEAM_YA_075",60,20,0,0,10,"2_1.mp3","music"
"3685","TEAM_YA_075",0,0,0,10,15,"10_2.mp3","music"
"3686","TEAM_YA_075",85,75,10,25,0,"3_1.mp3","music"
"3687","TEAM_YA_075",0,0,10,10,0,"8_2.mp3","music"
"3688","TEAM_YA_075",70,55,25,20,35,"5_14.mp3","music"
"3689","TEAM_YA_075",75,60,15,20,10,"7_13.mp3","music"
"3690","TEAM_YA_075",40,40,5,30,10,"11_11.mp3","music"
"3691","TEAM_YA_075",55,30,50,65,60,"11_2.mp3","music"
"3692","TEAM_YA_075",30,10,60,90,60,"6_10.mp3","music"
"3693","TEAM_YA_075",50,15,0,60,0,"4_1.mp3","music"
"3694","TEAM_YA_075",60,30,100,100,90,"7_10.mp3","music"
"3695","TEAM_YA_075",15,0,0,0,0,"12_2.mp3","music"
"3696","TEAM_YA_075",0,0,0,45,0,"6_5.mp3","music"
"3697","TEAM_YA_036",2,3,3,3,3,"10_2.mp3","music"
"3698","TEAM_YA_036",3,2,1,4,3,"8_2.mp3","music"
"3699","TEAM_YA_036",5,1,3,2,4,"12_2.mp3","music"
"3700","TEAM_YA_036",27,29,3,3,21,"7_13.mp3","music"
"3701","TEAM_YA_036",59,65,6,6,67,"3_1.mp3","music"
"3702","TEAM_YA_036",24,19,61,63,15,"7_10.mp3","music"
"3703","TEAM_YA_036",9,9,2,3,7,"4_1.mp3","music"
"3704","TEAM_YA_036",20,28,2,6,20,"11_11.mp3","music"
"3705","TEAM_YA_036",17,21,3,8,14,"4_2.mp3","music"
"3706","TEAM_YA_036",18,22,14,11,19,"11_2.mp3","music"
"3707","TEAM_YA_036",19,17,30,38,17,"6_10.mp3","music"
"3708","TEAM_YA_036",13,9,2,2,13,"2_1.mp3","music"
"3709","TEAM_YA_036",21,20,3,7,22,"5_14.mp3","music"
"3710","TEAM_YA_036",13,16,15,4,9,"11_10.mp3","music"
"3711","TEAM_YA_036",18,18,3,2,10,"10_1.mp3","music"
"3712","TEAM_YA_036",3,2,2,2,6,"6_5.mp3","music"
"3713","TEAM_YA_023",60,90,0,0,70,"4_2.mp3","music"
"3714","TEAM_YA_023",0,0,0,60,0,"10_2.mp3","music"
"3715","TEAM_YA_023",0,0,100,100,100,"7_10.mp3","music"
"3716","TEAM_YA_023",0,75,0,0,0,"10_1.mp3","music"
"3717","TEAM_YA_023",70,60,85,60,85,"11_2.mp3","music"
"3718","TEAM_YA_023",0,84,0,0,0,"7_13.mp3","music"
"3719","TEAM_YA_023",100,100,0,0,50,"3_1.mp3","music"
"3720","TEAM_YA_023",0,0,0,30,0,"8_2.mp3","music"
"3721","TEAM_YA_023",100,100,70,70,0,"5_14.mp3","music"
"3722","TEAM_YA_023",0,0,100,100,100,"6_10.mp3","music"
"3723","TEAM_YA_023",0,35,0,0,0,"2_1.mp3","music"
"3724","TEAM_YA_023",0,70,0,0,0,"12_2.mp3","music"
"3725","TEAM_YA_023",0,0,75,100,25,"4_1.mp3","music"
"3726","TEAM_YA_023",100,100,0,0,75,"11_11.mp3","music"
"3727","TEAM_YA_023",0,0,0,80,0,"6_5.mp3","music"
"3728","TEAM_YA_023",0,0,15,70,70,"11_10.mp3","music"
"3729","TEAM_YA_098",15,11,67,61,66,"7_10.mp3","music"
"3730","TEAM_YA_098",42,66,4,1,33,"11_11.mp3","music"
"3731","TEAM_YA_098",11,3,0,19,4,"4_1.mp3","music"
"3732","TEAM_YA_098",0,4,0,7,3,"6_5.mp3","music"
"3733","TEAM_YA_098",50,55,3,3,21,"4_2.mp3","music"
"3734","TEAM_YA_098",48,54,1,9,14,"2_1.mp3","music"
"3735","TEAM_YA_098",48,5,18,33,41,"11_2.mp3","music"
"3736","TEAM_YA_098",60,41,3,10,30,"7_13.mp3","music"
"3737","TEAM_YA_098",2,4,2,13,4,"10_2.mp3","music"
"3738","TEAM_YA_098",34,21,72,51,49,"6_10.mp3","music"
"3739","TEAM_YA_098",21,11,1,6,15,"10_1.mp3","music"
"3740","TEAM_YA_098",1,36,6,7,3,"12_2.mp3","music"
"3741","TEAM_YA_098",61,53,9,26,27,"5_14.mp3","music"
"3742","TEAM_YA_098",22,9,27,63,12,"11_10.mp3","music"
"3743","TEAM_YA_098",5,5,2,5,10,"8_2.mp3","music"
"3744","TEAM_YA_098",69,65,8,6,32,"3_1.mp3","music"
"3745","TEAM_YA_102",0,0,26,27,0,"7_10.mp3","music"
"3746","TEAM_YA_102",0,0,0,0,0,"4_2.mp3","music"
"3747","TEAM_YA_102",0,0,0,0,0,"6_5.mp3","music"
"3748","TEAM_YA_102",45,10,0,0,0,"3_1.mp3","music"
"3749","TEAM_YA_102",0,0,0,10,0,"11_10.mp3","music"
"3750","TEAM_YA_102",0,0,0,0,0,"12_2.mp3","music"
"3751","TEAM_YA_102",0,0,0,0,0,"2_1.mp3","music"
"3752","TEAM_YA_102",43,14,0,0,0,"7_13.mp3","music"
"3753","TEAM_YA_102",0,0,0,19,0,"8_2.mp3","music"
"3754","TEAM_YA_102",12,0,0,0,0,"5_14.mp3","music"
"3755","TEAM_YA_102",0,0,0,22,0,"4_1.mp3","music"
"3756","TEAM_YA_102",0,0,0,0,0,"10_1.mp3","music"
"3757","TEAM_YA_102",0,0,0,1,0,"11_2.mp3","music"
"3758","TEAM_YA_102",42,11,0,0,0,"11_11.mp3","music"
"3759","TEAM_YA_102",0,0,0,0,0,"10_2.mp3","music"
"3760","TEAM_YA_102",8,0,16,38,0,"6_10.mp3","music"
"3761","TEAM_YA_103",0,0,0,0,0,"10_1.mp3","music"
"3762","TEAM_YA_103",21,4,36,80,5,"11_10.mp3","music"
"3763","TEAM_YA_103",0,10,11,20,13,"11_2.mp3","music"
"3764","TEAM_YA_103",0,0,0,0,0,"12_2.mp3","music"
"3765","TEAM_YA_103",0,0,0,0,0,"6_5.mp3","music"
"3766","TEAM_YA_103",0,12,0,0,0,"2_1.mp3","music"
"3767","TEAM_YA_103",0,18,32,83,0,"6_10.mp3","music"
"3768","TEAM_YA_103",12,14,0,0,0,"4_2.mp3","music"
"3769","TEAM_YA_103",0,0,0,0,0,"10_2.mp3","music"
"3770","TEAM_YA_103",0,32,0,2,0,"4_1.mp3","music"
"3771","TEAM_YA_103",95,82,0,0,51,"3_1.mp3","music"
"3772","TEAM_YA_103",25,45,0,0,5,"5_14.mp3","music"
"3773","TEAM_YA_103",0,0,0,0,0,"8_2.mp3","music"
"3774","TEAM_YA_103",6,50,0,0,0,"11_11.mp3","music"
"3775","TEAM_YA_103",0,7,0,0,0,"7_13.mp3","music"
"3776","TEAM_YA_103",12,50,100,100,80,"7_10.mp3","music"
"3777","TEAM_YA_108",34,32,2,14,4,"5_14.mp3","music"
"3778","TEAM_YA_108",2,2,51,70,11,"11_2.mp3","music"
"3779","TEAM_YA_108",2,4,77,1,3,"6_10.mp3","music"
"3780","TEAM_YA_108",6,8,12,48,7,"10_1.mp3","music"
"3781","TEAM_YA_108",0,3,8,1,2,"4_1.mp3","music"
"3782","TEAM_YA_108",26,0,90,91,50,"7_10.mp3","music"
"3783","TEAM_YA_108",2,1,46,82,22,"11_10.mp3","music"
"3784","TEAM_YA_108",69,85,2,15,43,"4_2.mp3","music"
"3785","TEAM_YA_108",1,3,0,1,2,"10_2.mp3","music"
"3786","TEAM_YA_108",10,2,0,1,1,"8_2.mp3","music"
"3787","TEAM_YA_108",85,96,12,15,32,"7_13.mp3","music"
"3788","TEAM_YA_108",1,2,1,64,1,"6_5.mp3","music"
"3789","TEAM_YA_108",83,92,4,33,48,"2_1.mp3","music"
"3790","TEAM_YA_108",98,99,0,12,49,"11_11.mp3","music"
"3791","TEAM_YA_108",97,98,10,6,82,"3_1.mp3","music"
"3792","TEAM_YA_108",18,16,1,4,4,"12_2.mp3","music"
"3793","TEAM_YA_109",34,43,1,10,0,"4_2.mp3","music"
"3794","TEAM_YA_109",1,0,1,1,0,"10_2.mp3","music"
"3795","TEAM_YA_109",0,10,0,0,0,"12_2.mp3","music"
"3796","TEAM_YA_109",0,0,0,15,0,"10_1.mp3","music"
"3797","TEAM_YA_109",0,0,32,27,0,"11_10.mp3","music"
"3798","TEAM_YA_109",8,1,21,42,8,"5_14.mp3","music"
"3799","TEAM_YA_109",11,32,1,31,1,"11_11.mp3","music"
"3800","TEAM_YA_109",39,42,0,21,5,"2_1.mp3","music"
"3801","TEAM_YA_109",82,74,15,12,66,"3_1.mp3","music"
"3802","TEAM_YA_109",0,20,14,9,0,"4_1.mp3","music"
"3803","TEAM_YA_109",5,6,68,68,57,"11_2.mp3","music"
"3804","TEAM_YA_109",0,0,36,62,0,"8_2.mp3","music"
"3805","TEAM_YA_109",48,16,92,91,78,"7_10.mp3","music"
"3806","TEAM_YA_109",60,60,8,25,31,"7_13.mp3","music"
"3807","TEAM_YA_109",0,0,35,69,1,"6_5.mp3","music"
"3808","TEAM_YA_109",0,0,69,61,44,"6_10.mp3","music"
"3809","TEAM_YA_111",11,4,6,4,2,"11_10.mp3","music"
"3810","TEAM_YA_111",30,49,0,6,2,"11_11.mp3","music"
"3811","TEAM_YA_111",22,25,3,4,3,"7_13.mp3","music"
"3812","TEAM_YA_111",2,1,4,19,32,"6_10.mp3","music"
"3813","TEAM_YA_111",54,32,57,58,14,"7_10.mp3","music"
"3814","TEAM_YA_111",4,7,2,2,4,"10_1.mp3","music"
"3815","TEAM_YA_111",70,14,3,5,17,"2_1.mp3","music"
"3816","TEAM_YA_111",5,5,2,6,6,"8_2.mp3","music"
"3817","TEAM_YA_111",15,1,2,8,5,"12_2.mp3","music"
"3818","TEAM_YA_111",61,36,6,2,4,"5_14.mp3","music"
"3819","TEAM_YA_111",6,0,1,6,2,"10_2.mp3","music"
"3820","TEAM_YA_111",4,2,4,2,17,"6_5.mp3","music"
"3821","TEAM_YA_111",75,54,2,5,21,"4_2.mp3","music"
"3822","TEAM_YA_111",8,4,2,4,19,"4_1.mp3","music"
"3823","TEAM_YA_111",68,76,16,52,35,"11_2.mp3","music"
"3824","TEAM_YA_111",95,69,5,26,32,"3_1.mp3","music"
"3825","TEAM_YA_101",15,0,0,19,5,"11_2.mp3","music"
"3826","TEAM_YA_101",30,7,0,0,0,"7_13.mp3","music"
"3827","TEAM_YA_101",44,30,0,0,33,"11_11.mp3","music"
"3828","TEAM_YA_101",64,52,0,0,24,"3_1.mp3","music"
"3829","TEAM_YA_101",0,13,0,0,0,"12_2.mp3","music"
"3830","TEAM_YA_101",0,0,0,7,0,"4_1.mp3","music"
"3831","TEAM_YA_101",0,0,9,56,0,"6_5.mp3","music"
"3832","TEAM_YA_101",7,9,0,0,0,"4_2.mp3","music"
"3833","TEAM_YA_101",0,0,0,34,0,"8_2.mp3","music"
"3834","TEAM_YA_101",0,0,14,0,0,"10_2.mp3","music"
"3835","TEAM_YA_101",0,0,50,47,0,"11_10.mp3","music"
"3836","TEAM_YA_101",41,15,10,29,0,"5_14.mp3","music"
"3837","TEAM_YA_101",0,0,64,60,0,"7_10.mp3","music"
"3838","TEAM_YA_101",0,8,0,0,1,"10_1.mp3","music"
"3839","TEAM_YA_101",0,0,28,74,0,"6_10.mp3","music"
"3840","TEAM_YA_101",25,17,6,0,0,"2_1.mp3","music"
"3841","TEAM_YA_097",0,0,0,0,0,"5_14.mp3","music"
"3842","TEAM_YA_097",0,0,0,0,0,"7_13.mp3","music"
"3843","TEAM_YA_097",0,0,0,0,0,"11_11.mp3","music"
"3844","TEAM_YA_097",0,0,0,0,0,"6_5.mp3","music"
"3845","TEAM_YA_097",0,0,0,2,0,"7_10.mp3","music"
"3846","TEAM_YA_097",0,0,0,0,0,"10_1.mp3","music"
"3847","TEAM_YA_097",0,0,0,0,0,"4_2.mp3","music"
"3848","TEAM_YA_097",0,0,0,0,0,"12_2.mp3","music"
"3849","TEAM_YA_097",0,0,0,0,0,"11_10.mp3","music"
"3850","TEAM_YA_097",0,0,0,0,0,"3_1.mp3","music"
"3851","TEAM_YA_097",0,0,0,0,0,"4_1.mp3","music"
"3852","TEAM_YA_097",0,0,0,0,0,"6_10.mp3","music"
"3853","TEAM_YA_097",0,0,0,0,0,"10_2.mp3","music"
"3854","TEAM_YA_097",0,0,0,0,0,"11_2.mp3","music"
"3855","TEAM_YA_097",0,0,0,0,0,"8_2.mp3","music"
"3856","TEAM_YA_097",0,0,0,0,0,"2_1.mp3","music"
"3857","TEAM_YA_112",70,69,0,0,0,"7_13.mp3","music"
"3858","TEAM_YA_112",0,21,18,48,15,"6_10.mp3","music"
"3859","TEAM_YA_112",0,0,0,0,0,"8_2.mp3","music"
"3860","TEAM_YA_112",0,0,0,0,0,"4_1.mp3","music"
"3861","TEAM_YA_112",83,86,0,0,74,"4_2.mp3","music"
"3862","TEAM_YA_112",74,0,0,82,48,"11_10.mp3","music"
"3863","TEAM_YA_112",0,1,0,0,0,"10_1.mp3","music"
"3864","TEAM_YA_112",83,81,0,0,0,"11_11.mp3","music"
"3865","TEAM_YA_112",77,87,0,1,0,"3_1.mp3","music"
"3866","TEAM_YA_112",0,0,0,0,0,"10_2.mp3","music"
"3867","TEAM_YA_112",30,75,0,0,0,"2_1.mp3","music"
"3868","TEAM_YA_112",71,71,0,0,0,"12_2.mp3","music"
"3869","TEAM_YA_112",74,64,63,76,56,"11_2.mp3","music"
"3870","TEAM_YA_112",72,0,72,85,68,"7_10.mp3","music"
"3871","TEAM_YA_112",81,84,0,0,68,"5_14.mp3","music"
"3872","TEAM_YA_112",0,0,0,0,0,"6_5.mp3","music"
"3873","TEAM_YA_106",0,2,0,23,4,"6_5.mp3","music"
"3874","TEAM_YA_106",22,1,67,89,29,"7_10.mp3","music"
"3875","TEAM_YA_106",4,6,2,50,5,"4_1.mp3","music"
"3876","TEAM_YA_106",1,7,61,69,33,"6_10.mp3","music"
"3877","TEAM_YA_106",8,69,37,9,53,"5_14.mp3","music"
"3878","TEAM_YA_106",1,2,0,0,1,"8_2.mp3","music"
"3879","TEAM_YA_106",2,8,15,2,1,"10_2.mp3","music"
"3880","TEAM_YA_106",1,24,1,2,4,"7_13.mp3","music"
"3881","TEAM_YA_106",19,11,5,4,23,"2_1.mp3","music"
"3882","TEAM_YA_106",26,10,1,68,16,"11_11.mp3","music"
"3883","TEAM_YA_106",1,38,0,1,0,"4_2.mp3","music"
"3884","TEAM_YA_106",23,39,0,16,26,"3_1.mp3","music"
"3885","TEAM_YA_106",0,29,0,0,26,"10_1.mp3","music"
"3886","TEAM_YA_106",23,25,18,69,0,"11_2.mp3","music"
"3887","TEAM_YA_106",10,9,21,60,6,"11_10.mp3","music"
"3888","TEAM_YA_106",8,26,8,11,15,"12_2.mp3","music"
"3889","TEAM_YA_090",0,0,0,0,0,"10_2.mp3","music"
"3890","TEAM_YA_090",0,0,0,2,0,"6_5.mp3","music"
"3891","TEAM_YA_090",0,0,3,8,0,"11_2.mp3","music"
"3892","TEAM_YA_090",15,10,0,0,6,"3_1.mp3","music"
"3893","TEAM_YA_090",0,0,14,6,2,"7_10.mp3","music"
"3894","TEAM_YA_090",5,3,0,0,0,"11_11.mp3","music"
"3895","TEAM_YA_090",0,0,8,8,4,"6_10.mp3","music"
"3896","TEAM_YA_090",0,0,0,5,0,"4_1.mp3","music"
"3897","TEAM_YA_090",7,5,0,5,4,"4_2.mp3","music"
"3898","TEAM_YA_090",0,0,6,3,0,"11_10.mp3","music"
"3899","TEAM_YA_090",8,5,5,10,4,"5_14.mp3","music"
"3900","TEAM_YA_090",12,8,0,5,5,"7_13.mp3","music"
"3901","TEAM_YA_090",0,0,0,0,0,"2_1.mp3","music"
"3902","TEAM_YA_090",0,0,0,0,0,"8_2.mp3","music"
"3903","TEAM_YA_090",0,4,0,0,2,"10_1.mp3","music"
"3904","TEAM_YA_090",0,0,0,0,0,"12_2.mp3","music"
"3905","TEAM_YA_100",0,0,10,19,7,"6_10.mp3","music"
"3906","TEAM_YA_100",0,0,14,18,0,"6_5.mp3","music"
"3907","TEAM_YA_100",18,47,0,9,13,"5_14.mp3","music"
"3908","TEAM_YA_100",20,37,0,0,24,"11_11.mp3","music"
"3909","TEAM_YA_100",13,21,0,0,19,"2_1.mp3","music"
"3910","TEAM_YA_100",0,0,0,7,0,"10_2.mp3","music"
"3911","TEAM_YA_100",10,14,0,0,7,"12_2.mp3","music"
"3912","TEAM_YA_100",0,0,0,0,0,"4_1.mp3","music"
"3913","TEAM_YA_100",0,0,12,25,0,"8_2.mp3","music"
"3914","TEAM_YA_100",8,0,36,52,16,"7_10.mp3","music"
"3915","TEAM_YA_100",25,0,0,0,0,"3_1.mp3","music"
"3916","TEAM_YA_100",0,12,0,0,0,"10_1.mp3","music"
"3917","TEAM_YA_100",0,0,22,37,0,"11_10.mp3","music"
"3918","TEAM_YA_100",13,14,0,0,0,"7_13.mp3","music"
"3919","TEAM_YA_100",0,14,0,0,0,"4_2.mp3","music"
"3920","TEAM_YA_100",9,0,0,23,8,"11_2.mp3","music"
"3921","TEAM_YA_031",27,20,5,13,10,"11_2.mp3","music"
"3922","TEAM_YA_031",17,22,10,18,12,"10_1.mp3","music"
"3923","TEAM_YA_031",11,9,10,12,8,"10_2.mp3","music"
"3924","TEAM_YA_031",30,32,5,12,9,"7_13.mp3","music"
"3925","TEAM_YA_031",11,9,9,10,4,"4_1.mp3","music"
"3926","TEAM_YA_031",20,24,10,24,26,"11_11.mp3","music"
"3927","TEAM_YA_031",11,12,45,63,38,"7_10.mp3","music"
"3928","TEAM_YA_031",18,27,23,24,16,"6_10.mp3","music"
"3929","TEAM_YA_031",12,10,7,16,16,"6_5.mp3","music"
"3930","TEAM_YA_031",19,10,9,18,8,"12_2.mp3","music"
"3931","TEAM_YA_031",9,10,8,10,9,"2_1.mp3","music"
"3932","TEAM_YA_031",17,32,6,20,16,"4_2.mp3","music"
"3933","TEAM_YA_031",39,14,13,18,12,"5_14.mp3","music"
"3934","TEAM_YA_031",6,17,3,8,7,"8_2.mp3","music"
"3935","TEAM_YA_031",6,5,4,7,13,"11_10.mp3","music"
"3936","TEAM_YA_031",47,4,4,9,6,"3_1.mp3","music"
"3937","TEAM_YA_079",0,0,0,0,0,"6_10.mp3","music"
"3938","TEAM_YA_079",0,0,0,0,0,"11_2.mp3","music"
"3939","TEAM_YA_079",0,0,0,0,0,"8_2.mp3","music"
"3940","TEAM_YA_079",0,0,0,57,0,"11_10.mp3","music"
"3941","TEAM_YA_079",1,0,0,3,0,"10_2.mp3","music"
"3942","TEAM_YA_079",6,18,0,0,0,"2_1.mp3","music"
"3943","TEAM_YA_079",0,0,0,0,0,"4_2.mp3","music"
"3944","TEAM_YA_079",0,21,0,0,0,"11_11.mp3","music"
"3945","TEAM_YA_079",0,0,0,0,0,"5_14.mp3","music"
"3946","TEAM_YA_079",23,0,0,0,0,"7_10.mp3","music"
"3947","TEAM_YA_079",0,0,0,0,0,"10_1.mp3","music"
"3948","TEAM_YA_079",0,0,0,0,0,"4_1.mp3","music"
"3949","TEAM_YA_079",0,0,5,0,0,"12_2.mp3","music"
"3950","TEAM_YA_079",0,0,0,0,0,"6_5.mp3","music"
"3951","TEAM_YA_079",0,0,0,0,0,"3_1.mp3","music"
"3952","TEAM_YA_079",13,21,0,0,0,"7_13.mp3","music"
"3953","TEAM_YA_066",0,0,7,0,0,"6_5.mp3","music"
"3954","TEAM_YA_066",0,0,0,0,0,"12_2.mp3","music"
"3955","TEAM_YA_066",0,0,0,0,0,"7_13.mp3","music"
"3956","TEAM_YA_066",0,0,0,0,0,"5_14.mp3","music"
"3957","TEAM_YA_066",2,0,0,1,0,"6_10.mp3","music"
"3958","TEAM_YA_066",16,4,75,76,4,"7_10.mp3","music"
"3959","TEAM_YA_066",0,0,0,0,0,"10_2.mp3","music"
"3960","TEAM_YA_066",2,0,1,0,1,"11_2.mp3","music"
"3961","TEAM_YA_066",0,2,1,0,2,"10_1.mp3","music"
"3962","TEAM_YA_066",14,10,9,16,33,"4_1.mp3","music"
"3963","TEAM_YA_066",0,0,0,0,0,"11_10.mp3","music"
"3964","TEAM_YA_066",0,0,0,0,0,"11_11.mp3","music"
"3965","TEAM_YA_066",0,0,12,5,0,"8_2.mp3","music"
"3966","TEAM_YA_066",0,0,0,0,0,"4_2.mp3","music"
"3967","TEAM_YA_066",4,5,4,4,13,"2_1.mp3","music"
"3968","TEAM_YA_066",0,0,0,0,0,"3_1.mp3","music"
"3969","TEAM_YA_089",0,0,0,5,0,"8_2.mp3","music"
"3970","TEAM_YA_089",5,5,0,0,6,"7_13.mp3","music"
"3971","TEAM_YA_089",0,6,0,0,0,"10_1.mp3","music"
"3972","TEAM_YA_089",0,9,0,0,0,"12_2.mp3","music"
"3973","TEAM_YA_089",14,30,0,0,11,"11_11.mp3","music"
"3974","TEAM_YA_089",0,0,0,0,0,"4_1.mp3","music"
"3975","TEAM_YA_089",0,0,0,0,0,"2_1.mp3","music"
"3976","TEAM_YA_089",15,15,7,8,6,"5_14.mp3","music"
"3977","TEAM_YA_089",5,6,6,0,0,"4_2.mp3","music"
"3978","TEAM_YA_089",0,0,0,0,0,"10_2.mp3","music"
"3979","TEAM_YA_089",12,8,0,4,3,"3_1.mp3","music"
"3980","TEAM_YA_089",27,19,8,25,17,"11_2.mp3","music"
"3981","TEAM_YA_089",18,0,8,18,4,"11_10.mp3","music"
"3982","TEAM_YA_089",9,10,10,9,5,"6_10.mp3","music"
"3983","TEAM_YA_089",0,0,21,11,13,"7_10.mp3","music"
"3984","TEAM_YA_089",0,0,0,4,0,"6_5.mp3","music"
"3985","TEAM_YA_030",17,23,88,78,65,"6_10.mp3","music"
"3986","TEAM_YA_030",31,21,26,15,9,"8_2.mp3","music"
"3987","TEAM_YA_030",51,22,44,21,28,"5_14.mp3","music"
"3988","TEAM_YA_030",24,23,23,24,23,"12_2.mp3","music"
"3989","TEAM_YA_030",20,23,21,50,25,"6_5.mp3","music"
"3990","TEAM_YA_030",21,51,28,22,18,"4_2.mp3","music"
"3991","TEAM_YA_030",12,24,20,34,27,"4_1.mp3","music"
"3992","TEAM_YA_030",17,53,15,14,19,"7_13.mp3","music"
"3993","TEAM_YA_030",10,32,49,40,28,"2_1.mp3","music"
"3994","TEAM_YA_030",71,79,14,11,18,"3_1.mp3","music"
"3995","TEAM_YA_030",19,24,58,67,18,"11_10.mp3","music"
"3996","TEAM_YA_030",43,29,38,65,46,"11_2.mp3","music"
"3997","TEAM_YA_030",49,38,25,59,14,"11_11.mp3","music"
"3998","TEAM_YA_030",37,49,17,18,10,"10_1.mp3","music"
"3999","TEAM_YA_030",84,13,88,84,77,"7_10.mp3","music"
"4000","TEAM_YA_030",1,9,100,100,53,"10_2.mp3","music"
"4001","TEAM_YA_092",0,1,0,0,0,"7_13.mp3","music"
"4002","TEAM_YA_092",0,1,0,8,16,"4_1.mp3","music"
"4003","TEAM_YA_092",23,1,1,1,0,"2_1.mp3","music"
"4004","TEAM_YA_092",1,0,7,36,0,"6_10.mp3","music"
"4005","TEAM_YA_092",26,9,24,10,0,"5_14.mp3","music"
"4006","TEAM_YA_092",0,0,0,7,0,"8_2.mp3","music"
"4007","TEAM_YA_092",23,8,0,14,0,"3_1.mp3","music"
"4008","TEAM_YA_092",5,18,0,0,0,"12_2.mp3","music"
"4009","TEAM_YA_092",10,0,0,0,0,"11_11.mp3","music"
"4010","TEAM_YA_092",0,10,0,0,0,"10_1.mp3","music"
"4011","TEAM_YA_092",0,0,2,7,0,"10_2.mp3","music"
"4012","TEAM_YA_092",0,0,8,0,0,"6_5.mp3","music"
"4013","TEAM_YA_092",44,4,0,0,18,"4_2.mp3","music"
"4014","TEAM_YA_092",0,0,3,3,0,"11_10.mp3","music"
"4015","TEAM_YA_092",0,0,26,45,19,"7_10.mp3","music"
"4016","TEAM_YA_092",20,0,15,39,0,"11_2.mp3","music"
"4017","TEAM_YA_044",27,10,20,17,14,"11_2.mp3","music"
"4018","TEAM_YA_044",27,22,12,38,25,"6_10.mp3","music"
"4019","TEAM_YA_044",54,22,14,64,31,"2_1.mp3","music"
"4020","TEAM_YA_044",45,45,27,36,28,"10_1.mp3","music"
"4021","TEAM_YA_044",63,60,26,56,12,"5_14.mp3","music"
"4022","TEAM_YA_044",41,36,8,40,20,"11_11.mp3","music"
"4023","TEAM_YA_044",73,76,50,71,65,"12_2.mp3","music"
"4024","TEAM_YA_044",13,9,30,13,46,"4_1.mp3","music"
"4025","TEAM_YA_044",54,21,50,53,5,"11_10.mp3","music"
"4026","TEAM_YA_044",30,28,11,29,24,"8_2.mp3","music"
"4027","TEAM_YA_044",87,93,92,90,75,"7_10.mp3","music"
"4028","TEAM_YA_044",81,88,40,62,91,"7_13.mp3","music"
"4029","TEAM_YA_044",80,92,45,79,94,"4_2.mp3","music"
"4030","TEAM_YA_044",87,87,77,85,69,"3_1.mp3","music"
"4031","TEAM_YA_044",89,86,81,87,7,"6_5.mp3","music"
"4032","TEAM_YA_044",71,27,31,75,14,"10_2.mp3","music"
"4033","TEAM_YA_077",0,45,0,0,2,"10_1.mp3","music"
"4034","TEAM_YA_077",2,66,0,11,8,"3_1.mp3","music"
"4035","TEAM_YA_077",0,52,0,0,8,"2_1.mp3","music"
"4036","TEAM_YA_077",0,0,0,0,0,"6_5.mp3","music"
"4037","TEAM_YA_077",0,0,11,5,0,"11_10.mp3","music"
"4038","TEAM_YA_077",0,0,0,1,0,"12_2.mp3","music"
"4039","TEAM_YA_077",0,0,0,0,0,"10_2.mp3","music"
"4040","TEAM_YA_077",0,0,9,0,0,"11_2.mp3","music"
"4041","TEAM_YA_077",0,0,0,0,0,"8_2.mp3","music"
"4042","TEAM_YA_077",0,0,16,20,29,"6_10.mp3","music"
"4043","TEAM_YA_077",0,0,0,0,0,"4_1.mp3","music"
"4044","TEAM_YA_077",13,0,0,5,18,"5_14.mp3","music"
"4045","TEAM_YA_077",6,9,0,7,0,"7_13.mp3","music"
"4046","TEAM_YA_077",0,13,0,0,0,"4_2.mp3","music"
"4047","TEAM_YA_077",49,69,26,56,50,"11_11.mp3","music"
"4048","TEAM_YA_077",71,57,81,100,85,"7_10.mp3","music"
"4049","TEAM_YA_072",0,0,0,0,0,"11_10.mp3","music"
"4050","TEAM_YA_072",0,11,0,0,0,"12_2.mp3","music"
"4051","TEAM_YA_072",7,14,0,0,0,"2_1.mp3","music"
"4052","TEAM_YA_072",24,19,0,0,0,"3_1.mp3","music"
"4053","TEAM_YA_072",16,21,0,0,0,"5_14.mp3","music"
"4054","TEAM_YA_072",44,17,42,58,11,"7_10.mp3","music"
"4055","TEAM_YA_072",19,9,11,23,10,"11_2.mp3","music"
"4056","TEAM_YA_072",8,13,0,0,0,"10_1.mp3","music"
"4057","TEAM_YA_072",0,0,0,0,0,"4_1.mp3","music"
"4058","TEAM_YA_072",0,0,0,0,0,"8_2.mp3","music"
"4059","TEAM_YA_072",10,18,0,0,0,"4_2.mp3","music"
"4060","TEAM_YA_072",0,0,0,0,0,"10_2.mp3","music"
"4061","TEAM_YA_072",29,30,0,0,0,"7_13.mp3","music"
"4062","TEAM_YA_072",0,0,0,0,0,"6_5.mp3","music"
"4063","TEAM_YA_072",18,0,0,18,0,"6_10.mp3","music"
"4064","TEAM_YA_072",18,23,0,0,0,"11_11.mp3","music"
"4065","TEAM_YA_022",65,50,0,0,12,"4_2.mp3","music"
"4066","TEAM_YA_022",48,10,0,0,20,"7_13.mp3","music"
"4067","TEAM_YA_022",65,52,0,0,26,"12_2.mp3","music"
"4068","TEAM_YA_022",6,22,100,100,50,"7_10.mp3","music"
"4069","TEAM_YA_022",91,100,2,22,90,"5_14.mp3","music"
"4070","TEAM_YA_022",0,0,0,0,0,"6_5.mp3","music"
"4071","TEAM_YA_022",81,83,0,12,70,"2_1.mp3","music"
"4072","TEAM_YA_022",0,0,0,0,0,"8_2.mp3","music"
"4073","TEAM_YA_022",7,70,0,38,33,"10_1.mp3","music"
"4074","TEAM_YA_022",85,76,0,0,40,"11_11.mp3","music"
"4075","TEAM_YA_022",2,5,15,17,10,"6_10.mp3","music"
"4076","TEAM_YA_022",0,0,0,0,0,"10_2.mp3","music"
"4077","TEAM_YA_022",0,9,58,98,0,"11_10.mp3","music"
"4078","TEAM_YA_022",5,8,0,0,0,"4_1.mp3","music"
"4079","TEAM_YA_022",5,63,45,50,42,"11_2.mp3","music"
"4080","TEAM_YA_022",92,85,0,14,80,"3_1.mp3","music"
"4081","TEAM_YA_074",2,48,2,3,5,"5_14.mp3","music"
"4082","TEAM_YA_074",4,4,5,2,4,"10_2.mp3","music"
"4083","TEAM_YA_074",54,2,3,2,3,"4_1.mp3","music"
"4084","TEAM_YA_074",45,53,0,53,0,"7_13.mp3","music"
"4085","TEAM_YA_074",1,0,0,0,0,"2_1.mp3","music"
"4086","TEAM_YA_074",0,0,0,0,0,"6_10.mp3","music"
"4087","TEAM_YA_074",54,0,1,0,0,"6_5.mp3","music"
"4088","TEAM_YA_074",0,0,37,35,0,"11_10.mp3","music"
"4089","TEAM_YA_074",3,0,1,40,0,"11_2.mp3","music"
"4090","TEAM_YA_074",0,0,76,36,1,"7_10.mp3","music"
"4091","TEAM_YA_074",0,0,0,0,0,"12_2.mp3","music"
"4092","TEAM_YA_074",0,0,1,34,0,"11_11.mp3","music"
"4093","TEAM_YA_074",0,0,0,0,0,"10_1.mp3","music"
"4094","TEAM_YA_074",0,0,0,0,0,"4_2.mp3","music"
"4095","TEAM_YA_074",0,0,0,0,0,"8_2.mp3","music"
"4096","TEAM_YA_074",0,0,0,0,0,"3_1.mp3","music"
"4097","TEAM_YA_067",6,4,3,5,0,"11_2.mp3","music"
"4098","TEAM_YA_067",0,0,0,0,0,"4_1.mp3","music"
"4099","TEAM_YA_067",0,10,0,0,0,"10_1.mp3","music"
"4100","TEAM_YA_067",0,5,9,27,32,"7_10.mp3","music"
"4101","TEAM_YA_067",0,0,0,17,0,"11_10.mp3","music"
"4102","TEAM_YA_067",0,0,0,3,0,"8_2.mp3","music"
"4103","TEAM_YA_067",18,20,0,1,0,"4_2.mp3","music"
"4104","TEAM_YA_067",7,35,0,0,0,"2_1.mp3","music"
"4105","TEAM_YA_067",13,37,0,0,1,"7_13.mp3","music"
"4106","TEAM_YA_067",9,16,0,22,1,"5_14.mp3","music"
"4107","TEAM_YA_067",0,2,5,19,1,"6_10.mp3","music"
"4108","TEAM_YA_067",22,4,0,0,0,"3_1.mp3","music"
"4109","TEAM_YA_067",0,27,0,1,0,"12_2.mp3","music"
"4110","TEAM_YA_067",32,15,0,2,0,"11_11.mp3","music"
"4111","TEAM_YA_067",0,0,0,6,0,"6_5.mp3","music"
"4112","TEAM_YA_067",0,18,0,5,5,"10_2.mp3","music"
"4113","TEAM_YA_071",0,8,1,0,0,"11_11.mp3","music"
"4114","TEAM_YA_071",1,3,0,2,0,"10_1.mp3","music"
"4115","TEAM_YA_071",2,15,1,3,1,"5_14.mp3","music"
"4116","TEAM_YA_071",2,5,1,2,0,"12_2.mp3","music"
"4117","TEAM_YA_071",3,2,30,25,1,"11_2.mp3","music"
"4118","TEAM_YA_071",44,35,55,18,20,"7_10.mp3","music"
"4119","TEAM_YA_071",21,21,0,0,5,"2_1.mp3","music"
"4120","TEAM_YA_071",4,4,4,5,4,"8_2.mp3","music"
"4121","TEAM_YA_071",22,36,56,46,18,"6_10.mp3","music"
"4122","TEAM_YA_071",35,43,3,4,22,"7_13.mp3","music"
"4123","TEAM_YA_071",5,20,23,6,5,"10_2.mp3","music"
"4124","TEAM_YA_071",5,1,2,9,2,"4_1.mp3","music"
"4125","TEAM_YA_071",18,13,17,19,20,"6_5.mp3","music"
"4126","TEAM_YA_071",68,49,60,61,29,"4_2.mp3","music"
"4127","TEAM_YA_071",57,70,7,11,9,"3_1.mp3","music"
"4128","TEAM_YA_071",4,11,33,4,5,"11_10.mp3","music"
"4129","TEAM_YA_013",22,18,12,8,6,"4_2.mp3","music"
"4130","TEAM_YA_013",0,0,0,16,0,"10_2.mp3","music"
"4131","TEAM_YA_013",48,23,60,72,0,"11_11.mp3","music"
"4132","TEAM_YA_013",70,72,8,0,0,"3_1.mp3","music"
"4133","TEAM_YA_013",0,0,100,100,45,"7_10.mp3","music"
"4134","TEAM_YA_013",0,1,50,78,31,"11_2.mp3","music"
"4135","TEAM_YA_013",0,13,50,70,17,"4_1.mp3","music"
"4136","TEAM_YA_013",11,9,42,67,16,"6_5.mp3","music"
"4137","TEAM_YA_013",24,18,61,70,0,"6_10.mp3","music"
"4138","TEAM_YA_013",18,20,39,38,21,"10_1.mp3","music"
"4139","TEAM_YA_013",1,0,28,39,42,"11_10.mp3","music"
"4140","TEAM_YA_013",12,13,20,21,8,"2_1.mp3","music"
"4141","TEAM_YA_013",2,3,10,23,10,"12_2.mp3","music"
"4142","TEAM_YA_013",54,58,12,14,6,"7_13.mp3","music"
"4143","TEAM_YA_013",55,27,46,38,12,"5_14.mp3","music"
"4144","TEAM_YA_013",6,2,11,42,4,"8_2.mp3","music"
"4145","35335",12,6,0,7,0,"6_5.mp3","music"
"4146","35335",10,8,24,19,12,"4_2.mp3","music"
"4147","35335",5,7,10,3,5,"2_1.mp3","music"
"4148","35335",6,7,4,8,7,"11_2.mp3","music"
"4149","35335",28,37,35,28,37,"7_10.mp3","music"
"4150","35335",14,10,9,17,11,"11_11.mp3","music"
"4151","35335",5,6,4,7,6,"12_2.mp3","music"
"4152","35335",3,1,3,4,11,"3_1.mp3","music"
"4153","35335",6,6,11,70,15,"6_10.mp3","music"
"4154","35335",4,4,4,3,1,"8_2.mp3","music"
"4155","35335",4,5,2,3,4,"7_13.mp3","music"
"4156","35335",1,4,6,3,1,"10_2.mp3","music"
"4157","35335",2,5,1,2,4,"10_1.mp3","music"
"4158","35335",1,4,3,4,3,"4_1.mp3","music"
"4159","35335",1,4,5,2,5,"5_14.mp3","music"
"4160","35335",2,1,4,60,3,"11_10.mp3","music"
"4161","36118",0,0,0,0,1,"12_2.mp3","music"
"4162","36118",84,0,73,83,13,"11_2.mp3","music"
"4163","36118",0,0,26,0,0,"6_5.mp3","music"
"4164","36118",1,0,69,65,1,"11_10.mp3","music"
"4165","36118",1,0,1,74,0,"10_2.mp3","music"
"4166","36118",52,0,23,0,1,"7_13.mp3","music"
"4167","36118",65,0,1,0,1,"4_1.mp3","music"
"4168","36118",1,0,1,3,1,"8_2.mp3","music"
"4169","36118",71,0,68,79,83,"6_10.mp3","music"
"4170","36118",71,36,0,0,0,"11_11.mp3","music"
"4171","36118",85,0,85,98,89,"7_10.mp3","music"
"4172","36118",75,90,36,58,0,"5_14.mp3","music"
"4173","36118",38,0,29,1,27,"2_1.mp3","music"
"4174","36118",1,0,0,28,0,"10_1.mp3","music"
"4175","36118",0,55,1,28,28,"4_2.mp3","music"
"4176","36118",79,77,2,1,2,"3_1.mp3","music"
"4177","35464",0,0,0,0,0,"2_1.mp3","music"
"4178","35464",0,0,0,7,0,"10_2.mp3","music"
"4179","35464",6,0,0,0,0,"4_1.mp3","music"
"4180","35464",0,0,0,0,0,"10_1.mp3","music"
"4181","35464",10,0,10,81,0,"7_10.mp3","music"
"4182","35464",15,14,0,76,0,"11_2.mp3","music"
"4183","35464",0,0,0,0,0,"12_2.mp3","music"
"4184","35464",0,0,0,23,0,"6_10.mp3","music"
"4185","35464",0,0,0,25,0,"11_10.mp3","music"
"4186","35464",13,17,0,0,0,"5_14.mp3","music"
"4187","35464",0,0,0,0,0,"6_5.mp3","music"
"4188","35464",30,0,0,0,0,"3_1.mp3","music"
"4189","35464",0,0,0,0,0,"11_11.mp3","music"
"4190","35464",0,0,0,30,0,"8_2.mp3","music"
"4191","35464",0,0,0,0,0,"4_2.mp3","music"
"4192","35464",9,19,0,0,0,"7_13.mp3","music"
"4193","35581",0,0,0,0,0,"8_2.mp3","music"
"4194","35581",0,0,14,0,1,"12_2.mp3","music"
"4195","35581",0,0,19,0,0,"6_5.mp3","music"
"4196","35581",18,38,44,6,2,"2_1.mp3","music"
"4197","35581",34,82,1,1,36,"3_1.mp3","music"
"4198","35581",0,0,51,52,0,"11_2.mp3","music"
"4199","35581",3,5,55,42,4,"11_10.mp3","music"
"4200","35581",76,9,23,0,12,"10_1.mp3","music"
"4201","35581",3,24,11,20,5,"10_2.mp3","music"
"4202","35581",86,49,52,29,5,"5_14.mp3","music"
"4203","35581",47,18,2,18,3,"4_1.mp3","music"
"4204","35581",59,50,30,26,2,"11_11.mp3","music"
"4205","35581",17,11,15,4,3,"7_13.mp3","music"
"4206","35581",3,0,10,0,0,"4_2.mp3","music"
"4207","35581",0,2,10,15,2,"6_10.mp3","music"
"4208","35581",4,0,52,13,3,"7_10.mp3","music"
"4209","35692",100,85,30,30,70,"3_1.mp3","music"
"4210","35692",0,0,0,50,0,"10_1.mp3","music"
"4211","35692",20,0,50,100,0,"11_10.mp3","music"
"4212","35692",20,10,10,70,0,"4_1.mp3","music"
"4213","35692",20,0,0,5,0,"2_1.mp3","music"
"4214","35692",100,0,25,100,0,"11_2.mp3","music"
"4215","35692",0,0,0,100,0,"6_5.mp3","music"
"4216","35692",85,0,15,30,0,"7_13.mp3","music"
"4217","35692",0,0,0,100,0,"10_2.mp3","music"
"4218","35692",0,0,0,0,0,"4_2.mp3","music"
"4219","35692",100,30,30,100,15,"5_14.mp3","music"
"4220","35692",15,5,15,100,10,"6_10.mp3","music"
"4221","35692",0,0,0,70,0,"8_2.mp3","music"
"4222","35692",15,0,0,45,0,"12_2.mp3","music"
"4223","35692",20,50,10,65,0,"11_11.mp3","music"
"4224","35692",100,0,100,100,0,"7_10.mp3","music"
"4225","35503",0,0,0,0,0,"10_2.mp3","music"
"4226","35503",0,0,5,5,0,"11_10.mp3","music"
"4227","35503",5,0,9,21,11,"6_10.mp3","music"
"4228","35503",24,9,3,9,15,"5_14.mp3","music"
"4229","35503",19,15,0,0,0,"4_2.mp3","music"
"4230","35503",27,9,0,14,11,"12_2.mp3","music"
"4231","35503",21,0,0,1,13,"10_1.mp3","music"
"4232","35503",27,3,0,0,7,"3_1.mp3","music"
"4233","35503",3,0,0,0,0,"8_2.mp3","music"
"4234","35503",5,0,0,0,0,"6_5.mp3","music"
"4235","35503",53,10,37,34,51,"7_10.mp3","music"
"4236","35503",31,5,0,22,2,"2_1.mp3","music"
"4237","35503",47,26,1,15,17,"11_11.mp3","music"
"4238","35503",30,5,0,4,19,"7_13.mp3","music"
"4239","35503",13,0,0,1,5,"4_1.mp3","music"
"4240","35503",40,7,3,7,20,"11_2.mp3","music"
"4241","35725",5,0,0,0,0,"2_1.mp3","music"
"4242","35725",40,40,0,0,0,"7_13.mp3","music"
"4243","35725",0,0,20,50,30,"6_10.mp3","music"
"4244","35725",0,0,0,10,0,"8_2.mp3","music"
"4245","35725",0,0,30,50,0,"6_5.mp3","music"
"4246","35725",70,70,0,0,25,"3_1.mp3","music"
"4247","35725",35,50,20,70,35,"11_2.mp3","music"
"4248","35725",45,55,0,15,20,"4_2.mp3","music"
"4249","35725",15,25,5,20,0,"4_1.mp3","music"
"4250","35725",35,40,0,20,10,"10_1.mp3","music"
"4251","35725",50,60,0,15,30,"11_11.mp3","music"
"4252","35725",0,10,90,85,40,"7_10.mp3","music"
"4253","35725",5,10,40,90,60,"11_10.mp3","music"
"4254","35725",25,40,0,15,5,"12_2.mp3","music"
"4255","35725",60,60,20,25,20,"5_14.mp3","music"
"4256","35725",0,25,10,30,0,"10_2.mp3","music"
"4257","35593",0,1,0,0,0,"10_2.mp3","music"
"4258","35593",0,0,7,0,3,"4_1.mp3","music"
"4259","35593",9,10,0,0,11,"10_1.mp3","music"
"4260","35593",25,13,91,87,21,"7_10.mp3","music"
"4261","35593",87,71,7,38,47,"5_14.mp3","music"
"4262","35593",0,0,21,0,0,"8_2.mp3","music"
"4263","35593",0,11,13,36,18,"2_1.mp3","music"
"4264","35593",42,85,56,66,31,"11_2.mp3","music"
"4265","35593",0,25,13,16,0,"7_13.mp3","music"
"4266","35593",0,1,0,1,0,"3_1.mp3","music"
"4267","35593",38,0,0,1,1,"11_11.mp3","music"
"4268","35593",0,1,1,14,1,"6_5.mp3","music"
"4269","35593",1,0,55,45,0,"6_10.mp3","music"
"4270","35593",0,0,0,0,1,"4_2.mp3","music"
"4271","35593",0,14,75,83,12,"11_10.mp3","music"
"4272","35593",0,0,1,1,22,"12_2.mp3","music"
"4273","35518",2,23,1,9,9,"6_10.mp3","music"
"4274","35518",42,36,0,25,20,"7_13.mp3","music"
"4275","35518",8,10,0,14,9,"10_2.mp3","music"
"4276","35518",47,31,0,40,32,"4_2.mp3","music"
"4277","35518",96,87,3,74,94,"3_1.mp3","music"
"4278","35518",90,96,4,29,42,"11_11.mp3","music"
"4279","35518",7,4,0,10,15,"12_2.mp3","music"
"4280","35518",9,9,0,10,9,"4_1.mp3","music"
"4281","35518",7,12,1,24,27,"10_1.mp3","music"
"4282","35518",35,5,0,2,7,"2_1.mp3","music"
"4283","35518",2,6,0,4,15,"6_5.mp3","music"
"4284","35518",1,12,0,27,11,"11_10.mp3","music"
"4285","35518",62,45,7,65,75,"11_2.mp3","music"
"4286","35518",43,1,2,5,11,"5_14.mp3","music"
"4287","35518",10,14,0,11,24,"8_2.mp3","music"
"4288","35518",60,48,25,61,47,"7_10.mp3","music"
"4289","35560",15,0,1,0,1,"12_2.mp3","music"
"4290","35560",18,35,6,32,1,"11_11.mp3","music"
"4291","35560",1,1,27,73,24,"6_10.mp3","music"
"4292","35560",78,49,23,49,42,"5_14.mp3","music"
"4293","35560",2,19,1,1,2,"7_13.mp3","music"
"4294","35560",1,21,1,1,6,"4_2.mp3","music"
"4295","35560",26,25,96,99,22,"11_2.mp3","music"
"4296","35560",2,2,1,2,1,"10_2.mp3","music"
"4297","35560",68,43,0,1,26,"3_1.mp3","music"
"4298","35560",2,1,2,4,2,"8_2.mp3","music"
"4299","35560",2,1,40,56,1,"4_1.mp3","music"
"4300","35560",69,8,67,86,30,"7_10.mp3","music"
"4301","35560",2,2,1,3,1,"10_1.mp3","music"
"4302","35560",1,2,0,1,2,"2_1.mp3","music"
"4303","35560",1,1,12,25,1,"6_5.mp3","music"
"4304","35560",20,1,51,63,36,"11_10.mp3","music"
"4305","35467",1,7,1,20,1,"12_2.mp3","music"
"4306","35467",1,2,31,80,0,"8_2.mp3","music"
"4307","35467",42,32,1,22,12,"4_1.mp3","music"
"4308","35467",25,29,21,19,13,"5_14.mp3","music"
"4309","35467",17,18,2,5,9,"2_1.mp3","music"
"4310","35467",20,6,82,79,74,"7_10.mp3","music"
"4311","35467",2,2,53,71,22,"6_10.mp3","music"
"4312","35467",2,1,2,64,2,"6_5.mp3","music"
"4313","35467",35,28,8,52,49,"11_2.mp3","music"
"4314","35467",69,63,63,69,62,"11_10.mp3","music"
"4315","35467",3,8,50,55,69,"10_2.mp3","music"
"4316","35467",50,50,2,4,19,"4_2.mp3","music"
"4317","35467",40,1,15,33,25,"10_1.mp3","music"
"4318","35467",26,1,2,29,25,"11_11.mp3","music"
"4319","35467",2,2,2,5,3,"7_13.mp3","music"
"4320","35467",72,74,4,18,65,"3_1.mp3","music"
"4321","35839",0,0,0,2,0,"8_2.mp3","music"
"4322","35839",0,0,8,30,58,"6_10.mp3","music"
"4323","35839",14,7,0,0,11,"11_11.mp3","music"
"4324","35839",2,0,0,53,36,"6_5.mp3","music"
"4325","35839",0,0,0,23,0,"10_2.mp3","music"
"4326","35839",10,0,26,50,36,"7_10.mp3","music"
"4327","35839",13,6,0,12,0,"4_2.mp3","music"
"4328","35839",16,38,0,29,44,"7_13.mp3","music"
"4329","35839",7,0,0,9,0,"10_1.mp3","music"
"4330","35839",0,0,0,24,0,"11_10.mp3","music"
"4331","35839",23,22,0,19,16,"5_14.mp3","music"
"4332","35839",23,32,0,16,24,"3_1.mp3","music"
"4333","35839",0,0,0,0,14,"12_2.mp3","music"
"4334","35839",33,12,14,36,9,"11_2.mp3","music"
"4335","35839",10,0,0,14,0,"4_1.mp3","music"
"4336","35839",0,0,0,0,0,"2_1.mp3","music"
"4337","36154",17,0,0,0,0,"5_14.mp3","music"
"4338","36154",0,0,6,18,0,"6_5.mp3","music"
"4339","36154",5,0,0,0,0,"2_1.mp3","music"
"4340","36154",27,5,0,0,5,"3_1.mp3","music"
"4341","36154",0,0,0,0,1,"10_1.mp3","music"
"4342","36154",4,0,0,0,0,"7_13.mp3","music"
"4343","36154",0,0,0,0,0,"8_2.mp3","music"
"4344","36154",0,0,0,0,0,"12_2.mp3","music"
"4345","36154",0,0,14,15,0,"7_10.mp3","music"
"4346","36154",63,9,0,7,0,"11_11.mp3","music"
"4347","36154",0,0,0,8,0,"11_2.mp3","music"
"4348","36154",0,0,0,5,0,"10_2.mp3","music"
"4349","36154",0,0,0,26,0,"11_10.mp3","music"
"4350","36154",0,0,24,25,0,"6_10.mp3","music"
"4351","36154",0,0,0,0,0,"4_1.mp3","music"
"4352","36154",0,0,0,0,0,"4_2.mp3","music"
"4353","35584",0,0,6,15,1,"6_5.mp3","music"
"4354","35584",6,6,0,6,0,"4_1.mp3","music"
"4355","35584",72,68,26,12,30,"5_14.mp3","music"
"4356","35584",45,23,46,68,77,"11_2.mp3","music"
"4357","35584",19,19,0,5,0,"12_2.mp3","music"
"4358","35584",2,2,6,24,0,"10_2.mp3","music"
"4359","35584",67,72,4,6,20,"7_13.mp3","music"
"4360","35584",8,5,82,79,4,"6_10.mp3","music"
"4361","35584",2,1,92,78,68,"11_10.mp3","music"
"4362","35584",2,2,95,87,51,"7_10.mp3","music"
"4363","35584",13,8,0,3,0,"10_1.mp3","music"
"4364","35584",77,74,13,20,29,"4_2.mp3","music"
"4365","35584",69,76,0,6,24,"2_1.mp3","music"
"4366","35584",83,81,5,10,32,"3_1.mp3","music"
"4367","35584",4,5,17,11,3,"8_2.mp3","music"
"4368","35584",49,49,5,13,4,"11_11.mp3","music"
"4369","36031",30,0,70,85,0,"7_10.mp3","music"
"4370","36031",0,10,0,0,0,"12_2.mp3","music"
"4371","36031",0,75,0,0,0,"3_1.mp3","music"
"4372","36031",30,30,20,60,0,"5_14.mp3","music"
"4373","36031",0,0,0,10,0,"6_5.mp3","music"
"4374","36031",0,0,0,5,0,"10_2.mp3","music"
"4375","36031",0,0,0,0,0,"10_1.mp3","music"
"4376","36031",29,75,20,0,50,"11_2.mp3","music"
"4377","36031",0,0,0,0,0,"4_1.mp3","music"
"4378","36031",0,0,25,50,20,"11_10.mp3","music"
"4379","36031",33,0,27,35,0,"11_11.mp3","music"
"4380","36031",100,100,100,22,0,"7_13.mp3","music"
"4381","36031",0,0,0,0,0,"8_2.mp3","music"
"4382","36031",20,0,54,100,0,"6_10.mp3","music"
"4383","36031",60,50,0,25,0,"4_2.mp3","music"
"4384","36031",30,100,0,0,0,"2_1.mp3","music"
