"","Participant.Public.ID","gloomy","sad","scared","anxious","upset","stim","condition"
"1","32368","","","","","","Fire 10.jpg","pic"
"2","32368","74","28","34","73","38","Prison 2.jpg","pic"
"3","32368","","","","","","Snow 1.jpg","pic"
"4","32368","63","12","58","80","29","Rainbow 2.jpg","pic"
"5","32368","","","","","","Lake 12.jpg","pic"
"6","32368","6","20","0","0","0","Destruction 2.jpg","pic"
"7","32368","","","","","","Garbage dump 1.jpg","pic"
"8","32368","11","41","8","0","0","Dirt 1.jpg","pic"
"9","32368","","","","","","Rocks 1.jpg","pic"
"10","32368","0","0","10","15","0","Fireworks 6.jpg","pic"
"11","32368","","","","","","Heart 3.jpg","pic"
"12","32368","84","57","28","33","52","Ferret 1.jpg","pic"
"13","32368","","","","","","Clean 1.jpg","pic"
"14","32368","0","0","0","0","0","Flood 1.jpg","pic"
"15","32368","","","","","","Toilet 4.jpg","pic"
"16","32368","39","17","9","15","0","Beach 1.jpg","pic"
"17","32368","","","","","","Fireworks 6.jpg","pic"
"18","32368","0","0","0","0","0","Garbage dump 1.jpg","pic"
"19","32368","","","","","","Dirt 1.jpg","pic"
"20","32368","28","0","0","0","0","Lake 12.jpg","pic"
"21","32368","","","","","","Flood 1.jpg","pic"
"22","32368","0","10","0","0","0","Fire 10.jpg","pic"
"23","32368","","","","","","Destruction 2.jpg","pic"
"24","32368","0","7","21","20","0","Beach 1.jpg","pic"
"25","32368","","","","","","Heart 3.jpg","pic"
"26","32368","0","0","0","0","0","Clean 1.jpg","pic"
"27","32368","","","","","","Rainbow 2.jpg","pic"
"28","32368","27","78","84","73","29","Snow 1.jpg","pic"
"29","32368","","","","","","Prison 2.jpg","pic"
"30","32368","49","34","84","80","16","Toilet 4.jpg","pic"
"31","32368","","","","","","Ferret 1.jpg","pic"
"32","32368","0","16","2","9","0","Rocks 1.jpg","pic"
"33","32449","","","","","","Rainbow 2.jpg","pic"
"34","32449","40","42","28","42","65","Clean 1.jpg","pic"
"35","32449","","","","","","Toilet 4.jpg","pic"
"36","32449","58","30","28","23","49","Fireworks 6.jpg","pic"
"37","32449","","","","","","Destruction 2.jpg","pic"
"38","32449","4","11","30","44","9","Flood 1.jpg","pic"
"39","32449","","","","","","Rocks 1.jpg","pic"
"40","32449","2","23","1","10","6","Snow 1.jpg","pic"
"41","32449","","","","","","Beach 1.jpg","pic"
"42","32449","23","45","25","42","24","Ferret 1.jpg","pic"
"43","32449","","","","","","Fire 10.jpg","pic"
"44","32449","10","27","12","13","5","Heart 3.jpg","pic"
"45","32449","","","","","","Garbage dump 1.jpg","pic"
"46","32449","32","30","7","24","10","Dirt 1.jpg","pic"
"47","32449","","","","","","Lake 12.jpg","pic"
"48","32449","1","10","1","2","2","Prison 2.jpg","pic"
"49","32449","","","","","","Fire 10.jpg","pic"
"50","32449","3","10","23","16","16","Clean 1.jpg","pic"
"51","32449","","","","","","Beach 1.jpg","pic"
"52","32449","1","6","0","9","3","Snow 1.jpg","pic"
"53","32449","","","","","","Destruction 2.jpg","pic"
"54","32449","3","6","1","28","18","Heart 3.jpg","pic"
"55","32449","","","","","","Garbage dump 1.jpg","pic"
"56","32449","2","15","2","1","3","Ferret 1.jpg","pic"
"57","32449","","","","","","Rocks 1.jpg","pic"
"58","32449","66","49","33","49","55","Lake 12.jpg","pic"
"59","32449","","","","","","Toilet 4.jpg","pic"
"60","32449","46","32","34","23","8","Rainbow 2.jpg","pic"
"61","32449","","","","","","Flood 1.jpg","pic"
"62","32449","10","3","77","44","29","Fireworks 6.jpg","pic"
"63","32449","","","","","","Dirt 1.jpg","pic"
"64","32449","2","8","7","1","3","Prison 2.jpg","pic"
"65","31267","","","","","","Rocks 1.jpg","pic"
"66","31267","0","0","0","0","0","Flood 1.jpg","pic"
"67","31267","","","","","","Snow 1.jpg","pic"
"68","31267","0","0","0","0","0","Ferret 1.jpg","pic"
"69","31267","","","","","","Rainbow 2.jpg","pic"
"70","31267","100","50","100","100","100","Toilet 4.jpg","pic"
"71","31267","","","","","","Fire 10.jpg","pic"
"72","31267","0","0","0","23","0","Heart 3.jpg","pic"
"73","31267","","","","","","Destruction 2.jpg","pic"
"74","31267","62","82","100","100","100","Prison 2.jpg","pic"
"75","31267","","","","","","Dirt 1.jpg","pic"
"76","31267","78","50","92","100","100","Beach 1.jpg","pic"
"77","31267","","","","","","Garbage dump 1.jpg","pic"
"78","31267","0","0","0","11","0","Lake 12.jpg","pic"
"79","31267","","","","","","Fireworks 6.jpg","pic"
"80","31267","0","0","0","0","0","Clean 1.jpg","pic"
"81","31267","","","","","","Clean 1.jpg","pic"
"82","31267","0","0","0","0","0","Ferret 1.jpg","pic"
"83","31267","","","","","","Rainbow 2.jpg","pic"
"84","31267","24","0","100","100","100","Snow 1.jpg","pic"
"85","31267","","","","","","Rocks 1.jpg","pic"
"86","31267","20","34","90","100","80","Fire 10.jpg","pic"
"87","31267","","","","","","Flood 1.jpg","pic"
"88","31267","0","0","0","0","0","Destruction 2.jpg","pic"
"89","31267","","","","","","Lake 12.jpg","pic"
"90","31267","72","75","56","100","100","Prison 2.jpg","pic"
"91","31267","","","","","","Garbage dump 1.jpg","pic"
"92","31267","0","0","65","81","68","Heart 3.jpg","pic"
"93","31267","","","","","","Dirt 1.jpg","pic"
"94","31267","0","0","64","49","0","Fireworks 6.jpg","pic"
"95","31267","","","","","","Beach 1.jpg","pic"
"96","31267","72","36","76","88","91","Toilet 4.jpg","pic"
"97","31522","","","","","","Fire 10.jpg","pic"
"98","31522","65","69","86","85","87","Lake 12.jpg","pic"
"99","31522","","","","","","Toilet 4.jpg","pic"
"100","31522","11","8","7","8","7","Snow 1.jpg","pic"
"101","31522","","","","","","Beach 1.jpg","pic"
"102","31522","14","13","13","28","18","Dirt 1.jpg","pic"
"103","31522","","","","","","Prison 2.jpg","pic"
"104","31522","21","19","48","88","14","Garbage dump 1.jpg","pic"
"105","31522","","","","","","Clean 1.jpg","pic"
"106","31522","84","77","95","100","100","Destruction 2.jpg","pic"
"107","31522","","","","","","Heart 3.jpg","pic"
"108","31522","0","0","61","84","0","Fireworks 6.jpg","pic"
"109","31522","","","","","","Flood 1.jpg","pic"
"110","31522","0","0","0","0","0","Rocks 1.jpg","pic"
"111","31522","","","","","","Rainbow 2.jpg","pic"
"112","31522","12","11","58","85","58","Ferret 1.jpg","pic"
"113","31522","","","","","","Destruction 2.jpg","pic"
"114","31522","0","0","60","79","0","Beach 1.jpg","pic"
"115","31522","","","","","","Heart 3.jpg","pic"
"116","31522","5","5","43","86","0","Prison 2.jpg","pic"
"117","31522","","","","","","Lake 12.jpg","pic"
"118","31522","50","14","90","98","48","Rainbow 2.jpg","pic"
"119","31522","","","","","","Clean 1.jpg","pic"
"120","31522","17","17","13","74","10","Snow 1.jpg","pic"
"121","31522","","","","","","Dirt 1.jpg","pic"
"122","31522","26","21","75","60","66","Toilet 4.jpg","pic"
"123","31522","","","","","","Garbage dump 1.jpg","pic"
"124","31522","10","10","49","79","42","Flood 1.jpg","pic"
"125","31522","","","","","","Ferret 1.jpg","pic"
"126","31522","55","13","91","92","91","Fireworks 6.jpg","pic"
"127","31522","","","","","","Rocks 1.jpg","pic"
"128","31522","99","69","100","100","0","Fire 10.jpg","pic"
"129","29986","","","","","","Heart 3.jpg","pic"
"130","29986","0","1","0","0","0","Ferret 1.jpg","pic"
"131","29986","","","","","","Dirt 1.jpg","pic"
"132","29986","45","27","15","5","13","Beach 1.jpg","pic"
"133","29986","","","","","","Fireworks 6.jpg","pic"
"134","29986","0","0","0","0","1","Rainbow 2.jpg","pic"
"135","29986","","","","","","Flood 1.jpg","pic"
"136","29986","0","0","8","5","0","Toilet 4.jpg","pic"
"137","29986","","","","","","Lake 12.jpg","pic"
"138","29986","0","0","4","21","0","Prison 2.jpg","pic"
"139","29986","","","","","","Fire 10.jpg","pic"
"140","29986","73","17","8","10","13","Rocks 1.jpg","pic"
"141","29986","","","","","","Snow 1.jpg","pic"
"142","29986","1","11","0","0","0","Garbage dump 1.jpg","pic"
"143","29986","","","","","","Destruction 2.jpg","pic"
"144","29986","0","6","0","0","0","Clean 1.jpg","pic"
"145","29986","","","","","","Ferret 1.jpg","pic"
"146","29986","23","38","9","10","51","Clean 1.jpg","pic"
"147","29986","","","","","","Garbage dump 1.jpg","pic"
"148","29986","39","50","21","10","29","Dirt 1.jpg","pic"
"149","29986","","","","","","Toilet 4.jpg","pic"
"150","29986","0","0","48","55","86","Destruction 2.jpg","pic"
"151","29986","","","","","","Heart 3.jpg","pic"
"152","29986","0","0","0","0","0","Rainbow 2.jpg","pic"
"153","29986","","","","","","Fireworks 6.jpg","pic"
"154","29986","28","15","0","6","18","Rocks 1.jpg","pic"
"155","29986","","","","","","Fire 10.jpg","pic"
"156","29986","0","0","0","0","0","Lake 12.jpg","pic"
"157","29986","","","","","","Snow 1.jpg","pic"
"158","29986","0","0","0","2","1","Beach 1.jpg","pic"
"159","29986","","","","","","Flood 1.jpg","pic"
"160","29986","0","0","0","0","0","Prison 2.jpg","pic"
"161","30388","","","","","","Toilet 4.jpg","pic"
"162","30388","0","0","5","0","0","Beach 1.jpg","pic"
"163","30388","","","","","","Lake 12.jpg","pic"
"164","30388","0","0","0","0","0","Snow 1.jpg","pic"
"165","30388","","","","","","Ferret 1.jpg","pic"
"166","30388","0","0","0","0","0","Garbage dump 1.jpg","pic"
"167","30388","","","","","","Dirt 1.jpg","pic"
"168","30388","0","0","0","0","0","Flood 1.jpg","pic"
"169","30388","","","","","","Heart 3.jpg","pic"
"170","30388","0","0","0","0","0","Fireworks 6.jpg","pic"
"171","30388","","","","","","Clean 1.jpg","pic"
"172","30388","0","0","0","0","0","Rainbow 2.jpg","pic"
"173","30388","","","","","","Prison 2.jpg","pic"
"174","30388","0","0","0","0","0","Destruction 2.jpg","pic"
"175","30388","","","","","","Fire 10.jpg","pic"
"176","30388","0","9","0","0","0","Rocks 1.jpg","pic"
"177","30388","","","","","","Flood 1.jpg","pic"
"178","30388","0","0","0","0","0","Heart 3.jpg","pic"
"179","30388","","","","","","Lake 12.jpg","pic"
"180","30388","6","11","0","0","0","Rocks 1.jpg","pic"
"181","30388","","","","","","Garbage dump 1.jpg","pic"
"182","30388","0","0","0","0","0","Beach 1.jpg","pic"
"183","30388","","","","","","Prison 2.jpg","pic"
"184","30388","0","0","0","0","0","Rainbow 2.jpg","pic"
"185","30388","","","","","","Toilet 4.jpg","pic"
"186","30388","0","0","0","0","0","Destruction 2.jpg","pic"
"187","30388","","","","","","Dirt 1.jpg","pic"
"188","30388","0","0","0","0","0","Fire 10.jpg","pic"
"189","30388","","","","","","Fireworks 6.jpg","pic"
"190","30388","0","0","0","0","0","Clean 1.jpg","pic"
"191","30388","","","","","","Snow 1.jpg","pic"
"192","30388","0","0","0","0","0","Ferret 1.jpg","pic"
"193","31279","","","","","","Toilet 4.jpg","pic"
"194","31279","30","11","1","1","23","Fireworks 6.jpg","pic"
"195","31279","","","","","","Ferret 1.jpg","pic"
"196","31279","0","0","0","0","0","Beach 1.jpg","pic"
"197","31279","","","","","","Snow 1.jpg","pic"
"198","31279","61","21","54","91","42","Clean 1.jpg","pic"
"199","31279","","","","","","Rocks 1.jpg","pic"
"200","31279","31","48","0","11","11","Lake 12.jpg","pic"
"201","31279","","","","","","Destruction 2.jpg","pic"
"202","31279","0","0","0","0","0","Flood 1.jpg","pic"
"203","31279","","","","","","Garbage dump 1.jpg","pic"
"204","31279","21","43","14","100","66","Fire 10.jpg","pic"
"205","31279","","","","","","Heart 3.jpg","pic"
"206","31279","82","78","79","77","69","Prison 2.jpg","pic"
"207","31279","","","","","","Rainbow 2.jpg","pic"
"208","31279","70","60","5","43","62","Dirt 1.jpg","pic"
"209","31279","","","","","","Dirt 1.jpg","pic"
"210","31279","0","0","0","0","0","Fireworks 6.jpg","pic"
"211","31279","","","","","","Beach 1.jpg","pic"
"212","31279","27","60","15","17","38","Fire 10.jpg","pic"
"213","31279","","","","","","Garbage dump 1.jpg","pic"
"214","31279","0","0","3","0","0","Rocks 1.jpg","pic"
"215","31279","","","","","","Destruction 2.jpg","pic"
"216","31279","0","0","42","22","0","Prison 2.jpg","pic"
"217","31279","","","","","","Rainbow 2.jpg","pic"
"218","31279","79","77","18","79","82","Heart 3.jpg","pic"
"219","31279","","","","","","Clean 1.jpg","pic"
"220","31279","0","11","0","0","0","Flood 1.jpg","pic"
"221","31279","","","","","","Ferret 1.jpg","pic"
"222","31279","0","0","0","0","0","Toilet 4.jpg","pic"
"223","31279","","","","","","Snow 1.jpg","pic"
"224","31279","0","0","0","0","0","Lake 12.jpg","pic"
"225","32551","","","","","","Clean 1.jpg","pic"
"226","32551","16","32","77","44","47","Destruction 2.jpg","pic"
"227","32551","","","","","","Snow 1.jpg","pic"
"228","32551","6","5","6","2","3","Fireworks 6.jpg","pic"
"229","32551","","","","","","Heart 3.jpg","pic"
"230","32551","14","8","3","2","5","Garbage dump 1.jpg","pic"
"231","32551","","","","","","Rainbow 2.jpg","pic"
"232","32551","76","27","61","11","67","Beach 1.jpg","pic"
"233","32551","","","","","","Ferret 1.jpg","pic"
"234","32551","5","1","2","5","9","Flood 1.jpg","pic"
"235","32551","","","","","","Fire 10.jpg","pic"
"236","32551","1","4","4","8","4","Dirt 1.jpg","pic"
"237","32551","","","","","","Rocks 1.jpg","pic"
"238","32551","3","3","4","5","27","Toilet 4.jpg","pic"
"239","32551","","","","","","Prison 2.jpg","pic"
"240","32551","3","31","3","3","6","Lake 12.jpg","pic"
"241","32551","","","","","","Snow 1.jpg","pic"
"242","32551","6","39","5","23","59","Dirt 1.jpg","pic"
"243","32551","","","","","","Rainbow 2.jpg","pic"
"244","32551","36","24","58","63","52","Heart 3.jpg","pic"
"245","32551","","","","","","Prison 2.jpg","pic"
"246","32551","30","68","21","21","75","Ferret 1.jpg","pic"
"247","32551","","","","","","Toilet 4.jpg","pic"
"248","32551","29","67","34","46","74","Clean 1.jpg","pic"
"249","32551","","","","","","Fire 10.jpg","pic"
"250","32551","1","18","87","51","42","Garbage dump 1.jpg","pic"
"251","32551","","","","","","Beach 1.jpg","pic"
"252","32551","1","1","1","1","2","Fireworks 6.jpg","pic"
"253","32551","","","","","","Lake 12.jpg","pic"
"254","32551","1","1","1","2","1","Flood 1.jpg","pic"
"255","32551","","","","","","Destruction 2.jpg","pic"
"256","32551","21","30","55","46","55","Rocks 1.jpg","pic"
"257","32569","","","","","","Destruction 2.jpg","pic"
"258","32569","0","0","0","0","0","Ferret 1.jpg","pic"
"259","32569","","","","","","Lake 12.jpg","pic"
"260","32569","0","0","0","0","13","Dirt 1.jpg","pic"
"261","32569","","","","","","Toilet 4.jpg","pic"
"262","32569","0","0","0","0","0","Garbage dump 1.jpg","pic"
"263","32569","","","","","","Beach 1.jpg","pic"
"264","32569","0","0","0","0","0","Rocks 1.jpg","pic"
"265","32569","","","","","","Prison 2.jpg","pic"
"266","32569","0","0","0","0","0","Snow 1.jpg","pic"
"267","32569","","","","","","Fire 10.jpg","pic"
"268","32569","0","0","0","0","0","Flood 1.jpg","pic"
"269","32569","","","","","","Clean 1.jpg","pic"
"270","32569","5","19","11","13","3","Heart 3.jpg","pic"
"271","32569","","","","","","Fireworks 6.jpg","pic"
"272","32569","0","0","0","0","0","Rainbow 2.jpg","pic"
"273","32569","","","","","","Flood 1.jpg","pic"
"274","32569","0","0","0","0","0","Garbage dump 1.jpg","pic"
"275","32569","","","","","","Snow 1.jpg","pic"
"276","32569","21","0","0","0","0","Fire 10.jpg","pic"
"277","32569","","","","","","Toilet 4.jpg","pic"
"278","32569","25","0","0","0","0","Fireworks 6.jpg","pic"
"279","32569","","","","","","Prison 2.jpg","pic"
"280","32569","0","0","0","0","0","Rocks 1.jpg","pic"
"281","32569","","","","","","Destruction 2.jpg","pic"
"282","32569","0","0","0","0","0","Clean 1.jpg","pic"
"283","32569","","","","","","Ferret 1.jpg","pic"
"284","32569","36","0","0","0","0","Lake 12.jpg","pic"
"285","32569","","","","","","Heart 3.jpg","pic"
"286","32569","33","19","0","0","0","Beach 1.jpg","pic"
"287","32569","","","","","","Rainbow 2.jpg","pic"
"288","32569","0","0","0","0","0","Dirt 1.jpg","pic"
"289","32299","","","","","","Fireworks 6.jpg","pic"
"290","32299","0","10","30","50","0","Clean 1.jpg","pic"
"291","32299","","","","","","Dirt 1.jpg","pic"
"292","32299","1","0","0","0","0","Lake 12.jpg","pic"
"293","32299","","","","","","Toilet 4.jpg","pic"
"294","32299","15","50","20","35","70","Fire 10.jpg","pic"
"295","32299","","","","","","Rainbow 2.jpg","pic"
"296","32299","70","0","30","0","0","Ferret 1.jpg","pic"
"297","32299","","","","","","Garbage dump 1.jpg","pic"
"298","32299","30","0","50","60","0","Flood 1.jpg","pic"
"299","32299","","","","","","Beach 1.jpg","pic"
"300","32299","50","80","80","80","90","Rocks 1.jpg","pic"
"301","32299","","","","","","Snow 1.jpg","pic"
"302","32299","0","0","0","0","0","Destruction 2.jpg","pic"
"303","32299","","","","","","Prison 2.jpg","pic"
"304","32299","0","0","0","0","0","Heart 3.jpg","pic"
"305","32299","","","","","","Lake 12.jpg","pic"
"306","32299","0","0","0","0","0","Rocks 1.jpg","pic"
"307","32299","","","","","","Rainbow 2.jpg","pic"
"308","32299","0","0","0","0","0","Fireworks 6.jpg","pic"
"309","32299","","","","","","Fire 10.jpg","pic"
"310","32299","40","70","80","80","30","Heart 3.jpg","pic"
"311","32299","","","","","","Toilet 4.jpg","pic"
"312","32299","0","0","0","0","0","Dirt 1.jpg","pic"
"313","32299","","","","","","Clean 1.jpg","pic"
"314","32299","0","0","0","0","0","Ferret 1.jpg","pic"
"315","32299","","","","","","Prison 2.jpg","pic"
"316","32299","0","0","0","0","0","Snow 1.jpg","pic"
"317","32299","","","","","","Beach 1.jpg","pic"
"318","32299","75","80","80","80","50","Garbage dump 1.jpg","pic"
"319","32299","","","","","","Flood 1.jpg","pic"
"320","32299","70","0","65","80","20","Destruction 2.jpg","pic"
"321","30766","","","","","","Prison 2.jpg","pic"
"322","30766","0","0","0","0","50","Heart 3.jpg","pic"
"323","30766","","","","","","Lake 12.jpg","pic"
"324","30766","0","0","0","0","0","Fireworks 6.jpg","pic"
"325","30766","","","","","","Dirt 1.jpg","pic"
"326","30766","0","0","0","0","0","Rainbow 2.jpg","pic"
"327","30766","","","","","","Destruction 2.jpg","pic"
"328","30766","0","5","0","0","0","Clean 1.jpg","pic"
"329","30766","","","","","","Flood 1.jpg","pic"
"330","30766","0","0","0","0","35","Ferret 1.jpg","pic"
"331","30766","","","","","","Toilet 4.jpg","pic"
"332","30766","0","0","0","0","0","Fire 10.jpg","pic"
"333","30766","","","","","","Rocks 1.jpg","pic"
"334","30766","0","0","0","0","100","Beach 1.jpg","pic"
"335","30766","","","","","","Garbage dump 1.jpg","pic"
"336","30766","5","50","0","0","5","Snow 1.jpg","pic"
"337","30766","","","","","","Garbage dump 1.jpg","pic"
"338","30766","0","0","0","0","0","Heart 3.jpg","pic"
"339","30766","","","","","","Ferret 1.jpg","pic"
"340","30766","0","0","0","0","0","Prison 2.jpg","pic"
"341","30766","","","","","","Lake 12.jpg","pic"
"342","30766","0","0","0","0","0","Clean 1.jpg","pic"
"343","30766","","","","","","Snow 1.jpg","pic"
"344","30766","0","0","0","0","0","Rocks 1.jpg","pic"
"345","30766","","","","","","Fire 10.jpg","pic"
"346","30766","20","5","0","0","0","Fireworks 6.jpg","pic"
"347","30766","","","","","","Flood 1.jpg","pic"
"348","30766","5","100","0","0","15","Toilet 4.jpg","pic"
"349","30766","","","","","","Rainbow 2.jpg","pic"
"350","30766","0","15","0","0","0","Beach 1.jpg","pic"
"351","30766","","","","","","Dirt 1.jpg","pic"
"352","30766","0","0","0","0","0","Destruction 2.jpg","pic"
"353","30916","","","","","","Prison 2.jpg","pic"
"354","30916","47","41","53","28","41","Garbage dump 1.jpg","pic"
"355","30916","","","","","","Ferret 1.jpg","pic"
"356","30916","15","3","13","8","2","Fireworks 6.jpg","pic"
"357","30916","","","","","","Rainbow 2.jpg","pic"
"358","30916","1","20","13","44","3","Lake 12.jpg","pic"
"359","30916","","","","","","Destruction 2.jpg","pic"
"360","30916","14","17","10","21","20","Clean 1.jpg","pic"
"361","30916","","","","","","Snow 1.jpg","pic"
"362","30916","68","77","92","69","82","Flood 1.jpg","pic"
"363","30916","","","","","","Rocks 1.jpg","pic"
"364","30916","44","30","12","67","19","Fire 10.jpg","pic"
"365","30916","","","","","","Beach 1.jpg","pic"
"366","30916","64","77","87","46","58","Dirt 1.jpg","pic"
"367","30916","","","","","","Toilet 4.jpg","pic"
"368","30916","1","7","3","2","1","Heart 3.jpg","pic"
"369","30916","","","","","","Rainbow 2.jpg","pic"
"370","30916","59","52","37","76","58","Snow 1.jpg","pic"
"371","30916","","","","","","Fireworks 6.jpg","pic"
"372","30916","88","92","98","76","51","Fire 10.jpg","pic"
"373","30916","","","","","","Heart 3.jpg","pic"
"374","30916","19","23","62","71","69","Dirt 1.jpg","pic"
"375","30916","","","","","","Ferret 1.jpg","pic"
"376","30916","84","61","72","72","78","Flood 1.jpg","pic"
"377","30916","","","","","","Prison 2.jpg","pic"
"378","30916","4","15","16","35","6","Clean 1.jpg","pic"
"379","30916","","","","","","Toilet 4.jpg","pic"
"380","30916","13","16","12","30","4","Rocks 1.jpg","pic"
"381","30916","","","","","","Beach 1.jpg","pic"
"382","30916","0","0","0","0","0","Destruction 2.jpg","pic"
"383","30916","","","","","","Lake 12.jpg","pic"
"384","30916","12","18","53","28","16","Garbage dump 1.jpg","pic"
"385","31711","","","","","","Toilet 4.jpg","pic"
"386","31711","38","24","97","98","11","Flood 1.jpg","pic"
"387","31711","","","","","","Destruction 2.jpg","pic"
"388","31711","1","15","8","1","4","Lake 12.jpg","pic"
"389","31711","","","","","","Rocks 1.jpg","pic"
"390","31711","12","34","77","75","21","Ferret 1.jpg","pic"
"391","31711","","","","","","Snow 1.jpg","pic"
"392","31711","3","6","5","17","2","Fireworks 6.jpg","pic"
"393","31711","","","","","","Heart 3.jpg","pic"
"394","31711","10","6","6","2","6","Prison 2.jpg","pic"
"395","31711","","","","","","Clean 1.jpg","pic"
"396","31711","5","12","12","6","12","Garbage dump 1.jpg","pic"
"397","31711","","","","","","Rainbow 2.jpg","pic"
"398","31711","11","6","4","3","5","Beach 1.jpg","pic"
"399","31711","","","","","","Dirt 1.jpg","pic"
"400","31711","9","8","20","8","4","Fire 10.jpg","pic"
"401","31711","","","","","","Garbage dump 1.jpg","pic"
"402","31711","48","46","66","57","22","Toilet 4.jpg","pic"
"403","31711","","","","","","Destruction 2.jpg","pic"
"404","31711","66","76","86","76","75","Ferret 1.jpg","pic"
"405","31711","","","","","","Clean 1.jpg","pic"
"406","31711","15","13","4","24","33","Heart 3.jpg","pic"
"407","31711","","","","","","Fireworks 6.jpg","pic"
"408","31711","20","21","11","21","22","Lake 12.jpg","pic"
"409","31711","","","","","","Beach 1.jpg","pic"
"410","31711","5","11","1","6","7","Snow 1.jpg","pic"
"411","31711","","","","","","Dirt 1.jpg","pic"
"412","31711","34","35","51","28","17","Prison 2.jpg","pic"
"413","31711","","","","","","Rainbow 2.jpg","pic"
"414","31711","2","6","6","4","1","Fire 10.jpg","pic"
"415","31711","","","","","","Rocks 1.jpg","pic"
"416","31711","7","2","23","5","4","Flood 1.jpg","pic"
"417","30475","","","","","","Rocks 1.jpg","pic"
"418","30475","1","0","0","0","0","Prison 2.jpg","pic"
"419","30475","","","","","","Ferret 1.jpg","pic"
"420","30475","0","0","0","0","0","Fireworks 6.jpg","pic"
"421","30475","","","","","","Beach 1.jpg","pic"
"422","30475","0","0","0","0","0","Snow 1.jpg","pic"
"423","30475","","","","","","Lake 12.jpg","pic"
"424","30475","0","0","0","15","0","Rainbow 2.jpg","pic"
"425","30475","","","","","","Clean 1.jpg","pic"
"426","30475","0","10","0","0","5","Garbage dump 1.jpg","pic"
"427","30475","","","","","","Destruction 2.jpg","pic"
"428","30475","0","0","0","0","0","Fire 10.jpg","pic"
"429","30475","","","","","","Dirt 1.jpg","pic"
"430","30475","0","0","2","0","5","Toilet 4.jpg","pic"
"431","30475","","","","","","Flood 1.jpg","pic"
"432","30475","2","0","5","5","0","Heart 3.jpg","pic"
"433","30475","","","","","","Heart 3.jpg","pic"
"434","30475","0","0","0","0","0","Destruction 2.jpg","pic"
"435","30475","","","","","","Lake 12.jpg","pic"
"436","30475","0","0","0","0","0","Snow 1.jpg","pic"
"437","30475","","","","","","Toilet 4.jpg","pic"
"438","30475","0","0","0","0","0","Rainbow 2.jpg","pic"
"439","30475","","","","","","Clean 1.jpg","pic"
"440","30475","15","0","5","10","5","Ferret 1.jpg","pic"
"441","30475","","","","","","Prison 2.jpg","pic"
"442","30475","0","0","10","5","0","Fireworks 6.jpg","pic"
"443","30475","","","","","","Flood 1.jpg","pic"
"444","30475","5","0","10","20","10","Rocks 1.jpg","pic"
"445","30475","","","","","","Beach 1.jpg","pic"
"446","30475","0","0","0","0","0","Garbage dump 1.jpg","pic"
"447","30475","","","","","","Dirt 1.jpg","pic"
"448","30475","0","0","0","0","0","Fire 10.jpg","pic"
"449","30880","","","","","","Prison 2.jpg","pic"
"450","30880","0","0","0","0","0","Ferret 1.jpg","pic"
"451","30880","","","","","","Heart 3.jpg","pic"
"452","30880","34","39","22","60","28","Dirt 1.jpg","pic"
"453","30880","","","","","","Flood 1.jpg","pic"
"454","30880","0","0","0","0","0","Rainbow 2.jpg","pic"
"455","30880","","","","","","Toilet 4.jpg","pic"
"456","30880","0","0","10","34","0","Lake 12.jpg","pic"
"457","30880","","","","","","Fire 10.jpg","pic"
"458","30880","0","0","0","0","0","Beach 1.jpg","pic"
"459","30880","","","","","","Destruction 2.jpg","pic"
"460","30880","50","65","9","35","44","Clean 1.jpg","pic"
"461","30880","","","","","","Rocks 1.jpg","pic"
"462","30880","0","0","0","0","0","Fireworks 6.jpg","pic"
"463","30880","","","","","","Garbage dump 1.jpg","pic"
"464","30880","0","0","0","0","0","Snow 1.jpg","pic"
"465","30880","","","","","","Rainbow 2.jpg","pic"
"466","30880","0","0","31","46","0","Ferret 1.jpg","pic"
"467","30880","","","","","","Fireworks 6.jpg","pic"
"468","30880","68","40","27","36","15","Beach 1.jpg","pic"
"469","30880","","","","","","Dirt 1.jpg","pic"
"470","30880","12","0","17","41","14","Prison 2.jpg","pic"
"471","30880","","","","","","Fire 10.jpg","pic"
"472","30880","0","0","0","0","0","Lake 12.jpg","pic"
"473","30880","","","","","","Garbage dump 1.jpg","pic"
"474","30880","0","0","0","4","0","Flood 1.jpg","pic"
"475","30880","","","","","","Toilet 4.jpg","pic"
"476","30880","18","0","28","61","48","Destruction 2.jpg","pic"
"477","30880","","","","","","Snow 1.jpg","pic"
"478","30880","67","3","24","35","0","Heart 3.jpg","pic"
"479","30880","","","","","","Clean 1.jpg","pic"
"480","30880","0","0","0","0","0","Rocks 1.jpg","pic"
"481","32848","","","","","","Flood 1.jpg","pic"
"482","32848","0","0","0","0","0","Lake 12.jpg","pic"
"483","32848","","","","","","Clean 1.jpg","pic"
"484","32848","24","9","27","55","55","Prison 2.jpg","pic"
"485","32848","","","","","","Fire 10.jpg","pic"
"486","32848","0","0","0","0","0","Snow 1.jpg","pic"
"487","32848","","","","","","Garbage dump 1.jpg","pic"
"488","32848","18","5","3","24","8","Ferret 1.jpg","pic"
"489","32848","","","","","","Heart 3.jpg","pic"
"490","32848","34","50","30","18","49","Beach 1.jpg","pic"
"491","32848","","","","","","Fireworks 6.jpg","pic"
"492","32848","6","58","20","9","18","Toilet 4.jpg","pic"
"493","32848","","","","","","Dirt 1.jpg","pic"
"494","32848","51","65","62","45","57","Destruction 2.jpg","pic"
"495","32848","","","","","","Rainbow 2.jpg","pic"
"496","32848","4","2","1","2","5","Rocks 1.jpg","pic"
"497","32848","","","","","","Rocks 1.jpg","pic"
"498","32848","58","64","51","66","75","Beach 1.jpg","pic"
"499","32848","","","","","","Snow 1.jpg","pic"
"500","32848","67","66","71","39","64","Clean 1.jpg","pic"
"501","32848","","","","","","Lake 12.jpg","pic"
"502","32848","0","0","2","0","1","Fire 10.jpg","pic"
"503","32848","","","","","","Toilet 4.jpg","pic"
"504","32848","1","17","0","47","0","Rainbow 2.jpg","pic"
"505","32848","","","","","","Prison 2.jpg","pic"
"506","32848","0","0","18","1","0","Dirt 1.jpg","pic"
"507","32848","","","","","","Garbage dump 1.jpg","pic"
"508","32848","89","78","50","40","80","Destruction 2.jpg","pic"
"509","32848","","","","","","Fireworks 6.jpg","pic"
"510","32848","85","79","48","60","77","Heart 3.jpg","pic"
"511","32848","","","","","","Ferret 1.jpg","pic"
"512","32848","0","0","0","0","0","Flood 1.jpg","pic"
"513","31168","","","","","","Ferret 1.jpg","pic"
"514","31168","32","89","48","26","40","Prison 2.jpg","pic"
"515","31168","","","","","","Snow 1.jpg","pic"
"516","31168","0","0","16","0","0","Garbage dump 1.jpg","pic"
"517","31168","","","","","","Heart 3.jpg","pic"
"518","31168","0","21","0","0","0","Lake 12.jpg","pic"
"519","31168","","","","","","Fire 10.jpg","pic"
"520","31168","0","0","0","0","0","Destruction 2.jpg","pic"
"521","31168","","","","","","Flood 1.jpg","pic"
"522","31168","30","36","54","60","39","Clean 1.jpg","pic"
"523","31168","","","","","","Rainbow 2.jpg","pic"
"524","31168","48","42","14","26","61","Toilet 4.jpg","pic"
"525","31168","","","","","","Fireworks 6.jpg","pic"
"526","31168","0","0","0","0","0","Dirt 1.jpg","pic"
"527","31168","","","","","","Rocks 1.jpg","pic"
"528","31168","0","0","0","0","0","Beach 1.jpg","pic"
"529","31168","","","","","","Rainbow 2.jpg","pic"
"530","31168","44","8","70","43","43","Fire 10.jpg","pic"
"531","31168","","","","","","Clean 1.jpg","pic"
"532","31168","0","10","0","0","0","Ferret 1.jpg","pic"
"533","31168","","","","","","Garbage dump 1.jpg","pic"
"534","31168","0","28","52","33","0","Toilet 4.jpg","pic"
"535","31168","","","","","","Prison 2.jpg","pic"
"536","31168","13","24","49","53","0","Lake 12.jpg","pic"
"537","31168","","","","","","Rocks 1.jpg","pic"
"538","31168","0","0","0","0","0","Destruction 2.jpg","pic"
"539","31168","","","","","","Heart 3.jpg","pic"
"540","31168","0","0","0","0","0","Fireworks 6.jpg","pic"
"541","31168","","","","","","Dirt 1.jpg","pic"
"542","31168","0","0","0","0","0","Snow 1.jpg","pic"
"543","31168","","","","","","Beach 1.jpg","pic"
"544","31168","0","0","0","0","0","Flood 1.jpg","pic"
"545","31669","","","","","","Heart 3.jpg","pic"
"546","31669","66","70","44","44","55","Ferret 1.jpg","pic"
"547","31669","","","","","","Clean 1.jpg","pic"
"548","31669","17","52","41","23","39","Snow 1.jpg","pic"
"549","31669","","","","","","Lake 12.jpg","pic"
"550","31669","37","32","27","39","44","Toilet 4.jpg","pic"
"551","31669","","","","","","Garbage dump 1.jpg","pic"
"552","31669","36","28","56","60","61","Rocks 1.jpg","pic"
"553","31669","","","","","","Flood 1.jpg","pic"
"554","31669","28","43","72","61","50","Prison 2.jpg","pic"
"555","31669","","","","","","Destruction 2.jpg","pic"
"556","31669","31","27","56","57","26","Fire 10.jpg","pic"
"557","31669","","","","","","Rainbow 2.jpg","pic"
"558","31669","33","40","61","31","33","Beach 1.jpg","pic"
"559","31669","","","","","","Dirt 1.jpg","pic"
"560","31669","24","18","20","25","33","Fireworks 6.jpg","pic"
"561","31669","","","","","","Lake 12.jpg","pic"
"562","31669","63","65","56","19","72","Dirt 1.jpg","pic"
"563","31669","","","","","","Snow 1.jpg","pic"
"564","31669","27","26","19","42","47","Prison 2.jpg","pic"
"565","31669","","","","","","Destruction 2.jpg","pic"
"566","31669","29","28","50","57","64","Fireworks 6.jpg","pic"
"567","31669","","","","","","Rainbow 2.jpg","pic"
"568","31669","5","23","45","25","29","Flood 1.jpg","pic"
"569","31669","","","","","","Clean 1.jpg","pic"
"570","31669","28","18","43","32","30","Rocks 1.jpg","pic"
"571","31669","","","","","","Beach 1.jpg","pic"
"572","31669","31","32","33","66","31","Heart 3.jpg","pic"
"573","31669","","","","","","Garbage dump 1.jpg","pic"
"574","31669","19","22","45","12","17","Toilet 4.jpg","pic"
"575","31669","","","","","","Fire 10.jpg","pic"
"576","31669","32","31","50","19","55","Ferret 1.jpg","pic"
"577","31981","","","","","","Rainbow 2.jpg","pic"
"578","31981","65","56","54","60","51","Fireworks 6.jpg","pic"
"579","31981","","","","","","Flood 1.jpg","pic"
"580","31981","47","56","57","56","46","Ferret 1.jpg","pic"
"581","31981","","","","","","Toilet 4.jpg","pic"
"582","31981","58","83","76","53","60","Snow 1.jpg","pic"
"583","31981","","","","","","Prison 2.jpg","pic"
"584","31981","40","31","40","37","32","Garbage dump 1.jpg","pic"
"585","31981","","","","","","Dirt 1.jpg","pic"
"586","31981","24","74","69","12","80","Beach 1.jpg","pic"
"587","31981","","","","","","Destruction 2.jpg","pic"
"588","31981","40","58","65","55","61","Rocks 1.jpg","pic"
"589","31981","","","","","","Clean 1.jpg","pic"
"590","31981","39","62","66","41","41","Heart 3.jpg","pic"
"591","31981","","","","","","Lake 12.jpg","pic"
"592","31981","44","51","51","54","43","Fire 10.jpg","pic"
"593","31981","","","","","","Heart 3.jpg","pic"
"594","31981","7","3","81","86","21","Dirt 1.jpg","pic"
"595","31981","","","","","","Clean 1.jpg","pic"
"596","31981","48","48","48","5","56","Beach 1.jpg","pic"
"597","31981","","","","","","Rocks 1.jpg","pic"
"598","31981","34","33","50","30","45","Destruction 2.jpg","pic"
"599","31981","","","","","","Garbage dump 1.jpg","pic"
"600","31981","26","47","61","32","41","Ferret 1.jpg","pic"
"601","31981","","","","","","Toilet 4.jpg","pic"
"602","31981","50","44","52","52","52","Fire 10.jpg","pic"
"603","31981","","","","","","Rainbow 2.jpg","pic"
"604","31981","52","51","54","43","45","Lake 12.jpg","pic"
"605","31981","","","","","","Snow 1.jpg","pic"
"606","31981","43","42","46","43","50","Fireworks 6.jpg","pic"
"607","31981","","","","","","Flood 1.jpg","pic"
"608","31981","55","56","42","45","47","Prison 2.jpg","pic"
"609","29974","","","","","","Lake 12.jpg","pic"
"610","29974","3","24","3","3","1","Toilet 4.jpg","pic"
"611","29974","","","","","","Beach 1.jpg","pic"
"612","29974","3","1","18","0","2","Garbage dump 1.jpg","pic"
"613","29974","","","","","","Clean 1.jpg","pic"
"614","29974","0","50","0","0","0","Dirt 1.jpg","pic"
"615","29974","","","","","","Destruction 2.jpg","pic"
"616","29974","22","9","10","0","4","Fireworks 6.jpg","pic"
"617","29974","","","","","","Rocks 1.jpg","pic"
"618","29974","68","91","1","10","0","Ferret 1.jpg","pic"
"619","29974","","","","","","Fire 10.jpg","pic"
"620","29974","64","0","0","0","0","Rainbow 2.jpg","pic"
"621","29974","","","","","","Snow 1.jpg","pic"
"622","29974","92","0","100","100","0","Flood 1.jpg","pic"
"623","29974","","","","","","Heart 3.jpg","pic"
"624","29974","0","0","0","0","0","Prison 2.jpg","pic"
"625","29974","","","","","","Clean 1.jpg","pic"
"626","29974","66","68","0","17","0","Destruction 2.jpg","pic"
"627","29974","","","","","","Heart 3.jpg","pic"
"628","29974","0","82","100","0","0","Lake 12.jpg","pic"
"629","29974","","","","","","Flood 1.jpg","pic"
"630","29974","100","50","81","59","0","Toilet 4.jpg","pic"
"631","29974","","","","","","Snow 1.jpg","pic"
"632","29974","0","62","0","0","0","Fireworks 6.jpg","pic"
"633","29974","","","","","","Beach 1.jpg","pic"
"634","29974","0","0","0","0","0","Garbage dump 1.jpg","pic"
"635","29974","","","","","","Rainbow 2.jpg","pic"
"636","29974","5","69","70","6","0","Ferret 1.jpg","pic"
"637","29974","","","","","","Dirt 1.jpg","pic"
"638","29974","65","69","83","67","0","Fire 10.jpg","pic"
"639","29974","","","","","","Prison 2.jpg","pic"
"640","29974","71","45","92","59","0","Rocks 1.jpg","pic"
"641","31723","","","","","","Fire 10.jpg","pic"
"642","31723","20","20","10","30","20","Clean 1.jpg","pic"
"643","31723","","","","","","Flood 1.jpg","pic"
"644","31723","0","5","0","0","0","Fireworks 6.jpg","pic"
"645","31723","","","","","","Heart 3.jpg","pic"
"646","31723","0","0","20","0","0","Lake 12.jpg","pic"
"647","31723","","","","","","Destruction 2.jpg","pic"
"648","31723","0","0","10","0","0","Beach 1.jpg","pic"
"649","31723","","","","","","Dirt 1.jpg","pic"
"650","31723","10","10","0","10","0","Rainbow 2.jpg","pic"
"651","31723","","","","","","Snow 1.jpg","pic"
"652","31723","0","0","10","0","0","Ferret 1.jpg","pic"
"653","31723","","","","","","Rocks 1.jpg","pic"
"654","31723","20","30","10","35","30","Garbage dump 1.jpg","pic"
"655","31723","","","","","","Toilet 4.jpg","pic"
"656","31723","0","10","10","0","0","Prison 2.jpg","pic"
"657","31723","","","","","","Rainbow 2.jpg","pic"
"658","31723","10","30","10","20","40","Clean 1.jpg","pic"
"659","31723","","","","","","Garbage dump 1.jpg","pic"
"660","31723","0","0","0","0","0","Heart 3.jpg","pic"
"661","31723","","","","","","Dirt 1.jpg","pic"
"662","31723","5","0","5","0","35","Fire 10.jpg","pic"
"663","31723","","","","","","Flood 1.jpg","pic"
"664","31723","15","15","0","0","0","Snow 1.jpg","pic"
"665","31723","","","","","","Toilet 4.jpg","pic"
"666","31723","0","0","0","0","0","Destruction 2.jpg","pic"
"667","31723","","","","","","Prison 2.jpg","pic"
"668","31723","0","0","0","0","0","Lake 12.jpg","pic"
"669","31723","","","","","","Rocks 1.jpg","pic"
"670","31723","10","20","0","10","40","Ferret 1.jpg","pic"
"671","31723","","","","","","Beach 1.jpg","pic"
"672","31723","0","0","0","0","0","Fireworks 6.jpg","pic"
"673","30007","","","","","","Rocks 1.jpg","pic"
"674","30007","22","36","34","36","28","Snow 1.jpg","pic"
"675","30007","","","","","","Heart 3.jpg","pic"
"676","30007","16","19","24","8","29","Garbage dump 1.jpg","pic"
"677","30007","","","","","","Lake 12.jpg","pic"
"678","30007","24","23","26","21","25","Dirt 1.jpg","pic"
"679","30007","","","","","","Fire 10.jpg","pic"
"680","30007","36","30","19","39","10","Destruction 2.jpg","pic"
"681","30007","","","","","","Fireworks 6.jpg","pic"
"682","30007","6","11","10","15","11","Ferret 1.jpg","pic"
"683","30007","","","","","","Beach 1.jpg","pic"
"684","30007","3","5","5","7","11","Rainbow 2.jpg","pic"
"685","30007","","","","","","Prison 2.jpg","pic"
"686","30007","8","7","11","11","11","Flood 1.jpg","pic"
"687","30007","","","","","","Clean 1.jpg","pic"
"688","30007","10","12","11","10","15","Toilet 4.jpg","pic"
"689","30007","","","","","","Prison 2.jpg","pic"
"690","30007","20","23","21","25","16","Rocks 1.jpg","pic"
"691","30007","","","","","","Dirt 1.jpg","pic"
"692","30007","13","10","8","5","16","Rainbow 2.jpg","pic"
"693","30007","","","","","","Toilet 4.jpg","pic"
"694","30007","24","6","19","25","0","Beach 1.jpg","pic"
"695","30007","","","","","","Garbage dump 1.jpg","pic"
"696","30007","34","5","39","32","10","Fireworks 6.jpg","pic"
"697","30007","","","","","","Ferret 1.jpg","pic"
"698","30007","12","11","12","9","9","Heart 3.jpg","pic"
"699","30007","","","","","","Destruction 2.jpg","pic"
"700","30007","12","8","15","11","10","Clean 1.jpg","pic"
"701","30007","","","","","","Lake 12.jpg","pic"
"702","30007","10","32","11","33","28","Fire 10.jpg","pic"
"703","30007","","","","","","Snow 1.jpg","pic"
"704","30007","51","38","53","48","41","Flood 1.jpg","pic"
"705","32635","","","","","","Dirt 1.jpg","pic"
"706","32635","93","64","87","74","86","Snow 1.jpg","pic"
"707","32635","","","","","","Fireworks 6.jpg","pic"
"708","32635","36","34","55","44","30","Fire 10.jpg","pic"
"709","32635","","","","","","Flood 1.jpg","pic"
"710","32635","34","35","21","87","71","Prison 2.jpg","pic"
"711","32635","","","","","","Destruction 2.jpg","pic"
"712","32635","7","93","8","13","2","Ferret 1.jpg","pic"
"713","32635","","","","","","Garbage dump 1.jpg","pic"
"714","32635","17","15","11","20","14","Heart 3.jpg","pic"
"715","32635","","","","","","Clean 1.jpg","pic"
"716","32635","9","15","17","9","9","Rocks 1.jpg","pic"
"717","32635","","","","","","Lake 12.jpg","pic"
"718","32635","85","80","81","73","63","Beach 1.jpg","pic"
"719","32635","","","","","","Rainbow 2.jpg","pic"
"720","32635","17","15","20","15","12","Toilet 4.jpg","pic"
"721","32635","","","","","","Destruction 2.jpg","pic"
"722","32635","53","71","6","14","39","Ferret 1.jpg","pic"
"723","32635","","","","","","Lake 12.jpg","pic"
"724","32635","27","62","71","49","27","Rainbow 2.jpg","pic"
"725","32635","","","","","","Garbage dump 1.jpg","pic"
"726","32635","26","31","34","26","52","Beach 1.jpg","pic"
"727","32635","","","","","","Flood 1.jpg","pic"
"728","32635","50","18","25","53","17","Toilet 4.jpg","pic"
"729","32635","","","","","","Rocks 1.jpg","pic"
"730","32635","7","8","4","11","11","Heart 3.jpg","pic"
"731","32635","","","","","","Fire 10.jpg","pic"
"732","32635","30","15","30","52","28","Fireworks 6.jpg","pic"
"733","32635","","","","","","Prison 2.jpg","pic"
"734","32635","71","31","25","57","29","Snow 1.jpg","pic"
"735","32635","","","","","","Dirt 1.jpg","pic"
"736","32635","42","42","6","21","12","Clean 1.jpg","pic"
"737","30814","","","","","","Snow 1.jpg","pic"
"738","30814","10","5","0","0","0","Ferret 1.jpg","pic"
"739","30814","","","","","","Toilet 4.jpg","pic"
"740","30814","0","0","0","0","0","Heart 3.jpg","pic"
"741","30814","","","","","","Clean 1.jpg","pic"
"742","30814","5","5","5","0","5","Flood 1.jpg","pic"
"743","30814","","","","","","Rocks 1.jpg","pic"
"744","30814","50","70","20","15","70","Dirt 1.jpg","pic"
"745","30814","","","","","","Prison 2.jpg","pic"
"746","30814","15","0","0","0","0","Lake 12.jpg","pic"
"747","30814","","","","","","Beach 1.jpg","pic"
"748","30814","50","50","50","50","50","Garbage dump 1.jpg","pic"
"749","30814","","","","","","Rainbow 2.jpg","pic"
"750","30814","15","21","19","30","10","Fireworks 6.jpg","pic"
"751","30814","","","","","","Destruction 2.jpg","pic"
"752","30814","50","50","20","20","50","Fire 10.jpg","pic"
"753","30814","","","","","","Lake 12.jpg","pic"
"754","30814","70","60","61","60","60","Fireworks 6.jpg","pic"
"755","30814","","","","","","Rainbow 2.jpg","pic"
"756","30814","0","0","0","0","0","Beach 1.jpg","pic"
"757","30814","","","","","","Dirt 1.jpg","pic"
"758","30814","60","0","55","60","0","Garbage dump 1.jpg","pic"
"759","30814","","","","","","Heart 3.jpg","pic"
"760","30814","1","5","0","10","0","Rocks 1.jpg","pic"
"761","30814","","","","","","Clean 1.jpg","pic"
"762","30814","0","0","0","4","0","Toilet 4.jpg","pic"
"763","30814","","","","","","Prison 2.jpg","pic"
"764","30814","51","50","22","50","50","Snow 1.jpg","pic"
"765","30814","","","","","","Destruction 2.jpg","pic"
"766","30814","0","30","20","21","0","Fire 10.jpg","pic"
"767","30814","","","","","","Flood 1.jpg","pic"
"768","30814","70","0","0","0","50","Ferret 1.jpg","pic"
"769","29887","","","","","","Toilet 4.jpg","pic"
"770","29887","55","8","5","17","23","Beach 1.jpg","pic"
"771","29887","","","","","","Clean 1.jpg","pic"
"772","29887","0","35","0","0","24","Fireworks 6.jpg","pic"
"773","29887","","","","","","Flood 1.jpg","pic"
"774","29887","7","23","4","0","27","Ferret 1.jpg","pic"
"775","29887","","","","","","Lake 12.jpg","pic"
"776","29887","0","0","0","0","0","Rainbow 2.jpg","pic"
"777","29887","","","","","","Snow 1.jpg","pic"
"778","29887","0","0","0","0","0","Heart 3.jpg","pic"
"779","29887","","","","","","Destruction 2.jpg","pic"
"780","29887","0","0","45","52","13","Dirt 1.jpg","pic"
"781","29887","","","","","","Rocks 1.jpg","pic"
"782","29887","0","0","0","0","0","Fire 10.jpg","pic"
"783","29887","","","","","","Prison 2.jpg","pic"
"784","29887","0","0","0","0","0","Garbage dump 1.jpg","pic"
"785","29887","","","","","","Rocks 1.jpg","pic"
"786","29887","0","0","0","0","0","Ferret 1.jpg","pic"
"787","29887","","","","","","Dirt 1.jpg","pic"
"788","29887","36","39","0","0","0","Fireworks 6.jpg","pic"
"789","29887","","","","","","Snow 1.jpg","pic"
"790","29887","0","0","0","0","0","Rainbow 2.jpg","pic"
"791","29887","","","","","","Clean 1.jpg","pic"
"792","29887","41","23","0","30","52","Destruction 2.jpg","pic"
"793","29887","","","","","","Garbage dump 1.jpg","pic"
"794","29887","0","0","0","0","0","Fire 10.jpg","pic"
"795","29887","","","","","","Beach 1.jpg","pic"
"796","29887","0","0","0","0","0","Toilet 4.jpg","pic"
"797","29887","","","","","","Flood 1.jpg","pic"
"798","29887","0","0","0","4","12","Prison 2.jpg","pic"
"799","29887","","","","","","Heart 3.jpg","pic"
"800","29887","76","44","0","5","68","Lake 12.jpg","pic"
"801","29944","","","","","","Destruction 2.jpg","pic"
"802","29944","0","0","0","0","10","Fire 10.jpg","pic"
"803","29944","","","","","","Prison 2.jpg","pic"
"804","29944","10","0","0","0","15","Rainbow 2.jpg","pic"
"805","29944","","","","","","Snow 1.jpg","pic"
"806","29944","0","0","0","0","15","Flood 1.jpg","pic"
"807","29944","","","","","","Toilet 4.jpg","pic"
"808","29944","0","0","0","0","0","Ferret 1.jpg","pic"
"809","29944","","","","","","Fireworks 6.jpg","pic"
"810","29944","0","0","0","0","0","Rocks 1.jpg","pic"
"811","29944","","","","","","Heart 3.jpg","pic"
"812","29944","0","0","0","0","0","Lake 12.jpg","pic"
"813","29944","","","","","","Clean 1.jpg","pic"
"814","29944","0","0","0","0","0","Garbage dump 1.jpg","pic"
"815","29944","","","","","","Dirt 1.jpg","pic"
"816","29944","0","0","0","0","0","Beach 1.jpg","pic"
"817","29944","","","","","","Destruction 2.jpg","pic"
"818","29944","0","0","0","0","0","Heart 3.jpg","pic"
"819","29944","","","","","","Fire 10.jpg","pic"
"820","29944","0","0","0","0","0","Toilet 4.jpg","pic"
"821","29944","","","","","","Garbage dump 1.jpg","pic"
"822","29944","0","0","0","0","0","Prison 2.jpg","pic"
"823","29944","","","","","","Rainbow 2.jpg","pic"
"824","29944","10","0","0","20","0","Flood 1.jpg","pic"
"825","29944","","","","","","Dirt 1.jpg","pic"
"826","29944","0","0","0","0","0","Rocks 1.jpg","pic"
"827","29944","","","","","","Beach 1.jpg","pic"
"828","29944","0","0","0","0","20","Fireworks 6.jpg","pic"
"829","29944","","","","","","Clean 1.jpg","pic"
"830","29944","0","0","0","0","0","Ferret 1.jpg","pic"
"831","29944","","","","","","Lake 12.jpg","pic"
"832","29944","0","0","0","10","0","Snow 1.jpg","pic"
"833","31132","","","","","","Snow 1.jpg","pic"
"834","31132","72","50","3","49","57","Prison 2.jpg","pic"
"835","31132","","","","","","Fire 10.jpg","pic"
"836","31132","69","71","71","70","66","Rocks 1.jpg","pic"
"837","31132","","","","","","Beach 1.jpg","pic"
"838","31132","71","76","72","73","74","Fireworks 6.jpg","pic"
"839","31132","","","","","","Ferret 1.jpg","pic"
"840","31132","0","61","0","31","34","Garbage dump 1.jpg","pic"
"841","31132","","","","","","Lake 12.jpg","pic"
"842","31132","1","18","4","1","2","Dirt 1.jpg","pic"
"843","31132","","","","","","Destruction 2.jpg","pic"
"844","31132","0","11","3","0","6","Flood 1.jpg","pic"
"845","31132","","","","","","Clean 1.jpg","pic"
"846","31132","0","0","0","0","8","Rainbow 2.jpg","pic"
"847","31132","","","","","","Heart 3.jpg","pic"
"848","31132","2","5","3","2","4","Toilet 4.jpg","pic"
"849","31132","","","","","","Flood 1.jpg","pic"
"850","31132","75","57","20","79","72","Ferret 1.jpg","pic"
"851","31132","","","","","","Clean 1.jpg","pic"
"852","31132","28","50","34","32","29","Heart 3.jpg","pic"
"853","31132","","","","","","Lake 12.jpg","pic"
"854","31132","21","9","12","17","17","Garbage dump 1.jpg","pic"
"855","31132","","","","","","Fire 10.jpg","pic"
"856","31132","16","20","22","18","55","Rocks 1.jpg","pic"
"857","31132","","","","","","Toilet 4.jpg","pic"
"858","31132","27","21","30","28","63","Prison 2.jpg","pic"
"859","31132","","","","","","Destruction 2.jpg","pic"
"860","31132","82","76","65","89","95","Rainbow 2.jpg","pic"
"861","31132","","","","","","Snow 1.jpg","pic"
"862","31132","34","41","44","7","64","Dirt 1.jpg","pic"
"863","31132","","","","","","Beach 1.jpg","pic"
"864","31132","39","7","19","29","30","Fireworks 6.jpg","pic"
"865","30064","","","","","","Destruction 2.jpg","pic"
"866","30064","0","0","0","0","0","Toilet 4.jpg","pic"
"867","30064","","","","","","Rocks 1.jpg","pic"
"868","30064","0","7","8","10","16","Fireworks 6.jpg","pic"
"869","30064","","","","","","Snow 1.jpg","pic"
"870","30064","0","0","6","5","0","Prison 2.jpg","pic"
"871","30064","","","","","","Fire 10.jpg","pic"
"872","30064","0","0","0","10","0","Lake 12.jpg","pic"
"873","30064","","","","","","Heart 3.jpg","pic"
"874","30064","30","60","100","99","100","Clean 1.jpg","pic"
"875","30064","","","","","","Rainbow 2.jpg","pic"
"876","30064","0","0","0","0","0","Flood 1.jpg","pic"
"877","30064","","","","","","Beach 1.jpg","pic"
"878","30064","0","0","0","0","0","Garbage dump 1.jpg","pic"
"879","30064","","","","","","Dirt 1.jpg","pic"
"880","30064","0","0","100","80","30","Ferret 1.jpg","pic"
"881","30064","","","","","","Rainbow 2.jpg","pic"
"882","30064","24","20","100","85","60","Destruction 2.jpg","pic"
"883","30064","","","","","","Lake 12.jpg","pic"
"884","30064","0","10","0","0","20","Fireworks 6.jpg","pic"
"885","30064","","","","","","Rocks 1.jpg","pic"
"886","30064","10","100","100","80","30","Ferret 1.jpg","pic"
"887","30064","","","","","","Fire 10.jpg","pic"
"888","30064","0","8","10","0","15","Snow 1.jpg","pic"
"889","30064","","","","","","Prison 2.jpg","pic"
"890","30064","0","0","0","0","0","Flood 1.jpg","pic"
"891","30064","","","","","","Heart 3.jpg","pic"
"892","30064","40","50","70","100","100","Dirt 1.jpg","pic"
"893","30064","","","","","","Beach 1.jpg","pic"
"894","30064","0","30","55","100","50","Garbage dump 1.jpg","pic"
"895","30064","","","","","","Toilet 4.jpg","pic"
"896","30064","6","30","100","100","70","Clean 1.jpg","pic"
"897","32392","","","","","","Clean 1.jpg","pic"
"898","32392","19","0","2","7","15","Snow 1.jpg","pic"
"899","32392","","","","","","Garbage dump 1.jpg","pic"
"900","32392","0","0","12","17","5","Heart 3.jpg","pic"
"901","32392","","","","","","Ferret 1.jpg","pic"
"902","32392","0","0","1","0","0","Dirt 1.jpg","pic"
"903","32392","","","","","","Fireworks 6.jpg","pic"
"904","32392","0","1","0","0","0","Destruction 2.jpg","pic"
"905","32392","","","","","","Beach 1.jpg","pic"
"906","32392","7","14","0","7","4","Flood 1.jpg","pic"
"907","32392","","","","","","Lake 12.jpg","pic"
"908","32392","0","0","0","1","0","Prison 2.jpg","pic"
"909","32392","","","","","","Rocks 1.jpg","pic"
"910","32392","2","6","0","0","4","Rainbow 2.jpg","pic"
"911","32392","","","","","","Fire 10.jpg","pic"
"912","32392","0","0","0","0","0","Toilet 4.jpg","pic"
"913","32392","","","","","","Dirt 1.jpg","pic"
"914","32392","0","6","0","0","9","Prison 2.jpg","pic"
"915","32392","","","","","","Snow 1.jpg","pic"
"916","32392","0","0","0","4","0","Beach 1.jpg","pic"
"917","32392","","","","","","Garbage dump 1.jpg","pic"
"918","32392","0","16","2","15","22","Lake 12.jpg","pic"
"919","32392","","","","","","Ferret 1.jpg","pic"
"920","32392","0","0","0","0","0","Toilet 4.jpg","pic"
"921","32392","","","","","","Fireworks 6.jpg","pic"
"922","32392","0","0","0","1","0","Heart 3.jpg","pic"
"923","32392","","","","","","Clean 1.jpg","pic"
"924","32392","0","0","9","22","4","Fire 10.jpg","pic"
"925","32392","","","","","","Flood 1.jpg","pic"
"926","32392","0","20","7","13","21","Rocks 1.jpg","pic"
"927","32392","","","","","","Rainbow 2.jpg","pic"
"928","32392","0","0","0","9","0","Destruction 2.jpg","pic"
"929","32875","","","","","","Rainbow 2.jpg","pic"
"930","32875","0","0","0","0","0","Beach 1.jpg","pic"
"931","32875","","","","","","Lake 12.jpg","pic"
"932","32875","15","16","62","12","0","Flood 1.jpg","pic"
"933","32875","","","","","","Destruction 2.jpg","pic"
"934","32875","0","0","0","0","0","Fire 10.jpg","pic"
"935","32875","","","","","","Garbage dump 1.jpg","pic"
"936","32875","0","0","0","0","0","Fireworks 6.jpg","pic"
"937","32875","","","","","","Heart 3.jpg","pic"
"938","32875","30","20","13","16","31","Rocks 1.jpg","pic"
"939","32875","","","","","","Clean 1.jpg","pic"
"940","32875","80","69","83","47","43","Ferret 1.jpg","pic"
"941","32875","","","","","","Toilet 4.jpg","pic"
"942","32875","26","45","61","42","45","Dirt 1.jpg","pic"
"943","32875","","","","","","Prison 2.jpg","pic"
"944","32875","0","0","0","0","0","Snow 1.jpg","pic"
"945","32875","","","","","","Toilet 4.jpg","pic"
"946","32875","31","33","52","42","33","Flood 1.jpg","pic"
"947","32875","","","","","","Beach 1.jpg","pic"
"948","32875","8","33","48","19","36","Dirt 1.jpg","pic"
"949","32875","","","","","","Garbage dump 1.jpg","pic"
"950","32875","78","49","94","61","58","Ferret 1.jpg","pic"
"951","32875","","","","","","Fireworks 6.jpg","pic"
"952","32875","52","38","46","16","54","Heart 3.jpg","pic"
"953","32875","","","","","","Destruction 2.jpg","pic"
"954","32875","0","6","0","0","0","Lake 12.jpg","pic"
"955","32875","","","","","","Snow 1.jpg","pic"
"956","32875","0","7","0","6","0","Rainbow 2.jpg","pic"
"957","32875","","","","","","Fire 10.jpg","pic"
"958","32875","0","0","0","0","0","Clean 1.jpg","pic"
"959","32875","","","","","","Prison 2.jpg","pic"
"960","32875","5","0","13","24","0","Rocks 1.jpg","pic"
"961","31654","","","","","","Beach 1.jpg","pic"
"962","31654","81","44","10","68","79","Garbage dump 1.jpg","pic"
"963","31654","","","","","","Rainbow 2.jpg","pic"
"964","31654","0","4","0","4","0","Toilet 4.jpg","pic"
"965","31654","","","","","","Snow 1.jpg","pic"
"966","31654","0","0","0","18","0","Ferret 1.jpg","pic"
"967","31654","","","","","","Heart 3.jpg","pic"
"968","31654","81","36","65","88","59","Destruction 2.jpg","pic"
"969","31654","","","","","","Rocks 1.jpg","pic"
"970","31654","23","62","11","31","22","Flood 1.jpg","pic"
"971","31654","","","","","","Clean 1.jpg","pic"
"972","31654","0","5","0","0","6","Prison 2.jpg","pic"
"973","31654","","","","","","Dirt 1.jpg","pic"
"974","31654","72","68","20","38","89","Fire 10.jpg","pic"
"975","31654","","","","","","Fireworks 6.jpg","pic"
"976","31654","19","40","33","62","75","Lake 12.jpg","pic"
"977","31654","","","","","","Garbage dump 1.jpg","pic"
"978","31654","33","23","31","22","18","Beach 1.jpg","pic"
"979","31654","","","","","","Toilet 4.jpg","pic"
"980","31654","0","8","8","19","4","Heart 3.jpg","pic"
"981","31654","","","","","","Ferret 1.jpg","pic"
"982","31654","8","12","25","36","14","Fireworks 6.jpg","pic"
"983","31654","","","","","","Fire 10.jpg","pic"
"984","31654","71","28","30","81","45","Clean 1.jpg","pic"
"985","31654","","","","","","Destruction 2.jpg","pic"
"986","31654","78","32","42","87","19","Flood 1.jpg","pic"
"987","31654","","","","","","Lake 12.jpg","pic"
"988","31654","91","65","58","81","85","Prison 2.jpg","pic"
"989","31654","","","","","","Snow 1.jpg","pic"
"990","31654","7","1","0","0","3","Rocks 1.jpg","pic"
"991","31654","","","","","","Rainbow 2.jpg","pic"
"992","31654","4","0","0","0","0","Dirt 1.jpg","pic"
"993","32791","","","","","","Snow 1.jpg","pic"
"994","32791","0","0","0","0","0","Toilet 4.jpg","pic"
"995","32791","","","","","","Prison 2.jpg","pic"
"996","32791","75","1","59","27","64","Garbage dump 1.jpg","pic"
"997","32791","","","","","","Dirt 1.jpg","pic"
"998","32791","0","0","0","36","15","Rocks 1.jpg","pic"
"999","32791","","","","","","Beach 1.jpg","pic"
"1000","32791","0","0","0","0","0","Heart 3.jpg","pic"
"1001","32791","","","","","","Flood 1.jpg","pic"
"1002","32791","0","0","0","0","0","Lake 12.jpg","pic"
"1003","32791","","","","","","Fireworks 6.jpg","pic"
"1004","32791","0","0","0","0","0","Clean 1.jpg","pic"
"1005","32791","","","","","","Ferret 1.jpg","pic"
"1006","32791","58","18","0","0","0","Rainbow 2.jpg","pic"
"1007","32791","","","","","","Destruction 2.jpg","pic"
"1008","32791","44","0","89","63","96","Fire 10.jpg","pic"
"1009","32791","","","","","","Flood 1.jpg","pic"
"1010","32791","99","98","99","100","97","Rocks 1.jpg","pic"
"1011","32791","","","","","","Fire 10.jpg","pic"
"1012","32791","4","55","80","19","30","Fireworks 6.jpg","pic"
"1013","32791","","","","","","Toilet 4.jpg","pic"
"1014","32791","23","27","0","56","78","Dirt 1.jpg","pic"
"1015","32791","","","","","","Destruction 2.jpg","pic"
"1016","32791","98","99","0","0","100","Clean 1.jpg","pic"
"1017","32791","","","","","","Heart 3.jpg","pic"
"1018","32791","0","39","0","0","0","Garbage dump 1.jpg","pic"
"1019","32791","","","","","","Lake 12.jpg","pic"
"1020","32791","0","70","3","0","36","Rainbow 2.jpg","pic"
"1021","32791","","","","","","Ferret 1.jpg","pic"
"1022","32791","22","0","82","57","14","Snow 1.jpg","pic"
"1023","32791","","","","","","Prison 2.jpg","pic"
"1024","32791","15","60","6","0","85","Beach 1.jpg","pic"
"1025","32854","","","","","","Lake 12.jpg","pic"
"1026","32854","21","64","47","56","29","Rainbow 2.jpg","pic"
"1027","32854","","","","","","Ferret 1.jpg","pic"
"1028","32854","68","88","54","74","91","Rocks 1.jpg","pic"
"1029","32854","","","","","","Toilet 4.jpg","pic"
"1030","32854","8","14","3","1","12","Dirt 1.jpg","pic"
"1031","32854","","","","","","Flood 1.jpg","pic"
"1032","32854","13","29","6","11","3","Destruction 2.jpg","pic"
"1033","32854","","","","","","Prison 2.jpg","pic"
"1034","32854","2","1","0","2","0","Garbage dump 1.jpg","pic"
"1035","32854","","","","","","Heart 3.jpg","pic"
"1036","32854","2","9","1","0","3","Fireworks 6.jpg","pic"
"1037","32854","","","","","","Beach 1.jpg","pic"
"1038","32854","34","30","36","35","23","Snow 1.jpg","pic"
"1039","32854","","","","","","Clean 1.jpg","pic"
"1040","32854","67","98","99","97","98","Fire 10.jpg","pic"
"1041","32854","","","","","","Toilet 4.jpg","pic"
"1042","32854","66","57","38","57","47","Fire 10.jpg","pic"
"1043","32854","","","","","","Rocks 1.jpg","pic"
"1044","32854","1","4","3","0","2","Snow 1.jpg","pic"
"1045","32854","","","","","","Garbage dump 1.jpg","pic"
"1046","32854","0","2","2","2","1","Heart 3.jpg","pic"
"1047","32854","","","","","","Fireworks 6.jpg","pic"
"1048","32854","7","23","50","71","27","Rainbow 2.jpg","pic"
"1049","32854","","","","","","Dirt 1.jpg","pic"
"1050","32854","8","2","3","8","1","Prison 2.jpg","pic"
"1051","32854","","","","","","Clean 1.jpg","pic"
"1052","32854","28","1","1","25","5","Beach 1.jpg","pic"
"1053","32854","","","","","","Lake 12.jpg","pic"
"1054","32854","11","15","16","12","11","Destruction 2.jpg","pic"
"1055","32854","","","","","","Flood 1.jpg","pic"
"1056","32854","1","0","1","1","1","Ferret 1.jpg","pic"
"1057","31621","","","","","","Rainbow 2.jpg","pic"
"1058","31621","0","2","2","1","1","Garbage dump 1.jpg","pic"
"1059","31621","","","","","","Prison 2.jpg","pic"
"1060","31621","1","13","3","1","3","Clean 1.jpg","pic"
"1061","31621","","","","","","Beach 1.jpg","pic"
"1062","31621","2","1","0","1","0","Snow 1.jpg","pic"
"1063","31621","","","","","","Toilet 4.jpg","pic"
"1064","31621","1","2","2","11","3","Rocks 1.jpg","pic"
"1065","31621","","","","","","Heart 3.jpg","pic"
"1066","31621","0","23","0","1","20","Fire 10.jpg","pic"
"1067","31621","","","","","","Lake 12.jpg","pic"
"1068","31621","1","1","1","0","1","Fireworks 6.jpg","pic"
"1069","31621","","","","","","Ferret 1.jpg","pic"
"1070","31621","3","19","1","2","2","Destruction 2.jpg","pic"
"1071","31621","","","","","","Dirt 1.jpg","pic"
"1072","31621","0","0","1","1","0","Flood 1.jpg","pic"
"1073","31621","","","","","","Rocks 1.jpg","pic"
"1074","31621","0","0","0","1","0","Fire 10.jpg","pic"
"1075","31621","","","","","","Destruction 2.jpg","pic"
"1076","31621","1","52","0","1","19","Fireworks 6.jpg","pic"
"1077","31621","","","","","","Rainbow 2.jpg","pic"
"1078","31621","0","1","1","0","3","Prison 2.jpg","pic"
"1079","31621","","","","","","Ferret 1.jpg","pic"
"1080","31621","0","0","0","0","0","Beach 1.jpg","pic"
"1081","31621","","","","","","Heart 3.jpg","pic"
"1082","31621","1","50","10","11","32","Toilet 4.jpg","pic"
"1083","31621","","","","","","Dirt 1.jpg","pic"
"1084","31621","1","1","1","3","1","Flood 1.jpg","pic"
"1085","31621","","","","","","Lake 12.jpg","pic"
"1086","31621","0","1","1","0","1","Snow 1.jpg","pic"
"1087","31621","","","","","","Garbage dump 1.jpg","pic"
"1088","31621","0","47","16","68","42","Clean 1.jpg","pic"
"1089","32395","","","","","","Destruction 2.jpg","pic"
"1090","32395","21","14","37","43","20","Heart 3.jpg","pic"
"1091","32395","","","","","","Clean 1.jpg","pic"
"1092","32395","12","67","74","72","68","Rocks 1.jpg","pic"
"1093","32395","","","","","","Fireworks 6.jpg","pic"
"1094","32395","11","6","8","16","6","Toilet 4.jpg","pic"
"1095","32395","","","","","","Dirt 1.jpg","pic"
"1096","32395","13","5","23","18","8","Lake 12.jpg","pic"
"1097","32395","","","","","","Flood 1.jpg","pic"
"1098","32395","18","5","50","11","20","Rainbow 2.jpg","pic"
"1099","32395","","","","","","Snow 1.jpg","pic"
"1100","32395","82","39","100","87","24","Fire 10.jpg","pic"
"1101","32395","","","","","","Prison 2.jpg","pic"
"1102","32395","84","80","78","86","85","Beach 1.jpg","pic"
"1103","32395","","","","","","Ferret 1.jpg","pic"
"1104","32395","11","10","8","6","8","Garbage dump 1.jpg","pic"
"1105","32395","","","","","","Fireworks 6.jpg","pic"
"1106","32395","96","98","98","97","100","Fire 10.jpg","pic"
"1107","32395","","","","","","Rainbow 2.jpg","pic"
"1108","32395","84","19","77","81","41","Prison 2.jpg","pic"
"1109","32395","","","","","","Flood 1.jpg","pic"
"1110","32395","96","94","95","96","84","Clean 1.jpg","pic"
"1111","32395","","","","","","Ferret 1.jpg","pic"
"1112","32395","72","55","83","71","69","Dirt 1.jpg","pic"
"1113","32395","","","","","","Beach 1.jpg","pic"
"1114","32395","1","2","1","5","2","Garbage dump 1.jpg","pic"
"1115","32395","","","","","","Rocks 1.jpg","pic"
"1116","32395","2","1","2","1","0","Lake 12.jpg","pic"
"1117","32395","","","","","","Toilet 4.jpg","pic"
"1118","32395","17","17","82","85","20","Destruction 2.jpg","pic"
"1119","32395","","","","","","Snow 1.jpg","pic"
"1120","32395","3","7","39","19","6","Heart 3.jpg","pic"
"1121","32617","","","","","","Fireworks 6.jpg","pic"
"1122","32617","2","0","0","0","7","Flood 1.jpg","pic"
"1123","32617","","","","","","Rocks 1.jpg","pic"
"1124","32617","12","10","16","14","17","Heart 3.jpg","pic"
"1125","32617","","","","","","Rainbow 2.jpg","pic"
"1126","32617","4","2","2","4","3","Destruction 2.jpg","pic"
"1127","32617","","","","","","Lake 12.jpg","pic"
"1128","32617","1","6","24","19","4","Beach 1.jpg","pic"
"1129","32617","","","","","","Garbage dump 1.jpg","pic"
"1130","32617","24","40","18","36","64","Prison 2.jpg","pic"
"1131","32617","","","","","","Clean 1.jpg","pic"
"1132","32617","2","3","2","7","1","Ferret 1.jpg","pic"
"1133","32617","","","","","","Toilet 4.jpg","pic"
"1134","32617","4","5","4","5","1","Dirt 1.jpg","pic"
"1135","32617","","","","","","Fire 10.jpg","pic"
"1136","32617","25","36","33","61","48","Snow 1.jpg","pic"
"1137","32617","","","","","","Lake 12.jpg","pic"
"1138","32617","5","5","4","3","2","Destruction 2.jpg","pic"
"1139","32617","","","","","","Prison 2.jpg","pic"
"1140","32617","4","1","3","4","2","Fireworks 6.jpg","pic"
"1141","32617","","","","","","Snow 1.jpg","pic"
"1142","32617","3","1","13","3","3","Heart 3.jpg","pic"
"1143","32617","","","","","","Rainbow 2.jpg","pic"
"1144","32617","3","2","4","3","4","Dirt 1.jpg","pic"
"1145","32617","","","","","","Ferret 1.jpg","pic"
"1146","32617","15","23","15","11","7","Rocks 1.jpg","pic"
"1147","32617","","","","","","Beach 1.jpg","pic"
"1148","32617","20","13","33","61","41","Fire 10.jpg","pic"
"1149","32617","","","","","","Garbage dump 1.jpg","pic"
"1150","32617","70","35","54","67","63","Clean 1.jpg","pic"
"1151","32617","","","","","","Toilet 4.jpg","pic"
"1152","32617","17","3","48","34","43","Flood 1.jpg","pic"
"1153","30022","","","","","","Fire 10.jpg","pic"
"1154","30022","30","20","10","30","20","Prison 2.jpg","pic"
"1155","30022","","","","","","Snow 1.jpg","pic"
"1156","30022","0","50","0","0","30","Rainbow 2.jpg","pic"
"1157","30022","","","","","","Lake 12.jpg","pic"
"1158","30022","40","35","35","50","50","Destruction 2.jpg","pic"
"1159","30022","","","","","","Garbage dump 1.jpg","pic"
"1160","30022","0","0","45","40","20","Dirt 1.jpg","pic"
"1161","30022","","","","","","Rocks 1.jpg","pic"
"1162","30022","35","20","0","10","0","Fireworks 6.jpg","pic"
"1163","30022","","","","","","Heart 3.jpg","pic"
"1164","30022","25","10","0","0","0","Ferret 1.jpg","pic"
"1165","30022","","","","","","Clean 1.jpg","pic"
"1166","30022","80","50","50","80","29","Flood 1.jpg","pic"
"1167","30022","","","","","","Toilet 4.jpg","pic"
"1168","30022","50","50","30","50","30","Beach 1.jpg","pic"
"1169","30022","","","","","","Fireworks 6.jpg","pic"
"1170","30022","15","30","15","50","20","Garbage dump 1.jpg","pic"
"1171","30022","","","","","","Dirt 1.jpg","pic"
"1172","30022","0","0","0","0","0","Lake 12.jpg","pic"
"1173","30022","","","","","","Flood 1.jpg","pic"
"1174","30022","100","80","80","100","100","Fire 10.jpg","pic"
"1175","30022","","","","","","Destruction 2.jpg","pic"
"1176","30022","0","0","0","0","0","Beach 1.jpg","pic"
"1177","30022","","","","","","Heart 3.jpg","pic"
"1178","30022","0","0","0","0","0","Clean 1.jpg","pic"
"1179","30022","","","","","","Rainbow 2.jpg","pic"
"1180","30022","0","10","0","0","0","Snow 1.jpg","pic"
"1181","30022","","","","","","Prison 2.jpg","pic"
"1182","30022","0","0","0","0","0","Toilet 4.jpg","pic"
"1183","30022","","","","","","Ferret 1.jpg","pic"
"1184","30022","40","50","0","30","35","Rocks 1.jpg","pic"
"1185","32572","","","","","","Rainbow 2.jpg","pic"
"1186","32572","49","7","0","30","0","Clean 1.jpg","pic"
"1187","32572","","","","","","Toilet 4.jpg","pic"
"1188","32572","0","0","0","0","8","Fireworks 6.jpg","pic"
"1189","32572","","","","","","Destruction 2.jpg","pic"
"1190","32572","0","0","0","0","0","Flood 1.jpg","pic"
"1191","32572","","","","","","Rocks 1.jpg","pic"
"1192","32572","25","0","0","26","0","Snow 1.jpg","pic"
"1193","32572","","","","","","Beach 1.jpg","pic"
"1194","32572","0","0","0","0","0","Ferret 1.jpg","pic"
"1195","32572","","","","","","Fire 10.jpg","pic"
"1196","32572","48","41","52","39","51","Heart 3.jpg","pic"
"1197","32572","","","","","","Garbage dump 1.jpg","pic"
"1198","32572","39","46","0","54","39","Dirt 1.jpg","pic"
"1199","32572","","","","","","Lake 12.jpg","pic"
"1200","32572","29","0","84","44","84","Prison 2.jpg","pic"
"1201","32572","","","","","","Fire 10.jpg","pic"
"1202","32572","72","51","48","52","60","Clean 1.jpg","pic"
"1203","32572","","","","","","Beach 1.jpg","pic"
"1204","32572","52","1","56","42","22","Snow 1.jpg","pic"
"1205","32572","","","","","","Destruction 2.jpg","pic"
"1206","32572","18","1","2","17","3","Heart 3.jpg","pic"
"1207","32572","","","","","","Garbage dump 1.jpg","pic"
"1208","32572","0","1","1","0","1","Ferret 1.jpg","pic"
"1209","32572","","","","","","Rocks 1.jpg","pic"
"1210","32572","0","1","1","1","0","Lake 12.jpg","pic"
"1211","32572","","","","","","Toilet 4.jpg","pic"
"1212","32572","2","1","1","0","1","Rainbow 2.jpg","pic"
"1213","32572","","","","","","Flood 1.jpg","pic"
"1214","32572","70","69","56","63","50","Fireworks 6.jpg","pic"
"1215","32572","","","","","","Dirt 1.jpg","pic"
"1216","32572","78","81","76","63","68","Prison 2.jpg","pic"
"1217","31930","","","","","","Rocks 1.jpg","pic"
"1218","31930","19","16","18","14","16","Flood 1.jpg","pic"
"1219","31930","","","","","","Snow 1.jpg","pic"
"1220","31930","56","48","61","68","34","Ferret 1.jpg","pic"
"1221","31930","","","","","","Rainbow 2.jpg","pic"
"1222","31930","4","1","2","3","5","Toilet 4.jpg","pic"
"1223","31930","","","","","","Fire 10.jpg","pic"
"1224","31930","59","8","5","68","5","Heart 3.jpg","pic"
"1225","31930","","","","","","Destruction 2.jpg","pic"
"1226","31930","16","15","0","13","8","Prison 2.jpg","pic"
"1227","31930","","","","","","Dirt 1.jpg","pic"
"1228","31930","5","5","3","4","2","Beach 1.jpg","pic"
"1229","31930","","","","","","Garbage dump 1.jpg","pic"
"1230","31930","54","73","42","8","58","Lake 12.jpg","pic"
"1231","31930","","","","","","Fireworks 6.jpg","pic"
"1232","31930","3","5","2","4","1","Clean 1.jpg","pic"
"1233","31930","","","","","","Clean 1.jpg","pic"
"1234","31930","2","1","0","1","8","Ferret 1.jpg","pic"
"1235","31930","","","","","","Rainbow 2.jpg","pic"
"1236","31930","2","1","80","61","26","Snow 1.jpg","pic"
"1237","31930","","","","","","Rocks 1.jpg","pic"
"1238","31930","2","0","2","1","3","Fire 10.jpg","pic"
"1239","31930","","","","","","Flood 1.jpg","pic"
"1240","31930","1","0","2","1","4","Destruction 2.jpg","pic"
"1241","31930","","","","","","Lake 12.jpg","pic"
"1242","31930","2","2","2","2","2","Prison 2.jpg","pic"
"1243","31930","","","","","","Garbage dump 1.jpg","pic"
"1244","31930","54","31","21","53","19","Heart 3.jpg","pic"
"1245","31930","","","","","","Dirt 1.jpg","pic"
"1246","31930","3","1","2","2","3","Fireworks 6.jpg","pic"
"1247","31930","","","","","","Beach 1.jpg","pic"
"1248","31930","44","1","18","61","2","Toilet 4.jpg","pic"
"1249","32884","","","","","","Fire 10.jpg","pic"
"1250","32884","11","10","2","10","1","Lake 12.jpg","pic"
"1251","32884","","","","","","Toilet 4.jpg","pic"
"1252","32884","85","81","87","65","65","Snow 1.jpg","pic"
"1253","32884","","","","","","Beach 1.jpg","pic"
"1254","32884","1","1","1","0","2","Dirt 1.jpg","pic"
"1255","32884","","","","","","Prison 2.jpg","pic"
"1256","32884","1","0","1","1","0","Garbage dump 1.jpg","pic"
"1257","32884","","","","","","Clean 1.jpg","pic"
"1258","32884","45","47","33","44","32","Destruction 2.jpg","pic"
"1259","32884","","","","","","Heart 3.jpg","pic"
"1260","32884","7","9","2","7","2","Fireworks 6.jpg","pic"
"1261","32884","","","","","","Flood 1.jpg","pic"
"1262","32884","5","2","2","7","2","Rocks 1.jpg","pic"
"1263","32884","","","","","","Rainbow 2.jpg","pic"
"1264","32884","0","1","2","1","1","Ferret 1.jpg","pic"
"1265","32884","","","","","","Destruction 2.jpg","pic"
"1266","32884","3","2","2","3","3","Beach 1.jpg","pic"
"1267","32884","","","","","","Heart 3.jpg","pic"
"1268","32884","64","70","58","61","57","Prison 2.jpg","pic"
"1269","32884","","","","","","Lake 12.jpg","pic"
"1270","32884","1","0","0","2","0","Rainbow 2.jpg","pic"
"1271","32884","","","","","","Clean 1.jpg","pic"
"1272","32884","1","0","1","1","1","Snow 1.jpg","pic"
"1273","32884","","","","","","Dirt 1.jpg","pic"
"1274","32884","1","2","37","3","3","Toilet 4.jpg","pic"
"1275","32884","","","","","","Garbage dump 1.jpg","pic"
"1276","32884","24","11","22","4","13","Flood 1.jpg","pic"
"1277","32884","","","","","","Ferret 1.jpg","pic"
"1278","32884","3","0","0","1","1","Fireworks 6.jpg","pic"
"1279","32884","","","","","","Rocks 1.jpg","pic"
"1280","32884","1","0","2","3","3","Fire 10.jpg","pic"
"1281","30349","","","","","","Heart 3.jpg","pic"
"1282","30349","1","45","22","30","35","Ferret 1.jpg","pic"
"1283","30349","","","","","","Dirt 1.jpg","pic"
"1284","30349","0","2","0","1","0","Beach 1.jpg","pic"
"1285","30349","","","","","","Fireworks 6.jpg","pic"
"1286","30349","83","59","26","20","64","Rainbow 2.jpg","pic"
"1287","30349","","","","","","Flood 1.jpg","pic"
"1288","30349","0","0","0","1","0","Toilet 4.jpg","pic"
"1289","30349","","","","","","Lake 12.jpg","pic"
"1290","30349","0","0","1","0","0","Prison 2.jpg","pic"
"1291","30349","","","","","","Fire 10.jpg","pic"
"1292","30349","0","0","0","0","0","Rocks 1.jpg","pic"
"1293","30349","","","","","","Snow 1.jpg","pic"
"1294","30349","58","92","85","68","88","Garbage dump 1.jpg","pic"
"1295","30349","","","","","","Destruction 2.jpg","pic"
"1296","30349","1","2","1","0","1","Clean 1.jpg","pic"
"1297","30349","","","","","","Ferret 1.jpg","pic"
"1298","30349","51","62","2","1","27","Clean 1.jpg","pic"
"1299","30349","","","","","","Garbage dump 1.jpg","pic"
"1300","30349","49","59","38","37","67","Dirt 1.jpg","pic"
"1301","30349","","","","","","Toilet 4.jpg","pic"
"1302","30349","29","15","1","3","1","Destruction 2.jpg","pic"
"1303","30349","","","","","","Heart 3.jpg","pic"
"1304","30349","9","5","6","13","74","Rainbow 2.jpg","pic"
"1305","30349","","","","","","Fireworks 6.jpg","pic"
"1306","30349","64","72","39","66","74","Rocks 1.jpg","pic"
"1307","30349","","","","","","Fire 10.jpg","pic"
"1308","30349","91","92","49","48","88","Lake 12.jpg","pic"
"1309","30349","","","","","","Snow 1.jpg","pic"
"1310","30349","62","58","28","45","55","Beach 1.jpg","pic"
"1311","30349","","","","","","Flood 1.jpg","pic"
"1312","30349","73","85","82","80","88","Prison 2.jpg","pic"
"1313","32275","","","","","","Toilet 4.jpg","pic"
"1314","32275","0","0","0","0","0","Beach 1.jpg","pic"
"1315","32275","","","","","","Lake 12.jpg","pic"
"1316","32275","0","0","0","0","0","Snow 1.jpg","pic"
"1317","32275","","","","","","Ferret 1.jpg","pic"
"1318","32275","12","5","0","21","0","Garbage dump 1.jpg","pic"
"1319","32275","","","","","","Dirt 1.jpg","pic"
"1320","32275","0","0","0","0","0","Flood 1.jpg","pic"
"1321","32275","","","","","","Heart 3.jpg","pic"
"1322","32275","0","0","0","0","0","Fireworks 6.jpg","pic"
"1323","32275","","","","","","Clean 1.jpg","pic"
"1324","32275","0","0","43","0","0","Rainbow 2.jpg","pic"
"1325","32275","","","","","","Prison 2.jpg","pic"
"1326","32275","0","0","14","47","10","Destruction 2.jpg","pic"
"1327","32275","","","","","","Fire 10.jpg","pic"
"1328","32275","0","0","0","0","0","Rocks 1.jpg","pic"
"1329","32275","","","","","","Flood 1.jpg","pic"
"1330","32275","0","0","0","16","34","Heart 3.jpg","pic"
"1331","32275","","","","","","Lake 12.jpg","pic"
"1332","32275","0","26","71","10","22","Rocks 1.jpg","pic"
"1333","32275","","","","","","Garbage dump 1.jpg","pic"
"1334","32275","11","0","0","0","0","Beach 1.jpg","pic"
"1335","32275","","","","","","Prison 2.jpg","pic"
"1336","32275","0","0","0","0","0","Rainbow 2.jpg","pic"
"1337","32275","","","","","","Toilet 4.jpg","pic"
"1338","32275","0","0","0","0","0","Destruction 2.jpg","pic"
"1339","32275","","","","","","Dirt 1.jpg","pic"
"1340","32275","0","0","48","0","0","Fire 10.jpg","pic"
"1341","32275","","","","","","Fireworks 6.jpg","pic"
"1342","32275","0","5","0","0","0","Clean 1.jpg","pic"
"1343","32275","","","","","","Snow 1.jpg","pic"
"1344","32275","0","0","0","0","0","Ferret 1.jpg","pic"
"1345","29911","","","","","","Toilet 4.jpg","pic"
"1346","29911","37","36","32","50","17","Fireworks 6.jpg","pic"
"1347","29911","","","","","","Ferret 1.jpg","pic"
"1348","29911","30","21","35","35","15","Beach 1.jpg","pic"
"1349","29911","","","","","","Snow 1.jpg","pic"
"1350","29911","24","15","26","42","19","Clean 1.jpg","pic"
"1351","29911","","","","","","Rocks 1.jpg","pic"
"1352","29911","5","88","98","91","96","Lake 12.jpg","pic"
"1353","29911","","","","","","Destruction 2.jpg","pic"
"1354","29911","10","5","16","13","16","Flood 1.jpg","pic"
"1355","29911","","","","","","Garbage dump 1.jpg","pic"
"1356","29911","29","83","70","69","83","Fire 10.jpg","pic"
"1357","29911","","","","","","Heart 3.jpg","pic"
"1358","29911","53","96","82","83","71","Prison 2.jpg","pic"
"1359","29911","","","","","","Rainbow 2.jpg","pic"
"1360","29911","54","33","72","78","88","Dirt 1.jpg","pic"
"1361","29911","","","","","","Dirt 1.jpg","pic"
"1362","29911","25","43","35","48","30","Fireworks 6.jpg","pic"
"1363","29911","","","","","","Beach 1.jpg","pic"
"1364","29911","69","21","89","78","45","Fire 10.jpg","pic"
"1365","29911","","","","","","Garbage dump 1.jpg","pic"
"1366","29911","3","5","0","3","10","Rocks 1.jpg","pic"
"1367","29911","","","","","","Destruction 2.jpg","pic"
"1368","29911","31","31","20","35","30","Prison 2.jpg","pic"
"1369","29911","","","","","","Rainbow 2.jpg","pic"
"1370","29911","25","59","66","77","64","Heart 3.jpg","pic"
"1371","29911","","","","","","Clean 1.jpg","pic"
"1372","29911","45","87","78","77","62","Flood 1.jpg","pic"
"1373","29911","","","","","","Ferret 1.jpg","pic"
"1374","29911","47","34","44","50","61","Toilet 4.jpg","pic"
"1375","29911","","","","","","Snow 1.jpg","pic"
"1376","29911","78","73","53","76","52","Lake 12.jpg","pic"
"1377","32332","","","","","","Clean 1.jpg","pic"
"1378","32332","30","10","35","30","0","Destruction 2.jpg","pic"
"1379","32332","","","","","","Snow 1.jpg","pic"
"1380","32332","0","0","0","0","0","Fireworks 6.jpg","pic"
"1381","32332","","","","","","Heart 3.jpg","pic"
"1382","32332","0","0","10","0","5","Garbage dump 1.jpg","pic"
"1383","32332","","","","","","Rainbow 2.jpg","pic"
"1384","32332","0","0","0","0","0","Beach 1.jpg","pic"
"1385","32332","","","","","","Ferret 1.jpg","pic"
"1386","32332","0","0","0","20","15","Flood 1.jpg","pic"
"1387","32332","","","","","","Fire 10.jpg","pic"
"1388","32332","0","0","0","10","0","Dirt 1.jpg","pic"
"1389","32332","","","","","","Rocks 1.jpg","pic"
"1390","32332","0","0","0","0","0","Toilet 4.jpg","pic"
"1391","32332","","","","","","Prison 2.jpg","pic"
"1392","32332","0","0","0","15","0","Lake 12.jpg","pic"
"1393","32332","","","","","","Snow 1.jpg","pic"
"1394","32332","0","0","30","0","5","Dirt 1.jpg","pic"
"1395","32332","","","","","","Rainbow 2.jpg","pic"
"1396","32332","0","0","0","0","0","Heart 3.jpg","pic"
"1397","32332","","","","","","Prison 2.jpg","pic"
"1398","32332","20","30","5","30","5","Ferret 1.jpg","pic"
"1399","32332","","","","","","Toilet 4.jpg","pic"
"1400","32332","0","0","0","0","0","Clean 1.jpg","pic"
"1401","32332","","","","","","Fire 10.jpg","pic"
"1402","32332","0","0","0","0","0","Garbage dump 1.jpg","pic"
"1403","32332","","","","","","Beach 1.jpg","pic"
"1404","32332","0","5","5","20","0","Fireworks 6.jpg","pic"
"1405","32332","","","","","","Lake 12.jpg","pic"
"1406","32332","0","0","0","0","0","Flood 1.jpg","pic"
"1407","32332","","","","","","Destruction 2.jpg","pic"
"1408","32332","20","10","0","5","0","Rocks 1.jpg","pic"
"1409","30070","","","","","","Destruction 2.jpg","pic"
"1410","30070","10","15","45","65","85","Ferret 1.jpg","pic"
"1411","30070","","","","","","Lake 12.jpg","pic"
"1412","30070","10","10","10","10","20","Dirt 1.jpg","pic"
"1413","30070","","","","","","Toilet 4.jpg","pic"
"1414","30070","15","25","55","35","60","Garbage dump 1.jpg","pic"
"1415","30070","","","","","","Beach 1.jpg","pic"
"1416","30070","90","90","85","85","80","Rocks 1.jpg","pic"
"1417","30070","","","","","","Prison 2.jpg","pic"
"1418","30070","85","60","65","80","75","Snow 1.jpg","pic"
"1419","30070","","","","","","Fire 10.jpg","pic"
"1420","30070","70","70","90","85","95","Flood 1.jpg","pic"
"1421","30070","","","","","","Clean 1.jpg","pic"
"1422","30070","90","80","90","70","80","Heart 3.jpg","pic"
"1423","30070","","","","","","Fireworks 6.jpg","pic"
"1424","30070","30","30","60","80","30","Rainbow 2.jpg","pic"
"1425","30070","","","","","","Flood 1.jpg","pic"
"1426","30070","35","15","15","30","20","Garbage dump 1.jpg","pic"
"1427","30070","","","","","","Snow 1.jpg","pic"
"1428","30070","30","30","35","35","35","Fire 10.jpg","pic"
"1429","30070","","","","","","Toilet 4.jpg","pic"
"1430","30070","10","10","10","10","10","Fireworks 6.jpg","pic"
"1431","30070","","","","","","Prison 2.jpg","pic"
"1432","30070","25","25","25","25","40","Rocks 1.jpg","pic"
"1433","30070","","","","","","Destruction 2.jpg","pic"
"1434","30070","30","30","60","15","20","Clean 1.jpg","pic"
"1435","30070","","","","","","Ferret 1.jpg","pic"
"1436","30070","20","20","50","70","35","Lake 12.jpg","pic"
"1437","30070","","","","","","Heart 3.jpg","pic"
"1438","30070","15","35","20","35","20","Beach 1.jpg","pic"
"1439","30070","","","","","","Rainbow 2.jpg","pic"
"1440","30070","70","60","85","90","95","Dirt 1.jpg","pic"
"1441","31231","","","","","","Fireworks 6.jpg","pic"
"1442","31231","72","85","56","59","73","Clean 1.jpg","pic"
"1443","31231","","","","","","Dirt 1.jpg","pic"
"1444","31231","0","0","31","36","0","Lake 12.jpg","pic"
"1445","31231","","","","","","Toilet 4.jpg","pic"
"1446","31231","0","0","0","0","0","Fire 10.jpg","pic"
"1447","31231","","","","","","Rainbow 2.jpg","pic"
"1448","31231","0","0","0","14","0","Ferret 1.jpg","pic"
"1449","31231","","","","","","Garbage dump 1.jpg","pic"
"1450","31231","45","61","9","35","24","Flood 1.jpg","pic"
"1451","31231","","","","","","Beach 1.jpg","pic"
"1452","31231","0","0","0","0","0","Rocks 1.jpg","pic"
"1453","31231","","","","","","Snow 1.jpg","pic"
"1454","31231","48","72","27","50","58","Destruction 2.jpg","pic"
"1455","31231","","","","","","Prison 2.jpg","pic"
"1456","31231","42","23","21","20","62","Heart 3.jpg","pic"
"1457","31231","","","","","","Lake 12.jpg","pic"
"1458","31231","0","0","0","0","0","Rocks 1.jpg","pic"
"1459","31231","","","","","","Rainbow 2.jpg","pic"
"1460","31231","0","0","0","1","0","Fireworks 6.jpg","pic"
"1461","31231","","","","","","Fire 10.jpg","pic"
"1462","31231","0","47","40","70","64","Heart 3.jpg","pic"
"1463","31231","","","","","","Toilet 4.jpg","pic"
"1464","31231","0","0","0","23","0","Dirt 1.jpg","pic"
"1465","31231","","","","","","Clean 1.jpg","pic"
"1466","31231","53","18","54","64","18","Ferret 1.jpg","pic"
"1467","31231","","","","","","Prison 2.jpg","pic"
"1468","31231","0","0","0","0","0","Snow 1.jpg","pic"
"1469","31231","","","","","","Beach 1.jpg","pic"
"1470","31231","0","0","0","22","0","Garbage dump 1.jpg","pic"
"1471","31231","","","","","","Flood 1.jpg","pic"
"1472","31231","0","0","0","0","0","Destruction 2.jpg","pic"
"1473","32266","","","","","","Prison 2.jpg","pic"
"1474","32266","0","0","0","0","0","Heart 3.jpg","pic"
"1475","32266","","","","","","Lake 12.jpg","pic"
"1476","32266","0","0","9","0","0","Fireworks 6.jpg","pic"
"1477","32266","","","","","","Dirt 1.jpg","pic"
"1478","32266","16","0","17","50","11","Rainbow 2.jpg","pic"
"1479","32266","","","","","","Destruction 2.jpg","pic"
"1480","32266","0","0","0","0","0","Clean 1.jpg","pic"
"1481","32266","","","","","","Flood 1.jpg","pic"
"1482","32266","0","0","0","0","0","Ferret 1.jpg","pic"
"1483","32266","","","","","","Toilet 4.jpg","pic"
"1484","32266","33","68","0","0","20","Fire 10.jpg","pic"
"1485","32266","","","","","","Rocks 1.jpg","pic"
"1486","32266","0","0","0","0","0","Beach 1.jpg","pic"
"1487","32266","","","","","","Garbage dump 1.jpg","pic"
"1488","32266","0","0","0","17","8","Snow 1.jpg","pic"
"1489","32266","","","","","","Garbage dump 1.jpg","pic"
"1490","32266","53","75","57","53","70","Heart 3.jpg","pic"
"1491","32266","","","","","","Ferret 1.jpg","pic"
"1492","32266","0","0","7","0","0","Prison 2.jpg","pic"
"1493","32266","","","","","","Lake 12.jpg","pic"
"1494","32266","0","0","2","0","0","Clean 1.jpg","pic"
"1495","32266","","","","","","Snow 1.jpg","pic"
"1496","32266","0","34","0","9","5","Rocks 1.jpg","pic"
"1497","32266","","","","","","Fire 10.jpg","pic"
"1498","32266","0","0","0","0","0","Fireworks 6.jpg","pic"
"1499","32266","","","","","","Flood 1.jpg","pic"
"1500","32266","0","0","21","10","0","Toilet 4.jpg","pic"
"1501","32266","","","","","","Rainbow 2.jpg","pic"
"1502","32266","0","37","12","0","39","Beach 1.jpg","pic"
"1503","32266","","","","","","Dirt 1.jpg","pic"
"1504","32266","0","65","23","0","29","Destruction 2.jpg","pic"
"1505","30292","","","","","","Prison 2.jpg","pic"
"1506","30292","5","0","40","30","0","Garbage dump 1.jpg","pic"
"1507","30292","","","","","","Ferret 1.jpg","pic"
"1508","30292","0","0","5","0","0","Fireworks 6.jpg","pic"
"1509","30292","","","","","","Rainbow 2.jpg","pic"
"1510","30292","0","0","15","25","0","Lake 12.jpg","pic"
"1511","30292","","","","","","Destruction 2.jpg","pic"
"1512","30292","0","0","25","25","0","Clean 1.jpg","pic"
"1513","30292","","","","","","Snow 1.jpg","pic"
"1514","30292","0","50","75","75","35","Flood 1.jpg","pic"
"1515","30292","","","","","","Rocks 1.jpg","pic"
"1516","30292","0","60","40","55","70","Fire 10.jpg","pic"
"1517","30292","","","","","","Beach 1.jpg","pic"
"1518","30292","10","0","4","0","0","Dirt 1.jpg","pic"
"1519","30292","","","","","","Toilet 4.jpg","pic"
"1520","30292","0","0","15","30","0","Heart 3.jpg","pic"
"1521","30292","","","","","","Rainbow 2.jpg","pic"
"1522","30292","0","0","0","0","0","Snow 1.jpg","pic"
"1523","30292","","","","","","Fireworks 6.jpg","pic"
"1524","30292","50","15","85","90","55","Fire 10.jpg","pic"
"1525","30292","","","","","","Heart 3.jpg","pic"
"1526","30292","50","10","60","70","15","Dirt 1.jpg","pic"
"1527","30292","","","","","","Ferret 1.jpg","pic"
"1528","30292","0","0","0","0","0","Flood 1.jpg","pic"
"1529","30292","","","","","","Prison 2.jpg","pic"
"1530","30292","90","100","90","90","100","Clean 1.jpg","pic"
"1531","30292","","","","","","Toilet 4.jpg","pic"
"1532","30292","12","16","14","10","10","Rocks 1.jpg","pic"
"1533","30292","","","","","","Beach 1.jpg","pic"
"1534","30292","50","80","70","90","85","Destruction 2.jpg","pic"
"1535","30292","","","","","","Lake 12.jpg","pic"
"1536","30292","0","0","45","55","0","Garbage dump 1.jpg","pic"
"1537","31984","","","","","","Toilet 4.jpg","pic"
"1538","31984","89","27","83","99","1","Flood 1.jpg","pic"
"1539","31984","","","","","","Destruction 2.jpg","pic"
"1540","31984","0","1","1","0","2","Lake 12.jpg","pic"
"1541","31984","","","","","","Rocks 1.jpg","pic"
"1542","31984","5","3","1","5","2","Ferret 1.jpg","pic"
"1543","31984","","","","","","Snow 1.jpg","pic"
"1544","31984","1","0","2","0","3","Fireworks 6.jpg","pic"
"1545","31984","","","","","","Heart 3.jpg","pic"
"1546","31984","83","82","55","78","0","Prison 2.jpg","pic"
"1547","31984","","","","","","Clean 1.jpg","pic"
"1548","31984","51","2","66","46","45","Garbage dump 1.jpg","pic"
"1549","31984","","","","","","Rainbow 2.jpg","pic"
"1550","31984","0","0","0","0","0","Beach 1.jpg","pic"
"1551","31984","","","","","","Dirt 1.jpg","pic"
"1552","31984","24","2","2","2","0","Fire 10.jpg","pic"
"1553","31984","","","","","","Garbage dump 1.jpg","pic"
"1554","31984","16","34","15","2","26","Toilet 4.jpg","pic"
"1555","31984","","","","","","Destruction 2.jpg","pic"
"1556","31984","25","23","78","44","26","Ferret 1.jpg","pic"
"1557","31984","","","","","","Clean 1.jpg","pic"
"1558","31984","49","49","86","77","100","Heart 3.jpg","pic"
"1559","31984","","","","","","Fireworks 6.jpg","pic"
"1560","31984","77","67","67","73","73","Lake 12.jpg","pic"
"1561","31984","","","","","","Beach 1.jpg","pic"
"1562","31984","2","0","2","2","2","Snow 1.jpg","pic"
"1563","31984","","","","","","Dirt 1.jpg","pic"
"1564","31984","73","6","71","40","35","Prison 2.jpg","pic"
"1565","31984","","","","","","Rainbow 2.jpg","pic"
"1566","31984","97","98","100","99","68","Fire 10.jpg","pic"
"1567","31984","","","","","","Rocks 1.jpg","pic"
"1568","31984","50","78","64","33","29","Flood 1.jpg","pic"
"1569","30955","","","","","","Rocks 1.jpg","pic"
"1570","30955","26","24","62","62","64","Prison 2.jpg","pic"
"1571","30955","","","","","","Ferret 1.jpg","pic"
"1572","30955","0","7","42","62","18","Fireworks 6.jpg","pic"
"1573","30955","","","","","","Beach 1.jpg","pic"
"1574","30955","21","50","0","64","66","Snow 1.jpg","pic"
"1575","30955","","","","","","Lake 12.jpg","pic"
"1576","30955","0","0","41","49","0","Rainbow 2.jpg","pic"
"1577","30955","","","","","","Clean 1.jpg","pic"
"1578","30955","24","11","0","0","0","Garbage dump 1.jpg","pic"
"1579","30955","","","","","","Destruction 2.jpg","pic"
"1580","30955","25","3","0","0","9","Fire 10.jpg","pic"
"1581","30955","","","","","","Dirt 1.jpg","pic"
"1582","30955","28","41","8","8","0","Toilet 4.jpg","pic"
"1583","30955","","","","","","Flood 1.jpg","pic"
"1584","30955","60","41","74","82","72","Heart 3.jpg","pic"
"1585","30955","","","","","","Heart 3.jpg","pic"
"1586","30955","77","64","49","73","73","Destruction 2.jpg","pic"
"1587","30955","","","","","","Lake 12.jpg","pic"
"1588","30955","48","51","62","72","26","Snow 1.jpg","pic"
"1589","30955","","","","","","Toilet 4.jpg","pic"
"1590","30955","8","12","6","9","6","Rainbow 2.jpg","pic"
"1591","30955","","","","","","Clean 1.jpg","pic"
"1592","30955","21","23","76","76","22","Ferret 1.jpg","pic"
"1593","30955","","","","","","Prison 2.jpg","pic"
"1594","30955","73","76","51","49","39","Fireworks 6.jpg","pic"
"1595","30955","","","","","","Flood 1.jpg","pic"
"1596","30955","60","63","88","86","17","Rocks 1.jpg","pic"
"1597","30955","","","","","","Beach 1.jpg","pic"
"1598","30955","42","51","55","14","24","Garbage dump 1.jpg","pic"
"1599","30955","","","","","","Dirt 1.jpg","pic"
"1600","30955","21","9","9","5","13","Fire 10.jpg","pic"
"1601","31978","","","","","","Prison 2.jpg","pic"
"1602","31978","56","70","71","76","80","Ferret 1.jpg","pic"
"1603","31978","","","","","","Heart 3.jpg","pic"
"1604","31978","55","66","71","89","84","Dirt 1.jpg","pic"
"1605","31978","","","","","","Flood 1.jpg","pic"
"1606","31978","76","75","78","69","77","Rainbow 2.jpg","pic"
"1607","31978","","","","","","Toilet 4.jpg","pic"
"1608","31978","0","0","0","0","3","Lake 12.jpg","pic"
"1609","31978","","","","","","Fire 10.jpg","pic"
"1610","31978","46","7","2","45","3","Beach 1.jpg","pic"
"1611","31978","","","","","","Destruction 2.jpg","pic"
"1612","31978","79","83","87","79","67","Clean 1.jpg","pic"
"1613","31978","","","","","","Rocks 1.jpg","pic"
"1614","31978","43","67","66","79","56","Fireworks 6.jpg","pic"
"1615","31978","","","","","","Garbage dump 1.jpg","pic"
"1616","31978","7","9","49","82","6","Snow 1.jpg","pic"
"1617","31978","","","","","","Rainbow 2.jpg","pic"
"1618","31978","16","7","9","15","6","Ferret 1.jpg","pic"
"1619","31978","","","","","","Fireworks 6.jpg","pic"
"1620","31978","10","9","9","11","8","Beach 1.jpg","pic"
"1621","31978","","","","","","Dirt 1.jpg","pic"
"1622","31978","17","11","43","56","12","Prison 2.jpg","pic"
"1623","31978","","","","","","Fire 10.jpg","pic"
"1624","31978","7","8","7","13","14","Lake 12.jpg","pic"
"1625","31978","","","","","","Garbage dump 1.jpg","pic"
"1626","31978","7","3","1","12","3","Flood 1.jpg","pic"
"1627","31978","","","","","","Toilet 4.jpg","pic"
"1628","31978","81","94","95","74","90","Destruction 2.jpg","pic"
"1629","31978","","","","","","Snow 1.jpg","pic"
"1630","31978","16","51","53","73","50","Heart 3.jpg","pic"
"1631","31978","","","","","","Clean 1.jpg","pic"
"1632","31978","5","16","13","8","52","Rocks 1.jpg","pic"
"1633","32920","","","","","","Flood 1.jpg","pic"
"1634","32920","73","72","72","75","19","Lake 12.jpg","pic"
"1635","32920","","","","","","Clean 1.jpg","pic"
"1636","32920","51","51","49","56","51","Prison 2.jpg","pic"
"1637","32920","","","","","","Fire 10.jpg","pic"
"1638","32920","50","50","51","51","47","Snow 1.jpg","pic"
"1639","32920","","","","","","Garbage dump 1.jpg","pic"
"1640","32920","54","56","58","54","35","Ferret 1.jpg","pic"
"1641","32920","","","","","","Heart 3.jpg","pic"
"1642","32920","72","75","71","72","32","Beach 1.jpg","pic"
"1643","32920","","","","","","Fireworks 6.jpg","pic"
"1644","32920","67","64","62","66","33","Toilet 4.jpg","pic"
"1645","32920","","","","","","Dirt 1.jpg","pic"
"1646","32920","23","22","20","21","71","Destruction 2.jpg","pic"
"1647","32920","","","","","","Rainbow 2.jpg","pic"
"1648","32920","43","50","48","45","53","Rocks 1.jpg","pic"
"1649","32920","","","","","","Rocks 1.jpg","pic"
"1650","32920","12","12","11","8","10","Beach 1.jpg","pic"
"1651","32920","","","","","","Snow 1.jpg","pic"
"1652","32920","16","13","13","14","72","Clean 1.jpg","pic"
"1653","32920","","","","","","Lake 12.jpg","pic"
"1654","32920","16","17","12","17","73","Fire 10.jpg","pic"
"1655","32920","","","","","","Toilet 4.jpg","pic"
"1656","32920","12","13","13","13","86","Rainbow 2.jpg","pic"
"1657","32920","","","","","","Prison 2.jpg","pic"
"1658","32920","19","18","18","20","80","Dirt 1.jpg","pic"
"1659","32920","","","","","","Garbage dump 1.jpg","pic"
"1660","32920","16","14","12","17","76","Destruction 2.jpg","pic"
"1661","32920","","","","","","Fireworks 6.jpg","pic"
"1662","32920","7","6","6","9","6","Heart 3.jpg","pic"
"1663","32920","","","","","","Ferret 1.jpg","pic"
"1664","32920","8","13","7","8","82","Flood 1.jpg","pic"
"1665","29998","","","","","","Ferret 1.jpg","pic"
"1666","29998","60","5","35","64","4","Prison 2.jpg","pic"
"1667","29998","","","","","","Snow 1.jpg","pic"
"1668","29998","73","52","91","61","56","Garbage dump 1.jpg","pic"
"1669","29998","","","","","","Heart 3.jpg","pic"
"1670","29998","30","29","64","77","58","Lake 12.jpg","pic"
"1671","29998","","","","","","Fire 10.jpg","pic"
"1672","29998","22","21","0","0","0","Destruction 2.jpg","pic"
"1673","29998","","","","","","Flood 1.jpg","pic"
"1674","29998","0","0","0","0","0","Clean 1.jpg","pic"
"1675","29998","","","","","","Rainbow 2.jpg","pic"
"1676","29998","0","0","0","29","0","Toilet 4.jpg","pic"
"1677","29998","","","","","","Fireworks 6.jpg","pic"
"1678","29998","29","16","100","100","73","Dirt 1.jpg","pic"
"1679","29998","","","","","","Rocks 1.jpg","pic"
"1680","29998","66","33","50","59","81","Beach 1.jpg","pic"
"1681","29998","","","","","","Rainbow 2.jpg","pic"
"1682","29998","9","0","0","0","0","Fire 10.jpg","pic"
"1683","29998","","","","","","Clean 1.jpg","pic"
"1684","29998","37","15","66","69","61","Ferret 1.jpg","pic"
"1685","29998","","","","","","Garbage dump 1.jpg","pic"
"1686","29998","100","100","100","100","100","Toilet 4.jpg","pic"
"1687","29998","","","","","","Prison 2.jpg","pic"
"1688","29998","100","69","53","100","62","Lake 12.jpg","pic"
"1689","29998","","","","","","Rocks 1.jpg","pic"
"1690","29998","17","3","0","25","4","Destruction 2.jpg","pic"
"1691","29998","","","","","","Heart 3.jpg","pic"
"1692","29998","0","0","0","0","0","Fireworks 6.jpg","pic"
"1693","29998","","","","","","Dirt 1.jpg","pic"
"1694","29998","0","27","47","25","0","Snow 1.jpg","pic"
"1695","29998","","","","","","Beach 1.jpg","pic"
"1696","29998","95","95","96","91","97","Flood 1.jpg","pic"
"1697","31546","","","","","","Heart 3.jpg","pic"
"1698","31546","21","72","91","10","65","Ferret 1.jpg","pic"
"1699","31546","","","","","","Clean 1.jpg","pic"
"1700","31546","90","4","100","0","6","Snow 1.jpg","pic"
"1701","31546","","","","","","Lake 12.jpg","pic"
"1702","31546","0","0","0","79","0","Toilet 4.jpg","pic"
"1703","31546","","","","","","Garbage dump 1.jpg","pic"
"1704","31546","8","7","9","6","9","Rocks 1.jpg","pic"
"1705","31546","","","","","","Flood 1.jpg","pic"
"1706","31546","0","7","35","62","28","Prison 2.jpg","pic"
"1707","31546","","","","","","Destruction 2.jpg","pic"
"1708","31546","77","27","48","2","76","Fire 10.jpg","pic"
"1709","31546","","","","","","Rainbow 2.jpg","pic"
"1710","31546","29","82","96","1","97","Beach 1.jpg","pic"
"1711","31546","","","","","","Dirt 1.jpg","pic"
"1712","31546","7","9","10","6","6","Fireworks 6.jpg","pic"
"1713","31546","","","","","","Lake 12.jpg","pic"
"1714","31546","95","13","99","0","82","Dirt 1.jpg","pic"
"1715","31546","","","","","","Snow 1.jpg","pic"
"1716","31546","96","24","99","0","84","Prison 2.jpg","pic"
"1717","31546","","","","","","Destruction 2.jpg","pic"
"1718","31546","61","3","67","8","78","Fireworks 6.jpg","pic"
"1719","31546","","","","","","Rainbow 2.jpg","pic"
"1720","31546","1","0","66","67","8","Flood 1.jpg","pic"
"1721","31546","","","","","","Clean 1.jpg","pic"
"1722","31546","33","48","10","22","22","Rocks 1.jpg","pic"
"1723","31546","","","","","","Beach 1.jpg","pic"
"1724","31546","11","86","90","3","4","Heart 3.jpg","pic"
"1725","31546","","","","","","Garbage dump 1.jpg","pic"
"1726","31546","0","6","1","68","3","Toilet 4.jpg","pic"
"1727","31546","","","","","","Fire 10.jpg","pic"
"1728","31546","1","4","11","5","13","Ferret 1.jpg","pic"
"1729","31576","","","","","","Rainbow 2.jpg","pic"
"1730","31576","84","82","83","77","92","Fireworks 6.jpg","pic"
"1731","31576","","","","","","Flood 1.jpg","pic"
"1732","31576","61","72","98","98","77","Ferret 1.jpg","pic"
"1733","31576","","","","","","Toilet 4.jpg","pic"
"1734","31576","0","0","0","0","0","Snow 1.jpg","pic"
"1735","31576","","","","","","Prison 2.jpg","pic"
"1736","31576","2","2","1","1","5","Garbage dump 1.jpg","pic"
"1737","31576","","","","","","Dirt 1.jpg","pic"
"1738","31576","2","1","1","4","6","Beach 1.jpg","pic"
"1739","31576","","","","","","Destruction 2.jpg","pic"
"1740","31576","65","58","95","92","65","Rocks 1.jpg","pic"
"1741","31576","","","","","","Clean 1.jpg","pic"
"1742","31576","62","80","83","88","77","Heart 3.jpg","pic"
"1743","31576","","","","","","Lake 12.jpg","pic"
"1744","31576","1","3","1","0","0","Fire 10.jpg","pic"
"1745","31576","","","","","","Heart 3.jpg","pic"
"1746","31576","3","0","0","0","0","Dirt 1.jpg","pic"
"1747","31576","","","","","","Clean 1.jpg","pic"
"1748","31576","52","50","51","48","51","Beach 1.jpg","pic"
"1749","31576","","","","","","Rocks 1.jpg","pic"
"1750","31576","3","1","0","4","12","Destruction 2.jpg","pic"
"1751","31576","","","","","","Garbage dump 1.jpg","pic"
"1752","31576","81","84","25","55","74","Ferret 1.jpg","pic"
"1753","31576","","","","","","Toilet 4.jpg","pic"
"1754","31576","1","2","1","0","1","Fire 10.jpg","pic"
"1755","31576","","","","","","Rainbow 2.jpg","pic"
"1756","31576","69","92","88","90","98","Lake 12.jpg","pic"
"1757","31576","","","","","","Snow 1.jpg","pic"
"1758","31576","12","16","6","70","49","Fireworks 6.jpg","pic"
"1759","31576","","","","","","Flood 1.jpg","pic"
"1760","31576","1","64","96","96","51","Prison 2.jpg","pic"
"1761","30907","","","","","","Lake 12.jpg","pic"
"1762","30907","13","43","16","9","38","Toilet 4.jpg","pic"
"1763","30907","","","","","","Beach 1.jpg","pic"
"1764","30907","54","52","34","63","36","Garbage dump 1.jpg","pic"
"1765","30907","","","","","","Clean 1.jpg","pic"
"1766","30907","27","26","23","22","24","Dirt 1.jpg","pic"
"1767","30907","","","","","","Destruction 2.jpg","pic"
"1768","30907","48","41","44","43","31","Fireworks 6.jpg","pic"
"1769","30907","","","","","","Rocks 1.jpg","pic"
"1770","30907","17","20","19","24","20","Ferret 1.jpg","pic"
"1771","30907","","","","","","Fire 10.jpg","pic"
"1772","30907","59","31","22","27","36","Rainbow 2.jpg","pic"
"1773","30907","","","","","","Snow 1.jpg","pic"
"1774","30907","32","27","23","15","18","Flood 1.jpg","pic"
"1775","30907","","","","","","Heart 3.jpg","pic"
"1776","30907","22","14","19","15","16","Prison 2.jpg","pic"
"1777","30907","","","","","","Clean 1.jpg","pic"
"1778","30907","64","47","20","41","17","Destruction 2.jpg","pic"
"1779","30907","","","","","","Heart 3.jpg","pic"
"1780","30907","63","52","14","45","37","Lake 12.jpg","pic"
"1781","30907","","","","","","Flood 1.jpg","pic"
"1782","30907","47","51","53","46","16","Toilet 4.jpg","pic"
"1783","30907","","","","","","Snow 1.jpg","pic"
"1784","30907","48","49","51","48","47","Fireworks 6.jpg","pic"
"1785","30907","","","","","","Beach 1.jpg","pic"
"1786","30907","19","22","14","82","73","Garbage dump 1.jpg","pic"
"1787","30907","","","","","","Rainbow 2.jpg","pic"
"1788","30907","31","29","20","31","17","Ferret 1.jpg","pic"
"1789","30907","","","","","","Dirt 1.jpg","pic"
"1790","30907","26","23","21","27","24","Fire 10.jpg","pic"
"1791","30907","","","","","","Prison 2.jpg","pic"
"1792","30907","37","23","45","66","30","Rocks 1.jpg","pic"
"1793","30850","","","","","","Fire 10.jpg","pic"
"1794","30850","51","48","48","25","67","Clean 1.jpg","pic"
"1795","30850","","","","","","Flood 1.jpg","pic"
"1796","30850","21","20","14","50","9","Fireworks 6.jpg","pic"
"1797","30850","","","","","","Heart 3.jpg","pic"
"1798","30850","62","57","3","32","49","Lake 12.jpg","pic"
"1799","30850","","","","","","Destruction 2.jpg","pic"
"1800","30850","20","31","3","3","39","Beach 1.jpg","pic"
"1801","30850","","","","","","Dirt 1.jpg","pic"
"1802","30850","1","0","74","59","26","Rainbow 2.jpg","pic"
"1803","30850","","","","","","Snow 1.jpg","pic"
"1804","30850","43","72","48","48","71","Ferret 1.jpg","pic"
"1805","30850","","","","","","Rocks 1.jpg","pic"
"1806","30850","1","7","4","1","5","Garbage dump 1.jpg","pic"
"1807","30850","","","","","","Toilet 4.jpg","pic"
"1808","30850","91","96","62","91","62","Prison 2.jpg","pic"
"1809","30850","","","","","","Rainbow 2.jpg","pic"
"1810","30850","2","2","1","1","1","Clean 1.jpg","pic"
"1811","30850","","","","","","Garbage dump 1.jpg","pic"
"1812","30850","97","80","64","94","64","Heart 3.jpg","pic"
"1813","30850","","","","","","Dirt 1.jpg","pic"
"1814","30850","0","0","2","2","0","Fire 10.jpg","pic"
"1815","30850","","","","","","Flood 1.jpg","pic"
"1816","30850","77","78","31","81","68","Snow 1.jpg","pic"
"1817","30850","","","","","","Toilet 4.jpg","pic"
"1818","30850","1","1","2","0","2","Destruction 2.jpg","pic"
"1819","30850","","","","","","Prison 2.jpg","pic"
"1820","30850","3","3","3","3","5","Lake 12.jpg","pic"
"1821","30850","","","","","","Rocks 1.jpg","pic"
"1822","30850","45","27","26","89","59","Ferret 1.jpg","pic"
"1823","30850","","","","","","Beach 1.jpg","pic"
"1824","30850","56","23","43","72","55","Fireworks 6.jpg","pic"
"1825","31612","","","","","","Rocks 1.jpg","pic"
"1826","31612","2","0","0","12","0","Snow 1.jpg","pic"
"1827","31612","","","","","","Heart 3.jpg","pic"
"1828","31612","1","0","0","0","0","Garbage dump 1.jpg","pic"
"1829","31612","","","","","","Lake 12.jpg","pic"
"1830","31612","0","0","0","0","0","Dirt 1.jpg","pic"
"1831","31612","","","","","","Fire 10.jpg","pic"
"1832","31612","0","4","0","0","1","Destruction 2.jpg","pic"
"1833","31612","","","","","","Fireworks 6.jpg","pic"
"1834","31612","3","2","0","2","4","Ferret 1.jpg","pic"
"1835","31612","","","","","","Beach 1.jpg","pic"
"1836","31612","0","0","0","0","1","Rainbow 2.jpg","pic"
"1837","31612","","","","","","Prison 2.jpg","pic"
"1838","31612","0","0","0","4","0","Flood 1.jpg","pic"
"1839","31612","","","","","","Clean 1.jpg","pic"
"1840","31612","7","3","2","6","1","Toilet 4.jpg","pic"
"1841","31612","","","","","","Prison 2.jpg","pic"
"1842","31612","0","0","0","0","0","Rocks 1.jpg","pic"
"1843","31612","","","","","","Dirt 1.jpg","pic"
"1844","31612","0","2","0","0","0","Rainbow 2.jpg","pic"
"1845","31612","","","","","","Toilet 4.jpg","pic"
"1846","31612","0","0","0","0","0","Beach 1.jpg","pic"
"1847","31612","","","","","","Garbage dump 1.jpg","pic"
"1848","31612","0","0","0","0","0","Fireworks 6.jpg","pic"
"1849","31612","","","","","","Ferret 1.jpg","pic"
"1850","31612","6","6","0","2","2","Heart 3.jpg","pic"
"1851","31612","","","","","","Destruction 2.jpg","pic"
"1852","31612","0","0","0","0","0","Clean 1.jpg","pic"
"1853","31612","","","","","","Lake 12.jpg","pic"
"1854","31612","0","0","0","0","0","Fire 10.jpg","pic"
"1855","31612","","","","","","Snow 1.jpg","pic"
"1856","31612","6","3","5","2","6","Flood 1.jpg","pic"
"1857","32377","","","","","","Dirt 1.jpg","pic"
"1858","32377","23","5","0","0","50","Snow 1.jpg","pic"
"1859","32377","","","","","","Fireworks 6.jpg","pic"
"1860","32377","0","19","0","0","0","Fire 10.jpg","pic"
"1861","32377","","","","","","Flood 1.jpg","pic"
"1862","32377","0","0","0","0","0","Prison 2.jpg","pic"
"1863","32377","","","","","","Destruction 2.jpg","pic"
"1864","32377","74","68","13","19","74","Ferret 1.jpg","pic"
"1865","32377","","","","","","Garbage dump 1.jpg","pic"
"1866","32377","90","67","4","38","49","Heart 3.jpg","pic"
"1867","32377","","","","","","Clean 1.jpg","pic"
"1868","32377","1","1","1","1","1","Rocks 1.jpg","pic"
"1869","32377","","","","","","Lake 12.jpg","pic"
"1870","32377","21","24","1","1","31","Beach 1.jpg","pic"
"1871","32377","","","","","","Rainbow 2.jpg","pic"
"1872","32377","1","10","0","1","1","Toilet 4.jpg","pic"
"1873","32377","","","","","","Destruction 2.jpg","pic"
"1874","32377","1","1","1","1","1","Ferret 1.jpg","pic"
"1875","32377","","","","","","Lake 12.jpg","pic"
"1876","32377","1","5","1","1","1","Rainbow 2.jpg","pic"
"1877","32377","","","","","","Garbage dump 1.jpg","pic"
"1878","32377","1","1","1","0","1","Beach 1.jpg","pic"
"1879","32377","","","","","","Flood 1.jpg","pic"
"1880","32377","13","23","19","15","25","Toilet 4.jpg","pic"
"1881","32377","","","","","","Rocks 1.jpg","pic"
"1882","32377","22","5","52","36","9","Heart 3.jpg","pic"
"1883","32377","","","","","","Fire 10.jpg","pic"
"1884","32377","13","7","1","1","1","Fireworks 6.jpg","pic"
"1885","32377","","","","","","Prison 2.jpg","pic"
"1886","32377","47","5","2","29","11","Snow 1.jpg","pic"
"1887","32377","","","","","","Dirt 1.jpg","pic"
"1888","32377","1","3","1","1","1","Clean 1.jpg","pic"
"1889","31897","","","","","","Snow 1.jpg","pic"
"1890","31897","0","59","0","6","5","Ferret 1.jpg","pic"
"1891","31897","","","","","","Toilet 4.jpg","pic"
"1892","31897","27","57","7","10","23","Heart 3.jpg","pic"
"1893","31897","","","","","","Clean 1.jpg","pic"
"1894","31897","0","0","8","22","0","Flood 1.jpg","pic"
"1895","31897","","","","","","Rocks 1.jpg","pic"
"1896","31897","0","0","24","51","9","Dirt 1.jpg","pic"
"1897","31897","","","","","","Prison 2.jpg","pic"
"1898","31897","41","79","19","19","56","Lake 12.jpg","pic"
"1899","31897","","","","","","Beach 1.jpg","pic"
"1900","31897","0","0","51","24","0","Garbage dump 1.jpg","pic"
"1901","31897","","","","","","Rainbow 2.jpg","pic"
"1902","31897","0","23","0","0","13","Fireworks 6.jpg","pic"
"1903","31897","","","","","","Destruction 2.jpg","pic"
"1904","31897","0","0","14","0","0","Fire 10.jpg","pic"
"1905","31897","","","","","","Lake 12.jpg","pic"
"1906","31897","22","37","14","14","34","Fireworks 6.jpg","pic"
"1907","31897","","","","","","Rainbow 2.jpg","pic"
"1908","31897","0","13","6","8","0","Beach 1.jpg","pic"
"1909","31897","","","","","","Dirt 1.jpg","pic"
"1910","31897","0","0","0","6","0","Garbage dump 1.jpg","pic"
"1911","31897","","","","","","Heart 3.jpg","pic"
"1912","31897","0","0","0","21","0","Rocks 1.jpg","pic"
"1913","31897","","","","","","Clean 1.jpg","pic"
"1914","31897","12","6","32","46","0","Toilet 4.jpg","pic"
"1915","31897","","","","","","Prison 2.jpg","pic"
"1916","31897","10","29","0","0","14","Snow 1.jpg","pic"
"1917","31897","","","","","","Destruction 2.jpg","pic"
"1918","31897","73","69","64","47","76","Fire 10.jpg","pic"
"1919","31897","","","","","","Flood 1.jpg","pic"
"1920","31897","0","0","0","0","0","Ferret 1.jpg","pic"
"1921","32587","","","","","","Toilet 4.jpg","pic"
"1922","32587","0","2","0","15","0","Beach 1.jpg","pic"
"1923","32587","","","","","","Clean 1.jpg","pic"
"1924","32587","62","69","24","52","44","Fireworks 6.jpg","pic"
"1925","32587","","","","","","Flood 1.jpg","pic"
"1926","32587","14","19","0","5","3","Ferret 1.jpg","pic"
"1927","32587","","","","","","Lake 12.jpg","pic"
"1928","32587","45","37","76","52","32","Rainbow 2.jpg","pic"
"1929","32587","","","","","","Snow 1.jpg","pic"
"1930","32587","7","0","0","0","0","Heart 3.jpg","pic"
"1931","32587","","","","","","Destruction 2.jpg","pic"
"1932","32587","0","10","58","62","29","Dirt 1.jpg","pic"
"1933","32587","","","","","","Rocks 1.jpg","pic"
"1934","32587","16","8","0","0","0","Fire 10.jpg","pic"
"1935","32587","","","","","","Prison 2.jpg","pic"
"1936","32587","50","85","55","63","84","Garbage dump 1.jpg","pic"
"1937","32587","","","","","","Rocks 1.jpg","pic"
"1938","32587","10","7","4","8","8","Ferret 1.jpg","pic"
"1939","32587","","","","","","Dirt 1.jpg","pic"
"1940","32587","79","89","77","59","91","Fireworks 6.jpg","pic"
"1941","32587","","","","","","Snow 1.jpg","pic"
"1942","32587","2","9","2","0","0","Rainbow 2.jpg","pic"
"1943","32587","","","","","","Clean 1.jpg","pic"
"1944","32587","74","17","86","88","33","Destruction 2.jpg","pic"
"1945","32587","","","","","","Garbage dump 1.jpg","pic"
"1946","32587","11","19","66","94","67","Fire 10.jpg","pic"
"1947","32587","","","","","","Beach 1.jpg","pic"
"1948","32587","29","58","93","96","77","Toilet 4.jpg","pic"
"1949","32587","","","","","","Flood 1.jpg","pic"
"1950","32587","0","0","6","20","7","Prison 2.jpg","pic"
"1951","32587","","","","","","Heart 3.jpg","pic"
"1952","32587","5","23","11","7","7","Lake 12.jpg","pic"
"1953","29959","","","","","","Destruction 2.jpg","pic"
"1954","29959","45","11","0","67","0","Fire 10.jpg","pic"
"1955","29959","","","","","","Prison 2.jpg","pic"
"1956","29959","64","50","46","70","0","Rainbow 2.jpg","pic"
"1957","29959","","","","","","Snow 1.jpg","pic"
"1958","29959","0","0","0","17","0","Flood 1.jpg","pic"
"1959","29959","","","","","","Toilet 4.jpg","pic"
"1960","29959","0","9","0","0","0","Ferret 1.jpg","pic"
"1961","29959","","","","","","Fireworks 6.jpg","pic"
"1962","29959","0","0","0","0","0","Rocks 1.jpg","pic"
"1963","29959","","","","","","Heart 3.jpg","pic"
"1964","29959","0","0","0","0","0","Lake 12.jpg","pic"
"1965","29959","","","","","","Clean 1.jpg","pic"
"1966","29959","63","10","0","100","75","Garbage dump 1.jpg","pic"
"1967","29959","","","","","","Dirt 1.jpg","pic"
"1968","29959","0","0","0","0","0","Beach 1.jpg","pic"
"1969","29959","","","","","","Destruction 2.jpg","pic"
"1970","29959","79","24","45","37","82","Heart 3.jpg","pic"
"1971","29959","","","","","","Fire 10.jpg","pic"
"1972","29959","80","48","19","30","18","Toilet 4.jpg","pic"
"1973","29959","","","","","","Garbage dump 1.jpg","pic"
"1974","29959","0","2","0","0","9","Prison 2.jpg","pic"
"1975","29959","","","","","","Rainbow 2.jpg","pic"
"1976","29959","43","29","53","60","36","Flood 1.jpg","pic"
"1977","29959","","","","","","Dirt 1.jpg","pic"
"1978","29959","0","0","0","0","0","Rocks 1.jpg","pic"
"1979","29959","","","","","","Beach 1.jpg","pic"
"1980","29959","0","0","0","0","0","Fireworks 6.jpg","pic"
"1981","29959","","","","","","Clean 1.jpg","pic"
"1982","29959","14","0","46","0","3","Ferret 1.jpg","pic"
"1983","29959","","","","","","Lake 12.jpg","pic"
"1984","29959","0","0","0","11","0","Snow 1.jpg","pic"
"1985","31699","","","","","","Snow 1.jpg","pic"
"1986","31699","0","0","0","0","0","Prison 2.jpg","pic"
"1987","31699","","","","","","Fire 10.jpg","pic"
"1988","31699","1","1","4","2","1","Rocks 1.jpg","pic"
"1989","31699","","","","","","Beach 1.jpg","pic"
"1990","31699","8","13","6","24","10","Fireworks 6.jpg","pic"
"1991","31699","","","","","","Ferret 1.jpg","pic"
"1992","31699","1","0","0","0","1","Garbage dump 1.jpg","pic"
"1993","31699","","","","","","Lake 12.jpg","pic"
"1994","31699","2","0","0","1","0","Dirt 1.jpg","pic"
"1995","31699","","","","","","Destruction 2.jpg","pic"
"1996","31699","1","0","1","0","1","Flood 1.jpg","pic"
"1997","31699","","","","","","Clean 1.jpg","pic"
"1998","31699","0","0","0","0","0","Rainbow 2.jpg","pic"
"1999","31699","","","","","","Heart 3.jpg","pic"
"2000","31699","1","0","0","1","0","Toilet 4.jpg","pic"
"2001","31699","","","","","","Flood 1.jpg","pic"
"2002","31699","20","25","3","15","30","Ferret 1.jpg","pic"
"2003","31699","","","","","","Clean 1.jpg","pic"
"2004","31699","1","0","1","0","1","Heart 3.jpg","pic"
"2005","31699","","","","","","Lake 12.jpg","pic"
"2006","31699","3","1","1","0","1","Garbage dump 1.jpg","pic"
"2007","31699","","","","","","Fire 10.jpg","pic"
"2008","31699","1","2","2","0","1","Rocks 1.jpg","pic"
"2009","31699","","","","","","Toilet 4.jpg","pic"
"2010","31699","3","0","17","6","1","Prison 2.jpg","pic"
"2011","31699","","","","","","Destruction 2.jpg","pic"
"2012","31699","0","0","0","0","2","Rainbow 2.jpg","pic"
"2013","31699","","","","","","Snow 1.jpg","pic"
"2014","31699","20","13","3","7","46","Dirt 1.jpg","pic"
"2015","31699","","","","","","Beach 1.jpg","pic"
"2016","31699","8","12","8","11","12","Fireworks 6.jpg","pic"
"2017","29962","","","","","","Destruction 2.jpg","pic"
"2018","29962","0","0","0","30","0","Toilet 4.jpg","pic"
"2019","29962","","","","","","Rocks 1.jpg","pic"
"2020","29962","0","0","0","0","0","Fireworks 6.jpg","pic"
"2021","29962","","","","","","Snow 1.jpg","pic"
"2022","29962","0","0","0","22","0","Prison 2.jpg","pic"
"2023","29962","","","","","","Fire 10.jpg","pic"
"2024","29962","0","0","0","0","0","Lake 12.jpg","pic"
"2025","29962","","","","","","Heart 3.jpg","pic"
"2026","29962","0","0","0","50","0","Clean 1.jpg","pic"
"2027","29962","","","","","","Rainbow 2.jpg","pic"
"2028","29962","0","0","0","21","0","Flood 1.jpg","pic"
"2029","29962","","","","","","Beach 1.jpg","pic"
"2030","29962","17","24","0","46","38","Garbage dump 1.jpg","pic"
"2031","29962","","","","","","Dirt 1.jpg","pic"
"2032","29962","0","0","0","0","0","Ferret 1.jpg","pic"
"2033","29962","","","","","","Rainbow 2.jpg","pic"
"2034","29962","0","0","0","0","0","Destruction 2.jpg","pic"
"2035","29962","","","","","","Lake 12.jpg","pic"
"2036","29962","0","32","0","0","28","Fireworks 6.jpg","pic"
"2037","29962","","","","","","Rocks 1.jpg","pic"
"2038","29962","0","0","0","0","0","Ferret 1.jpg","pic"
"2039","29962","","","","","","Fire 10.jpg","pic"
"2040","29962","0","0","0","0","0","Snow 1.jpg","pic"
"2041","29962","","","","","","Prison 2.jpg","pic"
"2042","29962","0","0","27","16","8","Flood 1.jpg","pic"
"2043","29962","","","","","","Heart 3.jpg","pic"
"2044","29962","0","0","0","0","0","Dirt 1.jpg","pic"
"2045","29962","","","","","","Beach 1.jpg","pic"
"2046","29962","71","19","40","49","18","Garbage dump 1.jpg","pic"
"2047","29962","","","","","","Toilet 4.jpg","pic"
"2048","29962","2","0","0","0","0","Clean 1.jpg","pic"
"2049","30415","","","","","","Clean 1.jpg","pic"
"2050","30415","0","0","0","0","0","Snow 1.jpg","pic"
"2051","30415","","","","","","Garbage dump 1.jpg","pic"
"2052","30415","0","0","0","0","0","Heart 3.jpg","pic"
"2053","30415","","","","","","Ferret 1.jpg","pic"
"2054","30415","0","0","46","9","11","Dirt 1.jpg","pic"
"2055","30415","","","","","","Fireworks 6.jpg","pic"
"2056","30415","0","0","0","0","0","Destruction 2.jpg","pic"
"2057","30415","","","","","","Beach 1.jpg","pic"
"2058","30415","37","0","9","24","0","Flood 1.jpg","pic"
"2059","30415","","","","","","Lake 12.jpg","pic"
"2060","30415","25","0","10","0","0","Prison 2.jpg","pic"
"2061","30415","","","","","","Rocks 1.jpg","pic"
"2062","30415","49","29","45","0","25","Rainbow 2.jpg","pic"
"2063","30415","","","","","","Fire 10.jpg","pic"
"2064","30415","53","40","12","0","53","Toilet 4.jpg","pic"
"2065","30415","","","","","","Dirt 1.jpg","pic"
"2066","30415","40","0","24","33","0","Prison 2.jpg","pic"
"2067","30415","","","","","","Snow 1.jpg","pic"
"2068","30415","52","7","0","0","9","Beach 1.jpg","pic"
"2069","30415","","","","","","Garbage dump 1.jpg","pic"
"2070","30415","0","0","0","0","0","Lake 12.jpg","pic"
"2071","30415","","","","","","Ferret 1.jpg","pic"
"2072","30415","0","0","0","0","0","Toilet 4.jpg","pic"
"2073","30415","","","","","","Fireworks 6.jpg","pic"
"2074","30415","0","0","0","0","0","Heart 3.jpg","pic"
"2075","30415","","","","","","Clean 1.jpg","pic"
"2076","30415","0","0","0","0","0","Fire 10.jpg","pic"
"2077","30415","","","","","","Flood 1.jpg","pic"
"2078","30415","0","0","0","0","0","Rocks 1.jpg","pic"
"2079","30415","","","","","","Rainbow 2.jpg","pic"
"2080","30415","17","5","28","29","29","Destruction 2.jpg","pic"
"2081","32362","","","","","","Rainbow 2.jpg","pic"
"2082","32362","28","51","49","12","34","Beach 1.jpg","pic"
"2083","32362","","","","","","Lake 12.jpg","pic"
"2084","32362","49","56","24","30","31","Flood 1.jpg","pic"
"2085","32362","","","","","","Destruction 2.jpg","pic"
"2086","32362","0","0","2","0","1","Fire 10.jpg","pic"
"2087","32362","","","","","","Garbage dump 1.jpg","pic"
"2088","32362","8","0","0","1","0","Fireworks 6.jpg","pic"
"2089","32362","","","","","","Heart 3.jpg","pic"
"2090","32362","48","18","8","1","9","Rocks 1.jpg","pic"
"2091","32362","","","","","","Clean 1.jpg","pic"
"2092","32362","0","0","0","0","0","Ferret 1.jpg","pic"
"2093","32362","","","","","","Toilet 4.jpg","pic"
"2094","32362","0","1","13","0","0","Dirt 1.jpg","pic"
"2095","32362","","","","","","Prison 2.jpg","pic"
"2096","32362","9","0","0","0","0","Snow 1.jpg","pic"
"2097","32362","","","","","","Toilet 4.jpg","pic"
"2098","32362","0","0","0","0","0","Flood 1.jpg","pic"
"2099","32362","","","","","","Beach 1.jpg","pic"
"2100","32362","31","38","37","30","30","Dirt 1.jpg","pic"
"2101","32362","","","","","","Garbage dump 1.jpg","pic"
"2102","32362","10","61","16","0","11","Ferret 1.jpg","pic"
"2103","32362","","","","","","Fireworks 6.jpg","pic"
"2104","32362","0","0","22","28","0","Heart 3.jpg","pic"
"2105","32362","","","","","","Destruction 2.jpg","pic"
"2106","32362","0","0","15","10","20","Lake 12.jpg","pic"
"2107","32362","","","","","","Snow 1.jpg","pic"
"2108","32362","60","82","82","76","68","Rainbow 2.jpg","pic"
"2109","32362","","","","","","Fire 10.jpg","pic"
"2110","32362","38","37","54","62","46","Clean 1.jpg","pic"
"2111","32362","","","","","","Prison 2.jpg","pic"
"2112","32362","0","31","36","30","7","Rocks 1.jpg","pic"
"2113","TEAM_YA_080","","","","","","Beach 1.jpg","pic"
"2114","TEAM_YA_080","2","0","1","3","0","Garbage dump 1.jpg","pic"
"2115","TEAM_YA_080","","","","","","Rainbow 2.jpg","pic"
"2116","TEAM_YA_080","21","96","32","22","28","Toilet 4.jpg","pic"
"2117","TEAM_YA_080","","","","","","Snow 1.jpg","pic"
"2118","TEAM_YA_080","38","24","23","27","5","Ferret 1.jpg","pic"
"2119","TEAM_YA_080","","","","","","Heart 3.jpg","pic"
"2120","TEAM_YA_080","2","3","2","1","2","Destruction 2.jpg","pic"
"2121","TEAM_YA_080","","","","","","Rocks 1.jpg","pic"
"2122","TEAM_YA_080","2","4","2","2","0","Flood 1.jpg","pic"
"2123","TEAM_YA_080","","","","","","Clean 1.jpg","pic"
"2124","TEAM_YA_080","2","9","2","1","2","Prison 2.jpg","pic"
"2125","TEAM_YA_080","","","","","","Dirt 1.jpg","pic"
"2126","TEAM_YA_080","86","72","57","85","1","Fire 10.jpg","pic"
"2127","TEAM_YA_080","","","","","","Fireworks 6.jpg","pic"
"2128","TEAM_YA_080","2","44","1","3","2","Lake 12.jpg","pic"
"2129","TEAM_YA_080","","","","","","Garbage dump 1.jpg","pic"
"2130","TEAM_YA_080","2","27","3","1","2","Beach 1.jpg","pic"
"2131","TEAM_YA_080","","","","","","Toilet 4.jpg","pic"
"2132","TEAM_YA_080","96","97","97","96","51","Heart 3.jpg","pic"
"2133","TEAM_YA_080","","","","","","Ferret 1.jpg","pic"
"2134","TEAM_YA_080","3","2","18","2","4","Fireworks 6.jpg","pic"
"2135","TEAM_YA_080","","","","","","Fire 10.jpg","pic"
"2136","TEAM_YA_080","2","17","4","4","4","Clean 1.jpg","pic"
"2137","TEAM_YA_080","","","","","","Destruction 2.jpg","pic"
"2138","TEAM_YA_080","4","4","73","60","30","Flood 1.jpg","pic"
"2139","TEAM_YA_080","","","","","","Lake 12.jpg","pic"
"2140","TEAM_YA_080","81","51","68","84","58","Prison 2.jpg","pic"
"2141","TEAM_YA_080","","","","","","Snow 1.jpg","pic"
"2142","TEAM_YA_080","17","35","2","18","3","Rocks 1.jpg","pic"
"2143","TEAM_YA_080","","","","","","Rainbow 2.jpg","pic"
"2144","TEAM_YA_080","42","42","42","36","2","Dirt 1.jpg","pic"
"2145","TEAM_YA_082","","","","","","Snow 1.jpg","pic"
"2146","TEAM_YA_082","17","25","0","16","0","Toilet 4.jpg","pic"
"2147","TEAM_YA_082","","","","","","Prison 2.jpg","pic"
"2148","TEAM_YA_082","9","52","39","25","18","Garbage dump 1.jpg","pic"
"2149","TEAM_YA_082","","","","","","Dirt 1.jpg","pic"
"2150","TEAM_YA_082","42","30","9","32","16","Rocks 1.jpg","pic"
"2151","TEAM_YA_082","","","","","","Beach 1.jpg","pic"
"2152","TEAM_YA_082","11","11","0","0","0","Heart 3.jpg","pic"
"2153","TEAM_YA_082","","","","","","Flood 1.jpg","pic"
"2154","TEAM_YA_082","30","25","54","31","0","Lake 12.jpg","pic"
"2155","TEAM_YA_082","","","","","","Fireworks 6.jpg","pic"
"2156","TEAM_YA_082","50","25","39","30","26","Clean 1.jpg","pic"
"2157","TEAM_YA_082","","","","","","Ferret 1.jpg","pic"
"2158","TEAM_YA_082","0","0","36","20","0","Rainbow 2.jpg","pic"
"2159","TEAM_YA_082","","","","","","Destruction 2.jpg","pic"
"2160","TEAM_YA_082","0","21","0","26","0","Fire 10.jpg","pic"
"2161","TEAM_YA_082","","","","","","Flood 1.jpg","pic"
"2162","TEAM_YA_082","0","24","0","16","0","Rocks 1.jpg","pic"
"2163","TEAM_YA_082","","","","","","Fire 10.jpg","pic"
"2164","TEAM_YA_082","16","55","0","17","12","Fireworks 6.jpg","pic"
"2165","TEAM_YA_082","","","","","","Toilet 4.jpg","pic"
"2166","TEAM_YA_082","14","59","16","42","0","Dirt 1.jpg","pic"
"2167","TEAM_YA_082","","","","","","Destruction 2.jpg","pic"
"2168","TEAM_YA_082","72","39","21","51","0","Clean 1.jpg","pic"
"2169","TEAM_YA_082","","","","","","Heart 3.jpg","pic"
"2170","TEAM_YA_082","0","15","0","0","0","Garbage dump 1.jpg","pic"
"2171","TEAM_YA_082","","","","","","Lake 12.jpg","pic"
"2172","TEAM_YA_082","23","28","0","0","0","Rainbow 2.jpg","pic"
"2173","TEAM_YA_082","","","","","","Ferret 1.jpg","pic"
"2174","TEAM_YA_082","48","30","26","47","26","Snow 1.jpg","pic"
"2175","TEAM_YA_082","","","","","","Prison 2.jpg","pic"
"2176","TEAM_YA_082","26","35","0","19","0","Beach 1.jpg","pic"
"2177","TEAM_YA_083","","","","","","Lake 12.jpg","pic"
"2178","TEAM_YA_083","0","14","17","15","54","Rainbow 2.jpg","pic"
"2179","TEAM_YA_083","","","","","","Ferret 1.jpg","pic"
"2180","TEAM_YA_083","13","11","9","15","15","Rocks 1.jpg","pic"
"2181","TEAM_YA_083","","","","","","Toilet 4.jpg","pic"
"2182","TEAM_YA_083","2","2","2","37","1","Dirt 1.jpg","pic"
"2183","TEAM_YA_083","","","","","","Flood 1.jpg","pic"
"2184","TEAM_YA_083","8","0","0","2","5","Destruction 2.jpg","pic"
"2185","TEAM_YA_083","","","","","","Prison 2.jpg","pic"
"2186","TEAM_YA_083","1","1","1","23","2","Garbage dump 1.jpg","pic"
"2187","TEAM_YA_083","","","","","","Heart 3.jpg","pic"
"2188","TEAM_YA_083","0","2","28","24","74","Fireworks 6.jpg","pic"
"2189","TEAM_YA_083","","","","","","Beach 1.jpg","pic"
"2190","TEAM_YA_083","4","3","4","4","2","Snow 1.jpg","pic"
"2191","TEAM_YA_083","","","","","","Clean 1.jpg","pic"
"2192","TEAM_YA_083","2","4","0","9","3","Fire 10.jpg","pic"
"2193","TEAM_YA_083","","","","","","Toilet 4.jpg","pic"
"2194","TEAM_YA_083","8","23","20","11","35","Fire 10.jpg","pic"
"2195","TEAM_YA_083","","","","","","Rocks 1.jpg","pic"
"2196","TEAM_YA_083","1","1","1","11","2","Snow 1.jpg","pic"
"2197","TEAM_YA_083","","","","","","Garbage dump 1.jpg","pic"
"2198","TEAM_YA_083","0","1","2","1","1","Heart 3.jpg","pic"
"2199","TEAM_YA_083","","","","","","Fireworks 6.jpg","pic"
"2200","TEAM_YA_083","9","17","51","9","33","Rainbow 2.jpg","pic"
"2201","TEAM_YA_083","","","","","","Dirt 1.jpg","pic"
"2202","TEAM_YA_083","5","36","30","24","51","Prison 2.jpg","pic"
"2203","TEAM_YA_083","","","","","","Clean 1.jpg","pic"
"2204","TEAM_YA_083","2","6","11","6","5","Beach 1.jpg","pic"
"2205","TEAM_YA_083","","","","","","Lake 12.jpg","pic"
"2206","TEAM_YA_083","4","14","44","11","40","Destruction 2.jpg","pic"
"2207","TEAM_YA_083","","","","","","Flood 1.jpg","pic"
"2208","TEAM_YA_083","15","49","24","23","45","Ferret 1.jpg","pic"
"2209","TEAM_YA_084","","","","","","Rainbow 2.jpg","pic"
"2210","TEAM_YA_084","2","3","5","3","4","Garbage dump 1.jpg","pic"
"2211","TEAM_YA_084","","","","","","Prison 2.jpg","pic"
"2212","TEAM_YA_084","3","3","14","13","12","Clean 1.jpg","pic"
"2213","TEAM_YA_084","","","","","","Beach 1.jpg","pic"
"2214","TEAM_YA_084","1","1","1","1","1","Snow 1.jpg","pic"
"2215","TEAM_YA_084","","","","","","Toilet 4.jpg","pic"
"2216","TEAM_YA_084","19","8","26","14","21","Rocks 1.jpg","pic"
"2217","TEAM_YA_084","","","","","","Heart 3.jpg","pic"
"2218","TEAM_YA_084","22","22","18","10","37","Fire 10.jpg","pic"
"2219","TEAM_YA_084","","","","","","Lake 12.jpg","pic"
"2220","TEAM_YA_084","1","1","1","2","2","Fireworks 6.jpg","pic"
"2221","TEAM_YA_084","","","","","","Ferret 1.jpg","pic"
"2222","TEAM_YA_084","0","5","15","6","4","Destruction 2.jpg","pic"
"2223","TEAM_YA_084","","","","","","Dirt 1.jpg","pic"
"2224","TEAM_YA_084","18","9","48","21","91","Flood 1.jpg","pic"
"2225","TEAM_YA_084","","","","","","Rocks 1.jpg","pic"
"2226","TEAM_YA_084","6","7","7","0","6","Fire 10.jpg","pic"
"2227","TEAM_YA_084","","","","","","Destruction 2.jpg","pic"
"2228","TEAM_YA_084","21","13","4","13","11","Fireworks 6.jpg","pic"
"2229","TEAM_YA_084","","","","","","Rainbow 2.jpg","pic"
"2230","TEAM_YA_084","6","6","3","8","2","Prison 2.jpg","pic"
"2231","TEAM_YA_084","","","","","","Ferret 1.jpg","pic"
"2232","TEAM_YA_084","2","1","2","0","4","Beach 1.jpg","pic"
"2233","TEAM_YA_084","","","","","","Heart 3.jpg","pic"
"2234","TEAM_YA_084","13","21","10","3","36","Toilet 4.jpg","pic"
"2235","TEAM_YA_084","","","","","","Dirt 1.jpg","pic"
"2236","TEAM_YA_084","24","31","50","46","58","Flood 1.jpg","pic"
"2237","TEAM_YA_084","","","","","","Lake 12.jpg","pic"
"2238","TEAM_YA_084","2","4","4","5","8","Snow 1.jpg","pic"
"2239","TEAM_YA_084","","","","","","Garbage dump 1.jpg","pic"
"2240","TEAM_YA_084","4","2","2","5","2","Clean 1.jpg","pic"
"2241","TEAM_YA_085","","","","","","Destruction 2.jpg","pic"
"2242","TEAM_YA_085","0","0","0","0","0","Heart 3.jpg","pic"
"2243","TEAM_YA_085","","","","","","Clean 1.jpg","pic"
"2244","TEAM_YA_085","36","32","12","43","51","Rocks 1.jpg","pic"
"2245","TEAM_YA_085","","","","","","Fireworks 6.jpg","pic"
"2246","TEAM_YA_085","20","7","0","0","0","Toilet 4.jpg","pic"
"2247","TEAM_YA_085","","","","","","Dirt 1.jpg","pic"
"2248","TEAM_YA_085","0","0","0","0","0","Lake 12.jpg","pic"
"2249","TEAM_YA_085","","","","","","Flood 1.jpg","pic"
"2250","TEAM_YA_085","0","0","0","0","0","Rainbow 2.jpg","pic"
"2251","TEAM_YA_085","","","","","","Snow 1.jpg","pic"
"2252","TEAM_YA_085","44","79","8","20","56","Fire 10.jpg","pic"
"2253","TEAM_YA_085","","","","","","Prison 2.jpg","pic"
"2254","TEAM_YA_085","0","0","0","0","0","Beach 1.jpg","pic"
"2255","TEAM_YA_085","","","","","","Ferret 1.jpg","pic"
"2256","TEAM_YA_085","0","0","0","0","0","Garbage dump 1.jpg","pic"
"2257","TEAM_YA_085","","","","","","Fireworks 6.jpg","pic"
"2258","TEAM_YA_085","47","48","7","25","60","Fire 10.jpg","pic"
"2259","TEAM_YA_085","","","","","","Rainbow 2.jpg","pic"
"2260","TEAM_YA_085","23","0","0","7","0","Prison 2.jpg","pic"
"2261","TEAM_YA_085","","","","","","Flood 1.jpg","pic"
"2262","TEAM_YA_085","0","0","0","0","0","Clean 1.jpg","pic"
"2263","TEAM_YA_085","","","","","","Ferret 1.jpg","pic"
"2264","TEAM_YA_085","0","0","0","0","0","Dirt 1.jpg","pic"
"2265","TEAM_YA_085","","","","","","Beach 1.jpg","pic"
"2266","TEAM_YA_085","19","8","3","2","12","Garbage dump 1.jpg","pic"
"2267","TEAM_YA_085","","","","","","Rocks 1.jpg","pic"
"2268","TEAM_YA_085","0","0","0","0","0","Lake 12.jpg","pic"
"2269","TEAM_YA_085","","","","","","Toilet 4.jpg","pic"
"2270","TEAM_YA_085","6","0","0","33","0","Destruction 2.jpg","pic"
"2271","TEAM_YA_085","","","","","","Snow 1.jpg","pic"
"2272","TEAM_YA_085","0","0","0","0","0","Heart 3.jpg","pic"
"2273","TEAM_YA_077","","","","","","Fireworks 6.jpg","pic"
"2274","TEAM_YA_077","8","31","0","0","5","Flood 1.jpg","pic"
"2275","TEAM_YA_077","","","","","","Rocks 1.jpg","pic"
"2276","TEAM_YA_077","96","100","100","49","91","Heart 3.jpg","pic"
"2277","TEAM_YA_077","","","","","","Rainbow 2.jpg","pic"
"2278","TEAM_YA_077","48","50","0","5","0","Destruction 2.jpg","pic"
"2279","TEAM_YA_077","","","","","","Lake 12.jpg","pic"
"2280","TEAM_YA_077","0","0","0","0","0","Beach 1.jpg","pic"
"2281","TEAM_YA_077","","","","","","Garbage dump 1.jpg","pic"
"2282","TEAM_YA_077","1","9","0","1","14","Prison 2.jpg","pic"
"2283","TEAM_YA_077","","","","","","Clean 1.jpg","pic"
"2284","TEAM_YA_077","0","0","0","3","2","Ferret 1.jpg","pic"
"2285","TEAM_YA_077","","","","","","Toilet 4.jpg","pic"
"2286","TEAM_YA_077","0","0","0","0","0","Dirt 1.jpg","pic"
"2287","TEAM_YA_077","","","","","","Fire 10.jpg","pic"
"2288","TEAM_YA_077","22","29","11","15","48","Snow 1.jpg","pic"
"2289","TEAM_YA_077","","","","","","Lake 12.jpg","pic"
"2290","TEAM_YA_077","0","0","54","20","35","Destruction 2.jpg","pic"
"2291","TEAM_YA_077","","","","","","Prison 2.jpg","pic"
"2292","TEAM_YA_077","0","0","0","0","0","Fireworks 6.jpg","pic"
"2293","TEAM_YA_077","","","","","","Snow 1.jpg","pic"
"2294","TEAM_YA_077","0","2","0","0","0","Heart 3.jpg","pic"
"2295","TEAM_YA_077","","","","","","Rainbow 2.jpg","pic"
"2296","TEAM_YA_077","51","46","47","50","88","Dirt 1.jpg","pic"
"2297","TEAM_YA_077","","","","","","Ferret 1.jpg","pic"
"2298","TEAM_YA_077","90","55","54","83","100","Rocks 1.jpg","pic"
"2299","TEAM_YA_077","","","","","","Beach 1.jpg","pic"
"2300","TEAM_YA_077","0","3","0","2","0","Fire 10.jpg","pic"
"2301","TEAM_YA_077","","","","","","Garbage dump 1.jpg","pic"
"2302","TEAM_YA_077","17","13","12","2","86","Clean 1.jpg","pic"
"2303","TEAM_YA_077","","","","","","Toilet 4.jpg","pic"
"2304","TEAM_YA_077","53","100","84","48","93","Flood 1.jpg","pic"
"2305","32368","","","","","","11_10.mp3","music"
"2306","32368","9","0","20","50","0","8_2.mp3","music"
"2307","32368","","","","","","6_10.mp3","music"
"2308","32368","0","0","0","0","0","11_2.mp3","music"
"2309","32368","","","","","","2_1.mp3","music"
"2310","32368","0","0","0","0","0","7_13.mp3","music"
"2311","32368","","","","","","10_2.mp3","music"
"2312","32368","52","15","46","32","7","12_2.mp3","music"
"2313","32368","","","","","","11_11.mp3","music"
"2314","32368","0","22","0","0","0","7_10.mp3","music"
"2315","32368","","","","","","5_14.mp3","music"
"2316","32368","14","36","0","0","0","4_1.mp3","music"
"2317","32368","","","","","","6_5.mp3","music"
"2318","32368","0","0","0","0","0","3_1.mp3","music"
"2319","32368","","","","","","10_1.mp3","music"
"2320","32368","0","23","0","0","0","4_2.mp3","music"
"2321","32368","","","","","","5_14.mp3","music"
"2322","32368","39","59","15","6","0","7_13.mp3","music"
"2323","32368","","","","","","10_1.mp3","music"
"2324","32368","33","0","35","85","26","11_10.mp3","music"
"2325","32368","","","","","","2_1.mp3","music"
"2326","32368","47","37","51","24","2","4_1.mp3","music"
"2327","32368","","","","","","7_10.mp3","music"
"2328","32368","0","0","0","0","0","6_5.mp3","music"
"2329","32368","","","","","","11_11.mp3","music"
"2330","32368","0","0","0","0","0","3_1.mp3","music"
"2331","32368","","","","","","11_2.mp3","music"
"2332","32368","61","87","0","4","13","10_2.mp3","music"
"2333","32368","","","","","","6_10.mp3","music"
"2334","32368","0","17","0","0","0","8_2.mp3","music"
"2335","32368","","","","","","12_2.mp3","music"
"2336","32368","36","39","11","3","14","4_2.mp3","music"
"2337","32449","","","","","","3_1.mp3","music"
"2338","32449","39","35","20","32","36","6_10.mp3","music"
"2339","32449","","","","","","2_1.mp3","music"
"2340","32449","20","20","8","18","7","8_2.mp3","music"
"2341","32449","","","","","","7_10.mp3","music"
"2342","32449","4","5","4","6","18","6_5.mp3","music"
"2343","32449","","","","","","11_11.mp3","music"
"2344","32449","17","1","4","8","3","12_2.mp3","music"
"2345","32449","","","","","","7_13.mp3","music"
"2346","32449","8","8","1","5","2","4_2.mp3","music"
"2347","32449","","","","","","4_1.mp3","music"
"2348","32449","2","7","2","2","2","10_2.mp3","music"
"2349","32449","","","","","","5_14.mp3","music"
"2350","32449","30","11","21","21","16","11_10.mp3","music"
"2351","32449","","","","","","11_2.mp3","music"
"2352","32449","1","2","3","4","2","10_1.mp3","music"
"2353","32449","","","","","","4_1.mp3","music"
"2354","32449","3","4","8","9","11","12_2.mp3","music"
"2355","32449","","","","","","11_2.mp3","music"
"2356","32449","7","19","2","7","3","10_2.mp3","music"
"2357","32449","","","","","","7_10.mp3","music"
"2358","32449","25","11","2","12","4","6_5.mp3","music"
"2359","32449","","","","","","10_1.mp3","music"
"2360","32449","0","3","1","1","2","5_14.mp3","music"
"2361","32449","","","","","","7_13.mp3","music"
"2362","32449","1","1","9","15","9","8_2.mp3","music"
"2363","32449","","","","","","11_10.mp3","music"
"2364","32449","0","0","0","11","4","2_1.mp3","music"
"2365","32449","","","","","","3_1.mp3","music"
"2366","32449","2","10","2","9","3","4_2.mp3","music"
"2367","32449","","","","","","11_11.mp3","music"
"2368","32449","5","8","2","9","3","6_10.mp3","music"
"2369","31267","","","","","","5_14.mp3","music"
"2370","31267","51","73","0","7","17","10_1.mp3","music"
"2371","31267","","","","","","10_2.mp3","music"
"2372","31267","9","20","88","82","22","4_1.mp3","music"
"2373","31267","","","","","","11_10.mp3","music"
"2374","31267","0","13","0","0","0","6_5.mp3","music"
"2375","31267","","","","","","7_10.mp3","music"
"2376","31267","0","0","0","0","0","12_2.mp3","music"
"2377","31267","","","","","","8_2.mp3","music"
"2378","31267","54","12","100","100","100","2_1.mp3","music"
"2379","31267","","","","","","4_2.mp3","music"
"2380","31267","0","1","0","0","0","11_11.mp3","music"
"2381","31267","","","","","","11_2.mp3","music"
"2382","31267","13","66","0","0","11","3_1.mp3","music"
"2383","31267","","","","","","7_13.mp3","music"
"2384","31267","0","0","0","0","0","6_10.mp3","music"
"2385","31267","","","","","","7_10.mp3","music"
"2386","31267","16","51","0","0","0","10_2.mp3","music"
"2387","31267","","","","","","4_1.mp3","music"
"2388","31267","11","65","0","0","0","8_2.mp3","music"
"2389","31267","","","","","","6_5.mp3","music"
"2390","31267","0","37","0","0","27","3_1.mp3","music"
"2391","31267","","","","","","11_11.mp3","music"
"2392","31267","0","0","0","13","0","4_2.mp3","music"
"2393","31267","","","","","","6_10.mp3","music"
"2394","31267","98","99","26","48","66","7_13.mp3","music"
"2395","31267","","","","","","2_1.mp3","music"
"2396","31267","52","0","76","87","0","12_2.mp3","music"
"2397","31267","","","","","","11_2.mp3","music"
"2398","31267","56","0","72","87","37","11_10.mp3","music"
"2399","31267","","","","","","10_1.mp3","music"
"2400","31267","10","77","0","10","9","5_14.mp3","music"
"2401","31522","","","","","","10_1.mp3","music"
"2402","31522","37","49","57","41","30","11_11.mp3","music"
"2403","31522","","","","","","6_5.mp3","music"
"2404","31522","16","25","26","29","10","7_13.mp3","music"
"2405","31522","","","","","","7_10.mp3","music"
"2406","31522","54","36","66","73","53","6_10.mp3","music"
"2407","31522","","","","","","5_14.mp3","music"
"2408","31522","12","26","20","21","4","8_2.mp3","music"
"2409","31522","","","","","","11_2.mp3","music"
"2410","31522","42","37","63","61","62","12_2.mp3","music"
"2411","31522","","","","","","10_2.mp3","music"
"2412","31522","16","16","17","16","11","4_1.mp3","music"
"2413","31522","","","","","","2_1.mp3","music"
"2414","31522","32","26","33","72","23","4_2.mp3","music"
"2415","31522","","","","","","11_10.mp3","music"
"2416","31522","79","74","24","65","73","3_1.mp3","music"
"2417","31522","","","","","","2_1.mp3","music"
"2418","31522","6","5","4","5","3","5_14.mp3","music"
"2419","31522","","","","","","11_11.mp3","music"
"2420","31522","0","3","0","0","0","11_10.mp3","music"
"2421","31522","","","","","","3_1.mp3","music"
"2422","31522","3","5","60","49","28","6_5.mp3","music"
"2423","31522","","","","","","10_1.mp3","music"
"2424","31522","3","3","3","2","3","7_13.mp3","music"
"2425","31522","","","","","","8_2.mp3","music"
"2426","31522","84","42","61","84","46","7_10.mp3","music"
"2427","31522","","","","","","10_2.mp3","music"
"2428","31522","17","12","15","26","19","4_1.mp3","music"
"2429","31522","","","","","","6_10.mp3","music"
"2430","31522","11","61","76","71","58","12_2.mp3","music"
"2431","31522","","","","","","4_2.mp3","music"
"2432","31522","48","23","72","100","71","11_2.mp3","music"
"2433","29986","","","","","","8_2.mp3","music"
"2434","29986","2","36","0","0","0","4_1.mp3","music"
"2435","29986","","","","","","4_2.mp3","music"
"2436","29986","2","7","0","0","0","12_2.mp3","music"
"2437","29986","","","","","","10_1.mp3","music"
"2438","29986","0","0","0","0","0","11_11.mp3","music"
"2439","29986","","","","","","3_1.mp3","music"
"2440","29986","0","0","0","0","0","5_14.mp3","music"
"2441","29986","","","","","","6_5.mp3","music"
"2442","29986","18","0","5","11","0","7_13.mp3","music"
"2443","29986","","","","","","10_2.mp3","music"
"2444","29986","8","0","0","0","4","11_2.mp3","music"
"2445","29986","","","","","","6_10.mp3","music"
"2446","29986","3","0","31","30","0","2_1.mp3","music"
"2447","29986","","","","","","11_10.mp3","music"
"2448","29986","0","0","0","0","0","7_10.mp3","music"
"2449","29986","","","","","","10_2.mp3","music"
"2450","29986","0","0","0","0","0","6_10.mp3","music"
"2451","29986","","","","","","2_1.mp3","music"
"2452","29986","0","0","0","0","0","8_2.mp3","music"
"2453","29986","","","","","","11_2.mp3","music"
"2454","29986","0","30","0","0","0","11_10.mp3","music"
"2455","29986","","","","","","7_10.mp3","music"
"2456","29986","0","0","0","0","0","7_13.mp3","music"
"2457","29986","","","","","","3_1.mp3","music"
"2458","29986","17","7","4","9","0","4_2.mp3","music"
"2459","29986","","","","","","6_5.mp3","music"
"2460","29986","16","25","0","0","5","5_14.mp3","music"
"2461","29986","","","","","","10_1.mp3","music"
"2462","29986","0","9","0","0","10","4_1.mp3","music"
"2463","29986","","","","","","11_11.mp3","music"
"2464","29986","1","0","0","12","0","12_2.mp3","music"
"2465","30388","","","","","","4_2.mp3","music"
"2466","30388","0","0","84","53","0","7_13.mp3","music"
"2467","30388","","","","","","6_5.mp3","music"
"2468","30388","0","0","0","0","0","11_2.mp3","music"
"2469","30388","","","","","","12_2.mp3","music"
"2470","30388","0","0","0","0","0","2_1.mp3","music"
"2471","30388","","","","","","6_10.mp3","music"
"2472","30388","0","0","0","0","0","4_1.mp3","music"
"2473","30388","","","","","","8_2.mp3","music"
"2474","30388","0","0","0","0","0","10_2.mp3","music"
"2475","30388","","","","","","10_1.mp3","music"
"2476","30388","0","0","0","0","0","3_1.mp3","music"
"2477","30388","","","","","","11_10.mp3","music"
"2478","30388","6","0","0","0","0","11_11.mp3","music"
"2479","30388","","","","","","7_10.mp3","music"
"2480","30388","5","0","0","0","0","5_14.mp3","music"
"2481","30388","","","","","","8_2.mp3","music"
"2482","30388","0","0","0","12","0","4_1.mp3","music"
"2483","30388","","","","","","3_1.mp3","music"
"2484","30388","0","0","0","0","0","5_14.mp3","music"
"2485","30388","","","","","","10_1.mp3","music"
"2486","30388","0","0","0","0","0","7_10.mp3","music"
"2487","30388","","","","","","10_2.mp3","music"
"2488","30388","0","0","0","0","0","2_1.mp3","music"
"2489","30388","","","","","","11_11.mp3","music"
"2490","30388","20","0","0","0","0","4_2.mp3","music"
"2491","30388","","","","","","7_13.mp3","music"
"2492","30388","0","0","0","0","0","11_2.mp3","music"
"2493","30388","","","","","","6_10.mp3","music"
"2494","30388","0","0","0","0","0","12_2.mp3","music"
"2495","30388","","","","","","11_10.mp3","music"
"2496","30388","0","20","0","0","0","6_5.mp3","music"
"2497","31279","","","","","","11_10.mp3","music"
"2498","31279","0","6","3","0","11","8_2.mp3","music"
"2499","31279","","","","","","4_1.mp3","music"
"2500","31279","82","42","0","0","84","12_2.mp3","music"
"2501","31279","","","","","","5_14.mp3","music"
"2502","31279","0","0","10","18","1","3_1.mp3","music"
"2503","31279","","","","","","2_1.mp3","music"
"2504","31279","54","16","0","0","26","6_5.mp3","music"
"2505","31279","","","","","","11_11.mp3","music"
"2506","31279","74","0","100","100","87","6_10.mp3","music"
"2507","31279","","","","","","10_1.mp3","music"
"2508","31279","63","17","70","50","76","7_13.mp3","music"
"2509","31279","","","","","","4_2.mp3","music"
"2510","31279","79","75","1","12","77","10_2.mp3","music"
"2511","31279","","","","","","7_10.mp3","music"
"2512","31279","0","0","12","4","1","11_2.mp3","music"
"2513","31279","","","","","","11_2.mp3","music"
"2514","31279","82","56","53","73","84","10_2.mp3","music"
"2515","31279","","","","","","10_1.mp3","music"
"2516","31279","16","21","21","31","23","2_1.mp3","music"
"2517","31279","","","","","","3_1.mp3","music"
"2518","31279","0","0","0","0","0","4_1.mp3","music"
"2519","31279","","","","","","8_2.mp3","music"
"2520","31279","0","0","0","0","0","7_13.mp3","music"
"2521","31279","","","","","","12_2.mp3","music"
"2522","31279","74","67","0","0","63","11_11.mp3","music"
"2523","31279","","","","","","6_10.mp3","music"
"2524","31279","61","43","0","0","52","6_5.mp3","music"
"2525","31279","","","","","","5_14.mp3","music"
"2526","31279","61","0","74","69","56","4_2.mp3","music"
"2527","31279","","","","","","7_10.mp3","music"
"2528","31279","98","86","0","0","88","11_10.mp3","music"
"2529","32551","","","","","","5_14.mp3","music"
"2530","32551","19","78","5","3","55","11_2.mp3","music"
"2531","32551","","","","","","10_2.mp3","music"
"2532","32551","75","48","24","3","46","11_10.mp3","music"
"2533","32551","","","","","","10_1.mp3","music"
"2534","32551","42","25","61","63","55","4_2.mp3","music"
"2535","32551","","","","","","11_11.mp3","music"
"2536","32551","16","14","46","78","1","6_10.mp3","music"
"2537","32551","","","","","","8_2.mp3","music"
"2538","32551","54","95","3","13","79","3_1.mp3","music"
"2539","32551","","","","","","12_2.mp3","music"
"2540","32551","1","4","3","38","7","7_13.mp3","music"
"2541","32551","","","","","","4_1.mp3","music"
"2542","32551","5","3","2","3","3","7_10.mp3","music"
"2543","32551","","","","","","2_1.mp3","music"
"2544","32551","11","55","3","1","57","6_5.mp3","music"
"2545","32551","","","","","","4_1.mp3","music"
"2546","32551","1","1","2","47","8","6_10.mp3","music"
"2547","32551","","","","","","4_2.mp3","music"
"2548","32551","20","30","69","87","53","8_2.mp3","music"
"2549","32551","","","","","","12_2.mp3","music"
"2550","32551","0","1","1","14","4","10_1.mp3","music"
"2551","32551","","","","","","11_2.mp3","music"
"2552","32551","1","2","2","27","13","11_10.mp3","music"
"2553","32551","","","","","","3_1.mp3","music"
"2554","32551","2","5","42","78","11","2_1.mp3","music"
"2555","32551","","","","","","7_13.mp3","music"
"2556","32551","2","2","1","2","2","10_2.mp3","music"
"2557","32551","","","","","","5_14.mp3","music"
"2558","32551","40","47","2","1","45","6_5.mp3","music"
"2559","32551","","","","","","11_11.mp3","music"
"2560","32551","17","15","60","80","32","7_10.mp3","music"
"2561","32569","","","","","","11_2.mp3","music"
"2562","32569","0","0","0","0","0","11_11.mp3","music"
"2563","32569","","","","","","10_2.mp3","music"
"2564","32569","0","0","0","0","0","7_13.mp3","music"
"2565","32569","","","","","","6_10.mp3","music"
"2566","32569","0","0","0","0","0","10_1.mp3","music"
"2567","32569","","","","","","4_1.mp3","music"
"2568","32569","0","0","0","0","0","11_10.mp3","music"
"2569","32569","","","","","","8_2.mp3","music"
"2570","32569","0","0","0","0","0","12_2.mp3","music"
"2571","32569","","","","","","7_10.mp3","music"
"2572","32569","0","0","0","0","16","5_14.mp3","music"
"2573","32569","","","","","","4_2.mp3","music"
"2574","32569","0","0","0","0","0","3_1.mp3","music"
"2575","32569","","","","","","2_1.mp3","music"
"2576","32569","0","0","0","0","0","6_5.mp3","music"
"2577","32569","","","","","","11_11.mp3","music"
"2578","32569","0","0","0","0","0","12_2.mp3","music"
"2579","32569","","","","","","6_10.mp3","music"
"2580","32569","0","0","0","0","0","10_2.mp3","music"
"2581","32569","","","","","","5_14.mp3","music"
"2582","32569","0","0","0","0","0","11_10.mp3","music"
"2583","32569","","","","","","7_13.mp3","music"
"2584","32569","0","0","0","0","0","6_5.mp3","music"
"2585","32569","","","","","","4_2.mp3","music"
"2586","32569","0","0","0","0","0","2_1.mp3","music"
"2587","32569","","","","","","11_2.mp3","music"
"2588","32569","0","0","0","0","0","4_1.mp3","music"
"2589","32569","","","","","","8_2.mp3","music"
"2590","32569","0","0","0","0","0","10_1.mp3","music"
"2591","32569","","","","","","3_1.mp3","music"
"2592","32569","0","0","19","0","0","7_10.mp3","music"
"2593","32299","","","","","","12_2.mp3","music"
"2594","32299","0","0","0","0","0","8_2.mp3","music"
"2595","32299","","","","","","11_10.mp3","music"
"2596","32299","20","0","50","40","0","4_1.mp3","music"
"2597","32299","","","","","","2_1.mp3","music"
"2598","32299","30","30","0","0","0","6_5.mp3","music"
"2599","32299","","","","","","11_11.mp3","music"
"2600","32299","0","0","0","0","0","11_2.mp3","music"
"2601","32299","","","","","","7_10.mp3","music"
"2602","32299","50","0","75","75","20","5_14.mp3","music"
"2603","32299","","","","","","6_10.mp3","music"
"2604","32299","20","0","30","40","0","7_13.mp3","music"
"2605","32299","","","","","","10_2.mp3","music"
"2606","32299","70","0","100","90","0","3_1.mp3","music"
"2607","32299","","","","","","4_2.mp3","music"
"2608","32299","0","0","0","0","0","10_1.mp3","music"
"2609","32299","","","","","","4_2.mp3","music"
"2610","32299","75","30","0","0","0","10_2.mp3","music"
"2611","32299","","","","","","8_2.mp3","music"
"2612","32299","0","40","0","0","20","10_1.mp3","music"
"2613","32299","","","","","","12_2.mp3","music"
"2614","32299","0","0","0","0","0","11_11.mp3","music"
"2615","32299","","","","","","2_1.mp3","music"
"2616","32299","60","50","0","15","0","6_10.mp3","music"
"2617","32299","","","","","","11_10.mp3","music"
"2618","32299","0","0","0","0","0","6_5.mp3","music"
"2619","32299","","","","","","11_2.mp3","music"
"2620","32299","0","0","0","0","0","7_13.mp3","music"
"2621","32299","","","","","","4_1.mp3","music"
"2622","32299","75","75","20","0","0","5_14.mp3","music"
"2623","32299","","","","","","7_10.mp3","music"
"2624","32299","0","0","0","0","0","3_1.mp3","music"
"2625","30766","","","","","","6_5.mp3","music"
"2626","30766","10","10","0","0","0","10_2.mp3","music"
"2627","30766","","","","","","6_10.mp3","music"
"2628","30766","25","0","0","0","0","4_2.mp3","music"
"2629","30766","","","","","","7_10.mp3","music"
"2630","30766","0","0","0","0","0","8_2.mp3","music"
"2631","30766","","","","","","4_1.mp3","music"
"2632","30766","0","0","0","0","0","3_1.mp3","music"
"2633","30766","","","","","","5_14.mp3","music"
"2634","30766","0","0","0","0","0","7_13.mp3","music"
"2635","30766","","","","","","2_1.mp3","music"
"2636","30766","0","0","0","0","0","12_2.mp3","music"
"2637","30766","","","","","","11_2.mp3","music"
"2638","30766","0","0","0","0","0","10_1.mp3","music"
"2639","30766","","","","","","11_11.mp3","music"
"2640","30766","0","0","0","0","0","11_10.mp3","music"
"2641","30766","","","","","","2_1.mp3","music"
"2642","30766","0","0","0","0","0","10_2.mp3","music"
"2643","30766","","","","","","3_1.mp3","music"
"2644","30766","0","0","0","0","0","8_2.mp3","music"
"2645","30766","","","","","","4_1.mp3","music"
"2646","30766","0","0","0","0","0","10_1.mp3","music"
"2647","30766","","","","","","11_2.mp3","music"
"2648","30766","30","5","0","0","0","6_5.mp3","music"
"2649","30766","","","","","","7_10.mp3","music"
"2650","30766","0","0","0","0","0","11_10.mp3","music"
"2651","30766","","","","","","4_2.mp3","music"
"2652","30766","5","10","0","0","0","12_2.mp3","music"
"2653","30766","","","","","","7_13.mp3","music"
"2654","30766","0","0","0","5","100","5_14.mp3","music"
"2655","30766","","","","","","6_10.mp3","music"
"2656","30766","45","5","0","0","5","11_11.mp3","music"
"2657","30916","","","","","","3_1.mp3","music"
"2658","30916","1","2","1","1","2","11_10.mp3","music"
"2659","30916","","","","","","12_2.mp3","music"
"2660","30916","8","15","13","11","14","6_10.mp3","music"
"2661","30916","","","","","","4_2.mp3","music"
"2662","30916","29","20","1","17","19","4_1.mp3","music"
"2663","30916","","","","","","7_10.mp3","music"
"2664","30916","19","30","19","5","9","10_2.mp3","music"
"2665","30916","","","","","","11_11.mp3","music"
"2666","30916","14","13","13","12","25","10_1.mp3","music"
"2667","30916","","","","","","6_5.mp3","music"
"2668","30916","18","18","48","28","16","8_2.mp3","music"
"2669","30916","","","","","","11_2.mp3","music"
"2670","30916","6","6","16","6","17","5_14.mp3","music"
"2671","30916","","","","","","2_1.mp3","music"
"2672","30916","5","6","6","2","17","7_13.mp3","music"
"2673","30916","","","","","","12_2.mp3","music"
"2674","30916","28","23","3","7","0","11_11.mp3","music"
"2675","30916","","","","","","3_1.mp3","music"
"2676","30916","14","57","3","9","2","10_1.mp3","music"
"2677","30916","","","","","","7_13.mp3","music"
"2678","30916","46","27","1","3","9","6_10.mp3","music"
"2679","30916","","","","","","5_14.mp3","music"
"2680","30916","21","35","6","1","13","4_1.mp3","music"
"2681","30916","","","","","","11_2.mp3","music"
"2682","30916","10","10","7","14","3","7_10.mp3","music"
"2683","30916","","","","","","10_2.mp3","music"
"2684","30916","0","0","0","0","4","2_1.mp3","music"
"2685","30916","","","","","","4_2.mp3","music"
"2686","30916","4","1","6","13","11","11_10.mp3","music"
"2687","30916","","","","","","6_5.mp3","music"
"2688","30916","0","1","0","19","3","8_2.mp3","music"
"2689","31711","","","","","","10_1.mp3","music"
"2690","31711","13","1","15","27","13","4_2.mp3","music"
"2691","31711","","","","","","6_5.mp3","music"
"2692","31711","15","22","33","27","12","7_10.mp3","music"
"2693","31711","","","","","","8_2.mp3","music"
"2694","31711","4","13","4","20","19","10_2.mp3","music"
"2695","31711","","","","","","12_2.mp3","music"
"2696","31711","8","6","25","28","0","11_11.mp3","music"
"2697","31711","","","","","","7_13.mp3","music"
"2698","31711","1","10","2","13","5","6_10.mp3","music"
"2699","31711","","","","","","3_1.mp3","music"
"2700","31711","12","25","11","31","2","2_1.mp3","music"
"2701","31711","","","","","","4_1.mp3","music"
"2702","31711","29","7","2","13","0","11_10.mp3","music"
"2703","31711","","","","","","11_2.mp3","music"
"2704","31711","8","6","9","8","8","5_14.mp3","music"
"2705","31711","","","","","","10_2.mp3","music"
"2706","31711","24","32","13","19","2","3_1.mp3","music"
"2707","31711","","","","","","6_10.mp3","music"
"2708","31711","5","8","3","6","2","4_1.mp3","music"
"2709","31711","","","","","","8_2.mp3","music"
"2710","31711","16","11","7","16","21","7_10.mp3","music"
"2711","31711","","","","","","11_10.mp3","music"
"2712","31711","6","1","9","6","17","10_1.mp3","music"
"2713","31711","","","","","","5_14.mp3","music"
"2714","31711","10","5","2","13","1","6_5.mp3","music"
"2715","31711","","","","","","11_11.mp3","music"
"2716","31711","3","5","16","5","5","11_2.mp3","music"
"2717","31711","","","","","","12_2.mp3","music"
"2718","31711","28","0","53","51","47","2_1.mp3","music"
"2719","31711","","","","","","7_13.mp3","music"
"2720","31711","9","6","3","10","8","4_2.mp3","music"
"2721","30475","","","","","","8_2.mp3","music"
"2722","30475","0","0","0","10","0","3_1.mp3","music"
"2723","30475","","","","","","10_2.mp3","music"
"2724","30475","0","0","0","0","0","11_11.mp3","music"
"2725","30475","","","","","","5_14.mp3","music"
"2726","30475","0","0","0","0","0","6_10.mp3","music"
"2727","30475","","","","","","2_1.mp3","music"
"2728","30475","10","0","0","0","0","10_1.mp3","music"
"2729","30475","","","","","","4_2.mp3","music"
"2730","30475","10","30","0","0","5","12_2.mp3","music"
"2731","30475","","","","","","11_2.mp3","music"
"2732","30475","0","0","0","0","0","6_5.mp3","music"
"2733","30475","","","","","","7_13.mp3","music"
"2734","30475","0","0","2","20","0","4_1.mp3","music"
"2735","30475","","","","","","11_10.mp3","music"
"2736","30475","5","0","0","0","0","7_10.mp3","music"
"2737","30475","","","","","","7_13.mp3","music"
"2738","30475","0","0","0","0","0","4_2.mp3","music"
"2739","30475","","","","","","3_1.mp3","music"
"2740","30475","20","30","0","0","20","10_1.mp3","music"
"2741","30475","","","","","","12_2.mp3","music"
"2742","30475","0","0","5","30","0","2_1.mp3","music"
"2743","30475","","","","","","6_10.mp3","music"
"2744","30475","0","0","0","5","0","4_1.mp3","music"
"2745","30475","","","","","","7_10.mp3","music"
"2746","30475","5","5","0","20","5","11_10.mp3","music"
"2747","30475","","","","","","8_2.mp3","music"
"2748","30475","0","0","0","0","0","6_5.mp3","music"
"2749","30475","","","","","","5_14.mp3","music"
"2750","30475","5","0","15","35","0","11_11.mp3","music"
"2751","30475","","","","","","10_2.mp3","music"
"2752","30475","0","0","5","25","0","11_2.mp3","music"
"2753","30880","","","","","","10_2.mp3","music"
"2754","30880","26","8","0","12","0","12_2.mp3","music"
"2755","30880","","","","","","8_2.mp3","music"
"2756","30880","0","0","0","39","0","6_5.mp3","music"
"2757","30880","","","","","","4_2.mp3","music"
"2758","30880","0","0","0","14","0","4_1.mp3","music"
"2759","30880","","","","","","3_1.mp3","music"
"2760","30880","11","0","9","42","0","11_2.mp3","music"
"2761","30880","","","","","","11_10.mp3","music"
"2762","30880","8","10","0","4","0","7_10.mp3","music"
"2763","30880","","","","","","5_14.mp3","music"
"2764","30880","19","25","0","8","0","2_1.mp3","music"
"2765","30880","","","","","","7_13.mp3","music"
"2766","30880","0","2","0","14","0","10_1.mp3","music"
"2767","30880","","","","","","6_10.mp3","music"
"2768","30880","0","0","8","58","0","11_11.mp3","music"
"2769","30880","","","","","","3_1.mp3","music"
"2770","30880","0","0","0","11","0","2_1.mp3","music"
"2771","30880","","","","","","6_10.mp3","music"
"2772","30880","4","9","0","0","0","12_2.mp3","music"
"2773","30880","","","","","","10_1.mp3","music"
"2774","30880","0","0","0","4","0","11_2.mp3","music"
"2775","30880","","","","","","5_14.mp3","music"
"2776","30880","33","15","0","13","19","7_13.mp3","music"
"2777","30880","","","","","","11_10.mp3","music"
"2778","30880","0","0","0","0","0","10_2.mp3","music"
"2779","30880","","","","","","8_2.mp3","music"
"2780","30880","11","0","63","61","0","11_11.mp3","music"
"2781","30880","","","","","","4_1.mp3","music"
"2782","30880","18","12","0","9","0","7_10.mp3","music"
"2783","30880","","","","","","6_5.mp3","music"
"2784","30880","0","0","0","3","0","4_2.mp3","music"
"2785","32848","","","","","","12_2.mp3","music"
"2786","32848","12","30","0","20","15","5_14.mp3","music"
"2787","32848","","","","","","2_1.mp3","music"
"2788","32848","12","12","63","67","50","7_13.mp3","music"
"2789","32848","","","","","","10_1.mp3","music"
"2790","32848","17","23","1","5","13","4_2.mp3","music"
"2791","32848","","","","","","4_1.mp3","music"
"2792","32848","3","2","2","5","1","3_1.mp3","music"
"2793","32848","","","","","","8_2.mp3","music"
"2794","32848","28","32","0","0","45","10_2.mp3","music"
"2795","32848","","","","","","6_5.mp3","music"
"2796","32848","41","55","1","8","38","7_10.mp3","music"
"2797","32848","","","","","","11_2.mp3","music"
"2798","32848","58","54","27","52","53","11_10.mp3","music"
"2799","32848","","","","","","11_11.mp3","music"
"2800","32848","4","2","47","42","4","6_10.mp3","music"
"2801","32848","","","","","","4_2.mp3","music"
"2802","32848","91","90","17","22","88","7_13.mp3","music"
"2803","32848","","","","","","6_5.mp3","music"
"2804","32848","25","14","1","12","30","11_10.mp3","music"
"2805","32848","","","","","","11_2.mp3","music"
"2806","32848","59","55","0","6","66","2_1.mp3","music"
"2807","32848","","","","","","11_11.mp3","music"
"2808","32848","2","0","1","6","0","8_2.mp3","music"
"2809","32848","","","","","","10_1.mp3","music"
"2810","32848","59","63","4","4","57","6_10.mp3","music"
"2811","32848","","","","","","3_1.mp3","music"
"2812","32848","2","0","0","5","4","12_2.mp3","music"
"2813","32848","","","","","","10_2.mp3","music"
"2814","32848","80","86","11","32","79","7_10.mp3","music"
"2815","32848","","","","","","5_14.mp3","music"
"2816","32848","15","14","78","79","31","4_1.mp3","music"
"2817","31168","","","","","","10_2.mp3","music"
"2818","31168","37","0","35","48","0","4_2.mp3","music"
"2819","31168","","","","","","10_1.mp3","music"
"2820","31168","38","37","0","33","23","7_10.mp3","music"
"2821","31168","","","","","","2_1.mp3","music"
"2822","31168","0","0","23","0","0","6_5.mp3","music"
"2823","31168","","","","","","8_2.mp3","music"
"2824","31168","33","44","0","0","46","11_10.mp3","music"
"2825","31168","","","","","","5_14.mp3","music"
"2826","31168","11","0","62","67","17","4_1.mp3","music"
"2827","31168","","","","","","7_13.mp3","music"
"2828","31168","7","14","48","72","18","11_11.mp3","music"
"2829","31168","","","","","","12_2.mp3","music"
"2830","31168","28","8","33","73","0","3_1.mp3","music"
"2831","31168","","","","","","6_10.mp3","music"
"2832","31168","9","0","57","57","8","11_2.mp3","music"
"2833","31168","","","","","","4_2.mp3","music"
"2834","31168","0","0","11","36","0","10_2.mp3","music"
"2835","31168","","","","","","11_2.mp3","music"
"2836","31168","64","38","0","0","44","2_1.mp3","music"
"2837","31168","","","","","","4_1.mp3","music"
"2838","31168","19","0","100","100","62","6_5.mp3","music"
"2839","31168","","","","","","11_10.mp3","music"
"2840","31168","84","41","7","22","55","10_1.mp3","music"
"2841","31168","","","","","","11_11.mp3","music"
"2842","31168","100","100","0","16","34","5_14.mp3","music"
"2843","31168","","","","","","8_2.mp3","music"
"2844","31168","100","70","11","0","86","7_13.mp3","music"
"2845","31168","","","","","","3_1.mp3","music"
"2846","31168","28","18","0","0","40","7_10.mp3","music"
"2847","31168","","","","","","6_10.mp3","music"
"2848","31168","0","0","0","64","0","12_2.mp3","music"
"2849","31669","","","","","","11_10.mp3","music"
"2850","31669","55","47","20","35","30","10_2.mp3","music"
"2851","31669","","","","","","2_1.mp3","music"
"2852","31669","25","30","36","32","34","6_10.mp3","music"
"2853","31669","","","","","","7_10.mp3","music"
"2854","31669","32","41","61","83","48","12_2.mp3","music"
"2855","31669","","","","","","8_2.mp3","music"
"2856","31669","20","26","20","27","25","4_1.mp3","music"
"2857","31669","","","","","","11_2.mp3","music"
"2858","31669","46","56","55","50","48","4_2.mp3","music"
"2859","31669","","","","","","3_1.mp3","music"
"2860","31669","33","37","46","44","38","7_13.mp3","music"
"2861","31669","","","","","","5_14.mp3","music"
"2862","31669","64","20","35","22","45","10_1.mp3","music"
"2863","31669","","","","","","11_11.mp3","music"
"2864","31669","36","20","52","52","36","6_5.mp3","music"
"2865","31669","","","","","","11_10.mp3","music"
"2866","31669","32","76","47","39","32","4_1.mp3","music"
"2867","31669","","","","","","7_13.mp3","music"
"2868","31669","61","37","50","26","35","11_11.mp3","music"
"2869","31669","","","","","","11_2.mp3","music"
"2870","31669","33","30","52","48","31","8_2.mp3","music"
"2871","31669","","","","","","10_1.mp3","music"
"2872","31669","32","27","27","41","31","2_1.mp3","music"
"2873","31669","","","","","","5_14.mp3","music"
"2874","31669","42","31","34","69","43","12_2.mp3","music"
"2875","31669","","","","","","6_5.mp3","music"
"2876","31669","45","28","50","24","31","3_1.mp3","music"
"2877","31669","","","","","","4_2.mp3","music"
"2878","31669","54","59","28","14","17","7_10.mp3","music"
"2879","31669","","","","","","6_10.mp3","music"
"2880","31669","14","17","78","87","73","10_2.mp3","music"
"2881","31981","","","","","","6_5.mp3","music"
"2882","31981","58","51","53","50","44","4_1.mp3","music"
"2883","31981","","","","","","7_13.mp3","music"
"2884","31981","50","30","37","49","71","10_1.mp3","music"
"2885","31981","","","","","","3_1.mp3","music"
"2886","31981","48","41","44","29","52","5_14.mp3","music"
"2887","31981","","","","","","11_11.mp3","music"
"2888","31981","43","52","50","31","49","8_2.mp3","music"
"2889","31981","","","","","","10_2.mp3","music"
"2890","31981","55","53","75","55","57","4_2.mp3","music"
"2891","31981","","","","","","12_2.mp3","music"
"2892","31981","56","63","68","60","61","2_1.mp3","music"
"2893","31981","","","","","","7_10.mp3","music"
"2894","31981","38","33","44","32","10","11_2.mp3","music"
"2895","31981","","","","","","6_10.mp3","music"
"2896","31981","44","48","47","44","51","11_10.mp3","music"
"2897","31981","","","","","","4_2.mp3","music"
"2898","31981","47","54","51","34","41","7_13.mp3","music"
"2899","31981","","","","","","7_10.mp3","music"
"2900","31981","39","41","57","42","43","3_1.mp3","music"
"2901","31981","","","","","","6_5.mp3","music"
"2902","31981","36","46","41","41","51","8_2.mp3","music"
"2903","31981","","","","","","10_2.mp3","music"
"2904","31981","49","52","60","40","57","11_10.mp3","music"
"2905","31981","","","","","","11_11.mp3","music"
"2906","31981","69","43","48","47","24","10_1.mp3","music"
"2907","31981","","","","","","11_2.mp3","music"
"2908","31981","44","49","54","38","22","2_1.mp3","music"
"2909","31981","","","","","","12_2.mp3","music"
"2910","31981","53","33","56","40","64","5_14.mp3","music"
"2911","31981","","","","","","6_10.mp3","music"
"2912","31981","62","26","67","57","30","4_1.mp3","music"
"2913","29974","","","","","","2_1.mp3","music"
"2914","29974","69","66","3","48","31","10_1.mp3","music"
"2915","29974","","","","","","7_10.mp3","music"
"2916","29974","2","0","1","2","2","5_14.mp3","music"
"2917","29974","","","","","","4_1.mp3","music"
"2918","29974","3","1","31","0","2","7_13.mp3","music"
"2919","29974","","","","","","11_10.mp3","music"
"2920","29974","56","94","5","56","11","3_1.mp3","music"
"2921","29974","","","","","","11_2.mp3","music"
"2922","29974","19","51","13","46","9","4_2.mp3","music"
"2923","29974","","","","","","10_2.mp3","music"
"2924","29974","61","90","1","60","52","6_10.mp3","music"
"2925","29974","","","","","","12_2.mp3","music"
"2926","29974","65","74","17","67","16","8_2.mp3","music"
"2927","29974","","","","","","6_5.mp3","music"
"2928","29974","43","11","78","76","74","11_11.mp3","music"
"2929","29974","","","","","","6_5.mp3","music"
"2930","29974","54","3","93","66","95","6_10.mp3","music"
"2931","29974","","","","","","10_2.mp3","music"
"2932","29974","0","0","0","74","0","10_1.mp3","music"
"2933","29974","","","","","","2_1.mp3","music"
"2934","29974","99","100","100","69","0","5_14.mp3","music"
"2935","29974","","","","","","4_2.mp3","music"
"2936","29974","82","79","0","26","0","8_2.mp3","music"
"2937","29974","","","","","","7_13.mp3","music"
"2938","29974","44","0","0","63","0","11_11.mp3","music"
"2939","29974","","","","","","11_10.mp3","music"
"2940","29974","100","100","0","75","10","3_1.mp3","music"
"2941","29974","","","","","","4_1.mp3","music"
"2942","29974","100","70","100","100","100","11_2.mp3","music"
"2943","29974","","","","","","7_10.mp3","music"
"2944","29974","100","100","15","0","0","12_2.mp3","music"
"2945","31723","","","","","","10_1.mp3","music"
"2946","31723","0","0","0","5","0","11_2.mp3","music"
"2947","31723","","","","","","7_10.mp3","music"
"2948","31723","0","0","0","0","0","5_14.mp3","music"
"2949","31723","","","","","","7_13.mp3","music"
"2950","31723","10","0","10","30","0","3_1.mp3","music"
"2951","31723","","","","","","8_2.mp3","music"
"2952","31723","30","45","0","25","35","4_2.mp3","music"
"2953","31723","","","","","","4_1.mp3","music"
"2954","31723","40","15","35","20","20","6_10.mp3","music"
"2955","31723","","","","","","2_1.mp3","music"
"2956","31723","0","0","0","0","0","10_2.mp3","music"
"2957","31723","","","","","","6_5.mp3","music"
"2958","31723","0","0","0","0","0","12_2.mp3","music"
"2959","31723","","","","","","11_10.mp3","music"
"2960","31723","20","50","0","10","10","11_11.mp3","music"
"2961","31723","","","","","","8_2.mp3","music"
"2962","31723","0","40","0","15","10","2_1.mp3","music"
"2963","31723","","","","","","12_2.mp3","music"
"2964","31723","30","50","0","10","0","7_10.mp3","music"
"2965","31723","","","","","","4_1.mp3","music"
"2966","31723","10","50","10","25","30","6_5.mp3","music"
"2967","31723","","","","","","10_1.mp3","music"
"2968","31723","20","10","0","10","0","11_10.mp3","music"
"2969","31723","","","","","","11_11.mp3","music"
"2970","31723","10","35","10","20","20","7_13.mp3","music"
"2971","31723","","","","","","4_2.mp3","music"
"2972","31723","0","0","0","0","0","10_2.mp3","music"
"2973","31723","","","","","","11_2.mp3","music"
"2974","31723","0","50","0","5","0","6_10.mp3","music"
"2975","31723","","","","","","3_1.mp3","music"
"2976","31723","0","0","0","0","0","5_14.mp3","music"
"2977","30007","","","","","","5_14.mp3","music"
"2978","30007","13","6","10","6","6","8_2.mp3","music"
"2979","30007","","","","","","10_2.mp3","music"
"2980","30007","13","27","6","3","18","6_5.mp3","music"
"2981","30007","","","","","","12_2.mp3","music"
"2982","30007","19","31","2","18","5","11_10.mp3","music"
"2983","30007","","","","","","7_13.mp3","music"
"2984","30007","17","19","23","16","21","11_11.mp3","music"
"2985","30007","","","","","","4_2.mp3","music"
"2986","30007","17","17","10","9","8","3_1.mp3","music"
"2987","30007","","","","","","10_1.mp3","music"
"2988","30007","6","21","7","7","13","11_2.mp3","music"
"2989","30007","","","","","","4_1.mp3","music"
"2990","30007","3","7","18","7","8","6_10.mp3","music"
"2991","30007","","","","","","7_10.mp3","music"
"2992","30007","10","10","30","15","25","2_1.mp3","music"
"2993","30007","","","","","","7_10.mp3","music"
"2994","30007","38","12","63","42","6","4_1.mp3","music"
"2995","30007","","","","","","3_1.mp3","music"
"2996","30007","29","8","25","35","9","2_1.mp3","music"
"2997","30007","","","","","","4_2.mp3","music"
"2998","30007","16","16","17","20","22","11_10.mp3","music"
"2999","30007","","","","","","7_13.mp3","music"
"3000","30007","10","15","12","12","9","11_2.mp3","music"
"3001","30007","","","","","","12_2.mp3","music"
"3002","30007","10","9","9","12","9","6_5.mp3","music"
"3003","30007","","","","","","10_2.mp3","music"
"3004","30007","10","10","7","7","9","10_1.mp3","music"
"3005","30007","","","","","","5_14.mp3","music"
"3006","30007","15","15","12","34","12","8_2.mp3","music"
"3007","30007","","","","","","11_11.mp3","music"
"3008","30007","15","25","24","19","35","6_10.mp3","music"
"3009","32635","","","","","","11_10.mp3","music"
"3010","32635","75","71","51","70","61","4_2.mp3","music"
"3011","32635","","","","","","4_1.mp3","music"
"3012","32635","59","63","51","48","67","7_10.mp3","music"
"3013","32635","","","","","","10_2.mp3","music"
"3014","32635","10","96","12","15","44","6_10.mp3","music"
"3015","32635","","","","","","3_1.mp3","music"
"3016","32635","13","32","76","84","47","11_2.mp3","music"
"3017","32635","","","","","","10_1.mp3","music"
"3018","32635","51","63","25","25","34","12_2.mp3","music"
"3019","32635","","","","","","5_14.mp3","music"
"3020","32635","24","7","10","14","18","11_11.mp3","music"
"3021","32635","","","","","","8_2.mp3","music"
"3022","32635","78","5","97","95","54","2_1.mp3","music"
"3023","32635","","","","","","7_13.mp3","music"
"3024","32635","13","28","14","11","22","6_5.mp3","music"
"3025","32635","","","","","","6_5.mp3","music"
"3026","32635","52","73","2","41","58","4_2.mp3","music"
"3027","32635","","","","","","8_2.mp3","music"
"3028","32635","7","22","41","9","61","5_14.mp3","music"
"3029","32635","","","","","","2_1.mp3","music"
"3030","32635","20","6","27","75","4","12_2.mp3","music"
"3031","32635","","","","","","10_1.mp3","music"
"3032","32635","6","11","9","42","7","7_13.mp3","music"
"3033","32635","","","","","","11_11.mp3","music"
"3034","32635","75","76","68","67","65","10_2.mp3","music"
"3035","32635","","","","","","11_10.mp3","music"
"3036","32635","88","97","11","73","94","4_1.mp3","music"
"3037","32635","","","","","","6_10.mp3","music"
"3038","32635","44","39","40","25","67","11_2.mp3","music"
"3039","32635","","","","","","7_10.mp3","music"
"3040","32635","48","78","9","38","61","3_1.mp3","music"
"3041","30814","","","","","","2_1.mp3","music"
"3042","30814","20","25","0","20","20","12_2.mp3","music"
"3043","30814","","","","","","6_5.mp3","music"
"3044","30814","0","10","0","0","50","11_2.mp3","music"
"3045","30814","","","","","","10_1.mp3","music"
"3046","30814","70","65","50","60","50","11_11.mp3","music"
"3047","30814","","","","","","4_2.mp3","music"
"3048","30814","10","0","0","10","60","7_13.mp3","music"
"3049","30814","","","","","","5_14.mp3","music"
"3050","30814","0","0","0","1","30","4_1.mp3","music"
"3051","30814","","","","","","11_10.mp3","music"
"3052","30814","0","0","40","51","0","7_10.mp3","music"
"3053","30814","","","","","","8_2.mp3","music"
"3054","30814","60","51","60","50","50","10_2.mp3","music"
"3055","30814","","","","","","6_10.mp3","music"
"3056","30814","0","0","0","7","0","3_1.mp3","music"
"3057","30814","","","","","","11_10.mp3","music"
"3058","30814","25","25","25","50","20","11_11.mp3","music"
"3059","30814","","","","","","4_1.mp3","music"
"3060","30814","50","50","50","51","50","10_1.mp3","music"
"3061","30814","","","","","","6_10.mp3","music"
"3062","30814","0","0","49","49","0","2_1.mp3","music"
"3063","30814","","","","","","7_13.mp3","music"
"3064","30814","35","23","0","50","0","7_10.mp3","music"
"3065","30814","","","","","","12_2.mp3","music"
"3066","30814","30","15","2","1","20","6_5.mp3","music"
"3067","30814","","","","","","4_2.mp3","music"
"3068","30814","0","0","70","70","0","11_2.mp3","music"
"3069","30814","","","","","","8_2.mp3","music"
"3070","30814","50","40","50","30","0","10_2.mp3","music"
"3071","30814","","","","","","3_1.mp3","music"
"3072","30814","60","0","0","20","0","5_14.mp3","music"
"3073","29887","","","","","","2_1.mp3","music"
"3074","29887","0","0","0","0","0","4_1.mp3","music"
"3075","29887","","","","","","6_10.mp3","music"
"3076","29887","8","0","0","0","0","7_10.mp3","music"
"3077","29887","","","","","","6_5.mp3","music"
"3078","29887","0","0","0","0","0","10_2.mp3","music"
"3079","29887","","","","","","12_2.mp3","music"
"3080","29887","0","0","14","67","3","11_11.mp3","music"
"3081","29887","","","","","","4_2.mp3","music"
"3082","29887","0","0","0","0","0","8_2.mp3","music"
"3083","29887","","","","","","11_10.mp3","music"
"3084","29887","0","0","0","0","0","3_1.mp3","music"
"3085","29887","","","","","","7_13.mp3","music"
"3086","29887","0","0","0","0","0","11_2.mp3","music"
"3087","29887","","","","","","5_14.mp3","music"
"3088","29887","15","0","0","0","0","10_1.mp3","music"
"3089","29887","","","","","","10_2.mp3","music"
"3090","29887","5","0","0","0","0","12_2.mp3","music"
"3091","29887","","","","","","6_10.mp3","music"
"3092","29887","0","0","0","23","0","2_1.mp3","music"
"3093","29887","","","","","","7_13.mp3","music"
"3094","29887","38","13","0","0","17","7_10.mp3","music"
"3095","29887","","","","","","5_14.mp3","music"
"3096","29887","24","0","0","0","0","10_1.mp3","music"
"3097","29887","","","","","","4_2.mp3","music"
"3098","29887","0","0","0","9","0","11_11.mp3","music"
"3099","29887","","","","","","4_1.mp3","music"
"3100","29887","0","0","5","22","0","11_2.mp3","music"
"3101","29887","","","","","","3_1.mp3","music"
"3102","29887","0","0","0","7","0","6_5.mp3","music"
"3103","29887","","","","","","11_10.mp3","music"
"3104","29887","45","4","0","14","0","8_2.mp3","music"
"3105","29944","","","","","","2_1.mp3","music"
"3106","29944","0","0","0","0","0","11_11.mp3","music"
"3107","29944","","","","","","3_1.mp3","music"
"3108","29944","0","0","0","0","0","11_2.mp3","music"
"3109","29944","","","","","","4_2.mp3","music"
"3110","29944","0","0","0","0","0","10_2.mp3","music"
"3111","29944","","","","","","6_10.mp3","music"
"3112","29944","0","0","0","0","0","6_5.mp3","music"
"3113","29944","","","","","","12_2.mp3","music"
"3114","29944","0","0","0","0","0","4_1.mp3","music"
"3115","29944","","","","","","7_13.mp3","music"
"3116","29944","15","0","0","0","0","10_1.mp3","music"
"3117","29944","","","","","","5_14.mp3","music"
"3118","29944","10","0","0","0","0","11_10.mp3","music"
"3119","29944","","","","","","7_10.mp3","music"
"3120","29944","0","0","0","0","0","8_2.mp3","music"
"3121","29944","","","","","","11_11.mp3","music"
"3122","29944","10","0","0","0","0","4_2.mp3","music"
"3123","29944","","","","","","4_1.mp3","music"
"3124","29944","0","0","0","0","0","11_2.mp3","music"
"3125","29944","","","","","","7_13.mp3","music"
"3126","29944","10","0","0","0","0","8_2.mp3","music"
"3127","29944","","","","","","6_5.mp3","music"
"3128","29944","0","0","0","0","0","7_10.mp3","music"
"3129","29944","","","","","","10_1.mp3","music"
"3130","29944","0","10","0","0","0","2_1.mp3","music"
"3131","29944","","","","","","10_2.mp3","music"
"3132","29944","0","15","0","0","0","11_10.mp3","music"
"3133","29944","","","","","","6_10.mp3","music"
"3134","29944","0","0","0","0","0","3_1.mp3","music"
"3135","29944","","","","","","12_2.mp3","music"
"3136","29944","0","20","0","0","10","5_14.mp3","music"
"3137","31132","","","","","","6_5.mp3","music"
"3138","31132","0","0","28","25","36","5_14.mp3","music"
"3139","31132","","","","","","8_2.mp3","music"
"3140","31132","33","10","0","0","60","3_1.mp3","music"
"3141","31132","","","","","","10_1.mp3","music"
"3142","31132","0","0","0","0","0","12_2.mp3","music"
"3143","31132","","","","","","4_1.mp3","music"
"3144","31132","31","6","5","3","2","6_10.mp3","music"
"3145","31132","","","","","","10_2.mp3","music"
"3146","31132","83","77","0","29","84","11_11.mp3","music"
"3147","31132","","","","","","7_13.mp3","music"
"3148","31132","83","92","68","84","100","11_2.mp3","music"
"3149","31132","","","","","","4_2.mp3","music"
"3150","31132","0","0","0","0","2","2_1.mp3","music"
"3151","31132","","","","","","11_10.mp3","music"
"3152","31132","1","4","4","1","2","7_10.mp3","music"
"3153","31132","","","","","","11_11.mp3","music"
"3154","31132","1","3","3","1","3","8_2.mp3","music"
"3155","31132","","","","","","11_2.mp3","music"
"3156","31132","6","7","7","7","7","4_1.mp3","music"
"3157","31132","","","","","","2_1.mp3","music"
"3158","31132","28","27","30","29","72","6_10.mp3","music"
"3159","31132","","","","","","11_10.mp3","music"
"3160","31132","67","63","38","71","61","7_13.mp3","music"
"3161","31132","","","","","","10_2.mp3","music"
"3162","31132","22","38","37","19","44","6_5.mp3","music"
"3163","31132","","","","","","7_10.mp3","music"
"3164","31132","54","34","59","47","64","4_2.mp3","music"
"3165","31132","","","","","","5_14.mp3","music"
"3166","31132","23","23","59","9","66","10_1.mp3","music"
"3167","31132","","","","","","3_1.mp3","music"
"3168","31132","100","71","98","100","100","12_2.mp3","music"
"3169","30064","","","","","","10_1.mp3","music"
"3170","30064","20","6","0","0","0","2_1.mp3","music"
"3171","30064","","","","","","11_2.mp3","music"
"3172","30064","15","30","0","0","5","5_14.mp3","music"
"3173","30064","","","","","","3_1.mp3","music"
"3174","30064","25","60","0","0","5","4_1.mp3","music"
"3175","30064","","","","","","8_2.mp3","music"
"3176","30064","0","0","20","0","0","6_5.mp3","music"
"3177","30064","","","","","","6_10.mp3","music"
"3178","30064","12","38","0","0","0","10_2.mp3","music"
"3179","30064","","","","","","12_2.mp3","music"
"3180","30064","14","30","10","5","0","11_11.mp3","music"
"3181","30064","","","","","","7_13.mp3","music"
"3182","30064","5","5","76","60","50","4_2.mp3","music"
"3183","30064","","","","","","11_10.mp3","music"
"3184","30064","20","14","40","8","22","7_10.mp3","music"
"3185","30064","","","","","","2_1.mp3","music"
"3186","30064","50","0","98","100","50","5_14.mp3","music"
"3187","30064","","","","","","8_2.mp3","music"
"3188","30064","10","6","100","100","30","4_1.mp3","music"
"3189","30064","","","","","","11_2.mp3","music"
"3190","30064","4","0","10","10","0","10_1.mp3","music"
"3191","30064","","","","","","7_10.mp3","music"
"3192","30064","5","0","15","55","17","3_1.mp3","music"
"3193","30064","","","","","","6_5.mp3","music"
"3194","30064","40","100","10","45","25","11_11.mp3","music"
"3195","30064","","","","","","7_13.mp3","music"
"3196","30064","30","50","30","0","0","12_2.mp3","music"
"3197","30064","","","","","","6_10.mp3","music"
"3198","30064","0","0","6","10","0","11_10.mp3","music"
"3199","30064","","","","","","4_2.mp3","music"
"3200","30064","5","40","100","100","45","10_2.mp3","music"
"3201","32392","","","","","","7_13.mp3","music"
"3202","32392","0","0","0","3","0","5_14.mp3","music"
"3203","32392","","","","","","3_1.mp3","music"
"3204","32392","3","8","0","0","7","10_1.mp3","music"
"3205","32392","","","","","","11_2.mp3","music"
"3206","32392","0","0","0","0","0","12_2.mp3","music"
"3207","32392","","","","","","4_2.mp3","music"
"3208","32392","0","1","0","0","0","2_1.mp3","music"
"3209","32392","","","","","","4_1.mp3","music"
"3210","32392","1","9","0","0","0","11_11.mp3","music"
"3211","32392","","","","","","7_10.mp3","music"
"3212","32392","0","10","0","4","1","8_2.mp3","music"
"3213","32392","","","","","","10_2.mp3","music"
"3214","32392","15","0","0","0","0","11_10.mp3","music"
"3215","32392","","","","","","6_5.mp3","music"
"3216","32392","0","0","0","2","0","6_10.mp3","music"
"3217","32392","","","","","","6_10.mp3","music"
"3218","32392","0","0","0","0","0","6_5.mp3","music"
"3219","32392","","","","","","10_1.mp3","music"
"3220","32392","11","1","5","6","0","12_2.mp3","music"
"3221","32392","","","","","","11_10.mp3","music"
"3222","32392","7","9","0","0","0","8_2.mp3","music"
"3223","32392","","","","","","5_14.mp3","music"
"3224","32392","0","13","4","0","0","4_1.mp3","music"
"3225","32392","","","","","","11_2.mp3","music"
"3226","32392","19","20","0","1","0","10_2.mp3","music"
"3227","32392","","","","","","2_1.mp3","music"
"3228","32392","6","8","0","0","9","3_1.mp3","music"
"3229","32392","","","","","","11_11.mp3","music"
"3230","32392","0","6","2","0","14","4_2.mp3","music"
"3231","32392","","","","","","7_13.mp3","music"
"3232","32392","9","9","0","13","4","7_10.mp3","music"
"3233","32875","","","","","","11_10.mp3","music"
"3234","32875","19","42","0","18","41","6_5.mp3","music"
"3235","32875","","","","","","5_14.mp3","music"
"3236","32875","25","38","0","8","28","7_13.mp3","music"
"3237","32875","","","","","","11_11.mp3","music"
"3238","32875","10","0","24","35","0","3_1.mp3","music"
"3239","32875","","","","","","6_10.mp3","music"
"3240","32875","22","26","0","13","16","11_2.mp3","music"
"3241","32875","","","","","","2_1.mp3","music"
"3242","32875","11","31","0","6","22","8_2.mp3","music"
"3243","32875","","","","","","7_10.mp3","music"
"3244","32875","35","41","0","37","40","4_1.mp3","music"
"3245","32875","","","","","","12_2.mp3","music"
"3246","32875","34","33","13","20","37","4_2.mp3","music"
"3247","32875","","","","","","10_1.mp3","music"
"3248","32875","21","45","0","7","47","10_2.mp3","music"
"3249","32875","","","","","","12_2.mp3","music"
"3250","32875","0","2","71","43","0","11_2.mp3","music"
"3251","32875","","","","","","4_1.mp3","music"
"3252","32875","0","0","0","0","0","10_2.mp3","music"
"3253","32875","","","","","","10_1.mp3","music"
"3254","32875","0","0","0","0","0","11_11.mp3","music"
"3255","32875","","","","","","7_10.mp3","music"
"3256","32875","0","26","0","11","17","11_10.mp3","music"
"3257","32875","","","","","","6_5.mp3","music"
"3258","32875","0","0","0","8","0","4_2.mp3","music"
"3259","32875","","","","","","2_1.mp3","music"
"3260","32875","64","30","92","78","24","6_10.mp3","music"
"3261","32875","","","","","","5_14.mp3","music"
"3262","32875","0","6","36","70","0","8_2.mp3","music"
"3263","32875","","","","","","7_13.mp3","music"
"3264","32875","0","19","0","4","3","3_1.mp3","music"
"3265","31654","","","","","","11_2.mp3","music"
"3266","31654","17","20","0","35","0","2_1.mp3","music"
"3267","31654","","","","","","7_10.mp3","music"
"3268","31654","81","50","40","69","0","6_10.mp3","music"
"3269","31654","","","","","","6_5.mp3","music"
"3270","31654","12","15","3","46","0","5_14.mp3","music"
"3271","31654","","","","","","10_1.mp3","music"
"3272","31654","12","11","6","20","4","7_13.mp3","music"
"3273","31654","","","","","","3_1.mp3","music"
"3274","31654","20","26","29","72","23","4_1.mp3","music"
"3275","31654","","","","","","12_2.mp3","music"
"3276","31654","4","11","4","4","4","4_2.mp3","music"
"3277","31654","","","","","","11_10.mp3","music"
"3278","31654","0","0","17","40","8","11_11.mp3","music"
"3279","31654","","","","","","10_2.mp3","music"
"3280","31654","22","20","0","5","0","8_2.mp3","music"
"3281","31654","","","","","","12_2.mp3","music"
"3282","31654","4","5","13","27","10","10_1.mp3","music"
"3283","31654","","","","","","5_14.mp3","music"
"3284","31654","10","19","37","43","12","3_1.mp3","music"
"3285","31654","","","","","","6_5.mp3","music"
"3286","31654","5","9","24","14","10","11_11.mp3","music"
"3287","31654","","","","","","4_2.mp3","music"
"3288","31654","66","8","79","94","71","10_2.mp3","music"
"3289","31654","","","","","","8_2.mp3","music"
"3290","31654","77","23","28","69","5","7_10.mp3","music"
"3291","31654","","","","","","6_10.mp3","music"
"3292","31654","3","7","47","60","4","2_1.mp3","music"
"3293","31654","","","","","","4_1.mp3","music"
"3294","31654","40","18","23","39","17","11_10.mp3","music"
"3295","31654","","","","","","11_2.mp3","music"
"3296","31654","42","7","47","77","27","7_13.mp3","music"
"3297","32791","","","","","","11_10.mp3","music"
"3298","32791","36","71","0","0","0","12_2.mp3","music"
"3299","32791","","","","","","6_10.mp3","music"
"3300","32791","66","17","0","0","42","7_10.mp3","music"
"3301","32791","","","","","","6_5.mp3","music"
"3302","32791","0","0","0","0","0","10_1.mp3","music"
"3303","32791","","","","","","3_1.mp3","music"
"3304","32791","0","0","0","14","0","11_2.mp3","music"
"3305","32791","","","","","","10_2.mp3","music"
"3306","32791","31","11","0","0","0","4_2.mp3","music"
"3307","32791","","","","","","5_14.mp3","music"
"3308","32791","0","0","0","1","0","11_11.mp3","music"
"3309","32791","","","","","","8_2.mp3","music"
"3310","32791","36","13","0","0","2","7_13.mp3","music"
"3311","32791","","","","","","4_1.mp3","music"
"3312","32791","0","0","0","0","0","2_1.mp3","music"
"3313","32791","","","","","","6_5.mp3","music"
"3314","32791","0","38","0","0","1","3_1.mp3","music"
"3315","32791","","","","","","5_14.mp3","music"
"3316","32791","30","8","38","0","33","4_2.mp3","music"
"3317","32791","","","","","","12_2.mp3","music"
"3318","32791","21","47","0","0","28","10_2.mp3","music"
"3319","32791","","","","","","11_2.mp3","music"
"3320","32791","0","29","0","0","0","6_10.mp3","music"
"3321","32791","","","","","","2_1.mp3","music"
"3322","32791","0","0","0","0","0","4_1.mp3","music"
"3323","32791","","","","","","8_2.mp3","music"
"3324","32791","17","19","100","81","0","11_10.mp3","music"
"3325","32791","","","","","","11_11.mp3","music"
"3326","32791","12","0","0","0","0","10_1.mp3","music"
"3327","32791","","","","","","7_10.mp3","music"
"3328","32791","0","0","0","0","0","7_13.mp3","music"
"3329","32854","","","","","","7_13.mp3","music"
"3330","32854","2","6","3","3","1","11_2.mp3","music"
"3331","32854","","","","","","12_2.mp3","music"
"3332","32854","1","1","2","9","0","7_10.mp3","music"
"3333","32854","","","","","","5_14.mp3","music"
"3334","32854","8","19","9","12","2","8_2.mp3","music"
"3335","32854","","","","","","10_2.mp3","music"
"3336","32854","83","14","92","91","44","3_1.mp3","music"
"3337","32854","","","","","","6_10.mp3","music"
"3338","32854","20","19","23","17","47","2_1.mp3","music"
"3339","32854","","","","","","10_1.mp3","music"
"3340","32854","19","14","2","49","22","6_5.mp3","music"
"3341","32854","","","","","","11_10.mp3","music"
"3342","32854","7","7","5","11","11","4_1.mp3","music"
"3343","32854","","","","","","4_2.mp3","music"
"3344","32854","76","44","47","79","1","11_11.mp3","music"
"3345","32854","","","","","","8_2.mp3","music"
"3346","32854","24","28","1","24","1","7_13.mp3","music"
"3347","32854","","","","","","4_1.mp3","music"
"3348","32854","7","8","7","8","12","6_10.mp3","music"
"3349","32854","","","","","","11_2.mp3","music"
"3350","32854","0","1","3","3","4","11_11.mp3","music"
"3351","32854","","","","","","5_14.mp3","music"
"3352","32854","15","10","11","17","16","12_2.mp3","music"
"3353","32854","","","","","","2_1.mp3","music"
"3354","32854","9","7","5","12","10","7_10.mp3","music"
"3355","32854","","","","","","6_5.mp3","music"
"3356","32854","27","89","5","42","78","11_10.mp3","music"
"3357","32854","","","","","","4_2.mp3","music"
"3358","32854","4","81","3","93","0","10_2.mp3","music"
"3359","32854","","","","","","10_1.mp3","music"
"3360","32854","81","2","2","85","29","3_1.mp3","music"
"3361","31621","","","","","","6_10.mp3","music"
"3362","31621","32","36","0","4","0","11_10.mp3","music"
"3363","31621","","","","","","10_2.mp3","music"
"3364","31621","1","2","2","2","3","11_2.mp3","music"
"3365","31621","","","","","","5_14.mp3","music"
"3366","31621","1","21","0","0","1","11_11.mp3","music"
"3367","31621","","","","","","7_13.mp3","music"
"3368","31621","9","16","1","0","18","3_1.mp3","music"
"3369","31621","","","","","","2_1.mp3","music"
"3370","31621","1","2","0","0","3","8_2.mp3","music"
"3371","31621","","","","","","12_2.mp3","music"
"3372","31621","0","0","0","1","1","6_5.mp3","music"
"3373","31621","","","","","","4_2.mp3","music"
"3374","31621","1","0","0","1","2","4_1.mp3","music"
"3375","31621","","","","","","10_1.mp3","music"
"3376","31621","0","2","1","0","2","7_10.mp3","music"
"3377","31621","","","","","","6_5.mp3","music"
"3378","31621","15","38","1","0","6","7_10.mp3","music"
"3379","31621","","","","","","11_2.mp3","music"
"3380","31621","1","16","1","2","0","3_1.mp3","music"
"3381","31621","","","","","","5_14.mp3","music"
"3382","31621","0","2","0","0","0","6_10.mp3","music"
"3383","31621","","","","","","11_11.mp3","music"
"3384","31621","1","22","0","0","10","10_1.mp3","music"
"3385","31621","","","","","","12_2.mp3","music"
"3386","31621","0","21","0","1","1","10_2.mp3","music"
"3387","31621","","","","","","4_1.mp3","music"
"3388","31621","21","0","30","36","0","2_1.mp3","music"
"3389","31621","","","","","","4_2.mp3","music"
"3390","31621","7","1","7","36","0","7_13.mp3","music"
"3391","31621","","","","","","11_10.mp3","music"
"3392","31621","8","4","5","0","3","8_2.mp3","music"
"3393","32395","","","","","","4_2.mp3","music"
"3394","32395","11","30","72","93","51","11_11.mp3","music"
"3395","32395","","","","","","2_1.mp3","music"
"3396","32395","17","26","9","26","8","10_1.mp3","music"
"3397","32395","","","","","","7_10.mp3","music"
"3398","32395","71","77","47","54","65","8_2.mp3","music"
"3399","32395","","","","","","6_10.mp3","music"
"3400","32395","15","22","54","72","22","3_1.mp3","music"
"3401","32395","","","","","","11_2.mp3","music"
"3402","32395","90","83","73","99","81","10_2.mp3","music"
"3403","32395","","","","","","6_5.mp3","music"
"3404","32395","17","68","11","16","49","11_10.mp3","music"
"3405","32395","","","","","","4_1.mp3","music"
"3406","32395","16","8","11","18","10","7_13.mp3","music"
"3407","32395","","","","","","12_2.mp3","music"
"3408","32395","9","47","33","41","35","5_14.mp3","music"
"3409","32395","","","","","","11_10.mp3","music"
"3410","32395","85","84","45","90","70","4_1.mp3","music"
"3411","32395","","","","","","6_5.mp3","music"
"3412","32395","73","85","8","54","93","7_13.mp3","music"
"3413","32395","","","","","","5_14.mp3","music"
"3414","32395","50","50","19","79","51","10_1.mp3","music"
"3415","32395","","","","","","12_2.mp3","music"
"3416","32395","48","84","10","18","51","6_10.mp3","music"
"3417","32395","","","","","","3_1.mp3","music"
"3418","32395","99","35","3","76","51","2_1.mp3","music"
"3419","32395","","","","","","11_11.mp3","music"
"3420","32395","8","10","16","10","12","8_2.mp3","music"
"3421","32395","","","","","","10_2.mp3","music"
"3422","32395","51","50","15","50","80","11_2.mp3","music"
"3423","32395","","","","","","7_10.mp3","music"
"3424","32395","16","6","44","97","8","4_2.mp3","music"
"3425","32617","","","","","","4_2.mp3","music"
"3426","32617","3","2","2","1","2","4_1.mp3","music"
"3427","32617","","","","","","8_2.mp3","music"
"3428","32617","2","2","1","2","2","10_2.mp3","music"
"3429","32617","","","","","","10_1.mp3","music"
"3430","32617","25","48","3","4","23","11_10.mp3","music"
"3431","32617","","","","","","12_2.mp3","music"
"3432","32617","32","46","2","3","37","6_10.mp3","music"
"3433","32617","","","","","","5_14.mp3","music"
"3434","32617","2","5","20","20","20","7_10.mp3","music"
"3435","32617","","","","","","11_2.mp3","music"
"3436","32617","6","4","4","3","2","6_5.mp3","music"
"3437","32617","","","","","","7_13.mp3","music"
"3438","32617","4","3","4","4","2","2_1.mp3","music"
"3439","32617","","","","","","3_1.mp3","music"
"3440","32617","34","42","3","13","35","11_11.mp3","music"
"3441","32617","","","","","","10_1.mp3","music"
"3442","32617","32","54","15","29","65","3_1.mp3","music"
"3443","32617","","","","","","2_1.mp3","music"
"3444","32617","33","22","4","4","42","6_5.mp3","music"
"3445","32617","","","","","","11_10.mp3","music"
"3446","32617","3","3","8","2","2","12_2.mp3","music"
"3447","32617","","","","","","10_2.mp3","music"
"3448","32617","46","20","6","10","44","11_2.mp3","music"
"3449","32617","","","","","","8_2.mp3","music"
"3450","32617","57","34","7","21","53","6_10.mp3","music"
"3451","32617","","","","","","4_1.mp3","music"
"3452","32617","27","2","89","95","48","5_14.mp3","music"
"3453","32617","","","","","","7_13.mp3","music"
"3454","32617","11","3","18","70","31","4_2.mp3","music"
"3455","32617","","","","","","11_11.mp3","music"
"3456","32617","14","8","4","7","6","7_10.mp3","music"
"3457","30022","","","","","","11_10.mp3","music"
"3458","30022","0","0","0","0","0","8_2.mp3","music"
"3459","30022","","","","","","6_10.mp3","music"
"3460","30022","20","10","10","0","20","11_2.mp3","music"
"3461","30022","","","","","","2_1.mp3","music"
"3462","30022","60","80","30","20","40","7_13.mp3","music"
"3463","30022","","","","","","10_2.mp3","music"
"3464","30022","25","50","0","20","30","12_2.mp3","music"
"3465","30022","","","","","","11_11.mp3","music"
"3466","30022","85","85","15","10","85","7_10.mp3","music"
"3467","30022","","","","","","5_14.mp3","music"
"3468","30022","20","30","50","50","50","4_1.mp3","music"
"3469","30022","","","","","","6_5.mp3","music"
"3470","30022","35","50","50","50","30","3_1.mp3","music"
"3471","30022","","","","","","10_1.mp3","music"
"3472","30022","0","0","0","0","0","4_2.mp3","music"
"3473","30022","","","","","","5_14.mp3","music"
"3474","30022","0","0","0","0","0","7_13.mp3","music"
"3475","30022","","","","","","10_1.mp3","music"
"3476","30022","50","50","30","50","15","11_10.mp3","music"
"3477","30022","","","","","","2_1.mp3","music"
"3478","30022","10","10","10","20","10","4_1.mp3","music"
"3479","30022","","","","","","7_10.mp3","music"
"3480","30022","25","10","0","0","0","6_5.mp3","music"
"3481","30022","","","","","","11_11.mp3","music"
"3482","30022","50","0","100","100","50","3_1.mp3","music"
"3483","30022","","","","","","11_2.mp3","music"
"3484","30022","35","0","25","70","30","10_2.mp3","music"
"3485","30022","","","","","","6_10.mp3","music"
"3486","30022","10","10","35","50","35","8_2.mp3","music"
"3487","30022","","","","","","12_2.mp3","music"
"3488","30022","20","25","50","70","30","4_2.mp3","music"
"3489","32572","","","","","","3_1.mp3","music"
"3490","32572","39","46","41","33","0","6_10.mp3","music"
"3491","32572","","","","","","2_1.mp3","music"
"3492","32572","36","30","2","3","2","8_2.mp3","music"
"3493","32572","","","","","","7_10.mp3","music"
"3494","32572","73","57","86","69","77","6_5.mp3","music"
"3495","32572","","","","","","11_11.mp3","music"
"3496","32572","58","61","50","53","65","12_2.mp3","music"
"3497","32572","","","","","","7_13.mp3","music"
"3498","32572","1","0","2","30","1","4_2.mp3","music"
"3499","32572","","","","","","4_1.mp3","music"
"3500","32572","1","0","1","0","0","10_2.mp3","music"
"3501","32572","","","","","","5_14.mp3","music"
"3502","32572","2","1","1","1","0","11_10.mp3","music"
"3503","32572","","","","","","11_2.mp3","music"
"3504","32572","1","1","54","42","41","10_1.mp3","music"
"3505","32572","","","","","","4_1.mp3","music"
"3506","32572","56","1","2","30","2","12_2.mp3","music"
"3507","32572","","","","","","11_2.mp3","music"
"3508","32572","59","0","1","1","51","10_2.mp3","music"
"3509","32572","","","","","","7_10.mp3","music"
"3510","32572","1","1","1","1","27","6_5.mp3","music"
"3511","32572","","","","","","10_1.mp3","music"
"3512","32572","52","52","1","57","38","5_14.mp3","music"
"3513","32572","","","","","","7_13.mp3","music"
"3514","32572","16","59","1","8","34","8_2.mp3","music"
"3515","32572","","","","","","11_10.mp3","music"
"3516","32572","0","0","50","26","1","2_1.mp3","music"
"3517","32572","","","","","","3_1.mp3","music"
"3518","32572","68","2","71","69","56","4_2.mp3","music"
"3519","32572","","","","","","11_11.mp3","music"
"3520","32572","2","19","2","1","0","6_10.mp3","music"
"3521","31930","","","","","","5_14.mp3","music"
"3522","31930","25","32","2","32","21","10_1.mp3","music"
"3523","31930","","","","","","10_2.mp3","music"
"3524","31930","23","5","11","48","12","4_1.mp3","music"
"3525","31930","","","","","","11_10.mp3","music"
"3526","31930","50","13","74","82","4","6_5.mp3","music"
"3527","31930","","","","","","7_10.mp3","music"
"3528","31930","47","49","61","61","24","12_2.mp3","music"
"3529","31930","","","","","","8_2.mp3","music"
"3530","31930","14","19","51","66","44","2_1.mp3","music"
"3531","31930","","","","","","4_2.mp3","music"
"3532","31930","24","27","2","8","10","11_11.mp3","music"
"3533","31930","","","","","","11_2.mp3","music"
"3534","31930","48","18","41","68","43","3_1.mp3","music"
"3535","31930","","","","","","7_13.mp3","music"
"3536","31930","13","9","2","6","8","6_10.mp3","music"
"3537","31930","","","","","","7_10.mp3","music"
"3538","31930","12","2","48","55","2","10_2.mp3","music"
"3539","31930","","","","","","4_1.mp3","music"
"3540","31930","10","8","2","4","5","8_2.mp3","music"
"3541","31930","","","","","","6_5.mp3","music"
"3542","31930","3","2","3","30","10","3_1.mp3","music"
"3543","31930","","","","","","11_11.mp3","music"
"3544","31930","1","3","26","69","4","4_2.mp3","music"
"3545","31930","","","","","","6_10.mp3","music"
"3546","31930","10","11","13","7","2","7_13.mp3","music"
"3547","31930","","","","","","2_1.mp3","music"
"3548","31930","3","6","4","3","2","12_2.mp3","music"
"3549","31930","","","","","","11_2.mp3","music"
"3550","31930","2","2","24","60","6","11_10.mp3","music"
"3551","31930","","","","","","10_1.mp3","music"
"3552","31930","2","1","5","24","5","5_14.mp3","music"
"3553","32884","","","","","","10_1.mp3","music"
"3554","32884","6","8","8","21","12","11_11.mp3","music"
"3555","32884","","","","","","6_5.mp3","music"
"3556","32884","5","78","3","64","67","7_13.mp3","music"
"3557","32884","","","","","","7_10.mp3","music"
"3558","32884","5","3","1","16","27","6_10.mp3","music"
"3559","32884","","","","","","5_14.mp3","music"
"3560","32884","1","82","4","5","8","8_2.mp3","music"
"3561","32884","","","","","","11_2.mp3","music"
"3562","32884","14","18","3","6","3","12_2.mp3","music"
"3563","32884","","","","","","10_2.mp3","music"
"3564","32884","2","21","1","64","2","4_1.mp3","music"
"3565","32884","","","","","","2_1.mp3","music"
"3566","32884","2","3","4","1","2","4_2.mp3","music"
"3567","32884","","","","","","11_10.mp3","music"
"3568","32884","1","1","1","7","1","3_1.mp3","music"
"3569","32884","","","","","","2_1.mp3","music"
"3570","32884","0","17","1","1","4","5_14.mp3","music"
"3571","32884","","","","","","11_11.mp3","music"
"3572","32884","49","55","2","4","34","11_10.mp3","music"
"3573","32884","","","","","","3_1.mp3","music"
"3574","32884","1","2","1","3","0","6_5.mp3","music"
"3575","32884","","","","","","10_1.mp3","music"
"3576","32884","80","76","1","26","70","7_13.mp3","music"
"3577","32884","","","","","","8_2.mp3","music"
"3578","32884","2","0","4","2","4","7_10.mp3","music"
"3579","32884","","","","","","10_2.mp3","music"
"3580","32884","0","2","82","77","2","4_1.mp3","music"
"3581","32884","","","","","","6_10.mp3","music"
"3582","32884","4","0","80","90","33","12_2.mp3","music"
"3583","32884","","","","","","4_2.mp3","music"
"3584","32884","2","18","2","2","3","11_2.mp3","music"
"3585","30349","","","","","","8_2.mp3","music"
"3586","30349","0","0","0","0","0","4_1.mp3","music"
"3587","30349","","","","","","4_2.mp3","music"
"3588","30349","13","31","0","23","23","12_2.mp3","music"
"3589","30349","","","","","","10_1.mp3","music"
"3590","30349","18","59","72","49","31","11_11.mp3","music"
"3591","30349","","","","","","3_1.mp3","music"
"3592","30349","73","65","10","8","69","5_14.mp3","music"
"3593","30349","","","","","","6_5.mp3","music"
"3594","30349","66","67","9","67","67","7_13.mp3","music"
"3595","30349","","","","","","10_2.mp3","music"
"3596","30349","47","48","0","1","1","11_2.mp3","music"
"3597","30349","","","","","","6_10.mp3","music"
"3598","30349","1","1","3","1","2","2_1.mp3","music"
"3599","30349","","","","","","11_10.mp3","music"
"3600","30349","64","67","5","13","9","7_10.mp3","music"
"3601","30349","","","","","","10_2.mp3","music"
"3602","30349","0","1","0","48","1","6_10.mp3","music"
"3603","30349","","","","","","2_1.mp3","music"
"3604","30349","0","2","36","56","14","8_2.mp3","music"
"3605","30349","","","","","","11_2.mp3","music"
"3606","30349","25","34","12","25","37","11_10.mp3","music"
"3607","30349","","","","","","7_10.mp3","music"
"3608","30349","4","3","2","14","3","7_13.mp3","music"
"3609","30349","","","","","","3_1.mp3","music"
"3610","30349","0","1","3","5","3","4_2.mp3","music"
"3611","30349","","","","","","6_5.mp3","music"
"3612","30349","20","18","6","23","19","5_14.mp3","music"
"3613","30349","","","","","","10_1.mp3","music"
"3614","30349","17","50","16","66","22","4_1.mp3","music"
"3615","30349","","","","","","11_11.mp3","music"
"3616","30349","69","83","23","64","62","12_2.mp3","music"
"3617","32275","","","","","","4_2.mp3","music"
"3618","32275","0","0","0","0","0","7_13.mp3","music"
"3619","32275","","","","","","6_5.mp3","music"
"3620","32275","30","30","0","0","0","11_2.mp3","music"
"3621","32275","","","","","","12_2.mp3","music"
"3622","32275","0","0","0","0","0","2_1.mp3","music"
"3623","32275","","","","","","6_10.mp3","music"
"3624","32275","49","0","50","10","0","4_1.mp3","music"
"3625","32275","","","","","","8_2.mp3","music"
"3626","32275","48","0","0","0","0","10_2.mp3","music"
"3627","32275","","","","","","10_1.mp3","music"
"3628","32275","0","0","0","8","0","3_1.mp3","music"
"3629","32275","","","","","","11_10.mp3","music"
"3630","32275","94","0","0","0","0","11_11.mp3","music"
"3631","32275","","","","","","7_10.mp3","music"
"3632","32275","0","0","0","20","0","5_14.mp3","music"
"3633","32275","","","","","","8_2.mp3","music"
"3634","32275","66","12","0","0","0","4_1.mp3","music"
"3635","32275","","","","","","3_1.mp3","music"
"3636","32275","79","0","0","0","0","5_14.mp3","music"
"3637","32275","","","","","","10_1.mp3","music"
"3638","32275","72","40","0","0","0","7_10.mp3","music"
"3639","32275","","","","","","10_2.mp3","music"
"3640","32275","0","0","0","0","0","2_1.mp3","music"
"3641","32275","","","","","","11_11.mp3","music"
"3642","32275","10","0","0","0","0","4_2.mp3","music"
"3643","32275","","","","","","7_13.mp3","music"
"3644","32275","0","0","0","0","0","11_2.mp3","music"
"3645","32275","","","","","","6_10.mp3","music"
"3646","32275","0","0","0","0","0","12_2.mp3","music"
"3647","32275","","","","","","11_10.mp3","music"
"3648","32275","9","0","0","0","0","6_5.mp3","music"
"3649","29911","","","","","","11_10.mp3","music"
"3650","29911","12","35","6","5","11","8_2.mp3","music"
"3651","29911","","","","","","4_1.mp3","music"
"3652","29911","21","30","7","18","12","12_2.mp3","music"
"3653","29911","","","","","","5_14.mp3","music"
"3654","29911","26","7","66","52","29","3_1.mp3","music"
"3655","29911","","","","","","2_1.mp3","music"
"3656","29911","22","34","34","60","16","6_5.mp3","music"
"3657","29911","","","","","","11_11.mp3","music"
"3658","29911","16","32","15","21","19","6_10.mp3","music"
"3659","29911","","","","","","10_1.mp3","music"
"3660","29911","81","78","76","86","64","7_13.mp3","music"
"3661","29911","","","","","","4_2.mp3","music"
"3662","29911","15","37","21","8","25","10_2.mp3","music"
"3663","29911","","","","","","7_10.mp3","music"
"3664","29911","25","35","35","38","26","11_2.mp3","music"
"3665","29911","","","","","","11_2.mp3","music"
"3666","29911","27","22","16","17","13","10_2.mp3","music"
"3667","29911","","","","","","10_1.mp3","music"
"3668","29911","12","22","14","3","12","2_1.mp3","music"
"3669","29911","","","","","","3_1.mp3","music"
"3670","29911","17","10","9","13","16","4_1.mp3","music"
"3671","29911","","","","","","8_2.mp3","music"
"3672","29911","14","28","25","30","18","7_13.mp3","music"
"3673","29911","","","","","","12_2.mp3","music"
"3674","29911","43","41","38","56","34","11_11.mp3","music"
"3675","29911","","","","","","6_10.mp3","music"
"3676","29911","55","48","76","85","39","6_5.mp3","music"
"3677","29911","","","","","","5_14.mp3","music"
"3678","29911","67","57","74","86","87","4_2.mp3","music"
"3679","29911","","","","","","7_10.mp3","music"
"3680","29911","45","32","29","38","42","11_10.mp3","music"
"3681","32332","","","","","","5_14.mp3","music"
"3682","32332","0","0","35","20","0","11_2.mp3","music"
"3683","32332","","","","","","10_2.mp3","music"
"3684","32332","0","0","0","0","0","11_10.mp3","music"
"3685","32332","","","","","","10_1.mp3","music"
"3686","32332","10","20","0","0","0","4_2.mp3","music"
"3687","32332","","","","","","11_11.mp3","music"
"3688","32332","0","0","0","0","0","6_10.mp3","music"
"3689","32332","","","","","","8_2.mp3","music"
"3690","32332","10","40","0","0","0","3_1.mp3","music"
"3691","32332","","","","","","12_2.mp3","music"
"3692","32332","0","0","0","0","0","7_13.mp3","music"
"3693","32332","","","","","","4_1.mp3","music"
"3694","32332","5","20","0","5","0","7_10.mp3","music"
"3695","32332","","","","","","2_1.mp3","music"
"3696","32332","0","0","0","0","0","6_5.mp3","music"
"3697","32332","","","","","","4_1.mp3","music"
"3698","32332","0","5","0","0","0","6_10.mp3","music"
"3699","32332","","","","","","4_2.mp3","music"
"3700","32332","0","0","0","0","0","8_2.mp3","music"
"3701","32332","","","","","","12_2.mp3","music"
"3702","32332","0","0","0","0","0","10_1.mp3","music"
"3703","32332","","","","","","11_2.mp3","music"
"3704","32332","5","0","5","5","0","11_10.mp3","music"
"3705","32332","","","","","","3_1.mp3","music"
"3706","32332","25","10","0","15","0","2_1.mp3","music"
"3707","32332","","","","","","7_13.mp3","music"
"3708","32332","0","0","0","0","0","10_2.mp3","music"
"3709","32332","","","","","","5_14.mp3","music"
"3710","32332","0","20","0","5","0","6_5.mp3","music"
"3711","32332","","","","","","11_11.mp3","music"
"3712","32332","0","0","0","10","0","7_10.mp3","music"
"3713","30070","","","","","","11_2.mp3","music"
"3714","30070","0","0","55","35","0","11_11.mp3","music"
"3715","30070","","","","","","10_2.mp3","music"
"3716","30070","0","45","0","0","0","7_13.mp3","music"
"3717","30070","","","","","","6_10.mp3","music"
"3718","30070","5","5","0","10","0","10_1.mp3","music"
"3719","30070","","","","","","4_1.mp3","music"
"3720","30070","10","10","55","65","40","11_10.mp3","music"
"3721","30070","","","","","","8_2.mp3","music"
"3722","30070","10","10","15","10","10","12_2.mp3","music"
"3723","30070","","","","","","7_10.mp3","music"
"3724","30070","10","25","60","65","50","5_14.mp3","music"
"3725","30070","","","","","","4_2.mp3","music"
"3726","30070","90","90","50","50","0","3_1.mp3","music"
"3727","30070","","","","","","2_1.mp3","music"
"3728","30070","15","10","15","20","15","6_5.mp3","music"
"3729","30070","","","","","","11_11.mp3","music"
"3730","30070","0","10","0","0","10","12_2.mp3","music"
"3731","30070","","","","","","6_10.mp3","music"
"3732","30070","80","90","20","15","10","10_2.mp3","music"
"3733","30070","","","","","","5_14.mp3","music"
"3734","30070","95","95","25","25","60","11_10.mp3","music"
"3735","30070","","","","","","7_13.mp3","music"
"3736","30070","90","90","75","20","55","6_5.mp3","music"
"3737","30070","","","","","","4_2.mp3","music"
"3738","30070","30","30","15","50","40","2_1.mp3","music"
"3739","30070","","","","","","11_2.mp3","music"
"3740","30070","20","20","20","20","15","4_1.mp3","music"
"3741","30070","","","","","","8_2.mp3","music"
"3742","30070","25","25","15","15","20","10_1.mp3","music"
"3743","30070","","","","","","3_1.mp3","music"
"3744","30070","30","30","40","80","25","7_10.mp3","music"
"3745","31231","","","","","","12_2.mp3","music"
"3746","31231","0","0","0","0","0","8_2.mp3","music"
"3747","31231","","","","","","11_10.mp3","music"
"3748","31231","52","21","0","34","0","4_1.mp3","music"
"3749","31231","","","","","","2_1.mp3","music"
"3750","31231","0","0","0","0","0","6_5.mp3","music"
"3751","31231","","","","","","11_11.mp3","music"
"3752","31231","40","55","0","25","22","11_2.mp3","music"
"3753","31231","","","","","","7_10.mp3","music"
"3754","31231","38","35","0","9","0","5_14.mp3","music"
"3755","31231","","","","","","6_10.mp3","music"
"3756","31231","0","18","0","0","0","7_13.mp3","music"
"3757","31231","","","","","","10_2.mp3","music"
"3758","31231","0","0","0","0","0","3_1.mp3","music"
"3759","31231","","","","","","4_2.mp3","music"
"3760","31231","23","32","0","0","0","10_1.mp3","music"
"3761","31231","","","","","","4_2.mp3","music"
"3762","31231","33","22","0","53","21","10_2.mp3","music"
"3763","31231","","","","","","8_2.mp3","music"
"3764","31231","0","0","0","0","0","10_1.mp3","music"
"3765","31231","","","","","","12_2.mp3","music"
"3766","31231","0","0","21","34","0","11_11.mp3","music"
"3767","31231","","","","","","2_1.mp3","music"
"3768","31231","0","0","0","0","0","6_10.mp3","music"
"3769","31231","","","","","","11_10.mp3","music"
"3770","31231","0","0","16","26","0","6_5.mp3","music"
"3771","31231","","","","","","11_2.mp3","music"
"3772","31231","18","0","42","59","0","7_13.mp3","music"
"3773","31231","","","","","","4_1.mp3","music"
"3774","31231","0","0","68","76","0","5_14.mp3","music"
"3775","31231","","","","","","7_10.mp3","music"
"3776","31231","16","36","0","0","0","3_1.mp3","music"
"3777","32266","","","","","","6_5.mp3","music"
"3778","32266","0","0","0","0","0","10_2.mp3","music"
"3779","32266","","","","","","6_10.mp3","music"
"3780","32266","0","0","0","0","0","4_2.mp3","music"
"3781","32266","","","","","","7_10.mp3","music"
"3782","32266","0","0","0","0","0","8_2.mp3","music"
"3783","32266","","","","","","4_1.mp3","music"
"3784","32266","0","0","0","11","0","3_1.mp3","music"
"3785","32266","","","","","","5_14.mp3","music"
"3786","32266","0","0","0","0","0","7_13.mp3","music"
"3787","32266","","","","","","2_1.mp3","music"
"3788","32266","16","0","0","0","0","12_2.mp3","music"
"3789","32266","","","","","","11_2.mp3","music"
"3790","32266","6","16","0","0","0","10_1.mp3","music"
"3791","32266","","","","","","11_11.mp3","music"
"3792","32266","8","14","0","0","0","11_10.mp3","music"
"3793","32266","","","","","","2_1.mp3","music"
"3794","32266","32","19","0","0","0","10_2.mp3","music"
"3795","32266","","","","","","3_1.mp3","music"
"3796","32266","0","0","0","14","0","8_2.mp3","music"
"3797","32266","","","","","","4_1.mp3","music"
"3798","32266","0","0","0","12","0","10_1.mp3","music"
"3799","32266","","","","","","11_2.mp3","music"
"3800","32266","27","0","32","68","7","6_5.mp3","music"
"3801","32266","","","","","","7_10.mp3","music"
"3802","32266","0","0","0","0","0","11_10.mp3","music"
"3803","32266","","","","","","4_2.mp3","music"
"3804","32266","0","0","0","0","0","12_2.mp3","music"
"3805","32266","","","","","","7_13.mp3","music"
"3806","32266","0","0","9","19","0","5_14.mp3","music"
"3807","32266","","","","","","6_10.mp3","music"
"3808","32266","43","70","0","0","0","11_11.mp3","music"
"3809","30292","","","","","","3_1.mp3","music"
"3810","30292","0","0","45","60","15","11_10.mp3","music"
"3811","30292","","","","","","12_2.mp3","music"
"3812","30292","85","75","0","0","0","6_10.mp3","music"
"3813","30292","","","","","","4_2.mp3","music"
"3814","30292","0","0","0","0","0","4_1.mp3","music"
"3815","30292","","","","","","7_10.mp3","music"
"3816","30292","0","0","0","0","0","10_2.mp3","music"
"3817","30292","","","","","","11_11.mp3","music"
"3818","30292","0","0","20","20","0","10_1.mp3","music"
"3819","30292","","","","","","6_5.mp3","music"
"3820","30292","15","10","0","0","0","8_2.mp3","music"
"3821","30292","","","","","","11_2.mp3","music"
"3822","30292","70","60","0","0","0","5_14.mp3","music"
"3823","30292","","","","","","2_1.mp3","music"
"3824","30292","0","40","98","95","90","7_13.mp3","music"
"3825","30292","","","","","","12_2.mp3","music"
"3826","30292","40","50","0","0","0","11_11.mp3","music"
"3827","30292","","","","","","3_1.mp3","music"
"3828","30292","0","0","0","0","0","10_1.mp3","music"
"3829","30292","","","","","","7_13.mp3","music"
"3830","30292","20","12","0","0","0","6_10.mp3","music"
"3831","30292","","","","","","5_14.mp3","music"
"3832","30292","50","25","70","79","40","4_1.mp3","music"
"3833","30292","","","","","","11_2.mp3","music"
"3834","30292","0","0","0","15","0","7_10.mp3","music"
"3835","30292","","","","","","10_2.mp3","music"
"3836","30292","0","0","0","14","0","2_1.mp3","music"
"3837","30292","","","","","","4_2.mp3","music"
"3838","30292","88","80","30","40","0","11_10.mp3","music"
"3839","30292","","","","","","6_5.mp3","music"
"3840","30292","55","55","25","45","5","8_2.mp3","music"
"3841","31984","","","","","","10_1.mp3","music"
"3842","31984","62","70","14","1","39","4_2.mp3","music"
"3843","31984","","","","","","6_5.mp3","music"
"3844","31984","9","4","4","9","8","7_10.mp3","music"
"3845","31984","","","","","","8_2.mp3","music"
"3846","31984","53","3","53","88","25","10_2.mp3","music"
"3847","31984","","","","","","12_2.mp3","music"
"3848","31984","87","0","95","98","34","11_11.mp3","music"
"3849","31984","","","","","","7_13.mp3","music"
"3850","31984","1","1","7","11","0","6_10.mp3","music"
"3851","31984","","","","","","3_1.mp3","music"
"3852","31984","0","0","0","0","1","2_1.mp3","music"
"3853","31984","","","","","","4_1.mp3","music"
"3854","31984","2","10","11","15","9","11_10.mp3","music"
"3855","31984","","","","","","11_2.mp3","music"
"3856","31984","9","7","68","6","44","5_14.mp3","music"
"3857","31984","","","","","","10_2.mp3","music"
"3858","31984","9","9","8","9","8","3_1.mp3","music"
"3859","31984","","","","","","6_10.mp3","music"
"3860","31984","23","16","22","12","32","4_1.mp3","music"
"3861","31984","","","","","","8_2.mp3","music"
"3862","31984","74","10","87","77","40","7_10.mp3","music"
"3863","31984","","","","","","11_10.mp3","music"
"3864","31984","91","12","34","52","31","10_1.mp3","music"
"3865","31984","","","","","","5_14.mp3","music"
"3866","31984","70","17","48","59","52","6_5.mp3","music"
"3867","31984","","","","","","11_11.mp3","music"
"3868","31984","68","8","86","76","91","11_2.mp3","music"
"3869","31984","","","","","","12_2.mp3","music"
"3870","31984","97","2","2","47","24","2_1.mp3","music"
"3871","31984","","","","","","7_13.mp3","music"
"3872","31984","45","84","0","33","29","4_2.mp3","music"
"3873","30955","","","","","","8_2.mp3","music"
"3874","30955","0","0","0","9","0","3_1.mp3","music"
"3875","30955","","","","","","10_2.mp3","music"
"3876","30955","45","37","0","31","0","11_11.mp3","music"
"3877","30955","","","","","","5_14.mp3","music"
"3878","30955","9","0","73","85","57","6_10.mp3","music"
"3879","30955","","","","","","2_1.mp3","music"
"3880","30955","32","22","0","0","0","10_1.mp3","music"
"3881","30955","","","","","","4_2.mp3","music"
"3882","30955","49","49","0","0","0","12_2.mp3","music"
"3883","30955","","","","","","11_2.mp3","music"
"3884","30955","50","0","100","100","14","6_5.mp3","music"
"3885","30955","","","","","","7_13.mp3","music"
"3886","30955","73","35","0","0","0","4_1.mp3","music"
"3887","30955","","","","","","11_10.mp3","music"
"3888","30955","18","29","0","0","0","7_10.mp3","music"
"3889","30955","","","","","","7_13.mp3","music"
"3890","30955","67","63","0","36","20","4_2.mp3","music"
"3891","30955","","","","","","3_1.mp3","music"
"3892","30955","57","30","57","61","60","10_1.mp3","music"
"3893","30955","","","","","","12_2.mp3","music"
"3894","30955","48","50","37","56","46","2_1.mp3","music"
"3895","30955","","","","","","6_10.mp3","music"
"3896","30955","61","28","72","90","0","4_1.mp3","music"
"3897","30955","","","","","","7_10.mp3","music"
"3898","30955","36","37","0","9","0","11_10.mp3","music"
"3899","30955","","","","","","8_2.mp3","music"
"3900","30955","1","9","22","12","0","6_5.mp3","music"
"3901","30955","","","","","","5_14.mp3","music"
"3902","30955","31","3","16","62","11","11_11.mp3","music"
"3903","30955","","","","","","10_2.mp3","music"
"3904","30955","14","6","6","10","5","11_2.mp3","music"
"3905","31978","","","","","","10_2.mp3","music"
"3906","31978","16","13","2","3","10","12_2.mp3","music"
"3907","31978","","","","","","8_2.mp3","music"
"3908","31978","39","16","32","40","14","6_5.mp3","music"
"3909","31978","","","","","","4_2.mp3","music"
"3910","31978","3","7","4","4","0","4_1.mp3","music"
"3911","31978","","","","","","3_1.mp3","music"
"3912","31978","4","18","78","43","73","11_2.mp3","music"
"3913","31978","","","","","","11_10.mp3","music"
"3914","31978","42","47","44","46","47","7_10.mp3","music"
"3915","31978","","","","","","5_14.mp3","music"
"3916","31978","47","50","49","47","23","2_1.mp3","music"
"3917","31978","","","","","","7_13.mp3","music"
"3918","31978","20","37","18","81","24","10_1.mp3","music"
"3919","31978","","","","","","6_10.mp3","music"
"3920","31978","6","2","27","14","3","11_11.mp3","music"
"3921","31978","","","","","","3_1.mp3","music"
"3922","31978","8","5","8","8","11","2_1.mp3","music"
"3923","31978","","","","","","6_10.mp3","music"
"3924","31978","9","3","48","50","8","12_2.mp3","music"
"3925","31978","","","","","","10_1.mp3","music"
"3926","31978","45","18","2","9","6","11_2.mp3","music"
"3927","31978","","","","","","5_14.mp3","music"
"3928","31978","15","15","10","15","15","7_13.mp3","music"
"3929","31978","","","","","","11_10.mp3","music"
"3930","31978","9","14","15","11","15","10_2.mp3","music"
"3931","31978","","","","","","8_2.mp3","music"
"3932","31978","28","49","69","30","61","11_11.mp3","music"
"3933","31978","","","","","","4_1.mp3","music"
"3934","31978","37","79","95","85","48","7_10.mp3","music"
"3935","31978","","","","","","6_5.mp3","music"
"3936","31978","13","16","15","11","12","4_2.mp3","music"
"3937","32920","","","","","","12_2.mp3","music"
"3938","32920","61","61","58","67","45","5_14.mp3","music"
"3939","32920","","","","","","2_1.mp3","music"
"3940","32920","54","51","51","70","49","7_13.mp3","music"
"3941","32920","","","","","","10_1.mp3","music"
"3942","32920","50","49","50","54","55","4_2.mp3","music"
"3943","32920","","","","","","4_1.mp3","music"
"3944","32920","52","56","38","33","53","3_1.mp3","music"
"3945","32920","","","","","","8_2.mp3","music"
"3946","32920","53","49","47","49","47","10_2.mp3","music"
"3947","32920","","","","","","6_5.mp3","music"
"3948","32920","66","67","54","70","39","7_10.mp3","music"
"3949","32920","","","","","","11_2.mp3","music"
"3950","32920","3","6","4","7","3","11_10.mp3","music"
"3951","32920","","","","","","11_11.mp3","music"
"3952","32920","60","59","57","62","26","6_10.mp3","music"
"3953","32920","","","","","","4_2.mp3","music"
"3954","32920","16","12","9","57","13","7_13.mp3","music"
"3955","32920","","","","","","6_5.mp3","music"
"3956","32920","15","17","16","15","80","11_10.mp3","music"
"3957","32920","","","","","","11_2.mp3","music"
"3958","32920","14","12","8","14","13","2_1.mp3","music"
"3959","32920","","","","","","11_11.mp3","music"
"3960","32920","4","8","7","6","6","8_2.mp3","music"
"3961","32920","","","","","","10_1.mp3","music"
"3962","32920","9","8","8","8","6","6_10.mp3","music"
"3963","32920","","","","","","3_1.mp3","music"
"3964","32920","11","7","8","6","12","12_2.mp3","music"
"3965","32920","","","","","","10_2.mp3","music"
"3966","32920","12","10","7","8","3","7_10.mp3","music"
"3967","32920","","","","","","5_14.mp3","music"
"3968","32920","17","16","20","21","28","4_1.mp3","music"
"3969","29998","","","","","","10_2.mp3","music"
"3970","29998","0","0","0","35","0","4_2.mp3","music"
"3971","29998","","","","","","10_1.mp3","music"
"3972","29998","84","75","0","33","38","7_10.mp3","music"
"3973","29998","","","","","","2_1.mp3","music"
"3974","29998","0","0","0","0","0","6_5.mp3","music"
"3975","29998","","","","","","8_2.mp3","music"
"3976","29998","77","79","34","20","26","11_10.mp3","music"
"3977","29998","","","","","","5_14.mp3","music"
"3978","29998","18","35","0","0","17","4_1.mp3","music"
"3979","29998","","","","","","7_13.mp3","music"
"3980","29998","0","29","0","0","0","11_11.mp3","music"
"3981","29998","","","","","","12_2.mp3","music"
"3982","29998","0","0","9","40","0","3_1.mp3","music"
"3983","29998","","","","","","6_10.mp3","music"
"3984","29998","23","15","59","40","25","11_2.mp3","music"
"3985","29998","","","","","","4_2.mp3","music"
"3986","29998","0","0","0","21","0","10_2.mp3","music"
"3987","29998","","","","","","11_2.mp3","music"
"3988","29998","78","34","20","62","33","2_1.mp3","music"
"3989","29998","","","","","","4_1.mp3","music"
"3990","29998","50","34","20","47","29","6_5.mp3","music"
"3991","29998","","","","","","11_10.mp3","music"
"3992","29998","76","41","56","67","51","10_1.mp3","music"
"3993","29998","","","","","","11_11.mp3","music"
"3994","29998","64","79","24","19","65","5_14.mp3","music"
"3995","29998","","","","","","8_2.mp3","music"
"3996","29998","53","62","22","6","41","7_13.mp3","music"
"3997","29998","","","","","","3_1.mp3","music"
"3998","29998","18","16","87","93","22","7_10.mp3","music"
"3999","29998","","","","","","6_10.mp3","music"
"4000","29998","59","62","100","100","75","12_2.mp3","music"
"4001","31546","","","","","","11_10.mp3","music"
"4002","31546","31","5","13","33","12","10_2.mp3","music"
"4003","31546","","","","","","2_1.mp3","music"
"4004","31546","0","0","2","91","12","6_10.mp3","music"
"4005","31546","","","","","","7_10.mp3","music"
"4006","31546","38","33","13","6","7","12_2.mp3","music"
"4007","31546","","","","","","8_2.mp3","music"
"4008","31546","15","4","14","6","19","4_1.mp3","music"
"4009","31546","","","","","","11_2.mp3","music"
"4010","31546","18","31","14","43","57","4_2.mp3","music"
"4011","31546","","","","","","3_1.mp3","music"
"4012","31546","26","0","6","74","25","7_13.mp3","music"
"4013","31546","","","","","","5_14.mp3","music"
"4014","31546","10","7","4","85","4","10_1.mp3","music"
"4015","31546","","","","","","11_11.mp3","music"
"4016","31546","8","72","15","5","24","6_5.mp3","music"
"4017","31546","","","","","","11_10.mp3","music"
"4018","31546","1","10","62","72","9","4_1.mp3","music"
"4019","31546","","","","","","7_13.mp3","music"
"4020","31546","68","11","18","67","42","11_11.mp3","music"
"4021","31546","","","","","","11_2.mp3","music"
"4022","31546","99","14","99","10","75","8_2.mp3","music"
"4023","31546","","","","","","10_1.mp3","music"
"4024","31546","5","69","32","9","21","2_1.mp3","music"
"4025","31546","","","","","","5_14.mp3","music"
"4026","31546","59","22","35","8","9","12_2.mp3","music"
"4027","31546","","","","","","6_5.mp3","music"
"4028","31546","6","14","22","20","21","3_1.mp3","music"
"4029","31546","","","","","","4_2.mp3","music"
"4030","31546","15","70","27","14","18","7_10.mp3","music"
"4031","31546","","","","","","6_10.mp3","music"
"4032","31546","23","82","26","26","17","10_2.mp3","music"
"4033","31576","","","","","","6_5.mp3","music"
"4034","31576","0","0","0","0","0","4_1.mp3","music"
"4035","31576","","","","","","7_13.mp3","music"
"4036","31576","56","65","0","0","1","10_1.mp3","music"
"4037","31576","","","","","","3_1.mp3","music"
"4038","31576","30","0","40","34","0","5_14.mp3","music"
"4039","31576","","","","","","11_11.mp3","music"
"4040","31576","84","67","6","10","8","8_2.mp3","music"
"4041","31576","","","","","","10_2.mp3","music"
"4042","31576","72","95","0","11","62","4_2.mp3","music"
"4043","31576","","","","","","12_2.mp3","music"
"4044","31576","1","1","1","12","0","2_1.mp3","music"
"4045","31576","","","","","","7_10.mp3","music"
"4046","31576","2","2","0","0","2","11_2.mp3","music"
"4047","31576","","","","","","6_10.mp3","music"
"4048","31576","2","0","0","75","0","11_10.mp3","music"
"4049","31576","","","","","","4_2.mp3","music"
"4050","31576","51","35","68","80","25","7_13.mp3","music"
"4051","31576","","","","","","7_10.mp3","music"
"4052","31576","1","2","1","18","1","3_1.mp3","music"
"4053","31576","","","","","","6_5.mp3","music"
"4054","31576","46","11","0","1","1","8_2.mp3","music"
"4055","31576","","","","","","10_2.mp3","music"
"4056","31576","86","81","1","1","14","11_10.mp3","music"
"4057","31576","","","","","","11_11.mp3","music"
"4058","31576","96","75","0","2","12","10_1.mp3","music"
"4059","31576","","","","","","11_2.mp3","music"
"4060","31576","15","18","7","12","46","2_1.mp3","music"
"4061","31576","","","","","","12_2.mp3","music"
"4062","31576","42","72","97","87","17","5_14.mp3","music"
"4063","31576","","","","","","6_10.mp3","music"
"4064","31576","17","62","97","95","62","4_1.mp3","music"
"4065","30907","","","","","","2_1.mp3","music"
"4066","30907","59","25","21","25","24","10_1.mp3","music"
"4067","30907","","","","","","7_10.mp3","music"
"4068","30907","55","47","17","46","29","5_14.mp3","music"
"4069","30907","","","","","","4_1.mp3","music"
"4070","30907","31","26","20","81","63","7_13.mp3","music"
"4071","30907","","","","","","11_10.mp3","music"
"4072","30907","23","27","27","13","20","3_1.mp3","music"
"4073","30907","","","","","","11_2.mp3","music"
"4074","30907","25","24","36","26","28","4_2.mp3","music"
"4075","30907","","","","","","10_2.mp3","music"
"4076","30907","7","7","11","8","3","6_10.mp3","music"
"4077","30907","","","","","","12_2.mp3","music"
"4078","30907","29","20","27","30","19","8_2.mp3","music"
"4079","30907","","","","","","6_5.mp3","music"
"4080","30907","13","16","33","11","10","11_11.mp3","music"
"4081","30907","","","","","","6_5.mp3","music"
"4082","30907","31","27","31","32","23","6_10.mp3","music"
"4083","30907","","","","","","10_2.mp3","music"
"4084","30907","27","23","26","30","16","10_1.mp3","music"
"4085","30907","","","","","","2_1.mp3","music"
"4086","30907","70","50","11","25","8","5_14.mp3","music"
"4087","30907","","","","","","4_2.mp3","music"
"4088","30907","36","32","9","10","9","8_2.mp3","music"
"4089","30907","","","","","","7_13.mp3","music"
"4090","30907","23","23","52","64","18","11_11.mp3","music"
"4091","30907","","","","","","11_10.mp3","music"
"4092","30907","60","19","78","59","31","3_1.mp3","music"
"4093","30907","","","","","","4_1.mp3","music"
"4094","30907","65","63","29","34","26","11_2.mp3","music"
"4095","30907","","","","","","7_10.mp3","music"
"4096","30907","33","46","26","20","40","12_2.mp3","music"
"4097","30850","","","","","","10_1.mp3","music"
"4098","30850","2","8","2","3","10","11_2.mp3","music"
"4099","30850","","","","","","7_10.mp3","music"
"4100","30850","44","41","2","8","9","5_14.mp3","music"
"4101","30850","","","","","","7_13.mp3","music"
"4102","30850","3","1","2","3","2","3_1.mp3","music"
"4103","30850","","","","","","8_2.mp3","music"
"4104","30850","3","2","3","4","2","4_2.mp3","music"
"4105","30850","","","","","","4_1.mp3","music"
"4106","30850","16","16","2","82","4","6_10.mp3","music"
"4107","30850","","","","","","2_1.mp3","music"
"4108","30850","16","24","29","13","18","10_2.mp3","music"
"4109","30850","","","","","","6_5.mp3","music"
"4110","30850","57","69","12","3","4","12_2.mp3","music"
"4111","30850","","","","","","11_10.mp3","music"
"4112","30850","32","31","10","2","6","11_11.mp3","music"
"4113","30850","","","","","","8_2.mp3","music"
"4114","30850","1","1","1","2","1","2_1.mp3","music"
"4115","30850","","","","","","12_2.mp3","music"
"4116","30850","44","27","3","15","20","7_10.mp3","music"
"4117","30850","","","","","","4_1.mp3","music"
"4118","30850","4","5","71","74","13","6_5.mp3","music"
"4119","30850","","","","","","10_1.mp3","music"
"4120","30850","13","1","3","5","7","11_10.mp3","music"
"4121","30850","","","","","","11_11.mp3","music"
"4122","30850","2","0","4","5","1","7_13.mp3","music"
"4123","30850","","","","","","4_2.mp3","music"
"4124","30850","2","0","1","62","5","10_2.mp3","music"
"4125","30850","","","","","","11_2.mp3","music"
"4126","30850","7","9","6","28","6","6_10.mp3","music"
"4127","30850","","","","","","3_1.mp3","music"
"4128","30850","5","0","14","10","4","5_14.mp3","music"
"4129","31612","","","","","","5_14.mp3","music"
"4130","31612","0","0","1","5","0","8_2.mp3","music"
"4131","31612","","","","","","10_2.mp3","music"
"4132","31612","0","0","0","0","0","6_5.mp3","music"
"4133","31612","","","","","","12_2.mp3","music"
"4134","31612","0","0","0","0","0","11_10.mp3","music"
"4135","31612","","","","","","7_13.mp3","music"
"4136","31612","0","0","0","0","0","11_11.mp3","music"
"4137","31612","","","","","","4_2.mp3","music"
"4138","31612","0","0","0","1","0","3_1.mp3","music"
"4139","31612","","","","","","10_1.mp3","music"
"4140","31612","0","0","0","4","0","11_2.mp3","music"
"4141","31612","","","","","","4_1.mp3","music"
"4142","31612","0","0","0","0","0","6_10.mp3","music"
"4143","31612","","","","","","7_10.mp3","music"
"4144","31612","0","0","0","1","0","2_1.mp3","music"
"4145","31612","","","","","","7_10.mp3","music"
"4146","31612","0","0","0","1","0","4_1.mp3","music"
"4147","31612","","","","","","3_1.mp3","music"
"4148","31612","0","0","0","0","0","2_1.mp3","music"
"4149","31612","","","","","","4_2.mp3","music"
"4150","31612","0","0","0","0","0","11_10.mp3","music"
"4151","31612","","","","","","7_13.mp3","music"
"4152","31612","5","4","0","0","3","11_2.mp3","music"
"4153","31612","","","","","","12_2.mp3","music"
"4154","31612","0","3","0","0","0","6_5.mp3","music"
"4155","31612","","","","","","10_2.mp3","music"
"4156","31612","0","0","0","0","0","10_1.mp3","music"
"4157","31612","","","","","","5_14.mp3","music"
"4158","31612","0","0","0","0","2","8_2.mp3","music"
"4159","31612","","","","","","11_11.mp3","music"
"4160","31612","16","0","3","24","0","6_10.mp3","music"
"4161","32377","","","","","","11_10.mp3","music"
"4162","32377","0","0","15","45","0","4_2.mp3","music"
"4163","32377","","","","","","4_1.mp3","music"
"4164","32377","0","0","0","25","0","7_10.mp3","music"
"4165","32377","","","","","","10_2.mp3","music"
"4166","32377","76","78","2","35","63","6_10.mp3","music"
"4167","32377","","","","","","3_1.mp3","music"
"4168","32377","72","76","0","19","34","11_2.mp3","music"
"4169","32377","","","","","","10_1.mp3","music"
"4170","32377","29","37","2","7","21","12_2.mp3","music"
"4171","32377","","","","","","5_14.mp3","music"
"4172","32377","70","73","0","45","46","11_11.mp3","music"
"4173","32377","","","","","","8_2.mp3","music"
"4174","32377","24","2","44","69","1","2_1.mp3","music"
"4175","32377","","","","","","7_13.mp3","music"
"4176","32377","73","68","19","21","24","6_5.mp3","music"
"4177","32377","","","","","","6_5.mp3","music"
"4178","32377","1","2","8","10","3","4_2.mp3","music"
"4179","32377","","","","","","8_2.mp3","music"
"4180","32377","1","1","1","25","1","5_14.mp3","music"
"4181","32377","","","","","","2_1.mp3","music"
"4182","32377","41","15","73","72","38","12_2.mp3","music"
"4183","32377","","","","","","10_1.mp3","music"
"4184","32377","1","1","1","1","1","7_13.mp3","music"
"4185","32377","","","","","","11_11.mp3","music"
"4186","32377","2","3","1","12","1","10_2.mp3","music"
"4187","32377","","","","","","11_10.mp3","music"
"4188","32377","49","35","1","28","5","4_1.mp3","music"
"4189","32377","","","","","","6_10.mp3","music"
"4190","32377","1","4","1","8","3","11_2.mp3","music"
"4191","32377","","","","","","7_10.mp3","music"
"4192","32377","1","2","1","19","1","3_1.mp3","music"
"4193","31897","","","","","","2_1.mp3","music"
"4194","31897","0","21","0","12","0","12_2.mp3","music"
"4195","31897","","","","","","6_5.mp3","music"
"4196","31897","0","35","0","11","17","11_2.mp3","music"
"4197","31897","","","","","","10_1.mp3","music"
"4198","31897","0","11","0","10","12","11_11.mp3","music"
"4199","31897","","","","","","4_2.mp3","music"
"4200","31897","0","0","0","15","0","7_13.mp3","music"
"4201","31897","","","","","","5_14.mp3","music"
"4202","31897","0","49","0","0","0","4_1.mp3","music"
"4203","31897","","","","","","11_10.mp3","music"
"4204","31897","24","47","0","0","21","7_10.mp3","music"
"4205","31897","","","","","","8_2.mp3","music"
"4206","31897","0","0","34","43","7","10_2.mp3","music"
"4207","31897","","","","","","6_10.mp3","music"
"4208","31897","0","0","29","35","0","3_1.mp3","music"
"4209","31897","","","","","","11_10.mp3","music"
"4210","31897","0","0","0","15","0","11_11.mp3","music"
"4211","31897","","","","","","4_1.mp3","music"
"4212","31897","0","47","0","0","31","10_1.mp3","music"
"4213","31897","","","","","","6_10.mp3","music"
"4214","31897","18","41","0","0","22","2_1.mp3","music"
"4215","31897","","","","","","7_13.mp3","music"
"4216","31897","0","6","0","18","0","7_10.mp3","music"
"4217","31897","","","","","","12_2.mp3","music"
"4218","31897","29","25","11","0","23","6_5.mp3","music"
"4219","31897","","","","","","4_2.mp3","music"
"4220","31897","0","0","0","0","0","11_2.mp3","music"
"4221","31897","","","","","","8_2.mp3","music"
"4222","31897","23","36","9","0","13","10_2.mp3","music"
"4223","31897","","","","","","3_1.mp3","music"
"4224","31897","41","48","0","0","19","5_14.mp3","music"
"4225","32587","","","","","","2_1.mp3","music"
"4226","32587","7","24","6","4","19","4_1.mp3","music"
"4227","32587","","","","","","6_10.mp3","music"
"4228","32587","8","5","0","2","0","7_10.mp3","music"
"4229","32587","","","","","","6_5.mp3","music"
"4230","32587","11","11","89","90","12","10_2.mp3","music"
"4231","32587","","","","","","12_2.mp3","music"
"4232","32587","17","19","27","76","33","11_11.mp3","music"
"4233","32587","","","","","","4_2.mp3","music"
"4234","32587","2","0","0","2","1","8_2.mp3","music"
"4235","32587","","","","","","11_10.mp3","music"
"4236","32587","62","60","19","10","26","3_1.mp3","music"
"4237","32587","","","","","","7_13.mp3","music"
"4238","32587","0","13","0","0","0","11_2.mp3","music"
"4239","32587","","","","","","5_14.mp3","music"
"4240","32587","18","18","0","0","0","10_1.mp3","music"
"4241","32587","","","","","","10_2.mp3","music"
"4242","32587","84","65","0","1","0","12_2.mp3","music"
"4243","32587","","","","","","6_10.mp3","music"
"4244","32587","11","14","17","83","38","2_1.mp3","music"
"4245","32587","","","","","","7_13.mp3","music"
"4246","32587","8","7","0","0","0","7_10.mp3","music"
"4247","32587","","","","","","5_14.mp3","music"
"4248","32587","94","85","4","13","0","10_1.mp3","music"
"4249","32587","","","","","","4_2.mp3","music"
"4250","32587","2","0","46","88","10","11_11.mp3","music"
"4251","32587","","","","","","4_1.mp3","music"
"4252","32587","89","68","8","11","0","11_2.mp3","music"
"4253","32587","","","","","","3_1.mp3","music"
"4254","32587","0","0","0","4","0","6_5.mp3","music"
"4255","32587","","","","","","11_10.mp3","music"
"4256","32587","0","0","0","73","0","8_2.mp3","music"
"4257","29959","","","","","","2_1.mp3","music"
"4258","29959","1","0","0","0","0","11_11.mp3","music"
"4259","29959","","","","","","3_1.mp3","music"
"4260","29959","0","0","0","0","0","11_2.mp3","music"
"4261","29959","","","","","","4_2.mp3","music"
"4262","29959","18","9","0","0","0","10_2.mp3","music"
"4263","29959","","","","","","6_10.mp3","music"
"4264","29959","2","0","0","0","0","6_5.mp3","music"
"4265","29959","","","","","","12_2.mp3","music"
"4266","29959","0","0","0","4","0","4_1.mp3","music"
"4267","29959","","","","","","7_13.mp3","music"
"4268","29959","17","53","0","0","0","10_1.mp3","music"
"4269","29959","","","","","","5_14.mp3","music"
"4270","29959","38","28","0","0","0","11_10.mp3","music"
"4271","29959","","","","","","7_10.mp3","music"
"4272","29959","0","8","0","11","0","8_2.mp3","music"
"4273","29959","","","","","","11_11.mp3","music"
"4274","29959","6","0","0","10","0","4_2.mp3","music"
"4275","29959","","","","","","4_1.mp3","music"
"4276","29959","52","60","82","46","0","11_2.mp3","music"
"4277","29959","","","","","","7_13.mp3","music"
"4278","29959","11","0","0","82","0","8_2.mp3","music"
"4279","29959","","","","","","6_5.mp3","music"
"4280","29959","0","0","0","0","0","7_10.mp3","music"
"4281","29959","","","","","","10_1.mp3","music"
"4282","29959","1","0","0","2","0","2_1.mp3","music"
"4283","29959","","","","","","10_2.mp3","music"
"4284","29959","0","0","0","16","0","11_10.mp3","music"
"4285","29959","","","","","","6_10.mp3","music"
"4286","29959","0","0","0","0","0","3_1.mp3","music"
"4287","29959","","","","","","12_2.mp3","music"
"4288","29959","0","0","0","0","0","5_14.mp3","music"
"4289","31699","","","","","","6_5.mp3","music"
"4290","31699","2","1","3","6","4","5_14.mp3","music"
"4291","31699","","","","","","8_2.mp3","music"
"4292","31699","3","5","1","2","2","3_1.mp3","music"
"4293","31699","","","","","","10_1.mp3","music"
"4294","31699","8","5","7","12","5","12_2.mp3","music"
"4295","31699","","","","","","4_1.mp3","music"
"4296","31699","1","1","17","7","8","6_10.mp3","music"
"4297","31699","","","","","","10_2.mp3","music"
"4298","31699","0","2","1","1","1","11_11.mp3","music"
"4299","31699","","","","","","7_13.mp3","music"
"4300","31699","1","7","0","1","3","11_2.mp3","music"
"4301","31699","","","","","","4_2.mp3","music"
"4302","31699","14","12","0","0","13","2_1.mp3","music"
"4303","31699","","","","","","11_10.mp3","music"
"4304","31699","11","2","0","3","0","7_10.mp3","music"
"4305","31699","","","","","","11_11.mp3","music"
"4306","31699","2","2","4","9","1","8_2.mp3","music"
"4307","31699","","","","","","11_2.mp3","music"
"4308","31699","0","0","1","0","1","4_1.mp3","music"
"4309","31699","","","","","","2_1.mp3","music"
"4310","31699","0","10","4","3","8","6_10.mp3","music"
"4311","31699","","","","","","11_10.mp3","music"
"4312","31699","1","0","1","0","0","7_13.mp3","music"
"4313","31699","","","","","","10_2.mp3","music"
"4314","31699","0","3","3","1","2","6_5.mp3","music"
"4315","31699","","","","","","7_10.mp3","music"
"4316","31699","9","11","0","0","1","4_2.mp3","music"
"4317","31699","","","","","","5_14.mp3","music"
"4318","31699","0","0","0","0","0","10_1.mp3","music"
"4319","31699","","","","","","3_1.mp3","music"
"4320","31699","0","11","0","0","0","12_2.mp3","music"
"4321","29962","","","","","","10_1.mp3","music"
"4322","29962","0","0","0","0","0","2_1.mp3","music"
"4323","29962","","","","","","11_2.mp3","music"
"4324","29962","20","0","0","20","0","5_14.mp3","music"
"4325","29962","","","","","","3_1.mp3","music"
"4326","29962","35","0","0","34","0","4_1.mp3","music"
"4327","29962","","","","","","8_2.mp3","music"
"4328","29962","0","0","0","0","0","6_5.mp3","music"
"4329","29962","","","","","","6_10.mp3","music"
"4330","29962","0","0","0","0","0","10_2.mp3","music"
"4331","29962","","","","","","12_2.mp3","music"
"4332","29962","0","0","0","0","0","11_11.mp3","music"
"4333","29962","","","","","","7_13.mp3","music"
"4334","29962","0","0","0","48","0","4_2.mp3","music"
"4335","29962","","","","","","11_10.mp3","music"
"4336","29962","0","0","14","57","0","7_10.mp3","music"
"4337","29962","","","","","","2_1.mp3","music"
"4338","29962","0","0","0","0","0","5_14.mp3","music"
"4339","29962","","","","","","8_2.mp3","music"
"4340","29962","0","0","0","0","0","4_1.mp3","music"
"4341","29962","","","","","","11_2.mp3","music"
"4342","29962","0","0","0","0","0","10_1.mp3","music"
"4343","29962","","","","","","7_10.mp3","music"
"4344","29962","0","0","0","30","0","3_1.mp3","music"
"4345","29962","","","","","","6_5.mp3","music"
"4346","29962","27","27","0","0","0","11_11.mp3","music"
"4347","29962","","","","","","7_13.mp3","music"
"4348","29962","0","0","0","0","0","12_2.mp3","music"
"4349","29962","","","","","","6_10.mp3","music"
"4350","29962","16","0","52","49","10","11_10.mp3","music"
"4351","29962","","","","","","4_2.mp3","music"
"4352","29962","48","28","0","0","17","10_2.mp3","music"
"4353","30415","","","","","","7_13.mp3","music"
"4354","30415","30","40","0","0","5","5_14.mp3","music"
"4355","30415","","","","","","3_1.mp3","music"
"4356","30415","0","0","15","15","0","10_1.mp3","music"
"4357","30415","","","","","","11_2.mp3","music"
"4358","30415","0","0","0","0","0","12_2.mp3","music"
"4359","30415","","","","","","4_2.mp3","music"
"4360","30415","7","0","84","67","0","2_1.mp3","music"
"4361","30415","","","","","","4_1.mp3","music"
"4362","30415","33","47","0","0","4","11_11.mp3","music"
"4363","30415","","","","","","7_10.mp3","music"
"4364","30415","0","0","0","0","0","8_2.mp3","music"
"4365","30415","","","","","","10_2.mp3","music"
"4366","30415","0","0","0","0","0","11_10.mp3","music"
"4367","30415","","","","","","6_5.mp3","music"
"4368","30415","77","76","0","0","12","6_10.mp3","music"
"4369","30415","","","","","","6_10.mp3","music"
"4370","30415","0","0","10","25","0","6_5.mp3","music"
"4371","30415","","","","","","10_1.mp3","music"
"4372","30415","37","31","0","0","0","12_2.mp3","music"
"4373","30415","","","","","","11_10.mp3","music"
"4374","30415","0","0","0","0","0","8_2.mp3","music"
"4375","30415","","","","","","5_14.mp3","music"
"4376","30415","0","0","0","0","0","4_1.mp3","music"
"4377","30415","","","","","","11_2.mp3","music"
"4378","30415","0","0","10","31","0","10_2.mp3","music"
"4379","30415","","","","","","2_1.mp3","music"
"4380","30415","0","0","0","0","0","3_1.mp3","music"
"4381","30415","","","","","","11_11.mp3","music"
"4382","30415","47","18","0","0","5","4_2.mp3","music"
"4383","30415","","","","","","7_13.mp3","music"
"4384","30415","30","21","9","19","8","7_10.mp3","music"
"4385","32362","","","","","","11_10.mp3","music"
"4386","32362","0","0","0","0","0","6_5.mp3","music"
"4387","32362","","","","","","5_14.mp3","music"
"4388","32362","0","29","0","0","0","7_13.mp3","music"
"4389","32362","","","","","","11_11.mp3","music"
"4390","32362","0","0","0","0","1","3_1.mp3","music"
"4391","32362","","","","","","6_10.mp3","music"
"4392","32362","0","0","20","48","0","11_2.mp3","music"
"4393","32362","","","","","","2_1.mp3","music"
"4394","32362","1","0","0","8","2","8_2.mp3","music"
"4395","32362","","","","","","7_10.mp3","music"
"4396","32362","0","1","0","10","0","4_1.mp3","music"
"4397","32362","","","","","","12_2.mp3","music"
"4398","32362","24","37","13","13","11","4_2.mp3","music"
"4399","32362","","","","","","10_1.mp3","music"
"4400","32362","14","9","0","10","2","10_2.mp3","music"
"4401","32362","","","","","","12_2.mp3","music"
"4402","32362","19","14","0","0","0","11_2.mp3","music"
"4403","32362","","","","","","4_1.mp3","music"
"4404","32362","48","0","17","65","0","10_2.mp3","music"
"4405","32362","","","","","","10_1.mp3","music"
"4406","32362","0","0","0","31","0","11_11.mp3","music"
"4407","32362","","","","","","7_10.mp3","music"
"4408","32362","12","11","13","20","12","11_10.mp3","music"
"4409","32362","","","","","","6_5.mp3","music"
"4410","32362","24","46","0","0","0","4_2.mp3","music"
"4411","32362","","","","","","2_1.mp3","music"
"4412","32362","0","0","0","7","0","6_10.mp3","music"
"4413","32362","","","","","","5_14.mp3","music"
"4414","32362","6","0","0","6","0","8_2.mp3","music"
"4415","32362","","","","","","7_13.mp3","music"
"4416","32362","45","41","0","0","25","3_1.mp3","music"
"4417","TEAM_YA_080","","","","","","11_2.mp3","music"
"4418","TEAM_YA_080","36","2","46","97","23","2_1.mp3","music"
"4419","TEAM_YA_080","","","","","","7_10.mp3","music"
"4420","TEAM_YA_080","0","5","38","96","40","6_10.mp3","music"
"4421","TEAM_YA_080","","","","","","6_5.mp3","music"
"4422","TEAM_YA_080","2","30","4","2","17","5_14.mp3","music"
"4423","TEAM_YA_080","","","","","","10_1.mp3","music"
"4424","TEAM_YA_080","59","52","15","22","7","7_13.mp3","music"
"4425","TEAM_YA_080","","","","","","3_1.mp3","music"
"4426","TEAM_YA_080","63","68","14","17","2","4_1.mp3","music"
"4427","TEAM_YA_080","","","","","","12_2.mp3","music"
"4428","TEAM_YA_080","36","72","2","15","1","4_2.mp3","music"
"4429","TEAM_YA_080","","","","","","11_10.mp3","music"
"4430","TEAM_YA_080","68","28","3","11","1","11_11.mp3","music"
"4431","TEAM_YA_080","","","","","","10_2.mp3","music"
"4432","TEAM_YA_080","84","81","1","2","4","8_2.mp3","music"
"4433","TEAM_YA_080","","","","","","12_2.mp3","music"
"4434","TEAM_YA_080","1","35","2","3","4","10_1.mp3","music"
"4435","TEAM_YA_080","","","","","","5_14.mp3","music"
"4436","TEAM_YA_080","2","2","3","20","3","3_1.mp3","music"
"4437","TEAM_YA_080","","","","","","6_5.mp3","music"
"4438","TEAM_YA_080","2","35","11","43","4","11_11.mp3","music"
"4439","TEAM_YA_080","","","","","","4_2.mp3","music"
"4440","TEAM_YA_080","0","1","1","97","2","10_2.mp3","music"
"4441","TEAM_YA_080","","","","","","8_2.mp3","music"
"4442","TEAM_YA_080","8","32","15","29","14","7_10.mp3","music"
"4443","TEAM_YA_080","","","","","","6_10.mp3","music"
"4444","TEAM_YA_080","0","14","3","17","8","2_1.mp3","music"
"4445","TEAM_YA_080","","","","","","4_1.mp3","music"
"4446","TEAM_YA_080","2","42","2","3","2","11_10.mp3","music"
"4447","TEAM_YA_080","","","","","","11_2.mp3","music"
"4448","TEAM_YA_080","74","62","70","92","71","7_13.mp3","music"
"4449","TEAM_YA_082","","","","","","11_10.mp3","music"
"4450","TEAM_YA_082","0","5","25","22","0","12_2.mp3","music"
"4451","TEAM_YA_082","","","","","","6_10.mp3","music"
"4452","TEAM_YA_082","0","7","40","27","0","7_10.mp3","music"
"4453","TEAM_YA_082","","","","","","6_5.mp3","music"
"4454","TEAM_YA_082","13","12","20","15","0","10_1.mp3","music"
"4455","TEAM_YA_082","","","","","","3_1.mp3","music"
"4456","TEAM_YA_082","50","54","1","20","0","11_2.mp3","music"
"4457","TEAM_YA_082","","","","","","10_2.mp3","music"
"4458","TEAM_YA_082","5","17","5","12","0","4_2.mp3","music"
"4459","TEAM_YA_082","","","","","","5_14.mp3","music"
"4460","TEAM_YA_082","0","15","35","32","7","11_11.mp3","music"
"4461","TEAM_YA_082","","","","","","8_2.mp3","music"
"4462","TEAM_YA_082","0","12","12","21","0","7_13.mp3","music"
"4463","TEAM_YA_082","","","","","","4_1.mp3","music"
"4464","TEAM_YA_082","0","16","10","23","0","2_1.mp3","music"
"4465","TEAM_YA_082","","","","","","6_5.mp3","music"
"4466","TEAM_YA_082","0","16","6","20","0","3_1.mp3","music"
"4467","TEAM_YA_082","","","","","","5_14.mp3","music"
"4468","TEAM_YA_082","0","0","0","6","0","4_2.mp3","music"
"4469","TEAM_YA_082","","","","","","12_2.mp3","music"
"4470","TEAM_YA_082","0","21","27","28","23","10_2.mp3","music"
"4471","TEAM_YA_082","","","","","","11_2.mp3","music"
"4472","TEAM_YA_082","0","28","10","17","0","6_10.mp3","music"
"4473","TEAM_YA_082","","","","","","2_1.mp3","music"
"4474","TEAM_YA_082","0","17","9","17","0","4_1.mp3","music"
"4475","TEAM_YA_082","","","","","","8_2.mp3","music"
"4476","TEAM_YA_082","13","29","22","22","0","11_10.mp3","music"
"4477","TEAM_YA_082","","","","","","11_11.mp3","music"
"4478","TEAM_YA_082","0","0","39","35","0","10_1.mp3","music"
"4479","TEAM_YA_082","","","","","","7_10.mp3","music"
"4480","TEAM_YA_082","0","37","31","38","37","7_13.mp3","music"
"4481","TEAM_YA_083","","","","","","7_13.mp3","music"
"4482","TEAM_YA_083","11","1","0","5","4","11_2.mp3","music"
"4483","TEAM_YA_083","","","","","","12_2.mp3","music"
"4484","TEAM_YA_083","3","2","4","2","1","7_10.mp3","music"
"4485","TEAM_YA_083","","","","","","5_14.mp3","music"
"4486","TEAM_YA_083","3","1","3","4","4","8_2.mp3","music"
"4487","TEAM_YA_083","","","","","","10_2.mp3","music"
"4488","TEAM_YA_083","2","1","1","4","0","3_1.mp3","music"
"4489","TEAM_YA_083","","","","","","6_10.mp3","music"
"4490","TEAM_YA_083","15","9","29","22","2","2_1.mp3","music"
"4491","TEAM_YA_083","","","","","","10_1.mp3","music"
"4492","TEAM_YA_083","14","2","1","1","12","6_5.mp3","music"
"4493","TEAM_YA_083","","","","","","11_10.mp3","music"
"4494","TEAM_YA_083","11","8","11","12","16","4_1.mp3","music"
"4495","TEAM_YA_083","","","","","","4_2.mp3","music"
"4496","TEAM_YA_083","4","17","2","7","7","11_11.mp3","music"
"4497","TEAM_YA_083","","","","","","8_2.mp3","music"
"4498","TEAM_YA_083","3","2","0","5","16","7_13.mp3","music"
"4499","TEAM_YA_083","","","","","","4_1.mp3","music"
"4500","TEAM_YA_083","2","3","0","9","1","6_10.mp3","music"
"4501","TEAM_YA_083","","","","","","11_2.mp3","music"
"4502","TEAM_YA_083","15","3","4","21","10","11_11.mp3","music"
"4503","TEAM_YA_083","","","","","","5_14.mp3","music"
"4504","TEAM_YA_083","9","4","8","14","15","12_2.mp3","music"
"4505","TEAM_YA_083","","","","","","2_1.mp3","music"
"4506","TEAM_YA_083","11","3","9","12","19","7_10.mp3","music"
"4507","TEAM_YA_083","","","","","","6_5.mp3","music"
"4508","TEAM_YA_083","5","18","5","3","6","11_10.mp3","music"
"4509","TEAM_YA_083","","","","","","4_2.mp3","music"
"4510","TEAM_YA_083","5","17","2","4","0","10_2.mp3","music"
"4511","TEAM_YA_083","","","","","","10_1.mp3","music"
"4512","TEAM_YA_083","2","8","5","6","62","3_1.mp3","music"
"4513","TEAM_YA_084","","","","","","6_10.mp3","music"
"4514","TEAM_YA_084","3","9","25","25","5","11_10.mp3","music"
"4515","TEAM_YA_084","","","","","","10_2.mp3","music"
"4516","TEAM_YA_084","11","8","10","12","15","11_2.mp3","music"
"4517","TEAM_YA_084","","","","","","5_14.mp3","music"
"4518","TEAM_YA_084","3","1","0","0","1","11_11.mp3","music"
"4519","TEAM_YA_084","","","","","","7_13.mp3","music"
"4520","TEAM_YA_084","2","3","1","1","0","3_1.mp3","music"
"4521","TEAM_YA_084","","","","","","2_1.mp3","music"
"4522","TEAM_YA_084","15","15","2","6","8","8_2.mp3","music"
"4523","TEAM_YA_084","","","","","","12_2.mp3","music"
"4524","TEAM_YA_084","5","6","5","2","2","6_5.mp3","music"
"4525","TEAM_YA_084","","","","","","4_2.mp3","music"
"4526","TEAM_YA_084","8","9","0","2","5","4_1.mp3","music"
"4527","TEAM_YA_084","","","","","","10_1.mp3","music"
"4528","TEAM_YA_084","2","1","8","9","2","7_10.mp3","music"
"4529","TEAM_YA_084","","","","","","6_5.mp3","music"
"4530","TEAM_YA_084","45","22","0","2","11","7_10.mp3","music"
"4531","TEAM_YA_084","","","","","","11_2.mp3","music"
"4532","TEAM_YA_084","1","3","4","3","1","3_1.mp3","music"
"4533","TEAM_YA_084","","","","","","5_14.mp3","music"
"4534","TEAM_YA_084","17","0","1","1","9","6_10.mp3","music"
"4535","TEAM_YA_084","","","","","","11_11.mp3","music"
"4536","TEAM_YA_084","3","1","0","2","1","10_1.mp3","music"
"4537","TEAM_YA_084","","","","","","12_2.mp3","music"
"4538","TEAM_YA_084","4","0","1","0","2","10_2.mp3","music"
"4539","TEAM_YA_084","","","","","","4_1.mp3","music"
"4540","TEAM_YA_084","11","21","21","31","24","2_1.mp3","music"
"4541","TEAM_YA_084","","","","","","4_2.mp3","music"
"4542","TEAM_YA_084","37","7","45","57","47","7_13.mp3","music"
"4543","TEAM_YA_084","","","","","","11_10.mp3","music"
"4544","TEAM_YA_084","11","6","1","1","2","8_2.mp3","music"
"4545","TEAM_YA_085","","","","","","4_2.mp3","music"
"4546","TEAM_YA_085","12","46","0","0","0","11_11.mp3","music"
"4547","TEAM_YA_085","","","","","","2_1.mp3","music"
"4548","TEAM_YA_085","0","0","0","0","0","10_1.mp3","music"
"4549","TEAM_YA_085","","","","","","7_10.mp3","music"
"4550","TEAM_YA_085","0","0","0","0","0","8_2.mp3","music"
"4551","TEAM_YA_085","","","","","","6_10.mp3","music"
"4552","TEAM_YA_085","0","0","0","0","0","3_1.mp3","music"
"4553","TEAM_YA_085","","","","","","11_2.mp3","music"
"4554","TEAM_YA_085","0","0","0","0","0","10_2.mp3","music"
"4555","TEAM_YA_085","","","","","","6_5.mp3","music"
"4556","TEAM_YA_085","0","0","7","26","0","11_10.mp3","music"
"4557","TEAM_YA_085","","","","","","4_1.mp3","music"
"4558","TEAM_YA_085","10","0","0","0","0","7_13.mp3","music"
"4559","TEAM_YA_085","","","","","","12_2.mp3","music"
"4560","TEAM_YA_085","0","0","14","25","1","5_14.mp3","music"
"4561","TEAM_YA_085","","","","","","11_10.mp3","music"
"4562","TEAM_YA_085","27","4","0","0","0","4_1.mp3","music"
"4563","TEAM_YA_085","","","","","","6_5.mp3","music"
"4564","TEAM_YA_085","0","0","60","28","0","7_13.mp3","music"
"4565","TEAM_YA_085","","","","","","5_14.mp3","music"
"4566","TEAM_YA_085","0","8","8","11","0","10_1.mp3","music"
"4567","TEAM_YA_085","","","","","","12_2.mp3","music"
"4568","TEAM_YA_085","0","0","0","1","0","6_10.mp3","music"
"4569","TEAM_YA_085","","","","","","3_1.mp3","music"
"4570","TEAM_YA_085","30","6","0","0","0","2_1.mp3","music"
"4571","TEAM_YA_085","","","","","","11_11.mp3","music"
"4572","TEAM_YA_085","0","1","0","0","0","8_2.mp3","music"
"4573","TEAM_YA_085","","","","","","10_2.mp3","music"
"4574","TEAM_YA_085","11","30","0","0","0","11_2.mp3","music"
"4575","TEAM_YA_085","","","","","","7_10.mp3","music"
"4576","TEAM_YA_085","0","0","0","0","0","4_2.mp3","music"
"4577","TEAM_YA_077","","","","","","4_2.mp3","music"
"4578","TEAM_YA_077","0","45","0","0","2","4_1.mp3","music"
"4579","TEAM_YA_077","","","","","","8_2.mp3","music"
"4580","TEAM_YA_077","2","66","0","11","8","10_2.mp3","music"
"4581","TEAM_YA_077","","","","","","10_1.mp3","music"
"4582","TEAM_YA_077","0","52","0","0","8","11_10.mp3","music"
"4583","TEAM_YA_077","","","","","","12_2.mp3","music"
"4584","TEAM_YA_077","0","0","0","0","0","6_10.mp3","music"
"4585","TEAM_YA_077","","","","","","5_14.mp3","music"
"4586","TEAM_YA_077","0","0","11","5","0","7_10.mp3","music"
"4587","TEAM_YA_077","","","","","","11_2.mp3","music"
"4588","TEAM_YA_077","0","0","0","1","0","6_5.mp3","music"
"4589","TEAM_YA_077","","","","","","7_13.mp3","music"
"4590","TEAM_YA_077","0","0","0","0","0","2_1.mp3","music"
"4591","TEAM_YA_077","","","","","","3_1.mp3","music"
"4592","TEAM_YA_077","0","0","9","0","0","11_11.mp3","music"
"4593","TEAM_YA_077","","","","","","10_1.mp3","music"
"4594","TEAM_YA_077","0","0","0","0","0","3_1.mp3","music"
"4595","TEAM_YA_077","","","","","","2_1.mp3","music"
"4596","TEAM_YA_077","0","0","16","20","29","6_5.mp3","music"
"4597","TEAM_YA_077","","","","","","11_10.mp3","music"
"4598","TEAM_YA_077","0","0","0","0","0","12_2.mp3","music"
"4599","TEAM_YA_077","","","","","","10_2.mp3","music"
"4600","TEAM_YA_077","13","0","0","5","18","11_2.mp3","music"
"4601","TEAM_YA_077","","","","","","8_2.mp3","music"
"4602","TEAM_YA_077","6","9","0","7","0","6_10.mp3","music"
"4603","TEAM_YA_077","","","","","","4_1.mp3","music"
"4604","TEAM_YA_077","0","13","0","0","0","5_14.mp3","music"
"4605","TEAM_YA_077","","","","","","7_13.mp3","music"
"4606","TEAM_YA_077","49","69","26","56","50","4_2.mp3","music"
"4607","TEAM_YA_077","","","","","","11_11.mp3","music"
"4608","TEAM_YA_077","71","57","81","100","85","7_10.mp3","music"
