"","Participant.Public.ID","happy","satisfied","excited","joyful","relaxed","stim","condition"
"1","32368",0,0,0,0,0,"Fire 10.jpg","pic"
"2","32368",0,0,0,0,0,"Prison 2.jpg","pic"
"3","32368",80,28,70,42,71,"Snow 1.jpg","pic"
"4","32368",55,14,10,15,50,"Rainbow 2.jpg","pic"
"5","32368",28,39,27,30,40,"Lake 12.jpg","pic"
"6","32368",0,0,0,0,0,"Destruction 2.jpg","pic"
"7","32368",0,0,0,0,0,"Garbage dump 1.jpg","pic"
"8","32368",0,0,0,0,0,"Dirt 1.jpg","pic"
"9","32368",72,94,91,77,100,"Rocks 1.jpg","pic"
"10","32368",44,35,50,52,48,"Fireworks 6.jpg","pic"
"11","32368",89,64,70,66,70,"Heart 3.jpg","pic"
"12","32368",16,0,13,0,0,"Ferret 1.jpg","pic"
"13","32368",0,31,15,0,76,"Clean 1.jpg","pic"
"14","32368",0,0,0,0,0,"Flood 1.jpg","pic"
"15","32368",0,0,0,0,0,"Toilet 4.jpg","pic"
"16","32368",43,25,24,26,51,"Beach 1.jpg","pic"
"17","32449",5,13,25,36,12,"Fireworks 6.jpg","pic"
"18","32449",6,10,15,9,6,"Garbage dump 1.jpg","pic"
"19","32449",4,56,12,8,43,"Dirt 1.jpg","pic"
"20","32449",47,64,68,55,59,"Lake 12.jpg","pic"
"21","32449",2,1,3,2,2,"Flood 1.jpg","pic"
"22","32449",2,14,3,1,2,"Fire 10.jpg","pic"
"23","32449",1,2,3,0,2,"Destruction 2.jpg","pic"
"24","32449",34,27,74,21,47,"Beach 1.jpg","pic"
"25","32449",18,33,60,31,8,"Heart 3.jpg","pic"
"26","32449",21,19,52,6,50,"Clean 1.jpg","pic"
"27","32449",7,6,8,4,1,"Rainbow 2.jpg","pic"
"28","32449",20,43,22,8,21,"Snow 1.jpg","pic"
"29","32449",0,4,0,1,3,"Prison 2.jpg","pic"
"30","32449",7,3,0,5,0,"Toilet 4.jpg","pic"
"31","32449",3,4,3,2,0,"Ferret 1.jpg","pic"
"32","32449",61,70,21,22,82,"Rocks 1.jpg","pic"
"33","31267",84,83,65,100,76,"Rainbow 2.jpg","pic"
"34","31267",100,73,73,58,100,"Clean 1.jpg","pic"
"35","31267",0,0,0,0,0,"Toilet 4.jpg","pic"
"36","31267",60,61,100,84,0,"Fireworks 6.jpg","pic"
"37","31267",0,0,0,0,3,"Destruction 2.jpg","pic"
"38","31267",0,0,0,0,0,"Flood 1.jpg","pic"
"39","31267",59,46,53,50,66,"Rocks 1.jpg","pic"
"40","31267",0,100,100,100,81,"Snow 1.jpg","pic"
"41","31267",100,96,84,100,100,"Beach 1.jpg","pic"
"42","31267",0,0,0,0,0,"Ferret 1.jpg","pic"
"43","31267",0,0,0,0,0,"Fire 10.jpg","pic"
"44","31267",45,64,19,64,33,"Heart 3.jpg","pic"
"45","31267",0,0,0,0,0,"Garbage dump 1.jpg","pic"
"46","31267",0,2,0,0,0,"Dirt 1.jpg","pic"
"47","31267",64,70,71,54,27,"Lake 12.jpg","pic"
"48","31267",0,0,0,0,0,"Prison 2.jpg","pic"
"49","31522",6,8,8,4,6,"Fire 10.jpg","pic"
"50","31522",87,76,82,79,70,"Clean 1.jpg","pic"
"51","31522",54,82,84,89,73,"Beach 1.jpg","pic"
"52","31522",22,12,14,13,10,"Snow 1.jpg","pic"
"53","31522",0,0,0,0,0,"Destruction 2.jpg","pic"
"54","31522",0,0,0,0,0,"Heart 3.jpg","pic"
"55","31522",0,0,0,0,0,"Garbage dump 1.jpg","pic"
"56","31522",0,0,0,0,0,"Ferret 1.jpg","pic"
"57","31522",67,23,26,83,0,"Rocks 1.jpg","pic"
"58","31522",7,41,93,76,16,"Lake 12.jpg","pic"
"59","31522",12,17,6,13,6,"Toilet 4.jpg","pic"
"60","31522",67,23,69,67,12,"Rainbow 2.jpg","pic"
"61","31522",19,7,9,9,7,"Flood 1.jpg","pic"
"62","31522",64,15,73,54,30,"Fireworks 6.jpg","pic"
"63","31522",5,3,9,6,6,"Dirt 1.jpg","pic"
"64","31522",0,0,0,0,0,"Prison 2.jpg","pic"
"65","29986",43,48,12,17,51,"Rocks 1.jpg","pic"
"66","29986",0,0,0,0,0,"Flood 1.jpg","pic"
"67","29986",14,21,0,0,72,"Snow 1.jpg","pic"
"68","29986",31,19,10,9,6,"Ferret 1.jpg","pic"
"69","29986",57,8,0,0,26,"Rainbow 2.jpg","pic"
"70","29986",0,0,0,0,0,"Toilet 4.jpg","pic"
"71","29986",12,21,6,0,57,"Fire 10.jpg","pic"
"72","29986",8,0,11,1,4,"Heart 3.jpg","pic"
"73","29986",0,0,0,0,0,"Destruction 2.jpg","pic"
"74","29986",0,0,0,0,0,"Prison 2.jpg","pic"
"75","29986",0,0,0,0,0,"Dirt 1.jpg","pic"
"76","29986",40,36,0,15,62,"Beach 1.jpg","pic"
"77","29986",0,0,0,0,0,"Garbage dump 1.jpg","pic"
"78","29986",18,72,37,15,84,"Lake 12.jpg","pic"
"79","29986",26,6,23,16,0,"Fireworks 6.jpg","pic"
"80","29986",17,22,5,0,68,"Clean 1.jpg","pic"
"81","30388",32,0,0,0,52,"Clean 1.jpg","pic"
"82","30388",14,0,0,0,0,"Ferret 1.jpg","pic"
"83","30388",0,84,0,0,86,"Rainbow 2.jpg","pic"
"84","30388",0,78,0,0,88,"Snow 1.jpg","pic"
"85","30388",0,0,0,0,0,"Rocks 1.jpg","pic"
"86","30388",0,0,0,0,0,"Fire 10.jpg","pic"
"87","30388",0,0,0,0,0,"Flood 1.jpg","pic"
"88","30388",0,0,0,0,0,"Destruction 2.jpg","pic"
"89","30388",36,100,0,0,90,"Lake 12.jpg","pic"
"90","30388",0,0,0,0,0,"Prison 2.jpg","pic"
"91","30388",0,0,0,0,0,"Garbage dump 1.jpg","pic"
"92","30388",0,0,0,0,0,"Heart 3.jpg","pic"
"93","30388",0,0,0,0,0,"Dirt 1.jpg","pic"
"94","30388",6,8,0,0,0,"Fireworks 6.jpg","pic"
"95","30388",30,60,0,20,90,"Beach 1.jpg","pic"
"96","30388",20,0,0,0,0,"Toilet 4.jpg","pic"
"97","31279",29,50,21,12,63,"Fire 10.jpg","pic"
"98","31279",97,100,98,100,99,"Lake 12.jpg","pic"
"99","31279",0,0,0,0,0,"Toilet 4.jpg","pic"
"100","31279",71,66,31,52,52,"Snow 1.jpg","pic"
"101","31279",100,99,100,100,100,"Beach 1.jpg","pic"
"102","31279",12,0,0,0,0,"Dirt 1.jpg","pic"
"103","31279",0,0,0,0,0,"Prison 2.jpg","pic"
"104","31279",0,0,0,0,0,"Garbage dump 1.jpg","pic"
"105","31279",87,87,87,86,89,"Clean 1.jpg","pic"
"106","31279",12,0,0,0,3,"Destruction 2.jpg","pic"
"107","31279",89,83,65,89,46,"Heart 3.jpg","pic"
"108","31279",85,71,70,87,20,"Fireworks 6.jpg","pic"
"109","31279",0,0,0,0,0,"Flood 1.jpg","pic"
"110","31279",62,69,79,84,83,"Rocks 1.jpg","pic"
"111","31279",99,98,100,100,99,"Rainbow 2.jpg","pic"
"112","31279",83,16,0,58,25,"Ferret 1.jpg","pic"
"113","32551",1,2,1,1,3,"Destruction 2.jpg","pic"
"114","32551",62,22,65,69,68,"Beach 1.jpg","pic"
"115","32551",56,80,5,25,61,"Heart 3.jpg","pic"
"116","32551",2,2,3,1,2,"Prison 2.jpg","pic"
"117","32551",44,86,28,38,48,"Lake 12.jpg","pic"
"118","32551",46,32,35,53,45,"Rainbow 2.jpg","pic"
"119","32551",40,4,4,4,26,"Clean 1.jpg","pic"
"120","32551",64,29,49,50,23,"Snow 1.jpg","pic"
"121","32551",4,7,5,7,4,"Dirt 1.jpg","pic"
"122","32551",4,1,2,2,0,"Toilet 4.jpg","pic"
"123","32551",0,0,0,1,0,"Garbage dump 1.jpg","pic"
"124","32551",0,0,0,0,1,"Flood 1.jpg","pic"
"125","32551",1,1,1,1,0,"Ferret 1.jpg","pic"
"126","32551",38,23,66,53,9,"Fireworks 6.jpg","pic"
"127","32551",38,52,2,28,27,"Rocks 1.jpg","pic"
"128","32551",1,2,2,2,1,"Fire 10.jpg","pic"
"129","32569",0,0,0,0,0,"Heart 3.jpg","pic"
"130","32569",0,0,0,0,0,"Ferret 1.jpg","pic"
"131","32569",0,0,0,0,0,"Dirt 1.jpg","pic"
"132","32569",23,0,0,25,17,"Beach 1.jpg","pic"
"133","32569",34,30,55,53,0,"Fireworks 6.jpg","pic"
"134","32569",11,0,0,24,19,"Rainbow 2.jpg","pic"
"135","32569",0,0,0,0,0,"Flood 1.jpg","pic"
"136","32569",0,0,0,0,0,"Toilet 4.jpg","pic"
"137","32569",19,34,0,10,24,"Lake 12.jpg","pic"
"138","32569",0,0,0,0,0,"Prison 2.jpg","pic"
"139","32569",0,0,0,0,0,"Fire 10.jpg","pic"
"140","32569",0,0,0,0,0,"Rocks 1.jpg","pic"
"141","32569",0,0,0,0,0,"Snow 1.jpg","pic"
"142","32569",0,0,0,0,0,"Garbage dump 1.jpg","pic"
"143","32569",0,0,0,0,0,"Destruction 2.jpg","pic"
"144","32569",9,13,0,9,15,"Clean 1.jpg","pic"
"145","32299",0,0,0,0,0,"Ferret 1.jpg","pic"
"146","32299",50,50,40,30,75,"Clean 1.jpg","pic"
"147","32299",0,0,0,0,0,"Garbage dump 1.jpg","pic"
"148","32299",0,0,0,0,0,"Dirt 1.jpg","pic"
"149","32299",0,0,0,0,0,"Toilet 4.jpg","pic"
"150","32299",0,0,0,0,0,"Destruction 2.jpg","pic"
"151","32299",50,50,50,50,30,"Heart 3.jpg","pic"
"152","32299",50,30,30,30,30,"Rainbow 2.jpg","pic"
"153","32299",70,1,50,50,20,"Fireworks 6.jpg","pic"
"154","32299",60,60,50,60,50,"Rocks 1.jpg","pic"
"155","32299",0,0,0,0,0,"Fire 10.jpg","pic"
"156","32299",80,80,60,80,80,"Lake 12.jpg","pic"
"157","32299",50,75,75,75,30,"Snow 1.jpg","pic"
"158","32299",75,50,75,75,75,"Beach 1.jpg","pic"
"159","32299",0,0,0,0,0,"Flood 1.jpg","pic"
"160","32299",0,0,0,0,0,"Prison 2.jpg","pic"
"161","30766",0,0,0,0,0,"Toilet 4.jpg","pic"
"162","30766",100,50,0,50,50,"Beach 1.jpg","pic"
"163","30766",0,0,0,0,0,"Lake 12.jpg","pic"
"164","30766",10,45,0,30,12,"Snow 1.jpg","pic"
"165","30766",0,0,0,0,0,"Ferret 1.jpg","pic"
"166","30766",0,0,0,0,0,"Garbage dump 1.jpg","pic"
"167","30766",0,0,0,0,0,"Dirt 1.jpg","pic"
"168","30766",0,0,0,0,0,"Flood 1.jpg","pic"
"169","30766",45,100,0,30,75,"Heart 3.jpg","pic"
"170","30766",100,100,100,80,20,"Fireworks 6.jpg","pic"
"171","30766",0,0,0,0,0,"Clean 1.jpg","pic"
"172","30766",100,85,15,0,50,"Rainbow 2.jpg","pic"
"173","30766",0,0,0,0,5,"Prison 2.jpg","pic"
"174","30766",0,0,0,0,0,"Destruction 2.jpg","pic"
"175","30766",0,0,0,0,0,"Fire 10.jpg","pic"
"176","30766",0,50,0,0,20,"Rocks 1.jpg","pic"
"177","30916",7,7,9,14,12,"Flood 1.jpg","pic"
"178","30916",47,36,31,67,24,"Heart 3.jpg","pic"
"179","30916",69,81,78,85,39,"Lake 12.jpg","pic"
"180","30916",52,70,34,39,9,"Rocks 1.jpg","pic"
"181","30916",10,1,5,0,1,"Garbage dump 1.jpg","pic"
"182","30916",58,56,80,73,79,"Beach 1.jpg","pic"
"183","30916",10,22,5,5,14,"Prison 2.jpg","pic"
"184","30916",77,81,80,54,44,"Rainbow 2.jpg","pic"
"185","30916",3,10,2,1,1,"Toilet 4.jpg","pic"
"186","30916",0,2,1,0,1,"Destruction 2.jpg","pic"
"187","30916",0,0,0,0,0,"Dirt 1.jpg","pic"
"188","30916",0,0,0,0,0,"Fire 10.jpg","pic"
"189","30916",79,32,67,69,12,"Fireworks 6.jpg","pic"
"190","30916",36,20,30,23,77,"Clean 1.jpg","pic"
"191","30916",0,37,0,0,22,"Snow 1.jpg","pic"
"192","30916",7,10,28,30,10,"Ferret 1.jpg","pic"
"193","31711",4,0,7,1,5,"Toilet 4.jpg","pic"
"194","31711",74,47,95,66,86,"Fireworks 6.jpg","pic"
"195","31711",0,0,2,0,2,"Ferret 1.jpg","pic"
"196","31711",53,65,64,68,77,"Beach 1.jpg","pic"
"197","31711",41,52,79,75,64,"Snow 1.jpg","pic"
"198","31711",32,22,19,26,38,"Clean 1.jpg","pic"
"199","31711",5,19,26,27,25,"Rocks 1.jpg","pic"
"200","31711",78,56,73,64,83,"Lake 12.jpg","pic"
"201","31711",3,1,1,2,5,"Destruction 2.jpg","pic"
"202","31711",1,4,1,1,0,"Flood 1.jpg","pic"
"203","31711",15,3,5,4,11,"Garbage dump 1.jpg","pic"
"204","31711",4,22,13,26,13,"Fire 10.jpg","pic"
"205","31711",46,50,36,55,23,"Heart 3.jpg","pic"
"206","31711",5,3,3,2,4,"Prison 2.jpg","pic"
"207","31711",50,49,47,59,62,"Rainbow 2.jpg","pic"
"208","31711",5,3,4,2,1,"Dirt 1.jpg","pic"
"209","30475",0,10,0,0,20,"Dirt 1.jpg","pic"
"210","30475",5,10,20,10,0,"Fireworks 6.jpg","pic"
"211","30475",0,20,0,5,30,"Beach 1.jpg","pic"
"212","30475",0,0,0,0,0,"Fire 10.jpg","pic"
"213","30475",0,0,0,0,0,"Garbage dump 1.jpg","pic"
"214","30475",0,0,0,0,5,"Rocks 1.jpg","pic"
"215","30475",0,0,0,0,0,"Destruction 2.jpg","pic"
"216","30475",0,0,0,0,0,"Prison 2.jpg","pic"
"217","30475",0,15,0,5,15,"Rainbow 2.jpg","pic"
"218","30475",5,5,0,5,10,"Heart 3.jpg","pic"
"219","30475",0,10,0,0,20,"Clean 1.jpg","pic"
"220","30475",0,0,0,0,0,"Flood 1.jpg","pic"
"221","30475",0,0,0,0,0,"Ferret 1.jpg","pic"
"222","30475",0,0,0,0,0,"Toilet 4.jpg","pic"
"223","30475",15,40,10,10,30,"Snow 1.jpg","pic"
"224","30475",0,10,5,15,20,"Lake 12.jpg","pic"
"225","30880",25,54,26,12,57,"Clean 1.jpg","pic"
"226","30880",0,0,0,0,0,"Destruction 2.jpg","pic"
"227","30880",44,37,64,53,10,"Snow 1.jpg","pic"
"228","30880",47,38,58,75,0,"Fireworks 6.jpg","pic"
"229","30880",39,19,11,12,0,"Heart 3.jpg","pic"
"230","30880",0,0,0,0,0,"Garbage dump 1.jpg","pic"
"231","30880",48,56,53,65,42,"Rainbow 2.jpg","pic"
"232","30880",76,78,57,83,94,"Beach 1.jpg","pic"
"233","30880",0,0,0,0,0,"Ferret 1.jpg","pic"
"234","30880",0,0,0,0,0,"Flood 1.jpg","pic"
"235","30880",0,0,0,0,0,"Fire 10.jpg","pic"
"236","30880",0,0,0,0,0,"Dirt 1.jpg","pic"
"237","30880",37,16,44,22,28,"Rocks 1.jpg","pic"
"238","30880",0,0,0,0,0,"Toilet 4.jpg","pic"
"239","30880",0,0,0,0,0,"Prison 2.jpg","pic"
"240","30880",90,76,72,69,68,"Lake 12.jpg","pic"
"241","32848",75,95,80,75,85,"Snow 1.jpg","pic"
"242","32848",10,0,4,6,4,"Dirt 1.jpg","pic"
"243","32848",61,65,49,68,77,"Rainbow 2.jpg","pic"
"244","32848",50,23,50,36,27,"Heart 3.jpg","pic"
"245","32848",9,0,4,0,2,"Prison 2.jpg","pic"
"246","32848",39,21,42,55,7,"Ferret 1.jpg","pic"
"247","32848",5,4,3,5,6,"Toilet 4.jpg","pic"
"248","32848",56,77,86,77,70,"Clean 1.jpg","pic"
"249","32848",3,1,1,1,0,"Fire 10.jpg","pic"
"250","32848",1,2,3,0,3,"Garbage dump 1.jpg","pic"
"251","32848",68,79,74,70,75,"Beach 1.jpg","pic"
"252","32848",75,55,76,76,30,"Fireworks 6.jpg","pic"
"253","32848",64,70,79,77,71,"Lake 12.jpg","pic"
"254","32848",2,0,0,0,16,"Flood 1.jpg","pic"
"255","32848",0,0,0,0,0,"Destruction 2.jpg","pic"
"256","32848",73,63,82,76,76,"Rocks 1.jpg","pic"
"257","31168",0,0,0,0,0,"Destruction 2.jpg","pic"
"258","31168",0,0,0,16,0,"Ferret 1.jpg","pic"
"259","31168",79,100,30,82,100,"Lake 12.jpg","pic"
"260","31168",23,59,0,13,81,"Dirt 1.jpg","pic"
"261","31168",0,0,0,0,0,"Toilet 4.jpg","pic"
"262","31168",0,0,0,0,0,"Garbage dump 1.jpg","pic"
"263","31168",71,90,38,94,100,"Beach 1.jpg","pic"
"264","31168",16,86,29,52,83,"Rocks 1.jpg","pic"
"265","31168",0,0,0,0,0,"Prison 2.jpg","pic"
"266","31168",61,100,58,59,100,"Snow 1.jpg","pic"
"267","31168",0,0,0,0,25,"Fire 10.jpg","pic"
"268","31168",0,0,0,0,0,"Flood 1.jpg","pic"
"269","31168",32,89,22,44,60,"Clean 1.jpg","pic"
"270","31168",43,55,0,49,71,"Heart 3.jpg","pic"
"271","31168",55,35,47,68,0,"Fireworks 6.jpg","pic"
"272","31168",35,88,11,58,100,"Rainbow 2.jpg","pic"
"273","31669",24,14,36,57,36,"Flood 1.jpg","pic"
"274","31669",5,31,44,31,27,"Garbage dump 1.jpg","pic"
"275","31669",73,59,45,41,66,"Snow 1.jpg","pic"
"276","31669",16,28,25,23,29,"Fire 10.jpg","pic"
"277","31669",16,19,56,19,36,"Toilet 4.jpg","pic"
"278","31669",56,51,62,63,28,"Fireworks 6.jpg","pic"
"279","31669",19,21,57,45,12,"Prison 2.jpg","pic"
"280","31669",63,56,50,49,87,"Rocks 1.jpg","pic"
"281","31669",31,40,27,40,5,"Destruction 2.jpg","pic"
"282","31669",55,45,28,53,48,"Clean 1.jpg","pic"
"283","31669",32,9,30,6,15,"Ferret 1.jpg","pic"
"284","31669",56,51,66,23,73,"Lake 12.jpg","pic"
"285","31669",47,59,45,15,17,"Heart 3.jpg","pic"
"286","31669",65,56,54,59,48,"Beach 1.jpg","pic"
"287","31669",51,44,42,60,10,"Rainbow 2.jpg","pic"
"288","31669",48,23,11,13,11,"Dirt 1.jpg","pic"
"289","31981",66,44,44,42,58,"Fireworks 6.jpg","pic"
"290","31981",53,47,49,45,52,"Clean 1.jpg","pic"
"291","31981",59,35,62,60,67,"Dirt 1.jpg","pic"
"292","31981",52,61,91,69,92,"Lake 12.jpg","pic"
"293","31981",8,6,0,4,3,"Toilet 4.jpg","pic"
"294","31981",37,63,71,57,50,"Fire 10.jpg","pic"
"295","31981",60,45,40,54,31,"Rainbow 2.jpg","pic"
"296","31981",48,40,19,40,40,"Ferret 1.jpg","pic"
"297","31981",6,19,15,17,17,"Garbage dump 1.jpg","pic"
"298","31981",31,54,62,43,58,"Flood 1.jpg","pic"
"299","31981",30,43,43,41,39,"Beach 1.jpg","pic"
"300","31981",50,46,46,45,35,"Rocks 1.jpg","pic"
"301","31981",46,51,53,56,56,"Snow 1.jpg","pic"
"302","31981",52,48,48,49,46,"Destruction 2.jpg","pic"
"303","31981",41,71,80,67,66,"Prison 2.jpg","pic"
"304","31981",54,75,54,32,62,"Heart 3.jpg","pic"
"305","29974",2,2,1,2,49,"Lake 12.jpg","pic"
"306","29974",3,1,1,5,36,"Rocks 1.jpg","pic"
"307","29974",49,53,16,53,66,"Rainbow 2.jpg","pic"
"308","29974",60,80,77,47,74,"Fireworks 6.jpg","pic"
"309","29974",34,12,8,52,50,"Fire 10.jpg","pic"
"310","29974",47,0,0,0,0,"Heart 3.jpg","pic"
"311","29974",0,0,0,0,0,"Toilet 4.jpg","pic"
"312","29974",0,0,0,0,0,"Dirt 1.jpg","pic"
"313","29974",23,0,0,0,71,"Clean 1.jpg","pic"
"314","29974",0,0,0,0,0,"Ferret 1.jpg","pic"
"315","29974",0,0,0,0,0,"Prison 2.jpg","pic"
"316","29974",0,0,0,0,85,"Snow 1.jpg","pic"
"317","29974",29,79,54,72,72,"Beach 1.jpg","pic"
"318","29974",4,0,0,0,0,"Garbage dump 1.jpg","pic"
"319","29974",9,0,0,0,0,"Flood 1.jpg","pic"
"320","29974",0,0,0,0,0,"Destruction 2.jpg","pic"
"321","31723",0,0,0,0,0,"Prison 2.jpg","pic"
"322","31723",30,20,0,20,15,"Heart 3.jpg","pic"
"323","31723",30,60,35,35,35,"Lake 12.jpg","pic"
"324","31723",40,40,40,50,40,"Fireworks 6.jpg","pic"
"325","31723",0,5,0,5,25,"Dirt 1.jpg","pic"
"326","31723",30,50,15,35,25,"Rainbow 2.jpg","pic"
"327","31723",0,0,0,0,0,"Destruction 2.jpg","pic"
"328","31723",10,20,10,0,0,"Clean 1.jpg","pic"
"329","31723",0,0,0,0,0,"Flood 1.jpg","pic"
"330","31723",15,10,20,20,0,"Ferret 1.jpg","pic"
"331","31723",0,0,0,0,0,"Toilet 4.jpg","pic"
"332","31723",25,50,0,25,25,"Fire 10.jpg","pic"
"333","31723",25,15,0,25,25,"Rocks 1.jpg","pic"
"334","31723",40,35,30,25,30,"Beach 1.jpg","pic"
"335","31723",0,0,0,0,0,"Garbage dump 1.jpg","pic"
"336","31723",35,60,40,35,40,"Snow 1.jpg","pic"
"337","30007",32,32,19,6,29,"Garbage dump 1.jpg","pic"
"338","30007",17,21,26,28,21,"Heart 3.jpg","pic"
"339","30007",7,14,7,14,4,"Ferret 1.jpg","pic"
"340","30007",11,6,14,12,21,"Prison 2.jpg","pic"
"341","30007",32,11,19,13,9,"Lake 12.jpg","pic"
"342","30007",26,10,32,28,37,"Clean 1.jpg","pic"
"343","30007",36,50,58,51,47,"Snow 1.jpg","pic"
"344","30007",12,18,16,13,12,"Rocks 1.jpg","pic"
"345","30007",17,19,17,33,20,"Fire 10.jpg","pic"
"346","30007",35,10,49,14,17,"Fireworks 6.jpg","pic"
"347","30007",6,5,4,4,6,"Flood 1.jpg","pic"
"348","30007",5,6,9,9,3,"Toilet 4.jpg","pic"
"349","30007",46,7,46,12,49,"Rainbow 2.jpg","pic"
"350","30007",43,9,68,56,64,"Beach 1.jpg","pic"
"351","30007",11,12,15,15,11,"Dirt 1.jpg","pic"
"352","30007",9,13,6,2,4,"Destruction 2.jpg","pic"
"353","32635",12,16,30,4,13,"Prison 2.jpg","pic"
"354","32635",47,21,0,39,22,"Garbage dump 1.jpg","pic"
"355","32635",22,11,17,1,16,"Ferret 1.jpg","pic"
"356","32635",96,86,92,85,68,"Fireworks 6.jpg","pic"
"357","32635",87,75,42,87,85,"Rainbow 2.jpg","pic"
"358","32635",85,40,34,75,100,"Lake 12.jpg","pic"
"359","32635",15,5,4,14,21,"Destruction 2.jpg","pic"
"360","32635",54,63,26,49,69,"Clean 1.jpg","pic"
"361","32635",77,57,15,53,84,"Snow 1.jpg","pic"
"362","32635",16,15,7,8,12,"Flood 1.jpg","pic"
"363","32635",58,35,30,64,50,"Rocks 1.jpg","pic"
"364","32635",33,10,27,30,38,"Fire 10.jpg","pic"
"365","32635",75,97,84,89,85,"Beach 1.jpg","pic"
"366","32635",8,10,9,15,21,"Dirt 1.jpg","pic"
"367","32635",16,4,13,7,18,"Toilet 4.jpg","pic"
"368","32635",76,61,53,45,85,"Heart 3.jpg","pic"
"369","30814",70,50,50,70,80,"Rainbow 2.jpg","pic"
"370","30814",70,60,50,50,60,"Snow 1.jpg","pic"
"371","30814",60,60,70,60,70,"Fireworks 6.jpg","pic"
"372","30814",10,20,0,10,50,"Fire 10.jpg","pic"
"373","30814",50,50,50,50,60,"Heart 3.jpg","pic"
"374","30814",50,50,50,50,50,"Dirt 1.jpg","pic"
"375","30814",15,10,20,10,15,"Ferret 1.jpg","pic"
"376","30814",0,0,30,0,30,"Flood 1.jpg","pic"
"377","30814",0,0,0,0,0,"Prison 2.jpg","pic"
"378","30814",50,0,50,0,50,"Clean 1.jpg","pic"
"379","30814",0,0,0,0,0,"Toilet 4.jpg","pic"
"380","30814",49,50,50,60,50,"Rocks 1.jpg","pic"
"381","30814",50,50,50,50,50,"Beach 1.jpg","pic"
"382","30814",0,0,0,0,0,"Destruction 2.jpg","pic"
"383","30814",51,30,50,40,50,"Lake 12.jpg","pic"
"384","30814",0,0,0,0,0,"Garbage dump 1.jpg","pic"
"385","29887",0,0,0,0,0,"Toilet 4.jpg","pic"
"386","29887",0,0,0,0,0,"Flood 1.jpg","pic"
"387","29887",0,0,0,0,0,"Destruction 2.jpg","pic"
"388","29887",9,29,0,22,67,"Lake 12.jpg","pic"
"389","29887",0,0,0,0,0,"Rocks 1.jpg","pic"
"390","29887",0,0,0,0,0,"Ferret 1.jpg","pic"
"391","29887",0,26,0,0,35,"Snow 1.jpg","pic"
"392","29887",0,0,7,21,0,"Fireworks 6.jpg","pic"
"393","29887",55,0,0,16,79,"Heart 3.jpg","pic"
"394","29887",0,0,0,0,0,"Prison 2.jpg","pic"
"395","29887",0,0,0,0,60,"Clean 1.jpg","pic"
"396","29887",0,0,0,0,0,"Garbage dump 1.jpg","pic"
"397","29887",78,35,0,29,88,"Rainbow 2.jpg","pic"
"398","29887",11,63,0,0,78,"Beach 1.jpg","pic"
"399","29887",0,0,0,0,0,"Dirt 1.jpg","pic"
"400","29887",0,0,0,0,0,"Fire 10.jpg","pic"
"401","29944",0,0,0,0,50,"Garbage dump 1.jpg","pic"
"402","29944",0,0,0,0,50,"Toilet 4.jpg","pic"
"403","29944",0,0,0,0,50,"Destruction 2.jpg","pic"
"404","29944",10,15,0,0,55,"Ferret 1.jpg","pic"
"405","29944",0,0,0,0,40,"Clean 1.jpg","pic"
"406","29944",50,50,0,0,50,"Heart 3.jpg","pic"
"407","29944",0,20,50,10,50,"Fireworks 6.jpg","pic"
"408","29944",50,50,0,0,70,"Lake 12.jpg","pic"
"409","29944",50,25,0,0,50,"Beach 1.jpg","pic"
"410","29944",0,65,0,0,60,"Snow 1.jpg","pic"
"411","29944",0,70,0,0,60,"Dirt 1.jpg","pic"
"412","29944",0,0,3,0,30,"Prison 2.jpg","pic"
"413","29944",10,35,0,0,60,"Rainbow 2.jpg","pic"
"414","29944",0,10,0,0,50,"Fire 10.jpg","pic"
"415","29944",0,5,0,0,45,"Rocks 1.jpg","pic"
"416","29944",0,0,0,0,20,"Flood 1.jpg","pic"
"417","31132",26,37,33,41,68,"Rocks 1.jpg","pic"
"418","31132",11,11,0,12,0,"Prison 2.jpg","pic"
"419","31132",3,5,4,5,0,"Ferret 1.jpg","pic"
"420","31132",91,82,93,90,10,"Fireworks 6.jpg","pic"
"421","31132",99,94,97,95,100,"Beach 1.jpg","pic"
"422","31132",94,93,92,95,93,"Snow 1.jpg","pic"
"423","31132",85,88,86,90,86,"Lake 12.jpg","pic"
"424","31132",89,93,92,95,91,"Rainbow 2.jpg","pic"
"425","31132",34,16,32,16,48,"Clean 1.jpg","pic"
"426","31132",49,59,66,61,68,"Garbage dump 1.jpg","pic"
"427","31132",75,87,83,90,84,"Destruction 2.jpg","pic"
"428","31132",63,46,57,75,57,"Fire 10.jpg","pic"
"429","31132",66,50,60,56,61,"Dirt 1.jpg","pic"
"430","31132",18,0,3,20,0,"Toilet 4.jpg","pic"
"431","31132",36,33,60,52,56,"Flood 1.jpg","pic"
"432","31132",77,66,57,86,28,"Heart 3.jpg","pic"
"433","30064",65,100,100,50,80,"Heart 3.jpg","pic"
"434","30064",22,27,10,10,12,"Destruction 2.jpg","pic"
"435","30064",100,100,100,100,100,"Lake 12.jpg","pic"
"436","30064",60,100,80,60,80,"Snow 1.jpg","pic"
"437","30064",0,0,0,0,0,"Toilet 4.jpg","pic"
"438","30064",100,100,100,100,100,"Rainbow 2.jpg","pic"
"439","30064",90,80,50,70,100,"Clean 1.jpg","pic"
"440","30064",0,0,0,0,0,"Ferret 1.jpg","pic"
"441","30064",0,0,0,0,0,"Prison 2.jpg","pic"
"442","30064",100,100,100,80,80,"Fireworks 6.jpg","pic"
"443","30064",0,0,0,0,0,"Flood 1.jpg","pic"
"444","30064",28,37,12,9,6,"Rocks 1.jpg","pic"
"445","30064",100,100,100,100,100,"Beach 1.jpg","pic"
"446","30064",0,0,0,0,0,"Garbage dump 1.jpg","pic"
"447","30064",0,0,0,0,0,"Dirt 1.jpg","pic"
"448","30064",0,0,0,0,0,"Fire 10.jpg","pic"
"449","32392",0,0,0,0,0,"Prison 2.jpg","pic"
"450","32392",0,0,0,0,0,"Ferret 1.jpg","pic"
"451","32392",5,0,0,0,12,"Heart 3.jpg","pic"
"452","32392",0,0,0,0,0,"Dirt 1.jpg","pic"
"453","32392",0,0,0,0,0,"Flood 1.jpg","pic"
"454","32392",7,0,0,0,17,"Rainbow 2.jpg","pic"
"455","32392",0,0,0,0,0,"Toilet 4.jpg","pic"
"456","32392",8,8,4,21,10,"Lake 12.jpg","pic"
"457","32392",0,0,0,0,4,"Fire 10.jpg","pic"
"458","32392",6,0,12,6,19,"Beach 1.jpg","pic"
"459","32392",0,0,0,0,0,"Destruction 2.jpg","pic"
"460","32392",7,17,2,0,4,"Clean 1.jpg","pic"
"461","32392",14,41,19,20,22,"Rocks 1.jpg","pic"
"462","32392",20,10,32,17,0,"Fireworks 6.jpg","pic"
"463","32392",0,0,0,0,0,"Garbage dump 1.jpg","pic"
"464","32392",0,0,0,0,14,"Snow 1.jpg","pic"
"465","32875",56,64,27,67,78,"Rainbow 2.jpg","pic"
"466","32875",5,10,7,7,10,"Ferret 1.jpg","pic"
"467","32875",79,71,84,84,62,"Fireworks 6.jpg","pic"
"468","32875",77,88,66,89,78,"Beach 1.jpg","pic"
"469","32875",0,0,0,0,0,"Dirt 1.jpg","pic"
"470","32875",0,0,0,0,0,"Prison 2.jpg","pic"
"471","32875",0,0,0,0,0,"Fire 10.jpg","pic"
"472","32875",76,94,70,85,80,"Lake 12.jpg","pic"
"473","32875",0,0,0,0,5,"Garbage dump 1.jpg","pic"
"474","32875",0,0,0,0,0,"Flood 1.jpg","pic"
"475","32875",0,0,0,0,0,"Toilet 4.jpg","pic"
"476","32875",0,0,0,0,0,"Destruction 2.jpg","pic"
"477","32875",55,89,54,68,68,"Snow 1.jpg","pic"
"478","32875",46,58,23,28,28,"Heart 3.jpg","pic"
"479","32875",69,96,42,74,67,"Clean 1.jpg","pic"
"480","32875",40,32,10,18,17,"Rocks 1.jpg","pic"
"481","31654",0,0,0,0,0,"Flood 1.jpg","pic"
"482","31654",88,56,82,78,93,"Lake 12.jpg","pic"
"483","31654",66,54,37,78,60,"Clean 1.jpg","pic"
"484","31654",0,0,0,0,0,"Prison 2.jpg","pic"
"485","31654",0,0,0,0,0,"Fire 10.jpg","pic"
"486","31654",89,68,83,92,67,"Snow 1.jpg","pic"
"487","31654",0,0,0,0,0,"Garbage dump 1.jpg","pic"
"488","31654",9,2,0,2,3,"Ferret 1.jpg","pic"
"489","31654",28,9,2,21,9,"Heart 3.jpg","pic"
"490","31654",75,50,75,64,87,"Beach 1.jpg","pic"
"491","31654",46,27,61,44,39,"Fireworks 6.jpg","pic"
"492","31654",0,0,0,0,0,"Toilet 4.jpg","pic"
"493","31654",9,23,0,7,6,"Dirt 1.jpg","pic"
"494","31654",0,0,0,0,0,"Destruction 2.jpg","pic"
"495","31654",73,92,77,90,89,"Rainbow 2.jpg","pic"
"496","31654",89,98,81,83,88,"Rocks 1.jpg","pic"
"497","32791",100,100,100,62,98,"Rocks 1.jpg","pic"
"498","32791",0,0,0,0,0,"Beach 1.jpg","pic"
"499","32791",99,100,100,100,79,"Snow 1.jpg","pic"
"500","32791",0,13,0,0,41,"Clean 1.jpg","pic"
"501","32791",99,100,99,99,97,"Lake 12.jpg","pic"
"502","32791",100,100,99,98,100,"Fire 10.jpg","pic"
"503","32791",21,0,0,0,30,"Toilet 4.jpg","pic"
"504","32791",0,0,0,0,0,"Rainbow 2.jpg","pic"
"505","32791",0,1,0,0,1,"Prison 2.jpg","pic"
"506","32791",0,0,0,0,0,"Dirt 1.jpg","pic"
"507","32791",0,0,0,0,0,"Garbage dump 1.jpg","pic"
"508","32791",78,1,0,0,0,"Destruction 2.jpg","pic"
"509","32791",84,100,98,100,74,"Fireworks 6.jpg","pic"
"510","32791",0,0,0,0,69,"Heart 3.jpg","pic"
"511","32791",0,0,0,0,0,"Ferret 1.jpg","pic"
"512","32791",0,0,0,0,0,"Flood 1.jpg","pic"
"513","32854",0,3,2,3,0,"Ferret 1.jpg","pic"
"514","32854",0,1,1,1,0,"Prison 2.jpg","pic"
"515","32854",64,46,47,63,66,"Snow 1.jpg","pic"
"516","32854",12,3,1,1,2,"Garbage dump 1.jpg","pic"
"517","32854",40,75,76,75,74,"Heart 3.jpg","pic"
"518","32854",91,98,97,79,87,"Lake 12.jpg","pic"
"519","32854",5,0,0,0,1,"Fire 10.jpg","pic"
"520","32854",1,1,2,2,4,"Destruction 2.jpg","pic"
"521","32854",4,7,4,5,4,"Flood 1.jpg","pic"
"522","32854",89,98,96,65,97,"Clean 1.jpg","pic"
"523","32854",97,98,98,97,98,"Rainbow 2.jpg","pic"
"524","32854",5,0,2,3,1,"Toilet 4.jpg","pic"
"525","32854",89,92,96,91,54,"Fireworks 6.jpg","pic"
"526","32854",11,1,0,5,29,"Dirt 1.jpg","pic"
"527","32854",13,65,74,86,74,"Rocks 1.jpg","pic"
"528","32854",99,100,100,97,95,"Beach 1.jpg","pic"
"529","31621",0,82,0,3,44,"Rainbow 2.jpg","pic"
"530","31621",1,2,3,3,4,"Fire 10.jpg","pic"
"531","31621",1,12,0,0,0,"Clean 1.jpg","pic"
"532","31621",1,3,3,3,2,"Ferret 1.jpg","pic"
"533","31621",1,0,1,0,0,"Garbage dump 1.jpg","pic"
"534","31621",1,18,0,0,1,"Toilet 4.jpg","pic"
"535","31621",1,1,1,1,1,"Prison 2.jpg","pic"
"536","31621",27,83,1,23,2,"Lake 12.jpg","pic"
"537","31621",21,54,0,1,26,"Rocks 1.jpg","pic"
"538","31621",0,0,0,0,0,"Destruction 2.jpg","pic"
"539","31621",23,39,0,17,26,"Heart 3.jpg","pic"
"540","31621",28,17,0,11,27,"Fireworks 6.jpg","pic"
"541","31621",1,0,1,1,0,"Dirt 1.jpg","pic"
"542","31621",2,70,1,1,30,"Snow 1.jpg","pic"
"543","31621",33,41,11,38,53,"Beach 1.jpg","pic"
"544","31621",0,0,0,0,0,"Flood 1.jpg","pic"
"545","32395",86,87,87,88,91,"Heart 3.jpg","pic"
"546","32395",12,37,8,5,9,"Ferret 1.jpg","pic"
"547","32395",86,91,91,92,88,"Clean 1.jpg","pic"
"548","32395",88,90,92,91,98,"Snow 1.jpg","pic"
"549","32395",88,92,94,93,62,"Lake 12.jpg","pic"
"550","32395",11,17,21,27,6,"Toilet 4.jpg","pic"
"551","32395",18,11,5,8,8,"Garbage dump 1.jpg","pic"
"552","32395",92,91,91,93,96,"Rocks 1.jpg","pic"
"553","32395",0,0,0,3,3,"Flood 1.jpg","pic"
"554","32395",3,8,5,4,7,"Prison 2.jpg","pic"
"555","32395",5,5,5,5,3,"Destruction 2.jpg","pic"
"556","32395",7,9,7,3,11,"Fire 10.jpg","pic"
"557","32395",98,98,99,100,99,"Rainbow 2.jpg","pic"
"558","32395",99,99,98,100,98,"Beach 1.jpg","pic"
"559","32395",16,3,3,20,3,"Dirt 1.jpg","pic"
"560","32395",97,87,99,83,63,"Fireworks 6.jpg","pic"
"561","32617",65,61,65,54,52,"Lake 12.jpg","pic"
"562","32617",11,24,4,5,53,"Dirt 1.jpg","pic"
"563","32617",23,34,9,13,52,"Snow 1.jpg","pic"
"564","32617",4,0,15,3,24,"Prison 2.jpg","pic"
"565","32617",6,1,3,1,36,"Destruction 2.jpg","pic"
"566","32617",56,48,73,76,49,"Fireworks 6.jpg","pic"
"567","32617",61,49,52,71,48,"Rainbow 2.jpg","pic"
"568","32617",2,1,1,3,3,"Flood 1.jpg","pic"
"569","32617",40,34,35,64,79,"Clean 1.jpg","pic"
"570","32617",72,48,74,50,74,"Rocks 1.jpg","pic"
"571","32617",76,57,68,80,73,"Beach 1.jpg","pic"
"572","32617",58,54,41,43,52,"Heart 3.jpg","pic"
"573","32617",43,39,22,44,41,"Garbage dump 1.jpg","pic"
"574","32617",15,6,8,2,7,"Toilet 4.jpg","pic"
"575","32617",7,2,1,1,1,"Fire 10.jpg","pic"
"576","32617",6,3,17,2,3,"Ferret 1.jpg","pic"
"577","30022",40,25,10,30,40,"Rainbow 2.jpg","pic"
"578","30022",70,50,65,60,50,"Fireworks 6.jpg","pic"
"579","30022",0,0,0,0,0,"Flood 1.jpg","pic"
"580","30022",0,0,0,0,0,"Ferret 1.jpg","pic"
"581","30022",60,0,10,0,30,"Toilet 4.jpg","pic"
"582","30022",50,50,50,25,50,"Snow 1.jpg","pic"
"583","30022",0,0,0,0,0,"Prison 2.jpg","pic"
"584","30022",0,0,0,0,10,"Garbage dump 1.jpg","pic"
"585","30022",0,10,0,0,10,"Dirt 1.jpg","pic"
"586","30022",50,50,50,30,100,"Beach 1.jpg","pic"
"587","30022",0,0,0,0,0,"Destruction 2.jpg","pic"
"588","30022",20,25,0,0,20,"Rocks 1.jpg","pic"
"589","30022",25,25,0,0,50,"Clean 1.jpg","pic"
"590","30022",30,50,0,0,50,"Heart 3.jpg","pic"
"591","30022",50,75,35,35,50,"Lake 12.jpg","pic"
"592","30022",0,0,0,0,20,"Fire 10.jpg","pic"
"593","32572",18,0,0,0,0,"Heart 3.jpg","pic"
"594","32572",0,13,0,0,0,"Dirt 1.jpg","pic"
"595","32572",0,30,27,56,0,"Clean 1.jpg","pic"
"596","32572",0,0,0,0,0,"Beach 1.jpg","pic"
"597","32572",0,0,0,0,0,"Rocks 1.jpg","pic"
"598","32572",0,0,0,0,0,"Destruction 2.jpg","pic"
"599","32572",0,0,0,0,0,"Garbage dump 1.jpg","pic"
"600","32572",0,0,0,0,0,"Ferret 1.jpg","pic"
"601","32572",0,0,0,1,0,"Toilet 4.jpg","pic"
"602","32572",0,8,1,1,0,"Fire 10.jpg","pic"
"603","32572",39,36,4,44,20,"Rainbow 2.jpg","pic"
"604","32572",1,64,0,60,66,"Lake 12.jpg","pic"
"605","32572",49,69,74,71,58,"Snow 1.jpg","pic"
"606","32572",46,26,48,64,36,"Fireworks 6.jpg","pic"
"607","32572",0,0,0,0,0,"Flood 1.jpg","pic"
"608","32572",1,2,1,2,0,"Prison 2.jpg","pic"
"609","TEAM_YA_045",0,0,0,0,0,"Destruction 2.jpg","pic"
"610","TEAM_YA_045",0,0,0,0,7,"Rocks 1.jpg","pic"
"611","TEAM_YA_045",8,2,0,1,12,"Beach 1.jpg","pic"
"612","TEAM_YA_045",0,0,0,0,0,"Flood 1.jpg","pic"
"613","TEAM_YA_045",33,0,0,0,43,"Toilet 4.jpg","pic"
"614","TEAM_YA_045",0,0,0,0,76,"Dirt 1.jpg","pic"
"615","TEAM_YA_045",36,0,37,30,82,"Fireworks 6.jpg","pic"
"616","TEAM_YA_045",0,0,0,0,0,"Prison 2.jpg","pic"
"617","TEAM_YA_045",15,0,0,10,50,"Snow 1.jpg","pic"
"618","TEAM_YA_045",6,0,15,6,14,"Clean 1.jpg","pic"
"619","TEAM_YA_045",36,15,12,23,30,"Rainbow 2.jpg","pic"
"620","TEAM_YA_045",11,11,0,0,22,"Lake 12.jpg","pic"
"621","TEAM_YA_045",7,0,0,0,6,"Heart 3.jpg","pic"
"622","TEAM_YA_045",0,0,0,0,0,"Fire 10.jpg","pic"
"623","TEAM_YA_045",9,0,8,20,0,"Ferret 1.jpg","pic"
"624","TEAM_YA_045",0,0,0,0,18,"Garbage dump 1.jpg","pic"
"625","31930",57,70,51,26,73,"Lake 12.jpg","pic"
"626","31930",2,1,3,3,1,"Toilet 4.jpg","pic"
"627","31930",77,71,50,49,87,"Beach 1.jpg","pic"
"628","31930",1,7,4,3,5,"Garbage dump 1.jpg","pic"
"629","31930",17,8,6,9,19,"Clean 1.jpg","pic"
"630","31930",3,2,1,2,0,"Dirt 1.jpg","pic"
"631","31930",1,1,2,4,0,"Destruction 2.jpg","pic"
"632","31930",65,29,53,49,13,"Fireworks 6.jpg","pic"
"633","31930",31,25,6,12,53,"Rocks 1.jpg","pic"
"634","31930",2,3,3,1,3,"Ferret 1.jpg","pic"
"635","31930",49,51,16,33,63,"Fire 10.jpg","pic"
"636","31930",53,43,38,48,55,"Rainbow 2.jpg","pic"
"637","31930",21,30,0,9,43,"Snow 1.jpg","pic"
"638","31930",1,2,1,1,6,"Flood 1.jpg","pic"
"639","31930",70,54,6,53,51,"Heart 3.jpg","pic"
"640","31930",2,3,3,1,3,"Prison 2.jpg","pic"
"641","32884",10,22,8,2,32,"Clean 1.jpg","pic"
"642","32884",0,15,4,19,2,"Destruction 2.jpg","pic"
"643","32884",25,15,2,0,31,"Heart 3.jpg","pic"
"644","32884",29,38,23,36,32,"Lake 12.jpg","pic"
"645","32884",0,0,1,0,2,"Flood 1.jpg","pic"
"646","32884",36,29,29,6,1,"Toilet 4.jpg","pic"
"647","32884",33,16,10,21,5,"Snow 1.jpg","pic"
"648","32884",23,2,19,1,1,"Fireworks 6.jpg","pic"
"649","32884",38,1,1,1,25,"Beach 1.jpg","pic"
"650","32884",1,2,1,1,0,"Garbage dump 1.jpg","pic"
"651","32884",24,15,13,17,26,"Rainbow 2.jpg","pic"
"652","32884",65,55,44,21,2,"Ferret 1.jpg","pic"
"653","32884",2,2,2,2,1,"Dirt 1.jpg","pic"
"654","32884",2,2,1,2,2,"Fire 10.jpg","pic"
"655","32884",36,51,59,2,1,"Prison 2.jpg","pic"
"656","32884",33,3,32,21,13,"Rocks 1.jpg","pic"
"657","30349",1,2,3,3,2,"Fire 10.jpg","pic"
"658","30349",48,68,23,37,80,"Clean 1.jpg","pic"
"659","30349",1,1,1,1,17,"Flood 1.jpg","pic"
"660","30349",87,75,85,78,33,"Fireworks 6.jpg","pic"
"661","30349",1,80,0,1,73,"Heart 3.jpg","pic"
"662","30349",98,99,99,99,99,"Lake 12.jpg","pic"
"663","30349",1,4,1,3,5,"Destruction 2.jpg","pic"
"664","30349",79,87,79,90,75,"Beach 1.jpg","pic"
"665","30349",16,0,5,1,47,"Dirt 1.jpg","pic"
"666","30349",39,21,23,24,22,"Rainbow 2.jpg","pic"
"667","30349",62,71,45,74,78,"Snow 1.jpg","pic"
"668","30349",73,75,77,70,19,"Ferret 1.jpg","pic"
"669","30349",11,15,12,14,12,"Rocks 1.jpg","pic"
"670","30349",5,1,4,4,8,"Garbage dump 1.jpg","pic"
"671","30349",14,3,3,3,6,"Toilet 4.jpg","pic"
"672","30349",3,1,4,3,5,"Prison 2.jpg","pic"
"673","32275",0,0,0,0,0,"Rainbow 2.jpg","pic"
"674","32275",0,9,6,0,75,"Clean 1.jpg","pic"
"675","32275",0,0,0,0,0,"Garbage dump 1.jpg","pic"
"676","32275",7,0,14,0,0,"Heart 3.jpg","pic"
"677","32275",0,0,0,0,0,"Dirt 1.jpg","pic"
"678","32275",0,0,0,0,0,"Fire 10.jpg","pic"
"679","32275",0,0,0,0,0,"Flood 1.jpg","pic"
"680","32275",0,78,0,8,76,"Snow 1.jpg","pic"
"681","32275",0,0,0,0,0,"Toilet 4.jpg","pic"
"682","32275",0,0,0,0,0,"Destruction 2.jpg","pic"
"683","32275",0,0,0,0,0,"Prison 2.jpg","pic"
"684","32275",0,100,0,0,10,"Lake 12.jpg","pic"
"685","32275",0,51,0,0,0,"Rocks 1.jpg","pic"
"686","32275",27,0,0,0,0,"Ferret 1.jpg","pic"
"687","32275",28,80,0,27,79,"Beach 1.jpg","pic"
"688","32275",0,28,49,38,0,"Fireworks 6.jpg","pic"
"689","29911",37,19,14,15,25,"Rocks 1.jpg","pic"
"690","29911",19,48,31,79,78,"Snow 1.jpg","pic"
"691","29911",65,56,43,45,17,"Heart 3.jpg","pic"
"692","29911",4,6,3,9,0,"Garbage dump 1.jpg","pic"
"693","29911",87,51,97,53,98,"Lake 12.jpg","pic"
"694","29911",21,16,26,22,33,"Dirt 1.jpg","pic"
"695","29911",11,10,9,7,12,"Fire 10.jpg","pic"
"696","29911",24,18,3,23,6,"Destruction 2.jpg","pic"
"697","29911",75,86,85,82,86,"Fireworks 6.jpg","pic"
"698","29911",14,44,39,29,30,"Ferret 1.jpg","pic"
"699","29911",95,95,89,90,95,"Beach 1.jpg","pic"
"700","29911",79,79,81,75,75,"Rainbow 2.jpg","pic"
"701","29911",10,13,5,10,6,"Prison 2.jpg","pic"
"702","29911",26,22,11,16,7,"Flood 1.jpg","pic"
"703","29911",15,49,35,56,32,"Clean 1.jpg","pic"
"704","29911",32,24,10,19,20,"Toilet 4.jpg","pic"
"705","32332",0,50,15,0,5,"Prison 2.jpg","pic"
"706","32332",50,90,0,80,70,"Rocks 1.jpg","pic"
"707","32332",0,60,0,0,10,"Dirt 1.jpg","pic"
"708","32332",5,50,0,5,50,"Rainbow 2.jpg","pic"
"709","32332",60,30,0,0,20,"Toilet 4.jpg","pic"
"710","32332",20,70,5,10,70,"Beach 1.jpg","pic"
"711","32332",0,65,0,0,65,"Garbage dump 1.jpg","pic"
"712","32332",30,60,10,30,0,"Fireworks 6.jpg","pic"
"713","32332",70,80,30,60,15,"Ferret 1.jpg","pic"
"714","32332",45,75,0,15,75,"Heart 3.jpg","pic"
"715","32332",0,20,0,0,30,"Destruction 2.jpg","pic"
"716","32332",30,50,0,10,70,"Clean 1.jpg","pic"
"717","32332",50,60,10,10,40,"Lake 12.jpg","pic"
"718","32332",0,15,0,0,20,"Fire 10.jpg","pic"
"719","32332",30,80,0,30,85,"Snow 1.jpg","pic"
"720","32332",0,10,0,0,50,"Flood 1.jpg","pic"
"721","TEAM_YA_028",52,1,35,67,18,"Fireworks 6.jpg","pic"
"722","TEAM_YA_028",1,5,0,0,0,"Flood 1.jpg","pic"
"723","TEAM_YA_028",1,0,0,0,1,"Destruction 2.jpg","pic"
"724","TEAM_YA_028",0,2,1,1,1,"Fire 10.jpg","pic"
"725","TEAM_YA_028",65,96,4,67,96,"Rainbow 2.jpg","pic"
"726","TEAM_YA_028",0,1,0,0,0,"Prison 2.jpg","pic"
"727","TEAM_YA_028",71,85,29,58,88,"Clean 1.jpg","pic"
"728","TEAM_YA_028",76,99,46,99,99,"Lake 12.jpg","pic"
"729","TEAM_YA_028",67,85,49,90,81,"Heart 3.jpg","pic"
"730","TEAM_YA_028",0,0,0,1,15,"Garbage dump 1.jpg","pic"
"731","TEAM_YA_028",0,0,0,0,0,"Dirt 1.jpg","pic"
"732","TEAM_YA_028",0,0,1,0,0,"Snow 1.jpg","pic"
"733","TEAM_YA_028",39,82,11,42,89,"Rocks 1.jpg","pic"
"734","TEAM_YA_028",70,96,76,91,88,"Beach 1.jpg","pic"
"735","TEAM_YA_028",5,0,22,1,1,"Ferret 1.jpg","pic"
"736","TEAM_YA_028",0,0,0,0,0,"Toilet 4.jpg","pic"
"737","30070",5,0,5,10,5,"Dirt 1.jpg","pic"
"738","30070",90,85,65,65,85,"Snow 1.jpg","pic"
"739","30070",35,15,40,50,25,"Fireworks 6.jpg","pic"
"740","30070",0,0,0,0,0,"Fire 10.jpg","pic"
"741","30070",5,15,5,5,15,"Flood 1.jpg","pic"
"742","30070",15,20,15,20,0,"Prison 2.jpg","pic"
"743","30070",5,5,10,10,0,"Destruction 2.jpg","pic"
"744","30070",30,30,30,30,15,"Ferret 1.jpg","pic"
"745","30070",15,30,10,10,25,"Garbage dump 1.jpg","pic"
"746","30070",35,50,60,35,80,"Heart 3.jpg","pic"
"747","30070",90,85,95,85,90,"Clean 1.jpg","pic"
"748","30070",75,70,75,90,80,"Rocks 1.jpg","pic"
"749","30070",90,80,95,90,95,"Lake 12.jpg","pic"
"750","30070",50,60,50,55,65,"Beach 1.jpg","pic"
"751","30070",90,60,60,90,75,"Rainbow 2.jpg","pic"
"752","30070",30,10,5,10,10,"Toilet 4.jpg","pic"
"753","31231",0,0,0,0,0,"Destruction 2.jpg","pic"
"754","31231",0,0,0,0,0,"Ferret 1.jpg","pic"
"755","31231",64,82,41,71,89,"Lake 12.jpg","pic"
"756","31231",21,0,27,31,0,"Rainbow 2.jpg","pic"
"757","31231",0,0,0,0,0,"Garbage dump 1.jpg","pic"
"758","31231",56,50,52,61,34,"Beach 1.jpg","pic"
"759","31231",0,0,0,0,0,"Flood 1.jpg","pic"
"760","31231",0,0,0,0,0,"Toilet 4.jpg","pic"
"761","31231",46,49,0,22,88,"Rocks 1.jpg","pic"
"762","31231",56,66,0,36,27,"Heart 3.jpg","pic"
"763","31231",0,0,0,0,0,"Fire 10.jpg","pic"
"764","31231",0,0,0,0,0,"Fireworks 6.jpg","pic"
"765","31231",0,0,0,0,0,"Prison 2.jpg","pic"
"766","31231",25,97,0,0,99,"Snow 1.jpg","pic"
"767","31231",0,0,0,0,0,"Dirt 1.jpg","pic"
"768","31231",46,91,0,0,99,"Clean 1.jpg","pic"
"769","32266",38,0,0,39,42,"Snow 1.jpg","pic"
"770","32266",9,0,0,0,0,"Ferret 1.jpg","pic"
"771","32266",0,0,0,0,0,"Toilet 4.jpg","pic"
"772","32266",15,0,0,10,33,"Heart 3.jpg","pic"
"773","32266",10,0,0,0,34,"Clean 1.jpg","pic"
"774","32266",0,0,0,0,0,"Flood 1.jpg","pic"
"775","32266",21,1,0,0,55,"Rocks 1.jpg","pic"
"776","32266",0,0,0,0,0,"Dirt 1.jpg","pic"
"777","32266",0,0,0,0,0,"Prison 2.jpg","pic"
"778","32266",28,0,0,0,74,"Lake 12.jpg","pic"
"779","32266",77,0,32,50,60,"Beach 1.jpg","pic"
"780","32266",0,0,0,0,0,"Garbage dump 1.jpg","pic"
"781","32266",9,0,0,0,38,"Rainbow 2.jpg","pic"
"782","32266",0,0,20,12,0,"Fireworks 6.jpg","pic"
"783","32266",0,0,0,0,0,"Destruction 2.jpg","pic"
"784","32266",0,0,0,0,1,"Fire 10.jpg","pic"
"785","30292",50,55,0,35,51,"Lake 12.jpg","pic"
"786","30292",80,25,80,69,15,"Fireworks 6.jpg","pic"
"787","30292",80,83,82,86,74,"Rainbow 2.jpg","pic"
"788","30292",50,25,60,50,60,"Beach 1.jpg","pic"
"789","30292",0,0,0,0,0,"Dirt 1.jpg","pic"
"790","30292",0,0,0,0,0,"Garbage dump 1.jpg","pic"
"791","30292",50,15,25,40,30,"Heart 3.jpg","pic"
"792","30292",15,0,0,15,0,"Rocks 1.jpg","pic"
"793","30292",50,50,50,45,60,"Clean 1.jpg","pic"
"794","30292",0,0,0,0,0,"Toilet 4.jpg","pic"
"795","30292",0,0,0,0,0,"Prison 2.jpg","pic"
"796","30292",30,90,40,30,80,"Snow 1.jpg","pic"
"797","30292",0,0,0,0,0,"Destruction 2.jpg","pic"
"798","30292",13,13,12,11,0,"Fire 10.jpg","pic"
"799","30292",0,0,0,0,0,"Flood 1.jpg","pic"
"800","30292",50,0,30,55,0,"Ferret 1.jpg","pic"
"801","31984",1,1,2,1,1,"Toilet 4.jpg","pic"
"802","31984",93,99,98,98,98,"Beach 1.jpg","pic"
"803","31984",4,70,0,72,75,"Clean 1.jpg","pic"
"804","31984",74,95,81,95,43,"Fireworks 6.jpg","pic"
"805","31984",10,0,0,0,0,"Flood 1.jpg","pic"
"806","31984",2,0,0,0,0,"Ferret 1.jpg","pic"
"807","31984",98,99,88,95,100,"Lake 12.jpg","pic"
"808","31984",87,36,0,72,24,"Rainbow 2.jpg","pic"
"809","31984",27,35,22,31,40,"Snow 1.jpg","pic"
"810","31984",63,46,23,19,15,"Heart 3.jpg","pic"
"811","31984",0,0,0,0,0,"Destruction 2.jpg","pic"
"812","31984",1,0,0,0,0,"Dirt 1.jpg","pic"
"813","31984",46,64,10,63,84,"Rocks 1.jpg","pic"
"814","31984",12,0,0,1,0,"Fire 10.jpg","pic"
"815","31984",0,0,0,0,0,"Prison 2.jpg","pic"
"816","31984",1,0,0,0,0,"Garbage dump 1.jpg","pic"
"817","30955",26,31,44,4,54,"Rocks 1.jpg","pic"
"818","30955",8,0,35,0,5,"Ferret 1.jpg","pic"
"819","30955",25,26,0,8,28,"Dirt 1.jpg","pic"
"820","30955",25,48,61,61,61,"Fireworks 6.jpg","pic"
"821","30955",55,69,22,49,100,"Snow 1.jpg","pic"
"822","30955",59,49,26,58,49,"Rainbow 2.jpg","pic"
"823","30955",60,43,10,34,73,"Clean 1.jpg","pic"
"824","30955",26,15,0,0,0,"Destruction 2.jpg","pic"
"825","30955",28,19,8,0,33,"Garbage dump 1.jpg","pic"
"826","30955",0,26,0,11,9,"Fire 10.jpg","pic"
"827","30955",67,65,66,71,85,"Beach 1.jpg","pic"
"828","30955",11,17,36,0,25,"Toilet 4.jpg","pic"
"829","30955",29,29,20,0,17,"Flood 1.jpg","pic"
"830","30955",9,8,31,0,11,"Prison 2.jpg","pic"
"831","30955",51,25,11,17,58,"Heart 3.jpg","pic"
"832","30955",60,69,53,59,86,"Lake 12.jpg","pic"
"833","31978",20,16,15,14,18,"Destruction 2.jpg","pic"
"834","31978",8,11,10,11,10,"Fire 10.jpg","pic"
"835","31978",31,2,4,2,6,"Prison 2.jpg","pic"
"836","31978",83,77,78,80,92,"Rainbow 2.jpg","pic"
"837","31978",2,24,2,3,1,"Snow 1.jpg","pic"
"838","31978",8,10,11,13,8,"Flood 1.jpg","pic"
"839","31978",2,6,3,5,4,"Toilet 4.jpg","pic"
"840","31978",52,6,55,52,3,"Ferret 1.jpg","pic"
"841","31978",88,86,87,88,89,"Fireworks 6.jpg","pic"
"842","31978",28,51,46,50,46,"Rocks 1.jpg","pic"
"843","31978",9,13,12,11,12,"Heart 3.jpg","pic"
"844","31978",84,90,78,93,81,"Lake 12.jpg","pic"
"845","31978",56,70,67,81,50,"Clean 1.jpg","pic"
"846","31978",4,4,3,3,6,"Garbage dump 1.jpg","pic"
"847","31978",16,52,48,51,49,"Dirt 1.jpg","pic"
"848","31978",86,88,85,90,83,"Beach 1.jpg","pic"
"849","32920",71,21,21,18,11,"Destruction 2.jpg","pic"
"850","32920",51,49,52,51,54,"Heart 3.jpg","pic"
"851","32920",47,47,49,48,53,"Fire 10.jpg","pic"
"852","32920",58,36,32,34,29,"Toilet 4.jpg","pic"
"853","32920",74,28,34,37,34,"Garbage dump 1.jpg","pic"
"854","32920",68,34,33,34,36,"Prison 2.jpg","pic"
"855","32920",24,74,73,63,78,"Rainbow 2.jpg","pic"
"856","32920",51,50,55,49,54,"Flood 1.jpg","pic"
"857","32920",14,10,10,11,9,"Dirt 1.jpg","pic"
"858","32920",12,67,71,68,73,"Rocks 1.jpg","pic"
"859","32920",16,69,74,62,74,"Beach 1.jpg","pic"
"860","32920",14,86,87,86,89,"Fireworks 6.jpg","pic"
"861","32920",17,79,82,80,83,"Clean 1.jpg","pic"
"862","32920",13,76,75,77,76,"Ferret 1.jpg","pic"
"863","32920",6,6,10,9,13,"Lake 12.jpg","pic"
"864","32920",11,80,79,74,81,"Snow 1.jpg","pic"
"865","29998",13,43,5,2,44,"Snow 1.jpg","pic"
"866","29998",0,0,0,0,0,"Prison 2.jpg","pic"
"867","29998",0,0,0,0,0,"Fire 10.jpg","pic"
"868","29998",11,72,17,23,80,"Rocks 1.jpg","pic"
"869","29998",79,97,80,80,100,"Beach 1.jpg","pic"
"870","29998",100,91,100,100,56,"Fireworks 6.jpg","pic"
"871","29998",0,0,0,0,0,"Ferret 1.jpg","pic"
"872","29998",0,0,0,0,0,"Garbage dump 1.jpg","pic"
"873","29998",100,100,80,86,100,"Lake 12.jpg","pic"
"874","29998",0,0,0,0,0,"Dirt 1.jpg","pic"
"875","29998",0,0,0,0,0,"Destruction 2.jpg","pic"
"876","29998",0,0,0,0,0,"Flood 1.jpg","pic"
"877","29998",44,57,74,39,76,"Clean 1.jpg","pic"
"878","29998",100,100,100,100,100,"Rainbow 2.jpg","pic"
"879","29998",53,63,29,28,41,"Heart 3.jpg","pic"
"880","29998",3,4,4,4,2,"Toilet 4.jpg","pic"
"881","31546",1,1,0,0,0,"Flood 1.jpg","pic"
"882","31546",0,6,12,0,0,"Ferret 1.jpg","pic"
"883","31546",72,98,83,76,96,"Clean 1.jpg","pic"
"884","31546",8,10,9,10,11,"Heart 3.jpg","pic"
"885","31546",32,76,44,72,32,"Lake 12.jpg","pic"
"886","31546",0,0,0,0,0,"Garbage dump 1.jpg","pic"
"887","31546",0,0,0,0,0,"Fire 10.jpg","pic"
"888","31546",10,5,8,7,9,"Rocks 1.jpg","pic"
"889","31546",0,7,8,0,0,"Toilet 4.jpg","pic"
"890","31546",0,0,7,1,1,"Prison 2.jpg","pic"
"891","31546",0,17,8,11,0,"Destruction 2.jpg","pic"
"892","31546",40,84,25,86,53,"Rainbow 2.jpg","pic"
"893","31546",18,17,55,29,19,"Snow 1.jpg","pic"
"894","31546",6,12,5,4,0,"Dirt 1.jpg","pic"
"895","31546",69,64,28,41,80,"Beach 1.jpg","pic"
"896","31546",64,89,68,72,9,"Fireworks 6.jpg","pic"
"897","31576",0,0,0,1,0,"Destruction 2.jpg","pic"
"898","31576",1,1,0,0,0,"Toilet 4.jpg","pic"
"899","31576",82,87,58,56,100,"Rocks 1.jpg","pic"
"900","31576",76,54,89,79,36,"Fireworks 6.jpg","pic"
"901","31576",54,89,5,42,71,"Snow 1.jpg","pic"
"902","31576",1,2,1,0,0,"Prison 2.jpg","pic"
"903","31576",0,9,0,2,5,"Fire 10.jpg","pic"
"904","31576",99,98,98,100,98,"Lake 12.jpg","pic"
"905","31576",66,78,51,46,79,"Heart 3.jpg","pic"
"906","31576",50,50,53,53,49,"Clean 1.jpg","pic"
"907","31576",80,60,48,71,72,"Rainbow 2.jpg","pic"
"908","31576",2,0,0,1,23,"Flood 1.jpg","pic"
"909","31576",78,88,62,92,92,"Beach 1.jpg","pic"
"910","31576",0,1,4,0,4,"Garbage dump 1.jpg","pic"
"911","31576",11,0,6,10,14,"Dirt 1.jpg","pic"
"912","31576",8,1,0,0,2,"Ferret 1.jpg","pic"
"913","30907",28,9,8,13,20,"Rainbow 2.jpg","pic"
"914","30907",54,36,29,36,34,"Destruction 2.jpg","pic"
"915","30907",27,69,16,43,53,"Lake 12.jpg","pic"
"916","30907",44,31,30,26,30,"Fireworks 6.jpg","pic"
"917","30907",20,21,20,17,19,"Rocks 1.jpg","pic"
"918","30907",75,64,33,69,13,"Ferret 1.jpg","pic"
"919","30907",63,93,44,70,84,"Fire 10.jpg","pic"
"920","30907",38,55,26,41,60,"Snow 1.jpg","pic"
"921","30907",60,88,70,55,81,"Prison 2.jpg","pic"
"922","30907",50,54,15,52,65,"Flood 1.jpg","pic"
"923","30907",47,9,22,48,34,"Heart 3.jpg","pic"
"924","30907",47,50,46,53,47,"Dirt 1.jpg","pic"
"925","30907",18,50,37,24,38,"Beach 1.jpg","pic"
"926","30907",29,14,16,13,20,"Garbage dump 1.jpg","pic"
"927","30907",27,22,25,17,22,"Toilet 4.jpg","pic"
"928","30907",32,28,24,36,25,"Clean 1.jpg","pic"
"929","30850",8,24,29,44,44,"Clean 1.jpg","pic"
"930","30850",46,5,5,15,18,"Snow 1.jpg","pic"
"931","30850",17,4,3,4,3,"Garbage dump 1.jpg","pic"
"932","30850",12,1,3,7,13,"Heart 3.jpg","pic"
"933","30850",2,2,11,2,1,"Ferret 1.jpg","pic"
"934","30850",1,5,4,4,5,"Dirt 1.jpg","pic"
"935","30850",95,59,82,84,21,"Fireworks 6.jpg","pic"
"936","30850",3,3,3,6,3,"Destruction 2.jpg","pic"
"937","30850",98,99,80,98,95,"Beach 1.jpg","pic"
"938","30850",4,5,9,12,23,"Flood 1.jpg","pic"
"939","30850",96,98,74,93,99,"Lake 12.jpg","pic"
"940","30850",4,4,4,3,7,"Prison 2.jpg","pic"
"941","30850",73,62,42,70,74,"Rocks 1.jpg","pic"
"942","30850",97,87,93,98,91,"Rainbow 2.jpg","pic"
"943","30850",7,15,15,9,8,"Fire 10.jpg","pic"
"944","30850",2,4,1,6,2,"Toilet 4.jpg","pic"
"945","31612",0,4,0,0,0,"Dirt 1.jpg","pic"
"946","31612",0,0,0,0,2,"Prison 2.jpg","pic"
"947","31612",1,13,0,4,12,"Snow 1.jpg","pic"
"948","31612",0,0,4,3,2,"Beach 1.jpg","pic"
"949","31612",0,0,0,0,0,"Garbage dump 1.jpg","pic"
"950","31612",8,3,6,3,5,"Lake 12.jpg","pic"
"951","31612",0,0,0,0,0,"Ferret 1.jpg","pic"
"952","31612",0,0,0,0,0,"Toilet 4.jpg","pic"
"953","31612",3,3,2,3,0,"Fireworks 6.jpg","pic"
"954","31612",2,2,0,2,3,"Heart 3.jpg","pic"
"955","31612",10,10,4,6,10,"Clean 1.jpg","pic"
"956","31612",2,4,0,0,2,"Fire 10.jpg","pic"
"957","31612",0,0,0,0,0,"Flood 1.jpg","pic"
"958","31612",3,2,0,0,3,"Rocks 1.jpg","pic"
"959","31612",2,4,0,0,3,"Rainbow 2.jpg","pic"
"960","31612",0,0,0,0,0,"Destruction 2.jpg","pic"
"961","32377",25,5,18,0,50,"Rainbow 2.jpg","pic"
"962","32377",63,35,49,67,76,"Beach 1.jpg","pic"
"963","32377",83,66,71,76,50,"Lake 12.jpg","pic"
"964","32377",0,1,3,1,15,"Flood 1.jpg","pic"
"965","32377",1,4,2,1,2,"Destruction 2.jpg","pic"
"966","32377",66,49,47,78,86,"Fire 10.jpg","pic"
"967","32377",7,3,2,2,17,"Garbage dump 1.jpg","pic"
"968","32377",67,35,50,79,11,"Fireworks 6.jpg","pic"
"969","32377",16,1,1,21,36,"Heart 3.jpg","pic"
"970","32377",26,21,13,37,25,"Rocks 1.jpg","pic"
"971","32377",50,36,26,61,66,"Clean 1.jpg","pic"
"972","32377",11,1,24,1,1,"Ferret 1.jpg","pic"
"973","32377",1,1,10,1,1,"Toilet 4.jpg","pic"
"974","32377",1,1,1,1,21,"Dirt 1.jpg","pic"
"975","32377",1,1,11,2,13,"Prison 2.jpg","pic"
"976","32377",67,77,34,66,74,"Snow 1.jpg","pic"
"977","31897",0,0,0,0,11,"Toilet 4.jpg","pic"
"978","31897",0,0,0,0,0,"Flood 1.jpg","pic"
"979","31897",0,28,58,8,8,"Beach 1.jpg","pic"
"980","31897",0,20,0,0,0,"Dirt 1.jpg","pic"
"981","31897",0,0,0,0,0,"Garbage dump 1.jpg","pic"
"982","31897",0,0,0,0,0,"Ferret 1.jpg","pic"
"983","31897",47,42,23,16,35,"Fireworks 6.jpg","pic"
"984","31897",36,48,17,25,7,"Heart 3.jpg","pic"
"985","31897",0,0,0,0,0,"Destruction 2.jpg","pic"
"986","31897",63,78,55,59,28,"Lake 12.jpg","pic"
"987","31897",61,65,62,59,77,"Snow 1.jpg","pic"
"988","31897",16,13,8,18,8,"Rainbow 2.jpg","pic"
"989","31897",0,0,0,0,5,"Fire 10.jpg","pic"
"990","31897",16,48,33,13,20,"Clean 1.jpg","pic"
"991","31897",0,0,0,0,0,"Prison 2.jpg","pic"
"992","31897",73,86,85,89,83,"Rocks 1.jpg","pic"
"993","32587",58,26,63,22,69,"Beach 1.jpg","pic"
"994","32587",3,5,2,0,2,"Garbage dump 1.jpg","pic"
"995","32587",55,35,30,19,87,"Rainbow 2.jpg","pic"
"996","32587",5,0,0,0,0,"Toilet 4.jpg","pic"
"997","32587",52,72,24,44,49,"Snow 1.jpg","pic"
"998","32587",58,16,0,44,5,"Ferret 1.jpg","pic"
"999","32587",53,80,35,50,66,"Heart 3.jpg","pic"
"1000","32587",0,0,0,0,0,"Destruction 2.jpg","pic"
"1001","32587",77,69,32,58,87,"Rocks 1.jpg","pic"
"1002","32587",0,0,0,0,0,"Flood 1.jpg","pic"
"1003","32587",77,88,25,49,92,"Clean 1.jpg","pic"
"1004","32587",0,0,0,0,0,"Prison 2.jpg","pic"
"1005","32587",0,0,0,0,0,"Dirt 1.jpg","pic"
"1006","32587",0,0,0,0,0,"Fire 10.jpg","pic"
"1007","32587",81,49,94,86,30,"Fireworks 6.jpg","pic"
"1008","32587",79,96,41,77,99,"Lake 12.jpg","pic"
"1009","29959",2,16,0,0,25,"Garbage dump 1.jpg","pic"
"1010","29959",3,0,0,0,0,"Beach 1.jpg","pic"
"1011","29959",0,0,0,0,0,"Toilet 4.jpg","pic"
"1012","29959",31,47,0,0,100,"Heart 3.jpg","pic"
"1013","29959",0,0,0,0,0,"Ferret 1.jpg","pic"
"1014","29959",6,0,11,12,0,"Fireworks 6.jpg","pic"
"1015","29959",0,0,0,0,0,"Fire 10.jpg","pic"
"1016","29959",77,88,96,91,99,"Clean 1.jpg","pic"
"1017","29959",3,0,0,0,0,"Destruction 2.jpg","pic"
"1018","29959",38,0,0,0,0,"Flood 1.jpg","pic"
"1019","29959",64,59,65,100,100,"Lake 12.jpg","pic"
"1020","29959",0,0,0,0,0,"Prison 2.jpg","pic"
"1021","29959",0,10,19,9,50,"Snow 1.jpg","pic"
"1022","29959",14,8,19,14,30,"Rocks 1.jpg","pic"
"1023","29959",14,3,4,3,3,"Rainbow 2.jpg","pic"
"1024","29959",0,0,0,0,0,"Dirt 1.jpg","pic"
"1025","31699",13,10,6,20,22,"Snow 1.jpg","pic"
"1026","31699",2,0,2,0,5,"Toilet 4.jpg","pic"
"1027","31699",4,1,3,1,24,"Prison 2.jpg","pic"
"1028","31699",1,2,0,0,0,"Garbage dump 1.jpg","pic"
"1029","31699",1,0,1,0,54,"Dirt 1.jpg","pic"
"1030","31699",17,22,14,19,42,"Rocks 1.jpg","pic"
"1031","31699",36,46,37,47,42,"Beach 1.jpg","pic"
"1032","31699",0,1,0,0,43,"Heart 3.jpg","pic"
"1033","31699",2,2,0,2,15,"Flood 1.jpg","pic"
"1034","31699",31,51,41,48,50,"Lake 12.jpg","pic"
"1035","31699",42,47,39,54,48,"Fireworks 6.jpg","pic"
"1036","31699",12,10,4,11,16,"Clean 1.jpg","pic"
"1037","31699",2,1,1,1,20,"Ferret 1.jpg","pic"
"1038","31699",36,34,32,36,33,"Rainbow 2.jpg","pic"
"1039","31699",0,1,1,1,2,"Destruction 2.jpg","pic"
"1040","31699",0,1,0,0,2,"Fire 10.jpg","pic"
"1041","29962",0,0,0,0,0,"Flood 1.jpg","pic"
"1042","29962",0,80,0,0,49,"Rocks 1.jpg","pic"
"1043","29962",0,0,0,0,0,"Fire 10.jpg","pic"
"1044","29962",48,35,34,36,0,"Fireworks 6.jpg","pic"
"1045","29962",0,0,0,0,0,"Toilet 4.jpg","pic"
"1046","29962",0,0,0,0,0,"Dirt 1.jpg","pic"
"1047","29962",0,0,0,0,0,"Destruction 2.jpg","pic"
"1048","29962",47,54,0,0,48,"Clean 1.jpg","pic"
"1049","29962",49,73,0,0,59,"Heart 3.jpg","pic"
"1050","29962",0,0,0,0,0,"Garbage dump 1.jpg","pic"
"1051","29962",50,50,0,0,88,"Lake 12.jpg","pic"
"1052","29962",0,0,0,0,0,"Rainbow 2.jpg","pic"
"1053","29962",0,0,0,17,0,"Ferret 1.jpg","pic"
"1054","29962",55,49,55,49,54,"Snow 1.jpg","pic"
"1055","29962",0,0,0,0,0,"Prison 2.jpg","pic"
"1056","29962",43,49,0,0,52,"Beach 1.jpg","pic"
"1057","30415",35,0,5,25,50,"Lake 12.jpg","pic"
"1058","30415",52,15,0,42,43,"Rainbow 2.jpg","pic"
"1059","30415",0,0,0,0,0,"Ferret 1.jpg","pic"
"1060","30415",0,48,0,0,46,"Rocks 1.jpg","pic"
"1061","30415",0,0,0,0,0,"Toilet 4.jpg","pic"
"1062","30415",0,0,0,0,0,"Dirt 1.jpg","pic"
"1063","30415",0,0,0,0,0,"Flood 1.jpg","pic"
"1064","30415",0,0,0,0,0,"Destruction 2.jpg","pic"
"1065","30415",0,0,0,0,0,"Prison 2.jpg","pic"
"1066","30415",0,0,0,0,0,"Garbage dump 1.jpg","pic"
"1067","30415",16,43,0,23,18,"Heart 3.jpg","pic"
"1068","30415",31,15,51,28,0,"Fireworks 6.jpg","pic"
"1069","30415",46,45,19,50,57,"Beach 1.jpg","pic"
"1070","30415",12,31,0,0,26,"Snow 1.jpg","pic"
"1071","30415",14,33,9,28,50,"Clean 1.jpg","pic"
"1072","30415",0,0,0,0,0,"Fire 10.jpg","pic"
"1073","32362",0,0,0,1,0,"Toilet 4.jpg","pic"
"1074","32362",0,0,0,0,1,"Fire 10.jpg","pic"
"1075","32362",63,52,37,51,61,"Rocks 1.jpg","pic"
"1076","32362",45,46,8,35,51,"Snow 1.jpg","pic"
"1077","32362",0,0,0,0,0,"Garbage dump 1.jpg","pic"
"1078","32362",48,48,47,57,29,"Heart 3.jpg","pic"
"1079","32362",49,47,48,56,35,"Fireworks 6.jpg","pic"
"1080","32362",51,35,28,50,48,"Rainbow 2.jpg","pic"
"1081","32362",0,0,0,0,0,"Dirt 1.jpg","pic"
"1082","32362",2,0,0,2,0,"Prison 2.jpg","pic"
"1083","32362",20,49,25,62,100,"Clean 1.jpg","pic"
"1084","32362",19,50,68,51,85,"Beach 1.jpg","pic"
"1085","32362",25,37,13,58,50,"Lake 12.jpg","pic"
"1086","32362",0,0,0,0,1,"Destruction 2.jpg","pic"
"1087","32362",1,0,0,0,0,"Flood 1.jpg","pic"
"1088","32362",16,0,53,13,0,"Ferret 1.jpg","pic"
"1089","TEAM_YA_049",42,32,0,18,51,"Heart 3.jpg","pic"
"1090","TEAM_YA_049",37,71,1,45,96,"Snow 1.jpg","pic"
"1091","TEAM_YA_049",48,66,47,68,51,"Beach 1.jpg","pic"
"1092","TEAM_YA_049",7,0,1,3,1,"Destruction 2.jpg","pic"
"1093","TEAM_YA_049",4,2,4,3,1,"Prison 2.jpg","pic"
"1094","TEAM_YA_049",5,21,8,0,5,"Dirt 1.jpg","pic"
"1095","TEAM_YA_049",0,7,2,8,2,"Flood 1.jpg","pic"
"1096","TEAM_YA_049",15,38,60,35,5,"Fire 10.jpg","pic"
"1097","TEAM_YA_049",66,99,53,55,87,"Clean 1.jpg","pic"
"1098","TEAM_YA_049",79,64,23,70,28,"Rainbow 2.jpg","pic"
"1099","TEAM_YA_049",13,12,24,1,6,"Toilet 4.jpg","pic"
"1100","TEAM_YA_049",18,22,19,16,20,"Rocks 1.jpg","pic"
"1101","TEAM_YA_049",73,94,72,64,55,"Lake 12.jpg","pic"
"1102","TEAM_YA_049",12,8,7,12,3,"Garbage dump 1.jpg","pic"
"1103","TEAM_YA_049",8,12,2,2,9,"Ferret 1.jpg","pic"
"1104","TEAM_YA_049",89,92,88,97,14,"Fireworks 6.jpg","pic"
"1105","TEAM_YA_053",7,7,0,1,10,"Garbage dump 1.jpg","pic"
"1106","TEAM_YA_053",0,1,0,0,0,"Destruction 2.jpg","pic"
"1107","TEAM_YA_053",2,0,1,0,3,"Fire 10.jpg","pic"
"1108","TEAM_YA_053",53,33,6,10,57,"Clean 1.jpg","pic"
"1109","TEAM_YA_053",0,0,0,1,48,"Flood 1.jpg","pic"
"1110","TEAM_YA_053",0,6,0,0,2,"Prison 2.jpg","pic"
"1111","TEAM_YA_053",70,77,23,56,85,"Heart 3.jpg","pic"
"1112","TEAM_YA_053",0,0,0,2,14,"Toilet 4.jpg","pic"
"1113","TEAM_YA_053",62,45,77,71,49,"Fireworks 6.jpg","pic"
"1114","TEAM_YA_053",76,96,64,74,44,"Rainbow 2.jpg","pic"
"1115","TEAM_YA_053",0,4,5,0,19,"Ferret 1.jpg","pic"
"1116","TEAM_YA_053",88,98,36,67,98,"Lake 12.jpg","pic"
"1117","TEAM_YA_053",5,2,10,2,60,"Dirt 1.jpg","pic"
"1118","TEAM_YA_053",74,68,40,68,93,"Beach 1.jpg","pic"
"1119","TEAM_YA_053",34,35,11,24,91,"Rocks 1.jpg","pic"
"1120","TEAM_YA_053",66,86,47,58,53,"Snow 1.jpg","pic"
"1121","TEAM_YA_051",15,0,15,0,40,"Clean 1.jpg","pic"
"1122","TEAM_YA_051",16,14,2,15,21,"Fire 10.jpg","pic"
"1123","TEAM_YA_051",0,0,0,0,0,"Dirt 1.jpg","pic"
"1124","TEAM_YA_051",0,0,0,0,0,"Prison 2.jpg","pic"
"1125","TEAM_YA_051",41,0,45,60,42,"Snow 1.jpg","pic"
"1126","TEAM_YA_051",48,46,48,62,7,"Rainbow 2.jpg","pic"
"1127","TEAM_YA_051",0,0,0,0,0,"Toilet 4.jpg","pic"
"1128","TEAM_YA_051",43,74,54,72,0,"Fireworks 6.jpg","pic"
"1129","TEAM_YA_051",4,0,0,8,0,"Heart 3.jpg","pic"
"1130","TEAM_YA_051",0,0,0,0,0,"Garbage dump 1.jpg","pic"
"1131","TEAM_YA_051",0,0,0,0,0,"Ferret 1.jpg","pic"
"1132","TEAM_YA_051",70,67,60,82,45,"Lake 12.jpg","pic"
"1133","TEAM_YA_051",45,95,53,86,52,"Rocks 1.jpg","pic"
"1134","TEAM_YA_051",0,0,0,0,0,"Flood 1.jpg","pic"
"1135","TEAM_YA_051",0,0,0,0,0,"Destruction 2.jpg","pic"
"1136","TEAM_YA_051",29,0,9,7,63,"Beach 1.jpg","pic"
"1137","TEAM_YA_052",9,4,2,1,16,"Fire 10.jpg","pic"
"1138","TEAM_YA_052",1,2,1,2,2,"Ferret 1.jpg","pic"
"1139","TEAM_YA_052",1,1,1,2,1,"Prison 2.jpg","pic"
"1140","TEAM_YA_052",2,2,1,1,2,"Destruction 2.jpg","pic"
"1141","TEAM_YA_052",2,1,1,1,1,"Garbage dump 1.jpg","pic"
"1142","TEAM_YA_052",57,40,1,40,77,"Rainbow 2.jpg","pic"
"1143","TEAM_YA_052",42,2,1,2,74,"Rocks 1.jpg","pic"
"1144","TEAM_YA_052",59,8,68,54,0,"Fireworks 6.jpg","pic"
"1145","TEAM_YA_052",2,1,0,2,1,"Toilet 4.jpg","pic"
"1146","TEAM_YA_052",1,1,2,1,1,"Dirt 1.jpg","pic"
"1147","TEAM_YA_052",38,53,26,27,71,"Beach 1.jpg","pic"
"1148","TEAM_YA_052",1,1,1,2,2,"Flood 1.jpg","pic"
"1149","TEAM_YA_052",60,2,49,68,47,"Snow 1.jpg","pic"
"1150","TEAM_YA_052",2,1,1,2,34,"Heart 3.jpg","pic"
"1151","TEAM_YA_052",66,67,50,79,85,"Clean 1.jpg","pic"
"1152","TEAM_YA_052",53,2,70,2,52,"Lake 12.jpg","pic"
"1153","TEAM_YA_050",100,69,100,100,100,"Lake 12.jpg","pic"
"1154","TEAM_YA_050",29,14,6,14,49,"Rocks 1.jpg","pic"
"1155","TEAM_YA_050",10,20,15,62,0,"Ferret 1.jpg","pic"
"1156","TEAM_YA_050",0,0,0,0,0,"Garbage dump 1.jpg","pic"
"1157","TEAM_YA_050",100,45,70,83,100,"Beach 1.jpg","pic"
"1158","TEAM_YA_050",7,9,7,4,27,"Clean 1.jpg","pic"
"1159","TEAM_YA_050",0,0,0,0,0,"Destruction 2.jpg","pic"
"1160","TEAM_YA_050",33,25,35,26,57,"Snow 1.jpg","pic"
"1161","TEAM_YA_050",27,19,8,10,22,"Rainbow 2.jpg","pic"
"1162","TEAM_YA_050",0,0,0,0,0,"Dirt 1.jpg","pic"
"1163","TEAM_YA_050",21,20,19,10,40,"Heart 3.jpg","pic"
"1164","TEAM_YA_050",0,0,0,0,0,"Toilet 4.jpg","pic"
"1165","TEAM_YA_050",14,48,82,78,17,"Fireworks 6.jpg","pic"
"1166","TEAM_YA_050",0,0,0,0,0,"Prison 2.jpg","pic"
"1167","TEAM_YA_050",0,0,16,0,0,"Flood 1.jpg","pic"
"1168","TEAM_YA_050",0,9,15,0,0,"Fire 10.jpg","pic"
"1169","TEAM_YA_055",13,0,0,2,0,"Toilet 4.jpg","pic"
"1170","TEAM_YA_055",12,6,0,10,0,"Fireworks 6.jpg","pic"
"1171","TEAM_YA_055",0,0,0,0,0,"Fire 10.jpg","pic"
"1172","TEAM_YA_055",0,0,0,0,0,"Dirt 1.jpg","pic"
"1173","TEAM_YA_055",2,0,0,6,0,"Beach 1.jpg","pic"
"1174","TEAM_YA_055",0,3,6,0,0,"Snow 1.jpg","pic"
"1175","TEAM_YA_055",0,0,0,0,0,"Rocks 1.jpg","pic"
"1176","TEAM_YA_055",0,0,0,0,0,"Garbage dump 1.jpg","pic"
"1177","TEAM_YA_055",4,0,0,7,0,"Ferret 1.jpg","pic"
"1178","TEAM_YA_055",14,17,4,12,7,"Lake 12.jpg","pic"
"1179","TEAM_YA_055",0,0,0,0,0,"Prison 2.jpg","pic"
"1180","TEAM_YA_055",0,16,0,0,12,"Clean 1.jpg","pic"
"1181","TEAM_YA_055",12,34,0,27,16,"Rainbow 2.jpg","pic"
"1182","TEAM_YA_055",0,0,0,0,0,"Heart 3.jpg","pic"
"1183","TEAM_YA_055",0,0,0,0,0,"Flood 1.jpg","pic"
"1184","TEAM_YA_055",0,0,0,0,0,"Destruction 2.jpg","pic"
"1185","TEAM_YA_058",90,99,100,65,81,"Lake 12.jpg","pic"
"1186","TEAM_YA_058",0,0,0,0,0,"Prison 2.jpg","pic"
"1187","TEAM_YA_058",44,0,0,0,39,"Heart 3.jpg","pic"
"1188","TEAM_YA_058",9,0,9,0,0,"Toilet 4.jpg","pic"
"1189","TEAM_YA_058",0,0,0,0,0,"Destruction 2.jpg","pic"
"1190","TEAM_YA_058",86,100,15,62,85,"Rainbow 2.jpg","pic"
"1191","TEAM_YA_058",100,100,100,100,90,"Snow 1.jpg","pic"
"1192","TEAM_YA_058",44,67,48,31,0,"Fireworks 6.jpg","pic"
"1193","TEAM_YA_058",31,50,31,13,48,"Clean 1.jpg","pic"
"1194","TEAM_YA_058",0,0,0,0,0,"Ferret 1.jpg","pic"
"1195","TEAM_YA_058",0,0,0,0,0,"Dirt 1.jpg","pic"
"1196","TEAM_YA_058",0,5,0,0,11,"Fire 10.jpg","pic"
"1197","TEAM_YA_058",0,0,0,0,0,"Garbage dump 1.jpg","pic"
"1198","TEAM_YA_058",85,80,100,58,72,"Rocks 1.jpg","pic"
"1199","TEAM_YA_058",0,0,0,0,0,"Flood 1.jpg","pic"
"1200","TEAM_YA_058",35,83,30,16,66,"Beach 1.jpg","pic"
"1201","TEAM_YA_046",0,0,0,0,0,"Destruction 2.jpg","pic"
"1202","TEAM_YA_046",33,15,0,7,74,"Beach 1.jpg","pic"
"1203","TEAM_YA_046",0,0,0,0,11,"Garbage dump 1.jpg","pic"
"1204","TEAM_YA_046",10,38,12,13,52,"Lake 12.jpg","pic"
"1205","TEAM_YA_046",28,47,69,70,6,"Fireworks 6.jpg","pic"
"1206","TEAM_YA_046",5,0,0,0,2,"Toilet 4.jpg","pic"
"1207","TEAM_YA_046",0,0,0,2,11,"Prison 2.jpg","pic"
"1208","TEAM_YA_046",43,57,16,40,32,"Rainbow 2.jpg","pic"
"1209","TEAM_YA_046",0,39,0,0,50,"Fire 10.jpg","pic"
"1210","TEAM_YA_046",0,0,17,0,0,"Ferret 1.jpg","pic"
"1211","TEAM_YA_046",0,0,0,0,48,"Dirt 1.jpg","pic"
"1212","TEAM_YA_046",7,0,13,0,48,"Clean 1.jpg","pic"
"1213","TEAM_YA_046",0,18,7,0,15,"Snow 1.jpg","pic"
"1214","TEAM_YA_046",30,61,18,9,47,"Heart 3.jpg","pic"
"1215","TEAM_YA_046",0,0,0,0,55,"Rocks 1.jpg","pic"
"1216","TEAM_YA_046",0,0,0,0,39,"Flood 1.jpg","pic"
"1217","TEAM_YA_056",30,20,30,40,60,"Rainbow 2.jpg","pic"
"1218","TEAM_YA_056",0,0,0,0,0,"Toilet 4.jpg","pic"
"1219","TEAM_YA_056",60,30,80,60,80,"Lake 12.jpg","pic"
"1220","TEAM_YA_056",10,0,50,40,0,"Fireworks 6.jpg","pic"
"1221","TEAM_YA_056",15,0,15,0,0,"Ferret 1.jpg","pic"
"1222","TEAM_YA_056",80,70,20,50,30,"Rocks 1.jpg","pic"
"1223","TEAM_YA_056",80,60,40,60,20,"Dirt 1.jpg","pic"
"1224","TEAM_YA_056",20,25,10,20,11,"Clean 1.jpg","pic"
"1225","TEAM_YA_056",0,0,0,0,0,"Garbage dump 1.jpg","pic"
"1226","TEAM_YA_056",50,0,0,0,10,"Heart 3.jpg","pic"
"1227","TEAM_YA_056",0,0,0,0,0,"Destruction 2.jpg","pic"
"1228","TEAM_YA_056",30,20,50,50,30,"Snow 1.jpg","pic"
"1229","TEAM_YA_056",0,0,0,0,0,"Flood 1.jpg","pic"
"1230","TEAM_YA_056",0,0,20,0,20,"Fire 10.jpg","pic"
"1231","TEAM_YA_056",0,0,0,0,0,"Prison 2.jpg","pic"
"1232","TEAM_YA_056",40,10,20,35,30,"Beach 1.jpg","pic"
"1233","TEAM_YA_048",18,0,0,0,14,"Flood 1.jpg","pic"
"1234","TEAM_YA_048",0,0,0,0,0,"Destruction 2.jpg","pic"
"1235","TEAM_YA_048",0,0,0,0,0,"Prison 2.jpg","pic"
"1236","TEAM_YA_048",73,67,56,63,83,"Beach 1.jpg","pic"
"1237","TEAM_YA_048",75,83,0,80,100,"Lake 12.jpg","pic"
"1238","TEAM_YA_048",0,0,0,0,0,"Fire 10.jpg","pic"
"1239","TEAM_YA_048",0,0,0,0,0,"Garbage dump 1.jpg","pic"
"1240","TEAM_YA_048",83,49,51,0,92,"Clean 1.jpg","pic"
"1241","TEAM_YA_048",72,50,0,65,61,"Rainbow 2.jpg","pic"
"1242","TEAM_YA_048",0,16,0,0,25,"Rocks 1.jpg","pic"
"1243","TEAM_YA_048",19,24,0,0,25,"Snow 1.jpg","pic"
"1244","TEAM_YA_048",74,0,58,61,31,"Fireworks 6.jpg","pic"
"1245","TEAM_YA_048",0,32,0,16,17,"Heart 3.jpg","pic"
"1246","TEAM_YA_048",0,0,0,0,0,"Ferret 1.jpg","pic"
"1247","TEAM_YA_048",0,0,0,0,0,"Dirt 1.jpg","pic"
"1248","TEAM_YA_048",0,0,0,0,0,"Toilet 4.jpg","pic"
"1249","TEAM_YA_054",53,47,7,49,69,"Rainbow 2.jpg","pic"
"1250","TEAM_YA_054",1,0,2,0,3,"Prison 2.jpg","pic"
"1251","TEAM_YA_054",0,0,1,0,2,"Dirt 1.jpg","pic"
"1252","TEAM_YA_054",50,70,5,70,88,"Clean 1.jpg","pic"
"1253","TEAM_YA_054",0,0,10,0,6,"Fire 10.jpg","pic"
"1254","TEAM_YA_054",0,0,0,0,5,"Destruction 2.jpg","pic"
"1255","TEAM_YA_054",4,71,0,0,8,"Rocks 1.jpg","pic"
"1256","TEAM_YA_054",46,81,10,52,80,"Lake 12.jpg","pic"
"1257","TEAM_YA_054",0,0,0,0,0,"Flood 1.jpg","pic"
"1258","TEAM_YA_054",11,0,0,1,0,"Toilet 4.jpg","pic"
"1259","TEAM_YA_054",21,46,17,35,60,"Beach 1.jpg","pic"
"1260","TEAM_YA_054",21,50,44,48,12,"Fireworks 6.jpg","pic"
"1261","TEAM_YA_054",28,75,19,21,14,"Snow 1.jpg","pic"
"1262","TEAM_YA_054",0,0,0,0,0,"Ferret 1.jpg","pic"
"1263","TEAM_YA_054",0,0,0,0,0,"Garbage dump 1.jpg","pic"
"1264","TEAM_YA_054",12,9,0,5,0,"Heart 3.jpg","pic"
"1265","TEAM_YA_080",82,29,80,76,96,"Rainbow 2.jpg","pic"
"1266","TEAM_YA_080",2,4,1,3,2,"Garbage dump 1.jpg","pic"
"1267","TEAM_YA_080",1,3,4,2,36,"Prison 2.jpg","pic"
"1268","TEAM_YA_080",96,76,96,81,99,"Clean 1.jpg","pic"
"1269","TEAM_YA_080",97,98,98,98,96,"Beach 1.jpg","pic"
"1270","TEAM_YA_080",65,39,68,35,52,"Snow 1.jpg","pic"
"1271","TEAM_YA_080",1,3,2,1,3,"Toilet 4.jpg","pic"
"1272","TEAM_YA_080",54,41,14,52,53,"Rocks 1.jpg","pic"
"1273","TEAM_YA_080",82,27,96,28,99,"Heart 3.jpg","pic"
"1274","TEAM_YA_080",1,2,4,4,0,"Fire 10.jpg","pic"
"1275","TEAM_YA_080",47,100,2,55,96,"Lake 12.jpg","pic"
"1276","TEAM_YA_080",61,3,65,4,2,"Fireworks 6.jpg","pic"
"1277","TEAM_YA_080",4,0,1,3,1,"Ferret 1.jpg","pic"
"1278","TEAM_YA_080",2,4,2,3,1,"Destruction 2.jpg","pic"
"1279","TEAM_YA_080",2,8,3,2,44,"Dirt 1.jpg","pic"
"1280","TEAM_YA_080",1,4,1,2,5,"Flood 1.jpg","pic"
"1281","TEAM_YA_065",0,0,0,0,0,"Destruction 2.jpg","pic"
"1282","TEAM_YA_065",1,0,1,0,0,"Garbage dump 1.jpg","pic"
"1283","TEAM_YA_065",100,100,0,87,72,"Rainbow 2.jpg","pic"
"1284","TEAM_YA_065",0,0,1,0,0,"Dirt 1.jpg","pic"
"1285","TEAM_YA_065",0,38,0,0,97,"Rocks 1.jpg","pic"
"1286","TEAM_YA_065",51,97,30,98,100,"Beach 1.jpg","pic"
"1287","TEAM_YA_065",0,0,0,0,0,"Prison 2.jpg","pic"
"1288","TEAM_YA_065",19,97,0,9,0,"Heart 3.jpg","pic"
"1289","TEAM_YA_065",76,100,57,51,100,"Lake 12.jpg","pic"
"1290","TEAM_YA_065",0,83,0,18,80,"Clean 1.jpg","pic"
"1291","TEAM_YA_065",100,72,100,69,0,"Fireworks 6.jpg","pic"
"1292","TEAM_YA_065",19,1,64,10,12,"Fire 10.jpg","pic"
"1293","TEAM_YA_065",0,0,0,0,0,"Toilet 4.jpg","pic"
"1294","TEAM_YA_065",0,0,0,0,0,"Ferret 1.jpg","pic"
"1295","TEAM_YA_065",0,0,0,0,0,"Flood 1.jpg","pic"
"1296","TEAM_YA_065",100,91,0,78,78,"Snow 1.jpg","pic"
"1297","TEAM_YA_082",24,50,18,10,42,"Rocks 1.jpg","pic"
"1298","TEAM_YA_082",59,63,57,59,67,"Fire 10.jpg","pic"
"1299","TEAM_YA_082",10,15,16,18,25,"Destruction 2.jpg","pic"
"1300","TEAM_YA_082",70,77,71,73,57,"Fireworks 6.jpg","pic"
"1301","TEAM_YA_082",22,0,14,18,20,"Rainbow 2.jpg","pic"
"1302","TEAM_YA_082",6,14,12,0,21,"Prison 2.jpg","pic"
"1303","TEAM_YA_082",15,18,36,23,23,"Ferret 1.jpg","pic"
"1304","TEAM_YA_082",42,34,32,30,45,"Beach 1.jpg","pic"
"1305","TEAM_YA_082",42,7,9,10,50,"Heart 3.jpg","pic"
"1306","TEAM_YA_082",68,72,15,39,60,"Toilet 4.jpg","pic"
"1307","TEAM_YA_082",19,47,42,14,66,"Dirt 1.jpg","pic"
"1308","TEAM_YA_082",5,0,7,0,52,"Flood 1.jpg","pic"
"1309","TEAM_YA_082",69,87,42,74,78,"Lake 12.jpg","pic"
"1310","TEAM_YA_082",69,48,75,42,72,"Snow 1.jpg","pic"
"1311","TEAM_YA_082",34,29,31,26,33,"Garbage dump 1.jpg","pic"
"1312","TEAM_YA_082",30,57,44,32,46,"Clean 1.jpg","pic"
"1313","TEAM_YA_083",4,4,18,11,15,"Destruction 2.jpg","pic"
"1314","TEAM_YA_083",42,49,49,31,25,"Heart 3.jpg","pic"
"1315","TEAM_YA_083",47,61,45,28,61,"Clean 1.jpg","pic"
"1316","TEAM_YA_083",49,51,23,16,30,"Rocks 1.jpg","pic"
"1317","TEAM_YA_083",59,21,70,46,49,"Fireworks 6.jpg","pic"
"1318","TEAM_YA_083",7,2,21,2,24,"Toilet 4.jpg","pic"
"1319","TEAM_YA_083",22,32,5,5,29,"Dirt 1.jpg","pic"
"1320","TEAM_YA_083",51,6,18,11,59,"Lake 12.jpg","pic"
"1321","TEAM_YA_083",7,9,12,11,19,"Flood 1.jpg","pic"
"1322","TEAM_YA_083",35,35,33,6,58,"Rainbow 2.jpg","pic"
"1323","TEAM_YA_083",50,22,19,2,64,"Snow 1.jpg","pic"
"1324","TEAM_YA_083",8,2,6,2,8,"Fire 10.jpg","pic"
"1325","TEAM_YA_083",6,1,1,3,3,"Prison 2.jpg","pic"
"1326","TEAM_YA_083",74,60,15,16,54,"Beach 1.jpg","pic"
"1327","TEAM_YA_083",20,5,3,5,2,"Ferret 1.jpg","pic"
"1328","TEAM_YA_083",8,9,15,4,10,"Garbage dump 1.jpg","pic"
"1329","TEAM_YA_069",0,0,0,0,0,"Lake 12.jpg","pic"
"1330","TEAM_YA_069",0,0,0,0,0,"Flood 1.jpg","pic"
"1331","TEAM_YA_069",0,0,0,0,0,"Toilet 4.jpg","pic"
"1332","TEAM_YA_069",0,0,0,0,0,"Destruction 2.jpg","pic"
"1333","TEAM_YA_069",0,0,0,0,0,"Dirt 1.jpg","pic"
"1334","TEAM_YA_069",0,0,0,0,0,"Garbage dump 1.jpg","pic"
"1335","TEAM_YA_069",0,0,0,0,1,"Prison 2.jpg","pic"
"1336","TEAM_YA_069",0,0,0,0,0,"Heart 3.jpg","pic"
"1337","TEAM_YA_069",0,0,0,0,0,"Clean 1.jpg","pic"
"1338","TEAM_YA_069",0,0,0,0,0,"Snow 1.jpg","pic"
"1339","TEAM_YA_069",0,0,0,0,0,"Beach 1.jpg","pic"
"1340","TEAM_YA_069",0,0,0,0,8,"Rainbow 2.jpg","pic"
"1341","TEAM_YA_069",0,0,0,0,0,"Rocks 1.jpg","pic"
"1342","TEAM_YA_069",0,0,0,0,0,"Ferret 1.jpg","pic"
"1343","TEAM_YA_069",0,0,0,0,0,"Fire 10.jpg","pic"
"1344","TEAM_YA_069",0,0,0,0,0,"Fireworks 6.jpg","pic"
"1345","TEAM_YA_064",85,98,45,74,84,"Rocks 1.jpg","pic"
"1346","TEAM_YA_064",83,84,81,91,51,"Fireworks 6.jpg","pic"
"1347","TEAM_YA_064",0,0,0,0,0,"Prison 2.jpg","pic"
"1348","TEAM_YA_064",97,97,69,97,97,"Heart 3.jpg","pic"
"1349","TEAM_YA_064",0,0,0,0,0,"Dirt 1.jpg","pic"
"1350","TEAM_YA_064",95,96,88,91,96,"Clean 1.jpg","pic"
"1351","TEAM_YA_064",0,1,0,0,0,"Ferret 1.jpg","pic"
"1352","TEAM_YA_064",81,96,42,66,70,"Lake 12.jpg","pic"
"1353","TEAM_YA_064",63,2,3,7,52,"Toilet 4.jpg","pic"
"1354","TEAM_YA_064",1,0,0,0,18,"Garbage dump 1.jpg","pic"
"1355","TEAM_YA_064",82,95,41,1,79,"Fire 10.jpg","pic"
"1356","TEAM_YA_064",0,0,0,0,0,"Destruction 2.jpg","pic"
"1357","TEAM_YA_064",95,97,53,82,95,"Beach 1.jpg","pic"
"1358","TEAM_YA_064",1,86,1,1,82,"Snow 1.jpg","pic"
"1359","TEAM_YA_064",5,1,0,0,1,"Flood 1.jpg","pic"
"1360","TEAM_YA_064",78,75,0,81,77,"Rainbow 2.jpg","pic"
"1361","TEAM_YA_084",8,14,23,18,12,"Fireworks 6.jpg","pic"
"1362","TEAM_YA_084",3,9,6,0,10,"Fire 10.jpg","pic"
"1363","TEAM_YA_084",16,23,19,27,16,"Rainbow 2.jpg","pic"
"1364","TEAM_YA_084",1,2,2,3,3,"Prison 2.jpg","pic"
"1365","TEAM_YA_084",2,3,2,2,3,"Flood 1.jpg","pic"
"1366","TEAM_YA_084",18,17,33,27,26,"Clean 1.jpg","pic"
"1367","TEAM_YA_084",24,10,23,24,1,"Ferret 1.jpg","pic"
"1368","TEAM_YA_084",0,3,1,2,2,"Dirt 1.jpg","pic"
"1369","TEAM_YA_084",9,21,14,14,27,"Beach 1.jpg","pic"
"1370","TEAM_YA_084",1,1,4,2,1,"Garbage dump 1.jpg","pic"
"1371","TEAM_YA_084",26,33,33,40,35,"Rocks 1.jpg","pic"
"1372","TEAM_YA_084",35,25,35,38,14,"Lake 12.jpg","pic"
"1373","TEAM_YA_084",6,5,4,2,3,"Toilet 4.jpg","pic"
"1374","TEAM_YA_084",3,3,0,0,4,"Destruction 2.jpg","pic"
"1375","TEAM_YA_084",33,27,46,32,34,"Snow 1.jpg","pic"
"1376","TEAM_YA_084",23,17,17,11,7,"Heart 3.jpg","pic"
"1377","TEAM_YA_085",49,4,47,58,31,"Fireworks 6.jpg","pic"
"1378","TEAM_YA_085",0,0,0,0,6,"Flood 1.jpg","pic"
"1379","TEAM_YA_085",66,38,6,42,78,"Rocks 1.jpg","pic"
"1380","TEAM_YA_085",13,32,4,8,49,"Heart 3.jpg","pic"
"1381","TEAM_YA_085",47,55,51,45,83,"Rainbow 2.jpg","pic"
"1382","TEAM_YA_085",0,0,0,0,0,"Destruction 2.jpg","pic"
"1383","TEAM_YA_085",83,86,48,83,65,"Lake 12.jpg","pic"
"1384","TEAM_YA_085",23,38,12,32,30,"Beach 1.jpg","pic"
"1385","TEAM_YA_085",0,0,0,0,0,"Garbage dump 1.jpg","pic"
"1386","TEAM_YA_085",0,0,0,0,23,"Prison 2.jpg","pic"
"1387","TEAM_YA_085",0,55,21,24,83,"Clean 1.jpg","pic"
"1388","TEAM_YA_085",71,58,75,84,39,"Ferret 1.jpg","pic"
"1389","TEAM_YA_085",0,0,0,0,0,"Toilet 4.jpg","pic"
"1390","TEAM_YA_085",14,12,0,2,32,"Dirt 1.jpg","pic"
"1391","TEAM_YA_085",10,2,0,0,0,"Fire 10.jpg","pic"
"1392","TEAM_YA_085",40,44,55,66,66,"Snow 1.jpg","pic"
"1393","TEAM_YA_062",19,11,6,6,69,"Beach 1.jpg","pic"
"1394","TEAM_YA_062",1,2,1,2,65,"Toilet 4.jpg","pic"
"1395","TEAM_YA_062",2,1,2,2,50,"Ferret 1.jpg","pic"
"1396","TEAM_YA_062",72,65,33,33,72,"Rainbow 2.jpg","pic"
"1397","TEAM_YA_062",12,23,16,24,61,"Clean 1.jpg","pic"
"1398","TEAM_YA_062",15,55,8,15,78,"Rocks 1.jpg","pic"
"1399","TEAM_YA_062",36,73,27,16,80,"Fire 10.jpg","pic"
"1400","TEAM_YA_062",2,11,1,2,98,"Heart 3.jpg","pic"
"1401","TEAM_YA_062",12,37,22,24,66,"Fireworks 6.jpg","pic"
"1402","TEAM_YA_062",35,51,42,19,73,"Lake 12.jpg","pic"
"1403","TEAM_YA_062",3,8,3,2,57,"Prison 2.jpg","pic"
"1404","TEAM_YA_062",11,3,1,2,65,"Garbage dump 1.jpg","pic"
"1405","TEAM_YA_062",8,4,1,1,61,"Destruction 2.jpg","pic"
"1406","TEAM_YA_062",2,1,2,1,57,"Flood 1.jpg","pic"
"1407","TEAM_YA_062",34,50,26,1,78,"Snow 1.jpg","pic"
"1408","TEAM_YA_062",4,3,1,6,33,"Dirt 1.jpg","pic"
"1409","TEAM_YA_061",0,0,0,1,0,"Toilet 4.jpg","pic"
"1410","TEAM_YA_061",89,50,70,82,70,"Snow 1.jpg","pic"
"1411","TEAM_YA_061",4,15,0,1,1,"Prison 2.jpg","pic"
"1412","TEAM_YA_061",100,100,100,100,100,"Rocks 1.jpg","pic"
"1413","TEAM_YA_061",0,0,0,0,0,"Destruction 2.jpg","pic"
"1414","TEAM_YA_061",30,0,15,15,15,"Dirt 1.jpg","pic"
"1415","TEAM_YA_061",100,100,100,100,100,"Clean 1.jpg","pic"
"1416","TEAM_YA_061",100,100,100,100,100,"Beach 1.jpg","pic"
"1417","TEAM_YA_061",0,0,0,0,0,"Fire 10.jpg","pic"
"1418","TEAM_YA_061",100,100,100,65,60,"Ferret 1.jpg","pic"
"1419","TEAM_YA_061",100,100,100,100,100,"Lake 12.jpg","pic"
"1420","TEAM_YA_061",100,100,100,100,85,"Fireworks 6.jpg","pic"
"1421","TEAM_YA_061",100,100,100,100,100,"Rainbow 2.jpg","pic"
"1422","TEAM_YA_061",0,0,0,0,0,"Flood 1.jpg","pic"
"1423","TEAM_YA_061",100,100,80,100,75,"Heart 3.jpg","pic"
"1424","TEAM_YA_061",0,0,0,0,0,"Garbage dump 1.jpg","pic"
"1425","TEAM_YA_081",27,10,10,9,34,"Snow 1.jpg","pic"
"1426","TEAM_YA_081",37,68,13,60,59,"Clean 1.jpg","pic"
"1427","TEAM_YA_081",68,79,72,86,88,"Rainbow 2.jpg","pic"
"1428","TEAM_YA_081",21,41,26,32,27,"Heart 3.jpg","pic"
"1429","TEAM_YA_081",13,0,6,2,20,"Garbage dump 1.jpg","pic"
"1430","TEAM_YA_081",0,0,0,3,0,"Destruction 2.jpg","pic"
"1431","TEAM_YA_081",0,0,0,0,33,"Flood 1.jpg","pic"
"1432","TEAM_YA_081",3,1,1,0,1,"Prison 2.jpg","pic"
"1433","TEAM_YA_081",18,58,0,0,66,"Dirt 1.jpg","pic"
"1434","TEAM_YA_081",76,52,68,77,44,"Fireworks 6.jpg","pic"
"1435","TEAM_YA_081",87,89,78,87,82,"Beach 1.jpg","pic"
"1436","TEAM_YA_081",0,12,0,0,0,"Toilet 4.jpg","pic"
"1437","TEAM_YA_081",82,0,0,0,0,"Ferret 1.jpg","pic"
"1438","TEAM_YA_081",0,31,18,14,33,"Fire 10.jpg","pic"
"1439","TEAM_YA_081",79,100,83,92,82,"Lake 12.jpg","pic"
"1440","TEAM_YA_081",22,21,0,22,19,"Rocks 1.jpg","pic"
"1441","TEAM_YA_003",0,0,0,0,0,"Toilet 4.jpg","pic"
"1442","TEAM_YA_003",0,0,0,0,0,"Prison 2.jpg","pic"
"1443","TEAM_YA_003",0,0,0,0,0,"Ferret 1.jpg","pic"
"1444","TEAM_YA_003",0,0,0,0,0,"Garbage dump 1.jpg","pic"
"1445","TEAM_YA_003",0,0,0,0,0,"Fire 10.jpg","pic"
"1446","TEAM_YA_003",58,78,31,41,71,"Snow 1.jpg","pic"
"1447","TEAM_YA_003",15,0,22,22,0,"Fireworks 6.jpg","pic"
"1448","TEAM_YA_003",52,53,0,34,75,"Heart 3.jpg","pic"
"1449","TEAM_YA_003",0,0,0,0,0,"Destruction 2.jpg","pic"
"1450","TEAM_YA_003",44,50,0,0,70,"Rocks 1.jpg","pic"
"1451","TEAM_YA_003",0,0,0,0,0,"Dirt 1.jpg","pic"
"1452","TEAM_YA_003",70,74,27,71,74,"Rainbow 2.jpg","pic"
"1453","TEAM_YA_003",26,55,0,17,74,"Clean 1.jpg","pic"
"1454","TEAM_YA_003",0,0,0,0,0,"Flood 1.jpg","pic"
"1455","TEAM_YA_003",76,80,26,37,81,"Lake 12.jpg","pic"
"1456","TEAM_YA_003",47,37,22,20,84,"Beach 1.jpg","pic"
"1457","TEAM_YA_073",60,63,74,56,4,"Fireworks 6.jpg","pic"
"1458","TEAM_YA_073",19,65,55,15,6,"Fire 10.jpg","pic"
"1459","TEAM_YA_073",54,11,35,31,15,"Rocks 1.jpg","pic"
"1460","TEAM_YA_073",3,9,11,6,5,"Flood 1.jpg","pic"
"1461","TEAM_YA_073",3,8,4,2,13,"Prison 2.jpg","pic"
"1462","TEAM_YA_073",31,40,20,20,82,"Clean 1.jpg","pic"
"1463","TEAM_YA_073",66,13,81,76,54,"Snow 1.jpg","pic"
"1464","TEAM_YA_073",28,62,4,30,69,"Rainbow 2.jpg","pic"
"1465","TEAM_YA_073",7,8,35,1,3,"Destruction 2.jpg","pic"
"1466","TEAM_YA_073",3,39,19,2,41,"Garbage dump 1.jpg","pic"
"1467","TEAM_YA_073",47,3,61,3,23,"Ferret 1.jpg","pic"
"1468","TEAM_YA_073",40,40,8,20,49,"Lake 12.jpg","pic"
"1469","TEAM_YA_073",4,5,22,6,11,"Toilet 4.jpg","pic"
"1470","TEAM_YA_073",47,69,14,45,50,"Beach 1.jpg","pic"
"1471","TEAM_YA_073",4,16,14,6,36,"Dirt 1.jpg","pic"
"1472","TEAM_YA_073",23,28,38,20,37,"Heart 3.jpg","pic"
"1473","TEAM_YA_068",0,0,0,0,0,"Destruction 2.jpg","pic"
"1474","TEAM_YA_068",0,0,0,0,0,"Flood 1.jpg","pic"
"1475","TEAM_YA_068",39,0,0,0,0,"Rocks 1.jpg","pic"
"1476","TEAM_YA_068",73,66,73,68,67,"Fireworks 6.jpg","pic"
"1477","TEAM_YA_068",0,0,0,0,0,"Ferret 1.jpg","pic"
"1478","TEAM_YA_068",0,0,0,0,73,"Clean 1.jpg","pic"
"1479","TEAM_YA_068",70,87,74,92,75,"Rainbow 2.jpg","pic"
"1480","TEAM_YA_068",0,0,0,0,0,"Dirt 1.jpg","pic"
"1481","TEAM_YA_068",0,0,0,0,0,"Garbage dump 1.jpg","pic"
"1482","TEAM_YA_068",73,85,0,86,76,"Lake 12.jpg","pic"
"1483","TEAM_YA_068",0,0,0,0,0,"Fire 10.jpg","pic"
"1484","TEAM_YA_068",52,50,39,55,71,"Beach 1.jpg","pic"
"1485","TEAM_YA_068",0,0,0,0,0,"Toilet 4.jpg","pic"
"1486","TEAM_YA_068",55,94,29,50,49,"Heart 3.jpg","pic"
"1487","TEAM_YA_068",0,96,0,0,21,"Snow 1.jpg","pic"
"1488","TEAM_YA_068",0,0,0,0,0,"Prison 2.jpg","pic"
"1489","TEAM_YA_075",65,50,65,50,75,"Rocks 1.jpg","pic"
"1490","TEAM_YA_075",80,65,25,100,90,"Rainbow 2.jpg","pic"
"1491","TEAM_YA_075",0,0,0,0,0,"Flood 1.jpg","pic"
"1492","TEAM_YA_075",80,80,75,80,65,"Heart 3.jpg","pic"
"1493","TEAM_YA_075",50,60,65,65,65,"Clean 1.jpg","pic"
"1494","TEAM_YA_075",5,0,0,0,0,"Toilet 4.jpg","pic"
"1495","TEAM_YA_075",0,0,0,0,0,"Garbage dump 1.jpg","pic"
"1496","TEAM_YA_075",0,0,0,0,0,"Ferret 1.jpg","pic"
"1497","TEAM_YA_075",75,90,80,75,90,"Snow 1.jpg","pic"
"1498","TEAM_YA_075",70,50,70,65,15,"Fireworks 6.jpg","pic"
"1499","TEAM_YA_075",0,15,0,20,0,"Dirt 1.jpg","pic"
"1500","TEAM_YA_075",65,50,75,50,75,"Beach 1.jpg","pic"
"1501","TEAM_YA_075",0,0,0,0,10,"Fire 10.jpg","pic"
"1502","TEAM_YA_075",0,0,0,0,0,"Destruction 2.jpg","pic"
"1503","TEAM_YA_075",100,85,85,85,90,"Lake 12.jpg","pic"
"1504","TEAM_YA_075",0,0,0,0,0,"Prison 2.jpg","pic"
"1505","TEAM_YA_036",62,81,32,65,61,"Heart 3.jpg","pic"
"1506","TEAM_YA_036",2,4,4,2,2,"Fire 10.jpg","pic"
"1507","TEAM_YA_036",42,35,31,44,13,"Fireworks 6.jpg","pic"
"1508","TEAM_YA_036",19,92,3,33,74,"Snow 1.jpg","pic"
"1509","TEAM_YA_036",3,4,2,1,4,"Ferret 1.jpg","pic"
"1510","TEAM_YA_036",4,4,3,3,3,"Dirt 1.jpg","pic"
"1511","TEAM_YA_036",4,3,3,4,5,"Destruction 2.jpg","pic"
"1512","TEAM_YA_036",3,3,4,4,3,"Garbage dump 1.jpg","pic"
"1513","TEAM_YA_036",2,3,3,1,2,"Flood 1.jpg","pic"
"1514","TEAM_YA_036",16,24,8,11,39,"Clean 1.jpg","pic"
"1515","TEAM_YA_036",23,53,10,18,34,"Rocks 1.jpg","pic"
"1516","TEAM_YA_036",5,4,3,1,2,"Toilet 4.jpg","pic"
"1517","TEAM_YA_036",25,31,3,21,29,"Rainbow 2.jpg","pic"
"1518","TEAM_YA_036",39,42,12,32,64,"Beach 1.jpg","pic"
"1519","TEAM_YA_036",25,46,12,22,46,"Lake 12.jpg","pic"
"1520","TEAM_YA_036",5,2,4,2,3,"Prison 2.jpg","pic"
"1521","TEAM_YA_023",70,100,30,50,100,"Clean 1.jpg","pic"
"1522","TEAM_YA_023",0,0,0,0,0,"Prison 2.jpg","pic"
"1523","TEAM_YA_023",0,0,0,0,0,"Garbage dump 1.jpg","pic"
"1524","TEAM_YA_023",0,0,0,0,0,"Ferret 1.jpg","pic"
"1525","TEAM_YA_023",0,0,0,0,0,"Dirt 1.jpg","pic"
"1526","TEAM_YA_023",60,75,0,0,85,"Rocks 1.jpg","pic"
"1527","TEAM_YA_023",0,0,0,0,0,"Toilet 4.jpg","pic"
"1528","TEAM_YA_023",90,75,85,100,100,"Lake 12.jpg","pic"
"1529","TEAM_YA_023",50,25,75,0,25,"Fire 10.jpg","pic"
"1530","TEAM_YA_023",0,0,60,0,0,"Destruction 2.jpg","pic"
"1531","TEAM_YA_023",0,25,50,0,20,"Rainbow 2.jpg","pic"
"1532","TEAM_YA_023",0,0,0,0,0,"Flood 1.jpg","pic"
"1533","TEAM_YA_023",75,80,0,50,100,"Heart 3.jpg","pic"
"1534","TEAM_YA_023",100,100,65,100,100,"Snow 1.jpg","pic"
"1535","TEAM_YA_023",100,100,0,75,100,"Beach 1.jpg","pic"
"1536","TEAM_YA_023",100,75,100,100,50,"Fireworks 6.jpg","pic"
"1537","TEAM_YA_098",22,20,18,18,31,"Fire 10.jpg","pic"
"1538","TEAM_YA_098",64,21,60,73,33,"Ferret 1.jpg","pic"
"1539","TEAM_YA_098",9,8,7,2,19,"Destruction 2.jpg","pic"
"1540","TEAM_YA_098",18,4,3,4,11,"Toilet 4.jpg","pic"
"1541","TEAM_YA_098",79,46,57,80,76,"Rainbow 2.jpg","pic"
"1542","TEAM_YA_098",37,86,5,23,86,"Dirt 1.jpg","pic"
"1543","TEAM_YA_098",78,57,64,89,86,"Lake 12.jpg","pic"
"1544","TEAM_YA_098",78,77,58,67,80,"Heart 3.jpg","pic"
"1545","TEAM_YA_098",68,70,78,81,51,"Fireworks 6.jpg","pic"
"1546","TEAM_YA_098",69,84,56,69,70,"Beach 1.jpg","pic"
"1547","TEAM_YA_098",87,91,70,93,83,"Snow 1.jpg","pic"
"1548","TEAM_YA_098",4,16,15,4,27,"Garbage dump 1.jpg","pic"
"1549","TEAM_YA_098",67,78,29,85,77,"Rocks 1.jpg","pic"
"1550","TEAM_YA_098",8,8,4,3,16,"Flood 1.jpg","pic"
"1551","TEAM_YA_098",14,6,8,6,10,"Prison 2.jpg","pic"
"1552","TEAM_YA_098",56,66,11,47,79,"Clean 1.jpg","pic"
"1553","TEAM_YA_102",0,0,0,0,61,"Rocks 1.jpg","pic"
"1554","TEAM_YA_102",33,43,0,0,47,"Heart 3.jpg","pic"
"1555","TEAM_YA_102",0,76,0,0,70,"Dirt 1.jpg","pic"
"1556","TEAM_YA_102",0,0,0,0,0,"Toilet 4.jpg","pic"
"1557","TEAM_YA_102",0,0,51,0,0,"Fire 10.jpg","pic"
"1558","TEAM_YA_102",0,0,0,0,0,"Ferret 1.jpg","pic"
"1559","TEAM_YA_102",0,15,13,0,48,"Beach 1.jpg","pic"
"1560","TEAM_YA_102",30,86,0,0,70,"Rainbow 2.jpg","pic"
"1561","TEAM_YA_102",0,0,0,0,0,"Flood 1.jpg","pic"
"1562","TEAM_YA_102",24,46,48,51,0,"Fireworks 6.jpg","pic"
"1563","TEAM_YA_102",30,78,0,0,76,"Lake 12.jpg","pic"
"1564","TEAM_YA_102",0,0,0,0,0,"Destruction 2.jpg","pic"
"1565","TEAM_YA_102",0,0,0,0,0,"Garbage dump 1.jpg","pic"
"1566","TEAM_YA_102",48,49,0,1,51,"Clean 1.jpg","pic"
"1567","TEAM_YA_102",0,0,0,0,0,"Prison 2.jpg","pic"
"1568","TEAM_YA_102",46,77,16,37,75,"Snow 1.jpg","pic"
"1569","TEAM_YA_103",70,64,70,69,100,"Clean 1.jpg","pic"
"1570","TEAM_YA_103",0,0,0,0,0,"Flood 1.jpg","pic"
"1571","TEAM_YA_103",0,0,0,0,0,"Prison 2.jpg","pic"
"1572","TEAM_YA_103",100,80,100,100,100,"Beach 1.jpg","pic"
"1573","TEAM_YA_103",31,50,29,28,7,"Snow 1.jpg","pic"
"1574","TEAM_YA_103",0,0,0,0,0,"Ferret 1.jpg","pic"
"1575","TEAM_YA_103",0,0,0,0,0,"Fire 10.jpg","pic"
"1576","TEAM_YA_103",80,80,52,64,50,"Heart 3.jpg","pic"
"1577","TEAM_YA_103",0,0,0,0,0,"Dirt 1.jpg","pic"
"1578","TEAM_YA_103",0,0,0,0,0,"Garbage dump 1.jpg","pic"
"1579","TEAM_YA_103",0,0,0,0,0,"Destruction 2.jpg","pic"
"1580","TEAM_YA_103",80,100,59,100,100,"Rocks 1.jpg","pic"
"1581","TEAM_YA_103",100,100,79,100,100,"Lake 12.jpg","pic"
"1582","TEAM_YA_103",70,0,75,20,20,"Fireworks 6.jpg","pic"
"1583","TEAM_YA_103",100,65,70,100,100,"Rainbow 2.jpg","pic"
"1584","TEAM_YA_103",0,0,0,0,0,"Toilet 4.jpg","pic"
"1585","TEAM_YA_108",84,49,85,83,49,"Snow 1.jpg","pic"
"1586","TEAM_YA_108",61,69,39,40,55,"Lake 12.jpg","pic"
"1587","TEAM_YA_108",0,3,3,1,1,"Flood 1.jpg","pic"
"1588","TEAM_YA_108",3,3,2,1,1,"Clean 1.jpg","pic"
"1589","TEAM_YA_108",3,3,3,2,3,"Ferret 1.jpg","pic"
"1590","TEAM_YA_108",1,1,3,1,3,"Toilet 4.jpg","pic"
"1591","TEAM_YA_108",87,46,56,90,78,"Rocks 1.jpg","pic"
"1592","TEAM_YA_108",92,90,96,92,85,"Beach 1.jpg","pic"
"1593","TEAM_YA_108",2,3,2,1,3,"Destruction 2.jpg","pic"
"1594","TEAM_YA_108",77,16,51,57,2,"Fireworks 6.jpg","pic"
"1595","TEAM_YA_108",84,52,52,85,89,"Heart 3.jpg","pic"
"1596","TEAM_YA_108",2,3,1,1,0,"Dirt 1.jpg","pic"
"1597","TEAM_YA_108",1,2,2,2,1,"Garbage dump 1.jpg","pic"
"1598","TEAM_YA_108",1,2,0,1,0,"Prison 2.jpg","pic"
"1599","TEAM_YA_108",3,4,2,1,1,"Fire 10.jpg","pic"
"1600","TEAM_YA_108",73,100,63,87,86,"Rainbow 2.jpg","pic"
"1601","TEAM_YA_109",22,6,26,14,18,"Fire 10.jpg","pic"
"1602","TEAM_YA_109",0,0,0,0,0,"Prison 2.jpg","pic"
"1603","TEAM_YA_109",39,72,27,58,52,"Heart 3.jpg","pic"
"1604","TEAM_YA_109",36,6,55,16,1,"Garbage dump 1.jpg","pic"
"1605","TEAM_YA_109",58,81,29,61,70,"Rainbow 2.jpg","pic"
"1606","TEAM_YA_109",17,44,9,27,37,"Clean 1.jpg","pic"
"1607","TEAM_YA_109",10,17,48,1,1,"Dirt 1.jpg","pic"
"1608","TEAM_YA_109",0,0,0,0,0,"Destruction 2.jpg","pic"
"1609","TEAM_YA_109",80,95,68,95,89,"Beach 1.jpg","pic"
"1610","TEAM_YA_109",57,76,59,74,73,"Snow 1.jpg","pic"
"1611","TEAM_YA_109",14,0,1,18,1,"Toilet 4.jpg","pic"
"1612","TEAM_YA_109",35,0,48,9,0,"Ferret 1.jpg","pic"
"1613","TEAM_YA_109",95,99,87,99,100,"Rocks 1.jpg","pic"
"1614","TEAM_YA_109",0,0,1,1,0,"Flood 1.jpg","pic"
"1615","TEAM_YA_109",67,84,98,87,95,"Lake 12.jpg","pic"
"1616","TEAM_YA_109",51,84,58,81,35,"Fireworks 6.jpg","pic"
"1617","TEAM_YA_111",4,4,2,11,34,"Garbage dump 1.jpg","pic"
"1618","TEAM_YA_111",95,86,82,87,83,"Lake 12.jpg","pic"
"1619","TEAM_YA_111",4,1,2,3,47,"Toilet 4.jpg","pic"
"1620","TEAM_YA_111",63,50,47,83,63,"Heart 3.jpg","pic"
"1621","TEAM_YA_111",73,70,83,86,48,"Fireworks 6.jpg","pic"
"1622","TEAM_YA_111",85,88,86,86,93,"Clean 1.jpg","pic"
"1623","TEAM_YA_111",69,76,66,84,82,"Rocks 1.jpg","pic"
"1624","TEAM_YA_111",82,92,87,98,83,"Rainbow 2.jpg","pic"
"1625","TEAM_YA_111",3,49,2,1,74,"Dirt 1.jpg","pic"
"1626","TEAM_YA_111",3,11,13,12,30,"Destruction 2.jpg","pic"
"1627","TEAM_YA_111",2,12,25,13,17,"Flood 1.jpg","pic"
"1628","TEAM_YA_111",8,17,7,15,33,"Ferret 1.jpg","pic"
"1629","TEAM_YA_111",79,73,72,76,95,"Beach 1.jpg","pic"
"1630","TEAM_YA_111",76,87,74,70,81,"Fire 10.jpg","pic"
"1631","TEAM_YA_111",14,78,26,49,69,"Snow 1.jpg","pic"
"1632","TEAM_YA_111",4,28,6,6,25,"Prison 2.jpg","pic"
"1633","TEAM_YA_101",0,0,0,0,0,"Prison 2.jpg","pic"
"1634","TEAM_YA_101",34,0,19,18,0,"Fireworks 6.jpg","pic"
"1635","TEAM_YA_101",0,0,0,0,0,"Toilet 4.jpg","pic"
"1636","TEAM_YA_101",0,16,0,0,0,"Dirt 1.jpg","pic"
"1637","TEAM_YA_101",40,23,31,0,46,"Clean 1.jpg","pic"
"1638","TEAM_YA_101",47,24,60,28,57,"Beach 1.jpg","pic"
"1639","TEAM_YA_101",0,0,0,0,0,"Flood 1.jpg","pic"
"1640","TEAM_YA_101",21,70,0,0,66,"Rocks 1.jpg","pic"
"1641","TEAM_YA_101",0,0,0,0,0,"Garbage dump 1.jpg","pic"
"1642","TEAM_YA_101",0,0,0,0,0,"Destruction 2.jpg","pic"
"1643","TEAM_YA_101",0,0,0,0,0,"Fire 10.jpg","pic"
"1644","TEAM_YA_101",0,0,8,0,0,"Ferret 1.jpg","pic"
"1645","TEAM_YA_101",7,0,0,0,9,"Rainbow 2.jpg","pic"
"1646","TEAM_YA_101",47,46,66,18,65,"Snow 1.jpg","pic"
"1647","TEAM_YA_101",29,10,0,0,23,"Heart 3.jpg","pic"
"1648","TEAM_YA_101",42,48,66,17,47,"Lake 12.jpg","pic"
"1649","TEAM_YA_097",0,5,0,0,5,"Rocks 1.jpg","pic"
"1650","TEAM_YA_097",0,0,0,0,3,"Flood 1.jpg","pic"
"1651","TEAM_YA_097",7,0,0,2,0,"Ferret 1.jpg","pic"
"1652","TEAM_YA_097",0,0,0,0,0,"Dirt 1.jpg","pic"
"1653","TEAM_YA_097",0,0,0,0,0,"Fireworks 6.jpg","pic"
"1654","TEAM_YA_097",0,0,0,0,0,"Garbage dump 1.jpg","pic"
"1655","TEAM_YA_097",0,0,0,0,0,"Fire 10.jpg","pic"
"1656","TEAM_YA_097",0,0,0,0,0,"Destruction 2.jpg","pic"
"1657","TEAM_YA_097",0,5,0,0,0,"Beach 1.jpg","pic"
"1658","TEAM_YA_097",0,0,0,0,0,"Prison 2.jpg","pic"
"1659","TEAM_YA_097",0,0,5,0,0,"Toilet 4.jpg","pic"
"1660","TEAM_YA_097",0,0,0,0,5,"Snow 1.jpg","pic"
"1661","TEAM_YA_097",8,0,1,0,0,"Heart 3.jpg","pic"
"1662","TEAM_YA_097",0,0,5,0,5,"Lake 12.jpg","pic"
"1663","TEAM_YA_097",0,1,0,5,2,"Clean 1.jpg","pic"
"1664","TEAM_YA_097",0,0,0,0,0,"Rainbow 2.jpg","pic"
"1665","TEAM_YA_112",0,0,0,0,14,"Garbage dump 1.jpg","pic"
"1666","TEAM_YA_112",80,80,82,82,81,"Snow 1.jpg","pic"
"1667","TEAM_YA_112",70,90,52,78,91,"Clean 1.jpg","pic"
"1668","TEAM_YA_112",91,84,90,90,85,"Fireworks 6.jpg","pic"
"1669","TEAM_YA_112",0,26,0,0,55,"Dirt 1.jpg","pic"
"1670","TEAM_YA_112",1,0,0,0,0,"Toilet 4.jpg","pic"
"1671","TEAM_YA_112",71,86,51,85,86,"Rainbow 2.jpg","pic"
"1672","TEAM_YA_112",87,86,57,82,86,"Heart 3.jpg","pic"
"1673","TEAM_YA_112",0,0,0,0,0,"Destruction 2.jpg","pic"
"1674","TEAM_YA_112",0,0,0,0,70,"Fire 10.jpg","pic"
"1675","TEAM_YA_112",85,85,44,85,85,"Beach 1.jpg","pic"
"1676","TEAM_YA_112",0,0,0,0,0,"Ferret 1.jpg","pic"
"1677","TEAM_YA_112",90,84,86,87,87,"Lake 12.jpg","pic"
"1678","TEAM_YA_112",0,0,0,0,0,"Prison 2.jpg","pic"
"1679","TEAM_YA_112",0,0,0,0,0,"Flood 1.jpg","pic"
"1680","TEAM_YA_112",90,80,66,85,86,"Rocks 1.jpg","pic"
"1681","TEAM_YA_106",6,0,2,0,11,"Destruction 2.jpg","pic"
"1682","TEAM_YA_106",64,75,1,7,78,"Heart 3.jpg","pic"
"1683","TEAM_YA_106",74,84,68,80,52,"Fireworks 6.jpg","pic"
"1684","TEAM_YA_106",1,2,2,1,0,"Toilet 4.jpg","pic"
"1685","TEAM_YA_106",1,33,1,4,1,"Ferret 1.jpg","pic"
"1686","TEAM_YA_106",57,89,5,37,78,"Rocks 1.jpg","pic"
"1687","TEAM_YA_106",1,0,0,0,7,"Flood 1.jpg","pic"
"1688","TEAM_YA_106",86,93,60,74,78,"Snow 1.jpg","pic"
"1689","TEAM_YA_106",71,77,79,53,86,"Beach 1.jpg","pic"
"1690","TEAM_YA_106",12,90,0,12,60,"Dirt 1.jpg","pic"
"1691","TEAM_YA_106",3,5,3,0,0,"Garbage dump 1.jpg","pic"
"1692","TEAM_YA_106",23,61,20,12,42,"Clean 1.jpg","pic"
"1693","TEAM_YA_106",0,9,0,0,2,"Prison 2.jpg","pic"
"1694","TEAM_YA_106",85,82,65,66,81,"Rainbow 2.jpg","pic"
"1695","TEAM_YA_106",1,17,0,0,6,"Fire 10.jpg","pic"
"1696","TEAM_YA_106",63,70,44,53,80,"Lake 12.jpg","pic"
"1697","TEAM_YA_090",0,8,0,0,10,"Clean 1.jpg","pic"
"1698","TEAM_YA_090",10,10,5,10,15,"Rainbow 2.jpg","pic"
"1699","TEAM_YA_090",0,0,0,0,0,"Dirt 1.jpg","pic"
"1700","TEAM_YA_090",0,0,0,0,0,"Fire 10.jpg","pic"
"1701","TEAM_YA_090",12,20,0,12,12,"Beach 1.jpg","pic"
"1702","TEAM_YA_090",8,5,15,8,0,"Fireworks 6.jpg","pic"
"1703","TEAM_YA_090",4,0,2,0,0,"Ferret 1.jpg","pic"
"1704","TEAM_YA_090",0,0,0,0,0,"Toilet 4.jpg","pic"
"1705","TEAM_YA_090",0,0,0,0,0,"Garbage dump 1.jpg","pic"
"1706","TEAM_YA_090",0,0,0,0,0,"Flood 1.jpg","pic"
"1707","TEAM_YA_090",10,5,10,6,10,"Heart 3.jpg","pic"
"1708","TEAM_YA_090",0,0,0,0,0,"Destruction 2.jpg","pic"
"1709","TEAM_YA_090",12,15,10,6,20,"Lake 12.jpg","pic"
"1710","TEAM_YA_090",0,0,0,0,0,"Prison 2.jpg","pic"
"1711","TEAM_YA_090",16,10,10,10,6,"Snow 1.jpg","pic"
"1712","TEAM_YA_090",10,15,0,6,15,"Rocks 1.jpg","pic"
"1713","TEAM_YA_100",0,6,0,0,10,"Snow 1.jpg","pic"
"1714","TEAM_YA_100",0,0,0,0,0,"Destruction 2.jpg","pic"
"1715","TEAM_YA_100",0,0,0,0,6,"Garbage dump 1.jpg","pic"
"1716","TEAM_YA_100",0,0,0,0,22,"Dirt 1.jpg","pic"
"1717","TEAM_YA_100",0,0,0,0,0,"Beach 1.jpg","pic"
"1718","TEAM_YA_100",21,0,21,19,0,"Fireworks 6.jpg","pic"
"1719","TEAM_YA_100",11,80,76,50,63,"Lake 12.jpg","pic"
"1720","TEAM_YA_100",0,0,0,0,24,"Rainbow 2.jpg","pic"
"1721","TEAM_YA_100",0,0,0,0,36,"Fire 10.jpg","pic"
"1722","TEAM_YA_100",0,1,0,0,24,"Rocks 1.jpg","pic"
"1723","TEAM_YA_100",0,0,0,0,0,"Prison 2.jpg","pic"
"1724","TEAM_YA_100",0,0,0,0,0,"Flood 1.jpg","pic"
"1725","TEAM_YA_100",0,0,0,0,19,"Toilet 4.jpg","pic"
"1726","TEAM_YA_100",37,0,20,68,11,"Ferret 1.jpg","pic"
"1727","TEAM_YA_100",18,0,0,0,0,"Heart 3.jpg","pic"
"1728","TEAM_YA_100",0,0,0,0,13,"Clean 1.jpg","pic"
"1729","TEAM_YA_031",16,13,39,11,31,"Heart 3.jpg","pic"
"1730","TEAM_YA_031",21,48,23,19,56,"Rocks 1.jpg","pic"
"1731","TEAM_YA_031",16,24,18,18,20,"Garbage dump 1.jpg","pic"
"1732","TEAM_YA_031",33,15,45,28,42,"Beach 1.jpg","pic"
"1733","TEAM_YA_031",25,7,12,2,16,"Prison 2.jpg","pic"
"1734","TEAM_YA_031",31,12,19,8,19,"Fire 10.jpg","pic"
"1735","TEAM_YA_031",22,9,23,5,13,"Toilet 4.jpg","pic"
"1736","TEAM_YA_031",28,8,9,9,10,"Ferret 1.jpg","pic"
"1737","TEAM_YA_031",16,6,6,5,6,"Destruction 2.jpg","pic"
"1738","TEAM_YA_031",25,17,21,17,47,"Clean 1.jpg","pic"
"1739","TEAM_YA_031",71,50,69,73,33,"Fireworks 6.jpg","pic"
"1740","TEAM_YA_031",31,51,24,17,63,"Lake 12.jpg","pic"
"1741","TEAM_YA_031",14,13,12,6,11,"Dirt 1.jpg","pic"
"1742","TEAM_YA_031",24,43,6,8,22,"Rainbow 2.jpg","pic"
"1743","TEAM_YA_031",53,43,65,65,63,"Snow 1.jpg","pic"
"1744","TEAM_YA_031",0,4,7,3,12,"Flood 1.jpg","pic"
"1745","TEAM_YA_079",83,36,34,57,77,"Beach 1.jpg","pic"
"1746","TEAM_YA_079",0,74,0,0,73,"Snow 1.jpg","pic"
"1747","TEAM_YA_079",0,0,0,0,0,"Flood 1.jpg","pic"
"1748","TEAM_YA_079",54,57,26,15,14,"Fireworks 6.jpg","pic"
"1749","TEAM_YA_079",0,0,0,0,0,"Garbage dump 1.jpg","pic"
"1750","TEAM_YA_079",0,0,0,0,0,"Destruction 2.jpg","pic"
"1751","TEAM_YA_079",0,0,0,0,0,"Rocks 1.jpg","pic"
"1752","TEAM_YA_079",26,36,0,27,74,"Lake 12.jpg","pic"
"1753","TEAM_YA_079",0,0,0,0,0,"Prison 2.jpg","pic"
"1754","TEAM_YA_079",0,0,0,0,0,"Dirt 1.jpg","pic"
"1755","TEAM_YA_079",15,0,0,0,19,"Ferret 1.jpg","pic"
"1756","TEAM_YA_079",0,77,0,18,81,"Heart 3.jpg","pic"
"1757","TEAM_YA_079",0,27,0,31,78,"Rainbow 2.jpg","pic"
"1758","TEAM_YA_079",32,82,21,19,82,"Clean 1.jpg","pic"
"1759","TEAM_YA_079",70,63,0,37,80,"Fire 10.jpg","pic"
"1760","TEAM_YA_079",0,0,0,0,0,"Toilet 4.jpg","pic"
"1761","TEAM_YA_066",65,11,13,48,46,"Snow 1.jpg","pic"
"1762","TEAM_YA_066",97,67,91,91,95,"Lake 12.jpg","pic"
"1763","TEAM_YA_066",0,0,1,0,12,"Flood 1.jpg","pic"
"1764","TEAM_YA_066",15,12,19,15,16,"Prison 2.jpg","pic"
"1765","TEAM_YA_066",73,73,69,72,69,"Toilet 4.jpg","pic"
"1766","TEAM_YA_066",5,6,5,21,6,"Beach 1.jpg","pic"
"1767","TEAM_YA_066",50,50,50,50,50,"Rocks 1.jpg","pic"
"1768","TEAM_YA_066",0,0,0,0,0,"Ferret 1.jpg","pic"
"1769","TEAM_YA_066",0,0,0,0,0,"Garbage dump 1.jpg","pic"
"1770","TEAM_YA_066",0,0,0,0,0,"Dirt 1.jpg","pic"
"1771","TEAM_YA_066",10,0,0,0,23,"Heart 3.jpg","pic"
"1772","TEAM_YA_066",1,2,3,3,1,"Rainbow 2.jpg","pic"
"1773","TEAM_YA_066",54,48,6,50,29,"Destruction 2.jpg","pic"
"1774","TEAM_YA_066",2,6,13,4,0,"Fire 10.jpg","pic"
"1775","TEAM_YA_066",77,50,68,75,34,"Fireworks 6.jpg","pic"
"1776","TEAM_YA_066",12,11,12,12,11,"Clean 1.jpg","pic"
"1777","TEAM_YA_089",8,0,0,10,20,"Beach 1.jpg","pic"
"1778","TEAM_YA_089",0,0,0,0,0,"Dirt 1.jpg","pic"
"1779","TEAM_YA_089",6,7,0,12,0,"Rocks 1.jpg","pic"
"1780","TEAM_YA_089",0,0,9,0,0,"Destruction 2.jpg","pic"
"1781","TEAM_YA_089",0,4,7,0,0,"Flood 1.jpg","pic"
"1782","TEAM_YA_089",0,13,0,0,0,"Prison 2.jpg","pic"
"1783","TEAM_YA_089",0,0,0,0,0,"Heart 3.jpg","pic"
"1784","TEAM_YA_089",32,40,25,29,0,"Fireworks 6.jpg","pic"
"1785","TEAM_YA_089",4,4,0,8,14,"Rainbow 2.jpg","pic"
"1786","TEAM_YA_089",13,30,12,13,0,"Toilet 4.jpg","pic"
"1787","TEAM_YA_089",65,63,49,62,30,"Lake 12.jpg","pic"
"1788","TEAM_YA_089",7,16,11,9,0,"Fire 10.jpg","pic"
"1789","TEAM_YA_089",0,0,0,0,5,"Clean 1.jpg","pic"
"1790","TEAM_YA_089",0,0,10,0,0,"Garbage dump 1.jpg","pic"
"1791","TEAM_YA_089",15,18,8,15,15,"Ferret 1.jpg","pic"
"1792","TEAM_YA_089",21,39,19,29,22,"Snow 1.jpg","pic"
"1793","TEAM_YA_030",62,67,64,52,70,"Lake 12.jpg","pic"
"1794","TEAM_YA_030",27,20,21,27,20,"Snow 1.jpg","pic"
"1795","TEAM_YA_030",66,73,20,40,68,"Clean 1.jpg","pic"
"1796","TEAM_YA_030",74,50,56,71,74,"Heart 3.jpg","pic"
"1797","TEAM_YA_030",33,26,19,27,17,"Toilet 4.jpg","pic"
"1798","TEAM_YA_030",22,32,24,31,18,"Flood 1.jpg","pic"
"1799","TEAM_YA_030",11,25,21,28,20,"Ferret 1.jpg","pic"
"1800","TEAM_YA_030",0,0,0,0,0,"Prison 2.jpg","pic"
"1801","TEAM_YA_030",0,0,0,0,0,"Destruction 2.jpg","pic"
"1802","TEAM_YA_030",72,47,13,74,51,"Rainbow 2.jpg","pic"
"1803","TEAM_YA_030",50,64,33,52,82,"Rocks 1.jpg","pic"
"1804","TEAM_YA_030",25,19,15,31,16,"Fire 10.jpg","pic"
"1805","TEAM_YA_030",20,28,14,25,17,"Dirt 1.jpg","pic"
"1806","TEAM_YA_030",63,78,83,82,77,"Beach 1.jpg","pic"
"1807","TEAM_YA_030",11,28,13,26,18,"Garbage dump 1.jpg","pic"
"1808","TEAM_YA_030",71,65,68,67,63,"Fireworks 6.jpg","pic"
"1809","TEAM_YA_092",57,89,7,60,74,"Snow 1.jpg","pic"
"1810","TEAM_YA_092",12,51,15,4,88,"Rocks 1.jpg","pic"
"1811","TEAM_YA_092",64,61,45,47,96,"Fireworks 6.jpg","pic"
"1812","TEAM_YA_092",1,0,0,0,6,"Dirt 1.jpg","pic"
"1813","TEAM_YA_092",0,0,0,0,0,"Prison 2.jpg","pic"
"1814","TEAM_YA_092",15,61,45,36,74,"Beach 1.jpg","pic"
"1815","TEAM_YA_092",35,54,62,25,64,"Garbage dump 1.jpg","pic"
"1816","TEAM_YA_092",55,48,27,49,39,"Fire 10.jpg","pic"
"1817","TEAM_YA_092",59,81,12,13,100,"Lake 12.jpg","pic"
"1818","TEAM_YA_092",0,0,27,0,3,"Flood 1.jpg","pic"
"1819","TEAM_YA_092",0,0,15,0,12,"Destruction 2.jpg","pic"
"1820","TEAM_YA_092",0,63,19,50,86,"Heart 3.jpg","pic"
"1821","TEAM_YA_092",0,3,15,0,5,"Ferret 1.jpg","pic"
"1822","TEAM_YA_092",0,6,0,0,29,"Clean 1.jpg","pic"
"1823","TEAM_YA_092",37,100,61,42,93,"Rainbow 2.jpg","pic"
"1824","TEAM_YA_092",0,0,31,26,89,"Toilet 4.jpg","pic"
"1825","TEAM_YA_044",3,20,30,10,6,"Toilet 4.jpg","pic"
"1826","TEAM_YA_044",95,92,91,96,80,"Rainbow 2.jpg","pic"
"1827","TEAM_YA_044",2,6,2,3,1,"Dirt 1.jpg","pic"
"1828","TEAM_YA_044",88,93,93,94,91,"Fireworks 6.jpg","pic"
"1829","TEAM_YA_044",91,84,66,84,81,"Rocks 1.jpg","pic"
"1830","TEAM_YA_044",90,90,79,91,65,"Destruction 2.jpg","pic"
"1831","TEAM_YA_044",85,84,26,85,70,"Snow 1.jpg","pic"
"1832","TEAM_YA_044",10,1,16,2,1,"Flood 1.jpg","pic"
"1833","TEAM_YA_044",0,8,65,2,1,"Ferret 1.jpg","pic"
"1834","TEAM_YA_044",90,100,98,92,96,"Clean 1.jpg","pic"
"1835","TEAM_YA_044",99,92,92,93,64,"Heart 3.jpg","pic"
"1836","TEAM_YA_044",0,5,6,0,3,"Fire 10.jpg","pic"
"1837","TEAM_YA_044",0,2,5,0,4,"Garbage dump 1.jpg","pic"
"1838","TEAM_YA_044",94,98,98,100,100,"Beach 1.jpg","pic"
"1839","TEAM_YA_044",97,99,100,98,98,"Lake 12.jpg","pic"
"1840","TEAM_YA_044",0,2,5,3,0,"Prison 2.jpg","pic"
"1841","TEAM_YA_077",96,100,91,46,97,"Lake 12.jpg","pic"
"1842","TEAM_YA_077",0,0,0,0,0,"Destruction 2.jpg","pic"
"1843","TEAM_YA_077",0,0,0,0,10,"Prison 2.jpg","pic"
"1844","TEAM_YA_077",100,100,100,100,65,"Fireworks 6.jpg","pic"
"1845","TEAM_YA_077",47,54,21,8,94,"Snow 1.jpg","pic"
"1846","TEAM_YA_077",25,51,48,50,49,"Heart 3.jpg","pic"
"1847","TEAM_YA_077",100,100,100,100,100,"Rainbow 2.jpg","pic"
"1848","TEAM_YA_077",0,0,0,0,0,"Dirt 1.jpg","pic"
"1849","TEAM_YA_077",4,25,0,0,0,"Ferret 1.jpg","pic"
"1850","TEAM_YA_077",79,87,72,84,100,"Rocks 1.jpg","pic"
"1851","TEAM_YA_077",100,100,100,100,100,"Beach 1.jpg","pic"
"1852","TEAM_YA_077",0,0,0,0,0,"Fire 10.jpg","pic"
"1853","TEAM_YA_077",0,0,0,0,0,"Garbage dump 1.jpg","pic"
"1854","TEAM_YA_077",100,100,100,100,100,"Clean 1.jpg","pic"
"1855","TEAM_YA_077",0,0,0,0,0,"Toilet 4.jpg","pic"
"1856","TEAM_YA_077",0,0,0,0,0,"Flood 1.jpg","pic"
"1857","TEAM_YA_072",21,9,0,14,21,"Beach 1.jpg","pic"
"1858","TEAM_YA_072",0,0,0,0,0,"Flood 1.jpg","pic"
"1859","TEAM_YA_072",34,22,18,26,36,"Rainbow 2.jpg","pic"
"1860","TEAM_YA_072",0,0,0,0,0,"Ferret 1.jpg","pic"
"1861","TEAM_YA_072",0,0,0,0,0,"Toilet 4.jpg","pic"
"1862","TEAM_YA_072",29,16,0,7,42,"Heart 3.jpg","pic"
"1863","TEAM_YA_072",0,0,0,0,0,"Dirt 1.jpg","pic"
"1864","TEAM_YA_072",0,0,0,0,0,"Prison 2.jpg","pic"
"1865","TEAM_YA_072",0,0,0,0,7,"Fire 10.jpg","pic"
"1866","TEAM_YA_072",0,0,0,0,0,"Destruction 2.jpg","pic"
"1867","TEAM_YA_072",22,21,0,8,44,"Snow 1.jpg","pic"
"1868","TEAM_YA_072",24,15,18,10,54,"Clean 1.jpg","pic"
"1869","TEAM_YA_072",45,35,38,48,13,"Fireworks 6.jpg","pic"
"1870","TEAM_YA_072",50,51,69,32,68,"Lake 12.jpg","pic"
"1871","TEAM_YA_072",0,0,0,0,0,"Garbage dump 1.jpg","pic"
"1872","TEAM_YA_072",45,36,0,14,56,"Rocks 1.jpg","pic"
"1873","TEAM_YA_022",50,85,5,25,100,"Beach 1.jpg","pic"
"1874","TEAM_YA_022",65,0,0,20,0,"Fireworks 6.jpg","pic"
"1875","TEAM_YA_022",89,81,29,81,31,"Snow 1.jpg","pic"
"1876","TEAM_YA_022",19,33,3,3,70,"Rocks 1.jpg","pic"
"1877","TEAM_YA_022",100,75,75,100,20,"Ferret 1.jpg","pic"
"1878","TEAM_YA_022",0,0,0,0,0,"Garbage dump 1.jpg","pic"
"1879","TEAM_YA_022",0,0,0,0,0,"Fire 10.jpg","pic"
"1880","TEAM_YA_022",0,0,0,0,0,"Destruction 2.jpg","pic"
"1881","TEAM_YA_022",38,10,15,10,9,"Heart 3.jpg","pic"
"1882","TEAM_YA_022",0,37,0,0,0,"Dirt 1.jpg","pic"
"1883","TEAM_YA_022",68,49,6,9,40,"Clean 1.jpg","pic"
"1884","TEAM_YA_022",0,0,0,0,0,"Prison 2.jpg","pic"
"1885","TEAM_YA_022",0,0,0,0,0,"Toilet 4.jpg","pic"
"1886","TEAM_YA_022",25,92,0,23,87,"Lake 12.jpg","pic"
"1887","TEAM_YA_022",0,0,0,0,0,"Flood 1.jpg","pic"
"1888","TEAM_YA_022",24,20,3,9,8,"Rainbow 2.jpg","pic"
"1889","TEAM_YA_074",76,37,0,57,84,"Snow 1.jpg","pic"
"1890","TEAM_YA_074",52,2,5,48,55,"Rainbow 2.jpg","pic"
"1891","TEAM_YA_074",58,2,1,62,56,"Beach 1.jpg","pic"
"1892","TEAM_YA_074",0,0,0,0,0,"Destruction 2.jpg","pic"
"1893","TEAM_YA_074",0,44,61,56,76,"Heart 3.jpg","pic"
"1894","TEAM_YA_074",0,0,0,0,0,"Fire 10.jpg","pic"
"1895","TEAM_YA_074",74,3,77,51,0,"Fireworks 6.jpg","pic"
"1896","TEAM_YA_074",0,40,0,57,44,"Lake 12.jpg","pic"
"1897","TEAM_YA_074",0,0,0,0,0,"Flood 1.jpg","pic"
"1898","TEAM_YA_074",0,0,0,0,0,"Toilet 4.jpg","pic"
"1899","TEAM_YA_074",0,0,0,0,0,"Dirt 1.jpg","pic"
"1900","TEAM_YA_074",0,0,0,0,0,"Ferret 1.jpg","pic"
"1901","TEAM_YA_074",3,0,0,0,18,"Clean 1.jpg","pic"
"1902","TEAM_YA_074",0,0,0,0,0,"Prison 2.jpg","pic"
"1903","TEAM_YA_074",0,1,4,3,3,"Garbage dump 1.jpg","pic"
"1904","TEAM_YA_074",3,0,0,0,23,"Rocks 1.jpg","pic"
"1905","TEAM_YA_067",13,5,3,2,71,"Fire 10.jpg","pic"
"1906","TEAM_YA_067",6,9,3,6,50,"Prison 2.jpg","pic"
"1907","TEAM_YA_067",2,3,2,0,49,"Destruction 2.jpg","pic"
"1908","TEAM_YA_067",16,31,20,32,95,"Rocks 1.jpg","pic"
"1909","TEAM_YA_067",45,45,34,53,77,"Beach 1.jpg","pic"
"1910","TEAM_YA_067",35,78,46,55,98,"Snow 1.jpg","pic"
"1911","TEAM_YA_067",3,0,0,1,24,"Toilet 4.jpg","pic"
"1912","TEAM_YA_067",50,72,42,72,90,"Lake 12.jpg","pic"
"1913","TEAM_YA_067",13,14,4,4,23,"Flood 1.jpg","pic"
"1914","TEAM_YA_067",40,28,16,44,48,"Rainbow 2.jpg","pic"
"1915","TEAM_YA_067",34,41,27,17,57,"Heart 3.jpg","pic"
"1916","TEAM_YA_067",40,56,26,60,54,"Fireworks 6.jpg","pic"
"1917","TEAM_YA_067",16,14,3,8,52,"Dirt 1.jpg","pic"
"1918","TEAM_YA_067",36,30,14,48,73,"Clean 1.jpg","pic"
"1919","TEAM_YA_067",25,11,14,22,43,"Ferret 1.jpg","pic"
"1920","TEAM_YA_067",1,6,2,0,17,"Garbage dump 1.jpg","pic"
"1921","TEAM_YA_071",1,0,2,2,5,"Toilet 4.jpg","pic"
"1922","TEAM_YA_071",40,36,6,39,39,"Lake 12.jpg","pic"
"1923","TEAM_YA_071",0,0,0,0,0,"Destruction 2.jpg","pic"
"1924","TEAM_YA_071",55,57,44,71,70,"Beach 1.jpg","pic"
"1925","TEAM_YA_071",4,1,1,4,1,"Flood 1.jpg","pic"
"1926","TEAM_YA_071",19,4,5,5,35,"Snow 1.jpg","pic"
"1927","TEAM_YA_071",1,0,9,7,5,"Garbage dump 1.jpg","pic"
"1928","TEAM_YA_071",49,47,61,57,46,"Fireworks 6.jpg","pic"
"1929","TEAM_YA_071",4,2,4,4,0,"Dirt 1.jpg","pic"
"1930","TEAM_YA_071",1,3,1,4,2,"Heart 3.jpg","pic"
"1931","TEAM_YA_071",9,55,81,26,43,"Rocks 1.jpg","pic"
"1932","TEAM_YA_071",5,22,23,11,2,"Prison 2.jpg","pic"
"1933","TEAM_YA_071",5,10,30,31,2,"Ferret 1.jpg","pic"
"1934","TEAM_YA_071",42,50,42,18,27,"Clean 1.jpg","pic"
"1935","TEAM_YA_071",9,35,16,0,10,"Fire 10.jpg","pic"
"1936","TEAM_YA_071",100,53,48,74,66,"Rainbow 2.jpg","pic"
"1937","TEAM_YA_013",47,19,0,33,79,"Beach 1.jpg","pic"
"1938","TEAM_YA_013",0,0,0,0,0,"Destruction 2.jpg","pic"
"1939","TEAM_YA_013",74,11,49,8,25,"Rocks 1.jpg","pic"
"1940","TEAM_YA_013",14,0,0,0,0,"Ferret 1.jpg","pic"
"1941","TEAM_YA_013",35,24,10,38,54,"Rainbow 2.jpg","pic"
"1942","TEAM_YA_013",0,0,0,0,0,"Dirt 1.jpg","pic"
"1943","TEAM_YA_013",17,41,9,27,8,"Garbage dump 1.jpg","pic"
"1944","TEAM_YA_013",45,90,71,30,72,"Snow 1.jpg","pic"
"1945","TEAM_YA_013",45,6,27,32,5,"Fireworks 6.jpg","pic"
"1946","TEAM_YA_013",35,10,4,0,30,"Heart 3.jpg","pic"
"1947","TEAM_YA_013",5,0,0,8,0,"Toilet 4.jpg","pic"
"1948","TEAM_YA_013",0,0,4,3,33,"Flood 1.jpg","pic"
"1949","TEAM_YA_013",0,2,0,0,14,"Prison 2.jpg","pic"
"1950","TEAM_YA_013",24,80,14,10,74,"Lake 12.jpg","pic"
"1951","TEAM_YA_013",57,69,3,36,62,"Fire 10.jpg","pic"
"1952","TEAM_YA_013",40,51,21,10,51,"Clean 1.jpg","pic"
"1953","35335",18,5,16,25,22,"Dirt 1.jpg","pic"
"1954","35335",7,11,6,15,15,"Rocks 1.jpg","pic"
"1955","35335",19,29,28,23,27,"Lake 12.jpg","pic"
"1956","35335",17,19,24,10,28,"Heart 3.jpg","pic"
"1957","35335",20,30,30,29,27,"Beach 1.jpg","pic"
"1958","35335",33,36,31,34,30,"Prison 2.jpg","pic"
"1959","35335",31,32,31,12,31,"Fireworks 6.jpg","pic"
"1960","35335",2,2,1,2,2,"Flood 1.jpg","pic"
"1961","35335",3,7,4,5,3,"Destruction 2.jpg","pic"
"1962","35335",40,40,35,41,37,"Snow 1.jpg","pic"
"1963","35335",8,17,14,9,8,"Rainbow 2.jpg","pic"
"1964","35335",6,1,22,2,79,"Ferret 1.jpg","pic"
"1965","35335",72,5,1,4,11,"Fire 10.jpg","pic"
"1966","35335",5,1,3,3,0,"Garbage dump 1.jpg","pic"
"1967","35335",2,5,4,3,4,"Clean 1.jpg","pic"
"1968","35335",4,4,2,5,1,"Toilet 4.jpg","pic"
"1969","36118",64,20,1,0,2,"Clean 1.jpg","pic"
"1970","36118",67,42,13,46,66,"Rocks 1.jpg","pic"
"1971","36118",29,21,1,1,0,"Fireworks 6.jpg","pic"
"1972","36118",0,0,0,0,0,"Flood 1.jpg","pic"
"1973","36118",72,76,74,57,100,"Lake 12.jpg","pic"
"1974","36118",57,32,54,0,71,"Heart 3.jpg","pic"
"1975","36118",0,79,52,0,99,"Fire 10.jpg","pic"
"1976","36118",1,1,23,0,0,"Ferret 1.jpg","pic"
"1977","36118",60,25,69,48,66,"Snow 1.jpg","pic"
"1978","36118",31,1,0,1,0,"Toilet 4.jpg","pic"
"1979","36118",0,0,0,1,0,"Destruction 2.jpg","pic"
"1980","36118",72,92,79,87,100,"Rainbow 2.jpg","pic"
"1981","36118",0,0,1,1,1,"Garbage dump 1.jpg","pic"
"1982","36118",0,0,0,0,1,"Dirt 1.jpg","pic"
"1983","36118",0,0,1,0,0,"Prison 2.jpg","pic"
"1984","36118",78,53,64,27,87,"Beach 1.jpg","pic"
"1985","35464",0,0,0,0,6,"Heart 3.jpg","pic"
"1986","35464",4,88,0,0,39,"Clean 1.jpg","pic"
"1987","35464",0,0,28,0,0,"Prison 2.jpg","pic"
"1988","35464",0,0,0,0,0,"Ferret 1.jpg","pic"
"1989","35464",0,0,0,0,0,"Destruction 2.jpg","pic"
"1990","35464",0,0,0,0,0,"Toilet 4.jpg","pic"
"1991","35464",0,0,0,0,0,"Flood 1.jpg","pic"
"1992","35464",0,35,0,0,0,"Fire 10.jpg","pic"
"1993","35464",0,0,0,0,0,"Garbage dump 1.jpg","pic"
"1994","35464",0,91,1,1,65,"Snow 1.jpg","pic"
"1995","35464",0,26,0,0,0,"Dirt 1.jpg","pic"
"1996","35464",60,67,0,0,73,"Rocks 1.jpg","pic"
"1997","35464",0,7,21,0,0,"Fireworks 6.jpg","pic"
"1998","35464",47,87,10,0,93,"Lake 12.jpg","pic"
"1999","35464",41,90,0,23,68,"Rainbow 2.jpg","pic"
"2000","35464",69,81,22,0,80,"Beach 1.jpg","pic"
"2001","35581",89,93,72,83,53,"Lake 12.jpg","pic"
"2002","35581",0,0,0,0,1,"Prison 2.jpg","pic"
"2003","35581",48,77,22,73,47,"Heart 3.jpg","pic"
"2004","35581",100,74,97,97,1,"Fireworks 6.jpg","pic"
"2005","35581",2,0,0,0,2,"Ferret 1.jpg","pic"
"2006","35581",62,66,1,10,72,"Snow 1.jpg","pic"
"2007","35581",2,2,2,1,2,"Dirt 1.jpg","pic"
"2008","35581",0,1,2,1,2,"Garbage dump 1.jpg","pic"
"2009","35581",71,78,4,46,55,"Clean 1.jpg","pic"
"2010","35581",0,1,0,1,0,"Fire 10.jpg","pic"
"2011","35581",1,1,0,1,3,"Toilet 4.jpg","pic"
"2012","35581",1,1,3,1,0,"Flood 1.jpg","pic"
"2013","35581",30,20,0,2,58,"Rocks 1.jpg","pic"
"2014","35581",97,94,96,95,100,"Beach 1.jpg","pic"
"2015","35581",0,1,0,1,0,"Destruction 2.jpg","pic"
"2016","35581",17,25,19,18,17,"Rainbow 2.jpg","pic"
"2017","35692",100,100,100,100,50,"Ferret 1.jpg","pic"
"2018","35692",50,50,25,50,50,"Snow 1.jpg","pic"
"2019","35692",100,60,80,75,80,"Beach 1.jpg","pic"
"2020","35692",100,100,100,100,100,"Clean 1.jpg","pic"
"2021","35692",0,0,0,0,0,"Garbage dump 1.jpg","pic"
"2022","35692",85,80,70,75,70,"Heart 3.jpg","pic"
"2023","35692",100,100,100,100,100,"Fireworks 6.jpg","pic"
"2024","35692",0,0,0,0,0,"Destruction 2.jpg","pic"
"2025","35692",0,0,0,0,0,"Fire 10.jpg","pic"
"2026","35692",0,0,0,0,0,"Toilet 4.jpg","pic"
"2027","35692",70,100,70,80,100,"Lake 12.jpg","pic"
"2028","35692",0,0,0,0,0,"Flood 1.jpg","pic"
"2029","35692",0,0,0,0,0,"Dirt 1.jpg","pic"
"2030","35692",50,50,0,50,50,"Rocks 1.jpg","pic"
"2031","35692",80,80,100,80,100,"Rainbow 2.jpg","pic"
"2032","35692",10,0,18,0,0,"Prison 2.jpg","pic"
"2033","35503",5,15,9,22,3,"Fireworks 6.jpg","pic"
"2034","35503",0,0,0,0,0,"Destruction 2.jpg","pic"
"2035","35503",0,0,0,0,2,"Flood 1.jpg","pic"
"2036","35503",19,7,4,3,55,"Lake 12.jpg","pic"
"2037","35503",3,0,3,0,7,"Fire 10.jpg","pic"
"2038","35503",26,24,3,21,49,"Rainbow 2.jpg","pic"
"2039","35503",0,0,0,0,0,"Toilet 4.jpg","pic"
"2040","35503",5,4,0,2,16,"Rocks 1.jpg","pic"
"2041","35503",49,45,32,45,75,"Beach 1.jpg","pic"
"2042","35503",0,0,0,0,30,"Prison 2.jpg","pic"
"2043","35503",13,0,0,0,7,"Snow 1.jpg","pic"
"2044","35503",10,19,7,3,47,"Clean 1.jpg","pic"
"2045","35503",0,0,0,0,12,"Ferret 1.jpg","pic"
"2046","35503",0,0,2,0,18,"Dirt 1.jpg","pic"
"2047","35503",1,0,0,0,6,"Garbage dump 1.jpg","pic"
"2048","35503",23,17,16,11,56,"Heart 3.jpg","pic"
"2049","35725",20,0,5,0,15,"Garbage dump 1.jpg","pic"
"2050","35725",15,25,10,10,90,"Snow 1.jpg","pic"
"2051","35725",0,0,0,0,0,"Fire 10.jpg","pic"
"2052","35725",50,65,45,50,90,"Beach 1.jpg","pic"
"2053","35725",10,0,60,5,0,"Ferret 1.jpg","pic"
"2054","35725",60,100,10,40,100,"Heart 3.jpg","pic"
"2055","35725",0,10,15,0,0,"Flood 1.jpg","pic"
"2056","35725",0,0,5,0,0,"Prison 2.jpg","pic"
"2057","35725",0,0,0,0,0,"Destruction 2.jpg","pic"
"2058","35725",35,75,20,15,70,"Lake 12.jpg","pic"
"2059","35725",30,100,50,15,80,"Rocks 1.jpg","pic"
"2060","35725",5,30,30,0,35,"Dirt 1.jpg","pic"
"2061","35725",60,30,90,70,0,"Fireworks 6.jpg","pic"
"2062","35725",65,100,80,75,60,"Rainbow 2.jpg","pic"
"2063","35725",15,20,15,0,50,"Toilet 4.jpg","pic"
"2064","35725",10,10,0,5,80,"Clean 1.jpg","pic"
"2065","35593",0,0,0,0,0,"Toilet 4.jpg","pic"
"2066","35593",0,83,20,1,79,"Snow 1.jpg","pic"
"2067","35593",0,2,0,1,0,"Prison 2.jpg","pic"
"2068","35593",0,0,0,0,0,"Fire 10.jpg","pic"
"2069","35593",60,22,44,66,56,"Heart 3.jpg","pic"
"2070","35593",52,61,76,52,71,"Beach 1.jpg","pic"
"2071","35593",41,25,39,56,62,"Rainbow 2.jpg","pic"
"2072","35593",25,41,0,7,63,"Clean 1.jpg","pic"
"2073","35593",0,0,0,0,0,"Ferret 1.jpg","pic"
"2074","35593",48,40,89,47,1,"Fireworks 6.jpg","pic"
"2075","35593",34,79,51,65,78,"Lake 12.jpg","pic"
"2076","35593",0,0,0,1,0,"Garbage dump 1.jpg","pic"
"2077","35593",0,0,0,0,0,"Dirt 1.jpg","pic"
"2078","35593",0,0,0,0,0,"Destruction 2.jpg","pic"
"2079","35593",0,0,0,0,0,"Flood 1.jpg","pic"
"2080","35593",12,26,21,21,25,"Rocks 1.jpg","pic"
"2081","35518",11,14,0,0,6,"Fire 10.jpg","pic"
"2082","35518",97,99,86,98,100,"Heart 3.jpg","pic"
"2083","35518",17,87,35,41,78,"Dirt 1.jpg","pic"
"2084","35518",73,99,57,98,98,"Snow 1.jpg","pic"
"2085","35518",7,3,4,3,5,"Ferret 1.jpg","pic"
"2086","35518",0,26,1,1,6,"Prison 2.jpg","pic"
"2087","35518",96,100,99,75,100,"Rainbow 2.jpg","pic"
"2088","35518",95,100,99,97,75,"Fireworks 6.jpg","pic"
"2089","35518",18,2,2,2,12,"Garbage dump 1.jpg","pic"
"2090","35518",2,5,19,1,4,"Flood 1.jpg","pic"
"2091","35518",99,96,73,95,99,"Rocks 1.jpg","pic"
"2092","35518",98,100,98,96,99,"Lake 12.jpg","pic"
"2093","35518",43,44,4,1,52,"Clean 1.jpg","pic"
"2094","35518",100,100,100,100,100,"Beach 1.jpg","pic"
"2095","35518",1,3,0,0,7,"Destruction 2.jpg","pic"
"2096","35518",3,2,1,2,1,"Toilet 4.jpg","pic"
"2097","35560",89,78,30,46,100,"Beach 1.jpg","pic"
"2098","35560",60,97,0,50,92,"Rainbow 2.jpg","pic"
"2099","35560",0,2,1,0,1,"Prison 2.jpg","pic"
"2100","35560",1,0,1,1,0,"Garbage dump 1.jpg","pic"
"2101","35560",45,99,0,31,98,"Snow 1.jpg","pic"
"2102","35560",1,65,1,1,2,"Dirt 1.jpg","pic"
"2103","35560",1,2,1,0,1,"Destruction 2.jpg","pic"
"2104","35560",19,2,1,0,4,"Toilet 4.jpg","pic"
"2105","35560",83,86,17,49,85,"Lake 12.jpg","pic"
"2106","35560",0,2,0,1,0,"Flood 1.jpg","pic"
"2107","35560",32,86,1,29,51,"Heart 3.jpg","pic"
"2108","35560",2,1,0,1,1,"Ferret 1.jpg","pic"
"2109","35560",56,82,17,17,82,"Rocks 1.jpg","pic"
"2110","35560",1,34,15,0,21,"Fire 10.jpg","pic"
"2111","35560",1,1,1,1,1,"Clean 1.jpg","pic"
"2112","35560",28,72,83,63,16,"Fireworks 6.jpg","pic"
"2113","35467",63,44,49,62,33,"Rainbow 2.jpg","pic"
"2114","35467",77,78,78,79,78,"Beach 1.jpg","pic"
"2115","35467",7,45,3,23,50,"Rocks 1.jpg","pic"
"2116","35467",15,0,1,9,3,"Ferret 1.jpg","pic"
"2117","35467",2,4,3,1,3,"Toilet 4.jpg","pic"
"2118","35467",76,65,71,85,31,"Fireworks 6.jpg","pic"
"2119","35467",3,3,2,2,3,"Destruction 2.jpg","pic"
"2120","35467",52,61,64,81,71,"Heart 3.jpg","pic"
"2121","35467",3,0,3,2,3,"Prison 2.jpg","pic"
"2122","35467",2,1,4,2,3,"Fire 10.jpg","pic"
"2123","35467",2,6,3,8,2,"Flood 1.jpg","pic"
"2124","35467",74,68,72,71,60,"Snow 1.jpg","pic"
"2125","35467",74,68,69,78,75,"Clean 1.jpg","pic"
"2126","35467",3,6,3,2,2,"Garbage dump 1.jpg","pic"
"2127","35467",84,85,88,84,92,"Lake 12.jpg","pic"
"2128","35467",2,1,1,2,0,"Dirt 1.jpg","pic"
"2129","35839",0,0,0,0,0,"Flood 1.jpg","pic"
"2130","35839",21,13,26,22,26,"Lake 12.jpg","pic"
"2131","35839",0,0,1,0,0,"Toilet 4.jpg","pic"
"2132","35839",62,62,39,69,36,"Fireworks 6.jpg","pic"
"2133","35839",0,0,0,0,0,"Ferret 1.jpg","pic"
"2134","35839",0,0,0,0,0,"Prison 2.jpg","pic"
"2135","35839",16,12,15,33,43,"Heart 3.jpg","pic"
"2136","35839",0,27,0,40,13,"Clean 1.jpg","pic"
"2137","35839",6,50,0,73,18,"Rainbow 2.jpg","pic"
"2138","35839",0,0,0,50,0,"Snow 1.jpg","pic"
"2139","35839",0,0,0,0,0,"Dirt 1.jpg","pic"
"2140","35839",24,35,30,26,29,"Beach 1.jpg","pic"
"2141","35839",1,0,9,0,8,"Garbage dump 1.jpg","pic"
"2142","35839",0,0,17,0,11,"Fire 10.jpg","pic"
"2143","35839",23,35,33,27,31,"Rocks 1.jpg","pic"
"2144","35839",0,0,12,0,0,"Destruction 2.jpg","pic"
"2145","36154",4,0,3,2,0,"Fireworks 6.jpg","pic"
"2146","36154",8,0,5,10,0,"Toilet 4.jpg","pic"
"2147","36154",54,73,10,48,23,"Fire 10.jpg","pic"
"2148","36154",2,7,3,0,0,"Destruction 2.jpg","pic"
"2149","36154",47,32,4,21,19,"Rocks 1.jpg","pic"
"2150","36154",7,0,7,7,6,"Beach 1.jpg","pic"
"2151","36154",6,0,19,3,0,"Rainbow 2.jpg","pic"
"2152","36154",67,78,30,68,4,"Lake 12.jpg","pic"
"2153","36154",4,0,0,0,0,"Prison 2.jpg","pic"
"2154","36154",44,0,0,58,0,"Ferret 1.jpg","pic"
"2155","36154",42,7,3,23,0,"Heart 3.jpg","pic"
"2156","36154",54,81,0,36,33,"Snow 1.jpg","pic"
"2157","36154",10,39,2,9,17,"Dirt 1.jpg","pic"
"2158","36154",0,0,44,0,0,"Flood 1.jpg","pic"
"2159","36154",0,0,0,0,0,"Garbage dump 1.jpg","pic"
"2160","36154",45,24,18,66,57,"Clean 1.jpg","pic"
"2161","35584",27,37,25,49,45,"Heart 3.jpg","pic"
"2162","35584",25,36,32,30,19,"Ferret 1.jpg","pic"
"2163","35584",6,0,47,8,14,"Toilet 4.jpg","pic"
"2164","35584",9,6,14,8,11,"Dirt 1.jpg","pic"
"2165","35584",83,81,72,84,82,"Beach 1.jpg","pic"
"2166","35584",75,72,50,85,88,"Snow 1.jpg","pic"
"2167","35584",0,6,15,3,7,"Flood 1.jpg","pic"
"2168","35584",76,69,49,80,86,"Lake 12.jpg","pic"
"2169","35584",10,5,11,13,14,"Destruction 2.jpg","pic"
"2170","35584",31,28,26,30,28,"Fireworks 6.jpg","pic"
"2171","35584",4,0,5,1,5,"Garbage dump 1.jpg","pic"
"2172","35584",73,60,29,78,75,"Clean 1.jpg","pic"
"2173","35584",78,86,46,82,81,"Rainbow 2.jpg","pic"
"2174","35584",0,0,41,0,14,"Prison 2.jpg","pic"
"2175","35584",0,0,18,0,7,"Fire 10.jpg","pic"
"2176","35584",57,69,31,69,68,"Rocks 1.jpg","pic"
"2177","36031",20,20,0,0,0,"Ferret 1.jpg","pic"
"2178","36031",0,0,0,0,0,"Garbage dump 1.jpg","pic"
"2179","36031",0,0,0,0,0,"Destruction 2.jpg","pic"
"2180","36031",100,100,100,100,0,"Fireworks 6.jpg","pic"
"2181","36031",0,0,0,0,0,"Clean 1.jpg","pic"
"2182","36031",100,100,100,100,100,"Lake 12.jpg","pic"
"2183","36031",0,0,0,0,0,"Fire 10.jpg","pic"
"2184","36031",0,0,0,0,0,"Prison 2.jpg","pic"
"2185","36031",100,100,100,100,50,"Snow 1.jpg","pic"
"2186","36031",50,50,0,0,36,"Rainbow 2.jpg","pic"
"2187","36031",100,100,50,100,100,"Rocks 1.jpg","pic"
"2188","36031",100,100,100,100,100,"Beach 1.jpg","pic"
"2189","36031",80,100,100,100,0,"Heart 3.jpg","pic"
"2190","36031",0,0,0,0,0,"Toilet 4.jpg","pic"
"2191","36031",0,0,0,0,0,"Flood 1.jpg","pic"
"2192","36031",100,100,0,75,50,"Dirt 1.jpg","pic"
"2193","32368",0,0,0,0,0,"11_10.mp3","music"
"2194","32368",90,11,100,46,48,"8_2.mp3","music"
"2195","32368",0,0,0,0,0,"6_10.mp3","music"
"2196","32368",0,0,0,0,0,"11_2.mp3","music"
"2197","32368",22,40,50,31,91,"2_1.mp3","music"
"2198","32368",4,12,0,12,27,"7_13.mp3","music"
"2199","32368",18,39,65,59,31,"10_2.mp3","music"
"2200","32368",37,7,19,34,29,"12_2.mp3","music"
"2201","32368",7,0,0,0,0,"11_11.mp3","music"
"2202","32368",0,0,0,0,0,"7_10.mp3","music"
"2203","32368",0,0,0,0,0,"5_14.mp3","music"
"2204","32368",30,38,86,65,47,"4_1.mp3","music"
"2205","32368",52,79,100,70,52,"6_5.mp3","music"
"2206","32368",0,0,0,0,83,"3_1.mp3","music"
"2207","32368",39,26,50,42,28,"10_1.mp3","music"
"2208","32368",0,0,0,0,0,"4_2.mp3","music"
"2209","32449",13,6,8,7,9,"5_14.mp3","music"
"2210","32449",5,3,1,4,3,"7_13.mp3","music"
"2211","32449",10,3,5,7,15,"10_1.mp3","music"
"2212","32449",12,9,27,3,2,"11_10.mp3","music"
"2213","32449",19,11,11,5,18,"2_1.mp3","music"
"2214","32449",17,21,11,4,41,"4_1.mp3","music"
"2215","32449",5,2,8,3,4,"7_10.mp3","music"
"2216","32449",35,38,40,23,26,"6_5.mp3","music"
"2217","32449",4,3,1,2,4,"11_11.mp3","music"
"2218","32449",11,21,6,7,23,"3_1.mp3","music"
"2219","32449",11,4,7,1,35,"11_2.mp3","music"
"2220","32449",17,18,23,21,11,"10_2.mp3","music"
"2221","32449",4,27,27,11,3,"6_10.mp3","music"
"2222","32449",19,42,55,33,28,"8_2.mp3","music"
"2223","32449",33,39,29,28,71,"12_2.mp3","music"
"2224","32449",2,3,2,3,35,"4_2.mp3","music"
"2225","31267",32,38,18,0,64,"3_1.mp3","music"
"2226","31267",24,29,12,0,0,"6_10.mp3","music"
"2227","31267",54,100,55,14,100,"2_1.mp3","music"
"2228","31267",100,80,100,100,21,"8_2.mp3","music"
"2229","31267",0,0,0,0,0,"7_10.mp3","music"
"2230","31267",67,78,100,100,32,"6_5.mp3","music"
"2231","31267",12,58,23,0,64,"11_11.mp3","music"
"2232","31267",100,100,70,65,100,"12_2.mp3","music"
"2233","31267",10,79,28,0,100,"7_13.mp3","music"
"2234","31267",33,74,18,10,100,"4_2.mp3","music"
"2235","31267",60,78,67,47,34,"4_1.mp3","music"
"2236","31267",98,100,100,100,0,"10_2.mp3","music"
"2237","31267",1,0,3,0,61,"5_14.mp3","music"
"2238","31267",0,0,91,0,0,"11_10.mp3","music"
"2239","31267",0,0,80,0,0,"11_2.mp3","music"
"2240","31267",60,88,57,51,53,"10_1.mp3","music"
"2241","31522",33,17,19,20,22,"4_1.mp3","music"
"2242","31522",52,30,36,21,50,"12_2.mp3","music"
"2243","31522",17,11,10,19,11,"11_2.mp3","music"
"2244","31522",60,65,57,67,82,"10_2.mp3","music"
"2245","31522",21,3,13,4,14,"7_10.mp3","music"
"2246","31522",86,68,84,84,20,"6_5.mp3","music"
"2247","31522",24,26,34,22,15,"10_1.mp3","music"
"2248","31522",8,15,17,18,14,"5_14.mp3","music"
"2249","31522",5,3,3,4,5,"7_13.mp3","music"
"2250","31522",73,75,85,86,43,"8_2.mp3","music"
"2251","31522",14,2,44,20,6,"11_10.mp3","music"
"2252","31522",3,3,2,3,2,"2_1.mp3","music"
"2253","31522",18,13,11,12,10,"3_1.mp3","music"
"2254","31522",30,75,20,43,61,"4_2.mp3","music"
"2255","31522",46,10,16,15,18,"11_11.mp3","music"
"2256","31522",22,11,15,8,19,"6_10.mp3","music"
"2257","29986",23,39,1,3,60,"5_14.mp3","music"
"2258","29986",57,66,40,22,29,"10_1.mp3","music"
"2259","29986",11,18,42,0,6,"10_2.mp3","music"
"2260","29986",73,65,4,4,68,"4_1.mp3","music"
"2261","29986",0,7,25,0,0,"11_10.mp3","music"
"2262","29986",7,4,10,15,5,"6_5.mp3","music"
"2263","29986",0,0,31,0,0,"7_10.mp3","music"
"2264","29986",75,92,55,28,99,"12_2.mp3","music"
"2265","29986",48,74,55,39,29,"8_2.mp3","music"
"2266","29986",49,55,12,32,66,"2_1.mp3","music"
"2267","29986",9,67,9,0,93,"4_2.mp3","music"
"2268","29986",24,66,0,0,94,"11_11.mp3","music"
"2269","29986",3,4,8,1,0,"11_2.mp3","music"
"2270","29986",0,23,0,0,44,"3_1.mp3","music"
"2271","29986",22,46,8,0,55,"7_13.mp3","music"
"2272","29986",0,27,31,0,4,"6_10.mp3","music"
"2273","30388",0,0,0,0,0,"7_10.mp3","music"
"2274","30388",51,35,56,31,0,"10_2.mp3","music"
"2275","30388",0,86,0,0,80,"4_1.mp3","music"
"2276","30388",0,69,0,0,98,"8_2.mp3","music"
"2277","30388",0,0,53,0,0,"6_5.mp3","music"
"2278","30388",0,67,0,0,93,"3_1.mp3","music"
"2279","30388",0,0,0,0,63,"11_11.mp3","music"
"2280","30388",0,0,0,0,85,"4_2.mp3","music"
"2281","30388",0,0,0,0,0,"6_10.mp3","music"
"2282","30388",0,0,0,0,77,"7_13.mp3","music"
"2283","30388",0,59,0,0,0,"2_1.mp3","music"
"2284","30388",23,65,0,0,92,"12_2.mp3","music"
"2285","30388",0,0,0,0,0,"11_2.mp3","music"
"2286","30388",0,0,11,0,0,"11_10.mp3","music"
"2287","30388",24,31,0,0,88,"10_1.mp3","music"
"2288","30388",0,0,0,0,78,"5_14.mp3","music"
"2289","31279",67,52,84,61,11,"10_1.mp3","music"
"2290","31279",29,11,3,8,17,"11_11.mp3","music"
"2291","31279",91,51,99,53,44,"6_5.mp3","music"
"2292","31279",11,71,0,25,63,"7_13.mp3","music"
"2293","31279",0,0,0,0,0,"7_10.mp3","music"
"2294","31279",11,11,30,4,23,"6_10.mp3","music"
"2295","31279",5,0,9,2,15,"5_14.mp3","music"
"2296","31279",78,54,94,70,8,"8_2.mp3","music"
"2297","31279",0,0,0,0,0,"11_2.mp3","music"
"2298","31279",24,10,37,16,37,"12_2.mp3","music"
"2299","31279",85,68,99,98,77,"10_2.mp3","music"
"2300","31279",71,74,93,89,73,"4_1.mp3","music"
"2301","31279",15,8,0,1,10,"2_1.mp3","music"
"2302","31279",9,15,6,6,2,"4_2.mp3","music"
"2303","31279",0,0,0,0,0,"11_10.mp3","music"
"2304","31279",0,0,0,0,0,"3_1.mp3","music"
"2305","32551",12,42,4,19,31,"2_1.mp3","music"
"2306","32551",2,29,3,2,30,"5_14.mp3","music"
"2307","32551",4,5,2,2,5,"11_11.mp3","music"
"2308","32551",3,30,84,29,1,"11_10.mp3","music"
"2309","32551",4,7,3,4,40,"3_1.mp3","music"
"2310","32551",51,22,79,66,3,"6_5.mp3","music"
"2311","32551",81,67,48,61,21,"10_1.mp3","music"
"2312","32551",3,3,3,8,12,"7_13.mp3","music"
"2313","32551",35,15,55,43,6,"8_2.mp3","music"
"2314","32551",0,1,16,1,1,"7_10.mp3","music"
"2315","32551",70,88,46,87,19,"10_2.mp3","music"
"2316","32551",42,53,10,24,1,"4_1.mp3","music"
"2317","32551",13,2,44,5,3,"6_10.mp3","music"
"2318","32551",51,90,16,55,51,"12_2.mp3","music"
"2319","32551",18,60,2,22,17,"4_2.mp3","music"
"2320","32551",1,1,1,2,0,"11_2.mp3","music"
"2321","32569",27,36,19,40,42,"8_2.mp3","music"
"2322","32569",18,4,0,8,21,"4_1.mp3","music"
"2323","32569",0,25,0,0,33,"4_2.mp3","music"
"2324","32569",11,37,0,0,38,"12_2.mp3","music"
"2325","32569",15,44,0,0,33,"10_1.mp3","music"
"2326","32569",0,0,0,0,0,"11_11.mp3","music"
"2327","32569",0,0,0,0,0,"3_1.mp3","music"
"2328","32569",0,0,0,0,0,"5_14.mp3","music"
"2329","32569",0,8,0,22,18,"6_5.mp3","music"
"2330","32569",13,0,0,16,18,"7_13.mp3","music"
"2331","32569",0,10,0,24,0,"10_2.mp3","music"
"2332","32569",0,15,0,0,0,"11_2.mp3","music"
"2333","32569",0,10,0,20,0,"6_10.mp3","music"
"2334","32569",0,18,0,23,12,"2_1.mp3","music"
"2335","32569",0,16,0,0,0,"11_10.mp3","music"
"2336","32569",0,0,0,0,0,"7_10.mp3","music"
"2337","32299",50,0,70,60,0,"10_2.mp3","music"
"2338","32299",0,0,10,0,0,"6_10.mp3","music"
"2339","32299",0,0,0,0,10,"2_1.mp3","music"
"2340","32299",40,40,40,0,25,"8_2.mp3","music"
"2341","32299",0,0,0,0,0,"11_2.mp3","music"
"2342","32299",0,0,60,0,0,"11_10.mp3","music"
"2343","32299",0,0,0,0,0,"7_10.mp3","music"
"2344","32299",30,70,50,70,75,"7_13.mp3","music"
"2345","32299",0,40,0,0,0,"3_1.mp3","music"
"2346","32299",0,0,0,0,20,"4_2.mp3","music"
"2347","32299",60,70,50,80,25,"6_5.mp3","music"
"2348","32299",0,0,0,0,0,"5_14.mp3","music"
"2349","32299",40,65,50,60,50,"10_1.mp3","music"
"2350","32299",50,50,35,0,35,"4_1.mp3","music"
"2351","32299",0,0,0,0,0,"11_11.mp3","music"
"2352","32299",40,75,30,65,30,"12_2.mp3","music"
"2353","30766",0,0,0,0,50,"4_2.mp3","music"
"2354","30766",0,0,0,0,50,"7_13.mp3","music"
"2355","30766",80,0,100,30,15,"6_5.mp3","music"
"2356","30766",0,0,0,0,0,"11_2.mp3","music"
"2357","30766",0,10,0,0,40,"12_2.mp3","music"
"2358","30766",0,20,0,0,80,"2_1.mp3","music"
"2359","30766",0,0,0,0,0,"6_10.mp3","music"
"2360","30766",0,15,0,0,50,"4_1.mp3","music"
"2361","30766",0,30,10,0,15,"8_2.mp3","music"
"2362","30766",10,0,10,5,30,"10_2.mp3","music"
"2363","30766",0,25,0,0,20,"10_1.mp3","music"
"2364","30766",0,0,0,0,15,"3_1.mp3","music"
"2365","30766",10,85,5,0,0,"11_10.mp3","music"
"2366","30766",0,0,0,0,5,"11_11.mp3","music"
"2367","30766",0,0,0,0,0,"7_10.mp3","music"
"2368","30766",0,0,0,0,5,"5_14.mp3","music"
"2369","30916",43,76,44,82,17,"8_2.mp3","music"
"2370","30916",31,31,27,50,21,"4_1.mp3","music"
"2371","30916",10,15,1,0,21,"3_1.mp3","music"
"2372","30916",7,29,20,10,30,"5_14.mp3","music"
"2373","30916",30,31,12,28,29,"10_1.mp3","music"
"2374","30916",4,2,5,1,4,"7_10.mp3","music"
"2375","30916",31,6,56,40,6,"10_2.mp3","music"
"2376","30916",41,65,42,54,25,"2_1.mp3","music"
"2377","30916",16,44,26,15,25,"11_11.mp3","music"
"2378","30916",17,27,6,7,6,"4_2.mp3","music"
"2379","30916",2,12,3,8,8,"7_13.mp3","music"
"2380","30916",18,5,5,2,15,"11_2.mp3","music"
"2381","30916",20,23,27,18,26,"6_10.mp3","music"
"2382","30916",30,57,24,47,66,"12_2.mp3","music"
"2383","30916",23,18,29,21,18,"11_10.mp3","music"
"2384","30916",55,66,72,29,4,"6_5.mp3","music"
"2385","31711",80,77,73,79,71,"11_10.mp3","music"
"2386","31711",51,64,70,67,42,"8_2.mp3","music"
"2387","31711",11,28,16,23,25,"4_1.mp3","music"
"2388","31711",14,20,5,8,14,"12_2.mp3","music"
"2389","31711",24,29,32,35,25,"5_14.mp3","music"
"2390","31711",3,15,21,11,31,"3_1.mp3","music"
"2391","31711",21,7,3,3,15,"2_1.mp3","music"
"2392","31711",27,42,39,43,37,"6_5.mp3","music"
"2393","31711",6,11,4,6,9,"11_11.mp3","music"
"2394","31711",25,29,29,25,12,"6_10.mp3","music"
"2395","31711",6,10,20,10,14,"10_1.mp3","music"
"2396","31711",3,2,1,1,0,"7_13.mp3","music"
"2397","31711",15,7,8,11,11,"4_2.mp3","music"
"2398","31711",17,11,10,3,4,"10_2.mp3","music"
"2399","31711",2,8,4,7,5,"7_10.mp3","music"
"2400","31711",6,7,4,6,0,"11_2.mp3","music"
"2401","30475",0,0,20,0,0,"11_2.mp3","music"
"2402","30475",15,0,30,15,0,"10_2.mp3","music"
"2403","30475",5,10,0,5,20,"10_1.mp3","music"
"2404","30475",0,0,0,0,0,"2_1.mp3","music"
"2405","30475",0,0,0,0,0,"3_1.mp3","music"
"2406","30475",5,0,10,25,0,"4_1.mp3","music"
"2407","30475",0,0,10,5,0,"8_2.mp3","music"
"2408","30475",0,5,0,0,10,"7_13.mp3","music"
"2409","30475",0,5,25,20,5,"12_2.mp3","music"
"2410","30475",0,0,0,0,0,"11_11.mp3","music"
"2411","30475",0,0,0,0,0,"6_10.mp3","music"
"2412","30475",5,0,20,5,0,"6_5.mp3","music"
"2413","30475",0,0,0,0,0,"5_14.mp3","music"
"2414","30475",0,30,0,5,10,"4_2.mp3","music"
"2415","30475",0,0,0,0,0,"7_10.mp3","music"
"2416","30475",0,0,15,0,0,"11_10.mp3","music"
"2417","30880",0,0,0,0,40,"5_14.mp3","music"
"2418","30880",0,0,0,0,0,"11_2.mp3","music"
"2419","30880",18,34,22,11,17,"10_2.mp3","music"
"2420","30880",0,0,7,0,0,"11_10.mp3","music"
"2421","30880",0,19,0,0,11,"10_1.mp3","music"
"2422","30880",0,0,0,0,10,"4_2.mp3","music"
"2423","30880",6,4,0,0,11,"11_11.mp3","music"
"2424","30880",0,0,0,0,0,"6_10.mp3","music"
"2425","30880",6,0,0,0,1,"8_2.mp3","music"
"2426","30880",0,18,0,0,51,"3_1.mp3","music"
"2427","30880",9,13,0,0,33,"12_2.mp3","music"
"2428","30880",0,0,0,0,0,"7_13.mp3","music"
"2429","30880",22,40,23,29,10,"4_1.mp3","music"
"2430","30880",0,0,0,0,0,"7_10.mp3","music"
"2431","30880",0,11,0,0,9,"2_1.mp3","music"
"2432","30880",27,22,0,32,9,"6_5.mp3","music"
"2433","32848",73,64,77,76,10,"4_1.mp3","music"
"2434","32848",6,7,33,10,3,"6_10.mp3","music"
"2435","32848",36,63,55,66,65,"4_2.mp3","music"
"2436","32848",61,64,82,73,45,"8_2.mp3","music"
"2437","32848",55,61,57,49,37,"12_2.mp3","music"
"2438","32848",57,49,70,58,31,"10_1.mp3","music"
"2439","32848",22,8,27,14,5,"11_2.mp3","music"
"2440","32848",55,44,80,67,0,"11_10.mp3","music"
"2441","32848",8,25,7,5,52,"3_1.mp3","music"
"2442","32848",31,67,28,25,52,"2_1.mp3","music"
"2443","32848",30,45,23,59,67,"7_13.mp3","music"
"2444","32848",67,62,90,86,23,"10_2.mp3","music"
"2445","32848",23,15,19,1,22,"5_14.mp3","music"
"2446","32848",69,53,73,69,21,"6_5.mp3","music"
"2447","32848",0,1,3,0,2,"11_11.mp3","music"
"2448","32848",0,0,1,0,0,"7_10.mp3","music"
"2449","31168",0,0,25,1,0,"11_2.mp3","music"
"2450","31168",0,0,0,0,11,"11_11.mp3","music"
"2451","31168",53,52,49,23,47,"10_2.mp3","music"
"2452","31168",0,61,0,15,81,"7_13.mp3","music"
"2453","31168",0,0,0,0,0,"6_10.mp3","music"
"2454","31168",0,0,0,0,0,"10_1.mp3","music"
"2455","31168",0,0,12,0,17,"4_1.mp3","music"
"2456","31168",0,0,49,0,0,"11_10.mp3","music"
"2457","31168",0,15,34,25,0,"8_2.mp3","music"
"2458","31168",0,62,0,0,0,"12_2.mp3","music"
"2459","31168",0,0,0,0,0,"7_10.mp3","music"
"2460","31168",0,48,0,0,22,"5_14.mp3","music"
"2461","31168",0,21,0,0,0,"4_2.mp3","music"
"2462","31168",0,14,0,0,0,"3_1.mp3","music"
"2463","31168",0,25,0,0,43,"2_1.mp3","music"
"2464","31168",15,0,83,39,0,"6_5.mp3","music"
"2465","31669",54,67,41,59,62,"11_11.mp3","music"
"2466","31669",60,69,64,44,70,"12_2.mp3","music"
"2467","31669",31,11,38,39,2,"6_10.mp3","music"
"2468","31669",68,58,45,91,43,"10_2.mp3","music"
"2469","31669",32,24,56,53,33,"5_14.mp3","music"
"2470","31669",55,69,80,46,51,"11_10.mp3","music"
"2471","31669",17,37,27,17,40,"7_13.mp3","music"
"2472","31669",33,49,55,57,20,"6_5.mp3","music"
"2473","31669",58,43,50,13,41,"4_2.mp3","music"
"2474","31669",59,78,38,45,57,"2_1.mp3","music"
"2475","31669",61,69,73,27,50,"11_2.mp3","music"
"2476","31669",60,54,56,36,48,"4_1.mp3","music"
"2477","31669",59,57,36,46,47,"8_2.mp3","music"
"2478","31669",62,49,53,37,50,"10_1.mp3","music"
"2479","31669",60,56,16,47,56,"3_1.mp3","music"
"2480","31669",12,27,19,21,7,"7_10.mp3","music"
"2481","31981",60,41,31,20,45,"12_2.mp3","music"
"2482","31981",60,45,59,35,51,"8_2.mp3","music"
"2483","31981",38,39,39,37,34,"11_10.mp3","music"
"2484","31981",58,51,49,61,47,"4_1.mp3","music"
"2485","31981",57,58,62,73,62,"2_1.mp3","music"
"2486","31981",82,58,64,32,56,"6_5.mp3","music"
"2487","31981",33,19,63,21,53,"11_11.mp3","music"
"2488","31981",49,47,51,48,51,"11_2.mp3","music"
"2489","31981",32,45,43,40,46,"7_10.mp3","music"
"2490","31981",39,40,43,31,45,"5_14.mp3","music"
"2491","31981",43,47,63,28,56,"6_10.mp3","music"
"2492","31981",50,58,64,48,28,"7_13.mp3","music"
"2493","31981",58,74,48,51,59,"10_2.mp3","music"
"2494","31981",38,66,43,66,50,"3_1.mp3","music"
"2495","31981",44,74,53,55,53,"4_2.mp3","music"
"2496","31981",64,45,60,44,61,"10_1.mp3","music"
"2497","29974",5,0,2,3,50,"4_2.mp3","music"
"2498","29974",2,2,93,84,2,"10_2.mp3","music"
"2499","29974",63,79,84,81,80,"8_2.mp3","music"
"2500","29974",47,72,15,26,49,"10_1.mp3","music"
"2501","29974",19,14,31,56,33,"12_2.mp3","music"
"2502","29974",9,16,18,14,19,"11_11.mp3","music"
"2503","29974",13,14,15,13,82,"2_1.mp3","music"
"2504","29974",14,10,18,0,14,"6_10.mp3","music"
"2505","29974",15,60,73,58,0,"11_10.mp3","music"
"2506","29974",22,73,73,75,0,"6_5.mp3","music"
"2507","29974",0,0,0,0,0,"11_2.mp3","music"
"2508","29974",0,0,0,0,0,"7_13.mp3","music"
"2509","29974",0,81,0,52,0,"4_1.mp3","music"
"2510","29974",0,0,0,0,0,"5_14.mp3","music"
"2511","29974",0,0,0,0,0,"7_10.mp3","music"
"2512","29974",0,0,0,0,0,"3_1.mp3","music"
"2513","31723",20,0,40,20,10,"6_5.mp3","music"
"2514","31723",40,25,30,50,20,"10_2.mp3","music"
"2515","31723",10,0,30,10,0,"6_10.mp3","music"
"2516","31723",0,0,0,0,15,"4_2.mp3","music"
"2517","31723",0,0,0,0,0,"7_10.mp3","music"
"2518","31723",30,20,50,40,25,"8_2.mp3","music"
"2519","31723",30,60,40,40,25,"4_1.mp3","music"
"2520","31723",0,0,0,0,25,"3_1.mp3","music"
"2521","31723",0,0,0,0,0,"5_14.mp3","music"
"2522","31723",0,0,0,0,20,"7_13.mp3","music"
"2523","31723",0,0,0,0,15,"2_1.mp3","music"
"2524","31723",25,10,30,20,10,"12_2.mp3","music"
"2525","31723",0,0,0,0,0,"11_2.mp3","music"
"2526","31723",10,20,20,10,15,"10_1.mp3","music"
"2527","31723",0,15,0,0,15,"11_11.mp3","music"
"2528","31723",25,25,75,25,25,"11_10.mp3","music"
"2529","30007",45,12,19,34,42,"2_1.mp3","music"
"2530","30007",40,8,33,31,36,"10_2.mp3","music"
"2531","30007",34,11,16,12,9,"3_1.mp3","music"
"2532","30007",39,26,40,29,12,"8_2.mp3","music"
"2533","30007",11,13,32,21,25,"4_1.mp3","music"
"2534","30007",27,25,20,13,12,"10_1.mp3","music"
"2535","30007",25,12,31,11,8,"11_2.mp3","music"
"2536","30007",5,11,32,18,12,"6_5.mp3","music"
"2537","30007",17,9,6,15,2,"7_10.mp3","music"
"2538","30007",8,5,13,5,5,"11_10.mp3","music"
"2539","30007",19,9,9,25,25,"4_2.mp3","music"
"2540","30007",47,12,41,31,19,"12_2.mp3","music"
"2541","30007",39,11,45,19,41,"7_13.mp3","music"
"2542","30007",45,30,45,29,8,"5_14.mp3","music"
"2543","30007",35,47,35,43,31,"6_10.mp3","music"
"2544","30007",19,26,29,39,29,"11_11.mp3","music"
"2545","32635",37,10,40,14,49,"3_1.mp3","music"
"2546","32635",28,74,51,44,34,"11_10.mp3","music"
"2547","32635",70,30,21,45,58,"12_2.mp3","music"
"2548","32635",18,13,23,18,44,"6_10.mp3","music"
"2549","32635",66,69,35,53,20,"4_2.mp3","music"
"2550","32635",85,78,86,81,53,"4_1.mp3","music"
"2551","32635",18,4,10,9,2,"7_10.mp3","music"
"2552","32635",67,93,56,80,8,"10_2.mp3","music"
"2553","32635",54,21,3,4,36,"11_11.mp3","music"
"2554","32635",83,89,80,91,24,"10_1.mp3","music"
"2555","32635",82,56,92,98,11,"6_5.mp3","music"
"2556","32635",65,53,71,58,14,"8_2.mp3","music"
"2557","32635",9,14,23,12,40,"11_2.mp3","music"
"2558","32635",10,8,22,7,22,"5_14.mp3","music"
"2559","32635",19,15,20,13,28,"2_1.mp3","music"
"2560","32635",33,58,8,28,56,"7_13.mp3","music"
"2561","30814",60,40,45,40,60,"12_2.mp3","music"
"2562","30814",60,50,30,50,60,"11_11.mp3","music"
"2563","30814",0,0,0,0,51,"3_1.mp3","music"
"2564","30814",70,50,50,60,50,"10_1.mp3","music"
"2565","30814",50,0,30,35,50,"7_13.mp3","music"
"2566","30814",0,0,0,0,0,"6_10.mp3","music"
"2567","30814",10,10,10,0,50,"5_14.mp3","music"
"2568","30814",50,40,50,50,50,"4_1.mp3","music"
"2569","30814",0,0,0,0,0,"11_2.mp3","music"
"2570","30814",0,0,0,0,0,"7_10.mp3","music"
"2571","30814",50,0,51,50,0,"10_2.mp3","music"
"2572","30814",50,0,40,22,25,"2_1.mp3","music"
"2573","30814",60,50,30,11,50,"4_2.mp3","music"
"2574","30814",70,0,70,0,0,"11_10.mp3","music"
"2575","30814",0,0,50,0,0,"6_5.mp3","music"
"2576","30814",50,25,60,50,50,"8_2.mp3","music"
"2577","29887",12,8,0,0,10,"10_1.mp3","music"
"2578","29887",0,43,0,5,12,"4_2.mp3","music"
"2579","29887",25,21,14,48,9,"6_5.mp3","music"
"2580","29887",0,0,0,0,0,"7_10.mp3","music"
"2581","29887",0,32,0,42,8,"8_2.mp3","music"
"2582","29887",10,0,30,0,1,"10_2.mp3","music"
"2583","29887",0,15,0,0,16,"12_2.mp3","music"
"2584","29887",0,28,0,0,54,"11_11.mp3","music"
"2585","29887",0,0,14,0,0,"7_13.mp3","music"
"2586","29887",0,11,52,0,0,"6_10.mp3","music"
"2587","29887",0,0,0,0,15,"3_1.mp3","music"
"2588","29887",0,0,0,0,55,"2_1.mp3","music"
"2589","29887",0,38,0,0,0,"4_1.mp3","music"
"2590","29887",0,0,63,0,0,"11_10.mp3","music"
"2591","29887",3,0,0,0,0,"11_2.mp3","music"
"2592","29887",0,0,0,0,21,"5_14.mp3","music"
"2593","29944",0,0,10,10,60,"10_2.mp3","music"
"2594","29944",0,10,0,0,70,"3_1.mp3","music"
"2595","29944",0,5,0,0,40,"6_10.mp3","music"
"2596","29944",0,8,0,0,55,"4_1.mp3","music"
"2597","29944",0,0,0,0,50,"8_2.mp3","music"
"2598","29944",0,0,0,0,30,"7_10.mp3","music"
"2599","29944",0,0,7,0,30,"11_10.mp3","music"
"2600","29944",0,15,0,0,60,"10_1.mp3","music"
"2601","29944",0,10,0,0,60,"5_14.mp3","music"
"2602","29944",0,0,0,0,40,"6_5.mp3","music"
"2603","29944",50,10,0,0,45,"11_11.mp3","music"
"2604","29944",0,0,0,0,35,"11_2.mp3","music"
"2605","29944",0,40,0,0,50,"12_2.mp3","music"
"2606","29944",0,0,0,0,55,"2_1.mp3","music"
"2607","29944",0,0,0,0,50,"7_13.mp3","music"
"2608","29944",0,20,0,0,65,"4_2.mp3","music"
"2609","31132",68,26,75,55,6,"8_2.mp3","music"
"2610","31132",36,4,34,19,88,"3_1.mp3","music"
"2611","31132",100,85,84,92,15,"10_2.mp3","music"
"2612","31132",75,43,67,92,100,"11_11.mp3","music"
"2613","31132",0,8,0,5,5,"5_14.mp3","music"
"2614","31132",3,1,0,2,0,"6_10.mp3","music"
"2615","31132",100,93,71,95,67,"2_1.mp3","music"
"2616","31132",94,92,93,92,89,"10_1.mp3","music"
"2617","31132",92,94,95,94,93,"4_2.mp3","music"
"2618","31132",85,85,84,89,78,"12_2.mp3","music"
"2619","31132",73,23,46,37,15,"11_2.mp3","music"
"2620","31132",30,23,45,26,46,"6_5.mp3","music"
"2621","31132",61,43,43,60,47,"7_13.mp3","music"
"2622","31132",22,13,75,48,7,"4_1.mp3","music"
"2623","31132",47,58,68,70,67,"11_10.mp3","music"
"2624","31132",51,0,11,39,11,"7_10.mp3","music"
"2625","30064",20,12,5,20,100,"7_13.mp3","music"
"2626","30064",10,5,10,5,50,"4_2.mp3","music"
"2627","30064",5,80,0,0,40,"3_1.mp3","music"
"2628","30064",86,45,30,50,40,"10_1.mp3","music"
"2629","30064",20,14,10,10,50,"12_2.mp3","music"
"2630","30064",14,10,20,20,80,"2_1.mp3","music"
"2631","30064",5,0,5,0,0,"6_10.mp3","music"
"2632","30064",10,5,10,5,4,"4_1.mp3","music"
"2633","30064",0,0,0,0,0,"7_10.mp3","music"
"2634","30064",0,0,0,0,0,"11_10.mp3","music"
"2635","30064",80,40,72,100,45,"8_2.mp3","music"
"2636","30064",0,0,0,0,0,"6_5.mp3","music"
"2637","30064",0,16,0,0,10,"5_14.mp3","music"
"2638","30064",15,30,10,12,70,"11_11.mp3","music"
"2639","30064",100,60,100,70,10,"10_2.mp3","music"
"2640","30064",0,0,0,0,0,"11_2.mp3","music"
"2641","32392",13,0,16,5,2,"10_2.mp3","music"
"2642","32392",0,0,0,0,11,"12_2.mp3","music"
"2643","32392",5,8,0,0,0,"8_2.mp3","music"
"2644","32392",0,0,0,0,5,"6_5.mp3","music"
"2645","32392",0,0,0,0,16,"4_2.mp3","music"
"2646","32392",0,0,0,0,10,"4_1.mp3","music"
"2647","32392",0,0,0,0,28,"3_1.mp3","music"
"2648","32392",0,0,0,0,4,"11_2.mp3","music"
"2649","32392",13,12,23,0,6,"11_10.mp3","music"
"2650","32392",0,0,7,0,0,"7_10.mp3","music"
"2651","32392",0,0,0,0,6,"5_14.mp3","music"
"2652","32392",0,0,0,0,0,"2_1.mp3","music"
"2653","32392",0,0,0,0,7,"7_13.mp3","music"
"2654","32392",0,0,0,0,18,"10_1.mp3","music"
"2655","32392",0,0,7,0,0,"6_10.mp3","music"
"2656","32392",0,0,0,0,0,"11_11.mp3","music"
"2657","32875",9,6,0,0,28,"3_1.mp3","music"
"2658","32875",9,6,0,0,29,"2_1.mp3","music"
"2659","32875",21,7,14,15,0,"6_10.mp3","music"
"2660","32875",10,12,0,0,37,"12_2.mp3","music"
"2661","32875",0,13,0,0,42,"10_1.mp3","music"
"2662","32875",0,10,5,0,5,"11_2.mp3","music"
"2663","32875",4,8,0,0,11,"5_14.mp3","music"
"2664","32875",5,9,0,0,9,"7_13.mp3","music"
"2665","32875",29,6,24,0,4,"11_10.mp3","music"
"2666","32875",36,72,48,31,27,"10_2.mp3","music"
"2667","32875",47,54,68,48,54,"8_2.mp3","music"
"2668","32875",16,33,0,0,41,"11_11.mp3","music"
"2669","32875",49,54,33,9,43,"4_1.mp3","music"
"2670","32875",0,0,11,0,0,"7_10.mp3","music"
"2671","32875",8,13,24,0,6,"6_5.mp3","music"
"2672","32875",32,67,4,27,68,"4_2.mp3","music"
"2673","31654",30,29,0,23,68,"12_2.mp3","music"
"2674","31654",14,11,12,7,19,"5_14.mp3","music"
"2675","31654",23,41,0,13,25,"2_1.mp3","music"
"2676","31654",28,53,26,19,27,"7_13.mp3","music"
"2677","31654",29,27,14,24,11,"10_1.mp3","music"
"2678","31654",55,38,46,57,69,"4_2.mp3","music"
"2679","31654",25,54,32,22,19,"4_1.mp3","music"
"2680","31654",21,62,5,15,89,"3_1.mp3","music"
"2681","31654",77,66,83,81,46,"8_2.mp3","music"
"2682","31654",33,22,45,35,3,"10_2.mp3","music"
"2683","31654",50,53,75,44,25,"6_5.mp3","music"
"2684","31654",8,0,0,3,0,"7_10.mp3","music"
"2685","31654",7,13,0,0,0,"11_2.mp3","music"
"2686","31654",21,37,67,23,7,"11_10.mp3","music"
"2687","31654",32,10,9,30,15,"11_11.mp3","music"
"2688","31654",6,5,14,15,7,"6_10.mp3","music"
"2689","32791",0,100,0,0,100,"4_2.mp3","music"
"2690","32791",0,100,0,0,100,"7_13.mp3","music"
"2691","32791",77,100,58,100,100,"6_5.mp3","music"
"2692","32791",0,0,0,0,64,"11_10.mp3","music"
"2693","32791",0,57,0,0,100,"11_2.mp3","music"
"2694","32791",1,33,0,0,100,"2_1.mp3","music"
"2695","32791",0,51,0,0,88,"11_11.mp3","music"
"2696","32791",0,59,0,27,99,"8_2.mp3","music"
"2697","32791",0,1,1,0,80,"10_1.mp3","music"
"2698","32791",0,0,0,0,0,"6_10.mp3","music"
"2699","32791",0,0,0,0,0,"3_1.mp3","music"
"2700","32791",0,0,0,0,19,"12_2.mp3","music"
"2701","32791",0,0,58,23,100,"10_2.mp3","music"
"2702","32791",0,0,0,0,0,"7_10.mp3","music"
"2703","32791",0,0,0,0,99,"5_14.mp3","music"
"2704","32791",16,24,2,0,99,"4_1.mp3","music"
"2705","32854",72,61,75,96,28,"10_2.mp3","music"
"2706","32854",72,3,38,50,34,"4_2.mp3","music"
"2707","32854",66,5,47,29,11,"10_1.mp3","music"
"2708","32854",1,0,2,1,0,"7_10.mp3","music"
"2709","32854",57,36,23,61,63,"2_1.mp3","music"
"2710","32854",61,6,69,28,47,"6_5.mp3","music"
"2711","32854",56,51,65,7,47,"8_2.mp3","music"
"2712","32854",17,1,20,3,5,"11_10.mp3","music"
"2713","32854",24,24,0,6,0,"5_14.mp3","music"
"2714","32854",6,57,47,17,47,"4_1.mp3","music"
"2715","32854",80,83,65,81,99,"7_13.mp3","music"
"2716","32854",48,16,17,17,62,"11_11.mp3","music"
"2717","32854",58,49,78,52,65,"12_2.mp3","music"
"2718","32854",1,0,0,4,18,"3_1.mp3","music"
"2719","32854",2,1,0,1,1,"6_10.mp3","music"
"2720","32854",2,4,27,4,3,"11_2.mp3","music"
"2721","31621",16,23,1,0,40,"4_2.mp3","music"
"2722","31621",40,19,55,29,26,"10_2.mp3","music"
"2723","31621",2,2,1,3,0,"11_2.mp3","music"
"2724","31621",1,1,1,2,1,"2_1.mp3","music"
"2725","31621",1,63,1,14,35,"4_1.mp3","music"
"2726","31621",28,10,46,54,9,"6_5.mp3","music"
"2727","31621",31,2,59,26,1,"11_10.mp3","music"
"2728","31621",8,8,0,1,0,"10_1.mp3","music"
"2729","31621",2,14,1,1,9,"11_11.mp3","music"
"2730","31621",1,1,0,0,20,"5_14.mp3","music"
"2731","31621",11,13,21,6,18,"8_2.mp3","music"
"2732","31621",0,0,2,0,0,"7_13.mp3","music"
"2733","31621",0,14,1,1,34,"3_1.mp3","music"
"2734","31621",1,0,1,0,1,"7_10.mp3","music"
"2735","31621",0,1,0,0,0,"6_10.mp3","music"
"2736","31621",5,54,4,7,70,"12_2.mp3","music"
"2737","32395",45,52,73,38,7,"11_10.mp3","music"
"2738","32395",80,92,90,95,73,"10_2.mp3","music"
"2739","32395",8,14,25,17,46,"2_1.mp3","music"
"2740","32395",55,29,86,15,2,"6_10.mp3","music"
"2741","32395",18,12,12,11,13,"7_10.mp3","music"
"2742","32395",82,67,9,23,55,"12_2.mp3","music"
"2743","32395",85,87,87,84,92,"8_2.mp3","music"
"2744","32395",58,49,48,50,13,"4_1.mp3","music"
"2745","32395",20,6,6,8,13,"11_2.mp3","music"
"2746","32395",8,10,11,9,13,"4_2.mp3","music"
"2747","32395",49,69,14,52,26,"3_1.mp3","music"
"2748","32395",20,9,9,7,70,"7_13.mp3","music"
"2749","32395",5,44,4,10,55,"5_14.mp3","music"
"2750","32395",93,95,54,81,54,"10_1.mp3","music"
"2751","32395",29,42,17,21,31,"11_11.mp3","music"
"2752","32395",83,86,85,91,14,"6_5.mp3","music"
"2753","32617",19,23,69,13,20,"11_10.mp3","music"
"2754","32617",51,44,71,71,40,"4_1.mp3","music"
"2755","32617",25,9,8,4,24,"7_13.mp3","music"
"2756","32617",18,31,9,5,22,"11_11.mp3","music"
"2757","32617",3,6,28,2,4,"11_2.mp3","music"
"2758","32617",55,43,38,43,67,"8_2.mp3","music"
"2759","32617",56,66,61,51,64,"10_1.mp3","music"
"2760","32617",22,10,14,2,29,"2_1.mp3","music"
"2761","32617",2,23,18,4,24,"5_14.mp3","music"
"2762","32617",42,70,23,17,53,"12_2.mp3","music"
"2763","32617",68,48,75,78,12,"6_5.mp3","music"
"2764","32617",9,46,16,6,31,"3_1.mp3","music"
"2765","32617",10,38,19,8,39,"4_2.mp3","music"
"2766","32617",3,21,30,4,2,"7_10.mp3","music"
"2767","32617",26,24,35,4,6,"6_10.mp3","music"
"2768","32617",73,69,74,74,46,"10_2.mp3","music"
"2769","30022",80,65,70,85,20,"6_5.mp3","music"
"2770","30022",70,55,40,50,20,"4_1.mp3","music"
"2771","30022",35,20,10,30,20,"7_13.mp3","music"
"2772","30022",40,50,30,30,45,"10_1.mp3","music"
"2773","30022",0,50,0,0,50,"3_1.mp3","music"
"2774","30022",20,20,50,0,10,"5_14.mp3","music"
"2775","30022",20,20,30,20,10,"11_11.mp3","music"
"2776","30022",50,60,60,75,20,"8_2.mp3","music"
"2777","30022",80,50,70,80,25,"10_2.mp3","music"
"2778","30022",10,20,25,20,50,"4_2.mp3","music"
"2779","30022",50,30,30,30,50,"12_2.mp3","music"
"2780","30022",25,35,0,15,25,"2_1.mp3","music"
"2781","30022",0,0,0,0,0,"7_10.mp3","music"
"2782","30022",0,0,20,0,0,"11_2.mp3","music"
"2783","30022",10,20,50,35,0,"6_10.mp3","music"
"2784","30022",20,10,60,0,0,"11_10.mp3","music"
"2785","32572",1,0,0,0,1,"4_2.mp3","music"
"2786","32572",0,41,0,2,43,"7_13.mp3","music"
"2787","32572",1,1,1,1,1,"7_10.mp3","music"
"2788","32572",0,0,0,0,1,"3_1.mp3","music"
"2789","32572",43,16,55,25,0,"6_5.mp3","music"
"2790","32572",51,53,42,33,0,"8_2.mp3","music"
"2791","32572",2,55,49,79,1,"10_2.mp3","music"
"2792","32572",1,2,2,0,1,"11_10.mp3","music"
"2793","32572",1,3,2,3,55,"11_11.mp3","music"
"2794","32572",1,1,2,4,1,"10_1.mp3","music"
"2795","32572",1,1,0,1,0,"11_2.mp3","music"
"2796","32572",1,0,51,2,2,"2_1.mp3","music"
"2797","32572",0,1,2,1,19,"12_2.mp3","music"
"2798","32572",1,2,0,53,0,"5_14.mp3","music"
"2799","32572",1,2,0,2,0,"6_10.mp3","music"
"2800","32572",39,40,31,40,0,"4_1.mp3","music"
"2801","TEAM_YA_045",84,9,74,72,0,"10_2.mp3","music"
"2802","TEAM_YA_045",0,0,10,0,18,"11_2.mp3","music"
"2803","TEAM_YA_045",0,0,0,0,0,"11_11.mp3","music"
"2804","TEAM_YA_045",19,0,27,9,0,"4_1.mp3","music"
"2805","TEAM_YA_045",27,0,63,18,17,"6_5.mp3","music"
"2806","TEAM_YA_045",0,8,0,0,47,"4_2.mp3","music"
"2807","TEAM_YA_045",3,26,45,17,0,"6_10.mp3","music"
"2808","TEAM_YA_045",5,0,0,11,48,"10_1.mp3","music"
"2809","TEAM_YA_045",0,0,72,0,26,"7_10.mp3","music"
"2810","TEAM_YA_045",10,0,6,0,4,"7_13.mp3","music"
"2811","TEAM_YA_045",0,0,34,0,27,"5_14.mp3","music"
"2812","TEAM_YA_045",20,16,23,29,15,"8_2.mp3","music"
"2813","TEAM_YA_045",3,0,0,0,45,"3_1.mp3","music"
"2814","TEAM_YA_045",27,0,35,7,18,"11_10.mp3","music"
"2815","TEAM_YA_045",0,0,0,0,44,"2_1.mp3","music"
"2816","TEAM_YA_045",34,10,13,15,50,"12_2.mp3","music"
"2817","31930",53,53,46,54,67,"2_1.mp3","music"
"2818","31930",80,32,54,48,12,"10_1.mp3","music"
"2819","31930",13,5,6,2,2,"7_10.mp3","music"
"2820","31930",25,19,18,19,20,"5_14.mp3","music"
"2821","31930",20,7,17,3,16,"4_1.mp3","music"
"2822","31930",27,30,8,2,48,"7_13.mp3","music"
"2823","31930",15,12,18,9,15,"11_10.mp3","music"
"2824","31930",14,11,3,1,34,"3_1.mp3","music"
"2825","31930",3,3,6,1,2,"11_2.mp3","music"
"2826","31930",12,7,6,1,34,"4_2.mp3","music"
"2827","31930",31,27,54,26,14,"10_2.mp3","music"
"2828","31930",1,2,4,2,2,"6_10.mp3","music"
"2829","31930",44,48,22,46,49,"12_2.mp3","music"
"2830","31930",45,51,57,45,27,"8_2.mp3","music"
"2831","31930",1,1,11,3,2,"6_5.mp3","music"
"2832","31930",3,4,1,3,2,"11_11.mp3","music"
"2833","32884",76,100,79,81,38,"6_5.mp3","music"
"2834","32884",20,10,66,30,16,"6_10.mp3","music"
"2835","32884",86,88,98,97,66,"10_2.mp3","music"
"2836","32884",83,69,74,65,31,"10_1.mp3","music"
"2837","32884",51,93,38,60,84,"2_1.mp3","music"
"2838","32884",38,61,38,47,76,"5_14.mp3","music"
"2839","32884",72,99,80,86,71,"4_2.mp3","music"
"2840","32884",72,76,96,69,13,"8_2.mp3","music"
"2841","32884",25,85,1,44,63,"7_13.mp3","music"
"2842","32884",7,26,15,8,74,"11_11.mp3","music"
"2843","32884",74,90,79,87,1,"11_10.mp3","music"
"2844","32884",4,1,1,2,19,"3_1.mp3","music"
"2845","32884",50,90,67,41,24,"4_1.mp3","music"
"2846","32884",14,49,2,3,1,"11_2.mp3","music"
"2847","32884",0,1,71,2,4,"7_10.mp3","music"
"2848","32884",72,41,42,24,76,"12_2.mp3","music"
"2849","30349",66,70,52,74,82,"10_1.mp3","music"
"2850","30349",0,27,0,4,14,"11_2.mp3","music"
"2851","30349",1,0,0,0,0,"7_10.mp3","music"
"2852","30349",1,3,1,1,3,"5_14.mp3","music"
"2853","30349",0,3,0,3,8,"7_13.mp3","music"
"2854","30349",1,30,2,0,35,"3_1.mp3","music"
"2855","30349",81,55,71,84,49,"8_2.mp3","music"
"2856","30349",4,26,3,2,28,"4_2.mp3","music"
"2857","30349",77,28,42,66,47,"4_1.mp3","music"
"2858","30349",25,2,3,3,15,"6_10.mp3","music"
"2859","30349",14,4,3,5,19,"2_1.mp3","music"
"2860","30349",66,31,75,78,26,"10_2.mp3","music"
"2861","30349",75,56,86,88,24,"6_5.mp3","music"
"2862","30349",77,71,65,73,46,"12_2.mp3","music"
"2863","30349",47,28,71,42,27,"11_10.mp3","music"
"2864","30349",4,3,1,3,33,"11_11.mp3","music"
"2865","32275",26,33,0,90,28,"8_2.mp3","music"
"2866","32275",0,0,0,0,8,"2_1.mp3","music"
"2867","32275",0,0,0,0,20,"12_2.mp3","music"
"2868","32275",0,0,0,0,0,"7_10.mp3","music"
"2869","32275",0,31,0,0,0,"4_1.mp3","music"
"2870","32275",0,0,13,14,0,"6_5.mp3","music"
"2871","32275",0,0,0,0,0,"10_1.mp3","music"
"2872","32275",0,15,0,0,0,"11_10.mp3","music"
"2873","32275",0,0,0,0,0,"11_11.mp3","music"
"2874","32275",0,0,0,0,0,"7_13.mp3","music"
"2875","32275",7,0,0,0,0,"4_2.mp3","music"
"2876","32275",0,20,0,99,0,"10_2.mp3","music"
"2877","32275",0,0,20,0,0,"11_2.mp3","music"
"2878","32275",0,0,0,18,0,"6_10.mp3","music"
"2879","32275",0,0,0,0,0,"3_1.mp3","music"
"2880","32275",0,17,29,0,7,"5_14.mp3","music"
"2881","29911",33,69,34,61,80,"5_14.mp3","music"
"2882","29911",35,69,54,91,60,"8_2.mp3","music"
"2883","29911",59,56,92,33,58,"10_2.mp3","music"
"2884","29911",50,91,88,68,20,"6_5.mp3","music"
"2885","29911",62,88,83,77,95,"12_2.mp3","music"
"2886","29911",14,27,12,19,15,"11_10.mp3","music"
"2887","29911",59,82,74,87,97,"7_13.mp3","music"
"2888","29911",48,80,77,25,81,"11_11.mp3","music"
"2889","29911",47,79,24,69,74,"4_2.mp3","music"
"2890","29911",59,85,78,97,97,"3_1.mp3","music"
"2891","29911",87,90,89,92,90,"10_1.mp3","music"
"2892","29911",71,90,82,50,63,"11_2.mp3","music"
"2893","29911",56,73,69,55,65,"4_1.mp3","music"
"2894","29911",40,59,92,37,34,"6_10.mp3","music"
"2895","29911",14,79,27,42,30,"7_10.mp3","music"
"2896","29911",58,73,81,83,73,"2_1.mp3","music"
"2897","32332",0,50,60,0,5,"7_10.mp3","music"
"2898","32332",50,50,30,70,50,"4_1.mp3","music"
"2899","32332",0,50,0,0,70,"3_1.mp3","music"
"2900","32332",30,70,0,15,50,"2_1.mp3","music"
"2901","32332",0,50,0,0,40,"4_2.mp3","music"
"2902","32332",60,65,70,20,20,"11_10.mp3","music"
"2903","32332",0,30,0,0,45,"7_13.mp3","music"
"2904","32332",20,50,50,10,10,"11_2.mp3","music"
"2905","32332",20,50,10,0,40,"12_2.mp3","music"
"2906","32332",40,60,20,10,30,"6_5.mp3","music"
"2907","32332",30,20,40,10,30,"10_2.mp3","music"
"2908","32332",0,60,0,0,40,"10_1.mp3","music"
"2909","32332",0,50,0,0,20,"5_14.mp3","music"
"2910","32332",60,65,20,35,70,"8_2.mp3","music"
"2911","32332",0,60,0,0,40,"11_11.mp3","music"
"2912","32332",50,30,30,10,10,"6_10.mp3","music"
"2913","TEAM_YA_028",58,60,31,63,78,"4_1.mp3","music"
"2914","TEAM_YA_028",53,72,79,84,38,"8_2.mp3","music"
"2915","TEAM_YA_028",69,79,69,88,60,"6_5.mp3","music"
"2916","TEAM_YA_028",8,22,11,3,29,"7_13.mp3","music"
"2917","TEAM_YA_028",4,3,29,0,1,"5_14.mp3","music"
"2918","TEAM_YA_028",62,8,57,68,21,"10_1.mp3","music"
"2919","TEAM_YA_028",67,15,70,79,23,"10_2.mp3","music"
"2920","TEAM_YA_028",24,2,23,0,0,"6_10.mp3","music"
"2921","TEAM_YA_028",0,1,22,0,0,"7_10.mp3","music"
"2922","TEAM_YA_028",39,0,46,20,1,"11_10.mp3","music"
"2923","TEAM_YA_028",40,4,46,20,1,"11_2.mp3","music"
"2924","TEAM_YA_028",16,6,0,2,29,"11_11.mp3","music"
"2925","TEAM_YA_028",11,4,1,1,68,"4_2.mp3","music"
"2926","TEAM_YA_028",8,7,6,3,17,"3_1.mp3","music"
"2927","TEAM_YA_028",27,1,2,17,37,"2_1.mp3","music"
"2928","TEAM_YA_028",80,74,39,77,57,"12_2.mp3","music"
"2929","30070",10,5,60,20,20,"11_10.mp3","music"
"2930","30070",65,95,35,60,90,"4_2.mp3","music"
"2931","30070",95,95,70,100,95,"4_1.mp3","music"
"2932","30070",10,5,15,5,0,"7_10.mp3","music"
"2933","30070",80,90,90,80,50,"10_2.mp3","music"
"2934","30070",25,20,30,20,10,"6_10.mp3","music"
"2935","30070",2,60,5,5,50,"3_1.mp3","music"
"2936","30070",20,15,15,15,25,"11_2.mp3","music"
"2937","30070",100,95,55,85,95,"10_1.mp3","music"
"2938","30070",50,60,30,30,70,"12_2.mp3","music"
"2939","30070",20,55,10,20,30,"5_14.mp3","music"
"2940","30070",20,40,25,20,35,"11_11.mp3","music"
"2941","30070",85,30,80,80,51,"8_2.mp3","music"
"2942","30070",65,55,60,80,95,"2_1.mp3","music"
"2943","30070",25,25,20,25,40,"7_13.mp3","music"
"2944","30070",30,35,90,35,40,"6_5.mp3","music"
"2945","31231",58,41,54,70,26,"6_5.mp3","music"
"2946","31231",0,0,0,0,15,"4_2.mp3","music"
"2947","31231",59,66,22,59,8,"8_2.mp3","music"
"2948","31231",0,0,0,0,0,"5_14.mp3","music"
"2949","31231",0,0,0,0,0,"2_1.mp3","music"
"2950","31231",0,0,0,0,40,"12_2.mp3","music"
"2951","31231",18,33,15,51,34,"10_1.mp3","music"
"2952","31231",0,0,0,0,0,"7_13.mp3","music"
"2953","31231",0,40,0,0,0,"11_11.mp3","music"
"2954","31231",36,39,53,28,0,"10_2.mp3","music"
"2955","31231",0,0,0,0,0,"11_10.mp3","music"
"2956","31231",36,0,0,0,0,"4_1.mp3","music"
"2957","31231",0,0,0,0,0,"6_10.mp3","music"
"2958","31231",0,0,0,0,0,"11_2.mp3","music"
"2959","31231",0,0,0,0,0,"7_10.mp3","music"
"2960","31231",0,0,0,0,0,"3_1.mp3","music"
"2961","32266",48,0,0,0,48,"2_1.mp3","music"
"2962","32266",0,0,7,16,28,"12_2.mp3","music"
"2963","32266",8,0,45,15,0,"6_5.mp3","music"
"2964","32266",0,0,13,4,0,"11_2.mp3","music"
"2965","32266",0,0,0,0,9,"10_1.mp3","music"
"2966","32266",0,0,0,0,0,"11_11.mp3","music"
"2967","32266",0,0,0,0,0,"4_2.mp3","music"
"2968","32266",0,0,3,0,0,"7_13.mp3","music"
"2969","32266",0,0,0,0,0,"5_14.mp3","music"
"2970","32266",0,0,5,0,0,"4_1.mp3","music"
"2971","32266",0,0,45,0,1,"11_10.mp3","music"
"2972","32266",0,0,1,0,0,"7_10.mp3","music"
"2973","32266",0,0,13,16,0,"8_2.mp3","music"
"2974","32266",0,0,20,13,0,"10_2.mp3","music"
"2975","32266",0,0,0,0,0,"6_10.mp3","music"
"2976","32266",0,0,0,0,10,"3_1.mp3","music"
"2977","30292",0,0,0,0,0,"11_10.mp3","music"
"2978","30292",0,0,0,0,15,"11_11.mp3","music"
"2979","30292",70,50,80,75,35,"4_1.mp3","music"
"2980","30292",85,60,75,80,75,"10_1.mp3","music"
"2981","30292",12,0,30,0,0,"6_10.mp3","music"
"2982","30292",70,50,50,50,60,"2_1.mp3","music"
"2983","30292",0,0,0,10,25,"7_13.mp3","music"
"2984","30292",0,0,0,0,0,"7_10.mp3","music"
"2985","30292",40,60,20,25,60,"12_2.mp3","music"
"2986","30292",80,35,75,75,5,"6_5.mp3","music"
"2987","30292",40,60,0,40,75,"4_2.mp3","music"
"2988","30292",0,0,0,0,0,"11_2.mp3","music"
"2989","30292",50,0,55,50,0,"8_2.mp3","music"
"2990","30292",60,35,60,60,5,"10_2.mp3","music"
"2991","30292",0,0,0,0,0,"3_1.mp3","music"
"2992","30292",0,0,0,0,0,"5_14.mp3","music"
"2993","31984",14,9,9,6,10,"2_1.mp3","music"
"2994","31984",34,9,6,9,24,"4_1.mp3","music"
"2995","31984",3,3,56,2,2,"6_10.mp3","music"
"2996","31984",0,2,1,1,2,"7_10.mp3","music"
"2997","31984",89,52,0,89,22,"6_5.mp3","music"
"2998","31984",39,43,9,50,5,"10_2.mp3","music"
"2999","31984",35,51,75,52,79,"12_2.mp3","music"
"3000","31984",9,23,32,26,32,"11_11.mp3","music"
"3001","31984",28,35,38,23,33,"4_2.mp3","music"
"3002","31984",11,26,40,20,51,"8_2.mp3","music"
"3003","31984",0,0,1,0,0,"11_10.mp3","music"
"3004","31984",28,47,4,42,87,"3_1.mp3","music"
"3005","31984",11,70,52,33,50,"7_13.mp3","music"
"3006","31984",11,0,0,0,0,"11_2.mp3","music"
"3007","31984",4,0,0,8,14,"5_14.mp3","music"
"3008","31984",8,0,0,0,0,"10_1.mp3","music"
"3009","30955",58,65,77,59,50,"10_2.mp3","music"
"3010","30955",63,68,51,55,74,"12_2.mp3","music"
"3011","30955",0,0,18,0,0,"6_10.mp3","music"
"3012","30955",13,22,18,0,78,"2_1.mp3","music"
"3013","30955",0,42,0,0,75,"7_13.mp3","music"
"3014","30955",0,0,31,0,0,"7_10.mp3","music"
"3015","30955",36,30,0,0,50,"5_14.mp3","music"
"3016","30955",60,51,17,48,72,"10_1.mp3","music"
"3017","30955",30,40,0,23,35,"4_2.mp3","music"
"3018","30955",32,15,6,22,15,"11_11.mp3","music"
"3019","30955",50,47,50,52,43,"4_1.mp3","music"
"3020","30955",6,0,31,17,18,"11_2.mp3","music"
"3021","30955",50,64,15,50,88,"3_1.mp3","music"
"3022","30955",64,33,69,58,27,"6_5.mp3","music"
"3023","30955",47,26,90,48,16,"11_10.mp3","music"
"3024","30955",59,49,65,57,42,"8_2.mp3","music"
"3025","31978",15,22,11,15,40,"2_1.mp3","music"
"3026","31978",17,10,13,22,13,"11_11.mp3","music"
"3027","31978",54,49,48,67,82,"3_1.mp3","music"
"3028","31978",37,13,11,11,27,"11_2.mp3","music"
"3029","31978",22,56,45,52,47,"4_2.mp3","music"
"3030","31978",72,50,63,71,33,"10_2.mp3","music"
"3031","31978",49,51,51,51,5,"6_10.mp3","music"
"3032","31978",50,48,77,91,4,"6_5.mp3","music"
"3033","31978",28,50,73,69,51,"12_2.mp3","music"
"3034","31978",63,54,49,16,5,"4_1.mp3","music"
"3035","31978",24,10,22,9,47,"7_13.mp3","music"
"3036","31978",50,47,15,52,54,"10_1.mp3","music"
"3037","31978",49,17,12,17,45,"5_14.mp3","music"
"3038","31978",50,51,48,50,49,"11_10.mp3","music"
"3039","31978",14,10,8,10,11,"7_10.mp3","music"
"3040","31978",50,79,85,77,51,"8_2.mp3","music"
"3041","32920",61,59,48,55,49,"11_11.mp3","music"
"3042","32920",54,52,51,49,52,"4_2.mp3","music"
"3043","32920",53,54,53,56,56,"4_1.mp3","music"
"3044","32920",61,55,55,42,55,"11_2.mp3","music"
"3045","32920",49,47,48,48,46,"7_13.mp3","music"
"3046","32920",67,36,40,37,41,"8_2.mp3","music"
"3047","32920",3,5,5,43,5,"6_5.mp3","music"
"3048","32920",60,26,24,22,23,"7_10.mp3","music"
"3049","32920",10,12,12,9,12,"10_1.mp3","music"
"3050","32920",15,80,82,78,87,"2_1.mp3","music"
"3051","32920",12,81,81,83,79,"10_2.mp3","music"
"3052","32920",6,7,9,5,6,"11_10.mp3","music"
"3053","32920",9,13,5,7,5,"6_10.mp3","music"
"3054","32920",8,69,73,69,70,"3_1.mp3","music"
"3055","32920",6,84,80,75,84,"12_2.mp3","music"
"3056","32920",15,68,73,58,75,"5_14.mp3","music"
"3057","29998",46,28,77,83,29,"6_5.mp3","music"
"3058","29998",29,20,13,27,68,"5_14.mp3","music"
"3059","29998",76,61,77,80,54,"8_2.mp3","music"
"3060","29998",0,43,0,0,53,"3_1.mp3","music"
"3061","29998",55,66,18,39,64,"10_1.mp3","music"
"3062","29998",19,32,18,23,63,"12_2.mp3","music"
"3063","29998",31,42,54,69,43,"4_1.mp3","music"
"3064","29998",0,0,20,0,0,"6_10.mp3","music"
"3065","29998",35,49,71,73,36,"10_2.mp3","music"
"3066","29998",0,0,0,0,38,"11_11.mp3","music"
"3067","29998",0,0,0,0,0,"7_13.mp3","music"
"3068","29998",0,0,0,0,0,"11_2.mp3","music"
"3069","29998",15,26,17,17,50,"4_2.mp3","music"
"3070","29998",19,6,11,9,58,"2_1.mp3","music"
"3071","29998",2,10,31,6,0,"11_10.mp3","music"
"3072","29998",0,0,0,0,0,"7_10.mp3","music"
"3073","31546",88,59,28,78,80,"11_11.mp3","music"
"3074","31546",70,99,68,99,87,"8_2.mp3","music"
"3075","31546",0,68,14,14,1,"11_2.mp3","music"
"3076","31546",53,41,55,17,21,"4_1.mp3","music"
"3077","31546",27,36,24,50,48,"2_1.mp3","music"
"3078","31546",1,58,84,29,9,"6_10.mp3","music"
"3079","31546",68,73,90,93,13,"11_10.mp3","music"
"3080","31546",7,17,20,38,46,"7_13.mp3","music"
"3081","31546",65,22,64,93,9,"10_2.mp3","music"
"3082","31546",14,16,63,38,0,"6_5.mp3","music"
"3083","31546",0,1,12,0,0,"7_10.mp3","music"
"3084","31546",10,11,7,11,13,"4_2.mp3","music"
"3085","31546",2,47,42,15,1,"5_14.mp3","music"
"3086","31546",58,75,28,43,68,"10_1.mp3","music"
"3087","31546",37,48,71,28,33,"3_1.mp3","music"
"3088","31546",27,20,18,20,17,"12_2.mp3","music"
"3089","31576",80,93,79,92,65,"10_1.mp3","music"
"3090","31576",36,63,11,32,73,"2_1.mp3","music"
"3091","31576",22,35,77,9,0,"11_2.mp3","music"
"3092","31576",25,47,5,3,56,"5_14.mp3","music"
"3093","31576",1,0,0,0,37,"3_1.mp3","music"
"3094","31576",94,69,80,98,48,"4_1.mp3","music"
"3095","31576",91,47,90,92,52,"8_2.mp3","music"
"3096","31576",67,53,89,70,27,"6_5.mp3","music"
"3097","31576",17,52,73,15,4,"6_10.mp3","music"
"3098","31576",84,75,97,93,24,"10_2.mp3","music"
"3099","31576",80,55,48,70,70,"12_2.mp3","music"
"3100","31576",17,28,0,1,62,"11_11.mp3","music"
"3101","31576",11,45,1,0,63,"7_13.mp3","music"
"3102","31576",8,4,11,13,44,"4_2.mp3","music"
"3103","31576",5,0,34,0,6,"11_10.mp3","music"
"3104","31576",13,1,13,2,0,"7_10.mp3","music"
"3105","30907",41,31,9,30,53,"2_1.mp3","music"
"3106","30907",27,37,10,28,50,"5_14.mp3","music"
"3107","30907",32,26,20,22,19,"8_2.mp3","music"
"3108","30907",10,17,20,19,22,"4_1.mp3","music"
"3109","30907",25,25,24,27,26,"11_2.mp3","music"
"3110","30907",6,6,2,8,3,"10_1.mp3","music"
"3111","30907",19,20,18,19,20,"7_10.mp3","music"
"3112","30907",23,39,38,24,26,"3_1.mp3","music"
"3113","30907",28,22,20,22,19,"6_5.mp3","music"
"3114","30907",23,19,16,20,20,"11_11.mp3","music"
"3115","30907",42,44,9,22,63,"7_13.mp3","music"
"3116","30907",63,69,41,65,78,"12_2.mp3","music"
"3117","30907",25,31,72,11,11,"6_10.mp3","music"
"3118","30907",43,25,59,25,25,"11_10.mp3","music"
"3119","30907",37,32,15,33,43,"4_2.mp3","music"
"3120","30907",88,83,74,77,76,"10_2.mp3","music"
"3121","30850",49,86,49,49,95,"7_13.mp3","music"
"3122","30850",26,97,3,38,94,"5_14.mp3","music"
"3123","30850",97,98,17,80,96,"3_1.mp3","music"
"3124","30850",77,81,68,78,91,"10_1.mp3","music"
"3125","30850",63,53,91,75,48,"11_2.mp3","music"
"3126","30850",62,61,35,65,88,"12_2.mp3","music"
"3127","30850",19,28,18,3,46,"4_2.mp3","music"
"3128","30850",56,91,33,36,87,"2_1.mp3","music"
"3129","30850",73,68,92,84,69,"4_1.mp3","music"
"3130","30850",42,84,51,26,94,"11_11.mp3","music"
"3131","30850",4,8,100,7,18,"7_10.mp3","music"
"3132","30850",79,78,86,85,91,"8_2.mp3","music"
"3133","30850",76,82,95,92,85,"10_2.mp3","music"
"3134","30850",66,43,90,60,19,"11_10.mp3","music"
"3135","30850",59,47,71,73,44,"6_5.mp3","music"
"3136","30850",80,42,87,84,45,"6_10.mp3","music"
"3137","31612",3,2,2,0,0,"6_10.mp3","music"
"3138","31612",2,4,1,3,1,"6_5.mp3","music"
"3139","31612",10,28,3,12,23,"10_1.mp3","music"
"3140","31612",2,2,0,2,10,"12_2.mp3","music"
"3141","31612",3,4,4,0,0,"11_10.mp3","music"
"3142","31612",5,2,0,2,2,"8_2.mp3","music"
"3143","31612",2,5,0,0,4,"5_14.mp3","music"
"3144","31612",2,2,0,3,4,"4_1.mp3","music"
"3145","31612",1,2,2,0,2,"11_2.mp3","music"
"3146","31612",4,3,3,2,2,"10_2.mp3","music"
"3147","31612",1,1,0,0,2,"2_1.mp3","music"
"3148","31612",8,15,0,0,14,"3_1.mp3","music"
"3149","31612",2,1,0,0,2,"11_11.mp3","music"
"3150","31612",0,0,0,0,0,"4_2.mp3","music"
"3151","31612",0,0,0,0,0,"7_13.mp3","music"
"3152","31612",0,0,0,0,0,"7_10.mp3","music"
"3153","32377",21,24,90,23,0,"11_10.mp3","music"
"3154","32377",61,21,72,48,0,"6_5.mp3","music"
"3155","32377",6,14,21,1,25,"5_14.mp3","music"
"3156","32377",1,1,6,0,52,"7_13.mp3","music"
"3157","32377",11,16,25,14,72,"11_11.mp3","music"
"3158","32377",12,4,17,1,30,"3_1.mp3","music"
"3159","32377",10,10,49,5,1,"6_10.mp3","music"
"3160","32377",3,4,23,2,4,"11_2.mp3","music"
"3161","32377",68,49,56,82,86,"2_1.mp3","music"
"3162","32377",63,35,81,74,15,"8_2.mp3","music"
"3163","32377",0,1,40,1,1,"7_10.mp3","music"
"3164","32377",51,73,50,77,65,"4_1.mp3","music"
"3165","32377",60,52,74,77,35,"12_2.mp3","music"
"3166","32377",16,9,6,2,19,"4_2.mp3","music"
"3167","32377",35,11,48,35,12,"10_1.mp3","music"
"3168","32377",61,10,82,63,16,"10_2.mp3","music"
"3169","31897",40,42,40,29,11,"12_2.mp3","music"
"3170","31897",24,44,25,18,16,"11_2.mp3","music"
"3171","31897",32,39,51,42,38,"4_1.mp3","music"
"3172","31897",64,38,56,54,18,"10_2.mp3","music"
"3173","31897",50,65,39,23,30,"10_1.mp3","music"
"3174","31897",0,23,0,0,0,"11_11.mp3","music"
"3175","31897",0,11,12,0,0,"7_10.mp3","music"
"3176","31897",0,9,27,0,0,"11_10.mp3","music"
"3177","31897",43,12,53,30,0,"6_5.mp3","music"
"3178","31897",0,16,0,0,9,"4_2.mp3","music"
"3179","31897",0,9,0,0,11,"2_1.mp3","music"
"3180","31897",11,14,35,0,0,"6_10.mp3","music"
"3181","31897",0,0,0,0,0,"5_14.mp3","music"
"3182","31897",33,21,39,33,10,"8_2.mp3","music"
"3183","31897",0,7,0,0,0,"7_13.mp3","music"
"3184","31897",0,0,0,0,0,"3_1.mp3","music"
"3185","32587",42,14,32,25,32,"11_2.mp3","music"
"3186","32587",53,73,26,42,90,"2_1.mp3","music"
"3187","32587",4,0,20,0,0,"7_10.mp3","music"
"3188","32587",11,4,7,9,3,"6_10.mp3","music"
"3189","32587",86,57,39,87,32,"6_5.mp3","music"
"3190","32587",7,17,6,1,10,"5_14.mp3","music"
"3191","32587",60,90,30,77,53,"10_1.mp3","music"
"3192","32587",27,89,9,39,76,"7_13.mp3","music"
"3193","32587",5,14,0,0,10,"3_1.mp3","music"
"3194","32587",54,6,49,6,8,"4_1.mp3","music"
"3195","32587",75,94,43,79,92,"12_2.mp3","music"
"3196","32587",3,26,0,9,14,"4_2.mp3","music"
"3197","32587",12,18,52,6,0,"11_10.mp3","music"
"3198","32587",11,18,0,3,7,"11_11.mp3","music"
"3199","32587",53,48,92,76,18,"10_2.mp3","music"
"3200","32587",39,65,36,32,13,"8_2.mp3","music"
"3201","29959",83,71,28,32,69,"12_2.mp3","music"
"3202","29959",50,47,70,46,23,"10_1.mp3","music"
"3203","29959",0,0,0,0,49,"5_14.mp3","music"
"3204","29959",14,73,0,0,100,"3_1.mp3","music"
"3205","29959",59,25,57,50,0,"6_5.mp3","music"
"3206","29959",0,0,0,0,53,"11_11.mp3","music"
"3207","29959",0,0,0,0,43,"4_2.mp3","music"
"3208","29959",25,15,29,14,12,"10_2.mp3","music"
"3209","29959",45,0,58,32,24,"8_2.mp3","music"
"3210","29959",0,0,0,0,0,"7_10.mp3","music"
"3211","29959",0,0,0,1,0,"6_10.mp3","music"
"3212","29959",17,0,0,0,25,"2_1.mp3","music"
"3213","29959",0,0,0,0,62,"4_1.mp3","music"
"3214","29959",18,17,50,20,0,"11_10.mp3","music"
"3215","29959",50,46,32,51,3,"11_2.mp3","music"
"3216","29959",0,0,0,0,98,"7_13.mp3","music"
"3217","31699",18,6,23,10,7,"11_10.mp3","music"
"3218","31699",20,15,26,33,24,"12_2.mp3","music"
"3219","31699",20,17,11,11,26,"6_10.mp3","music"
"3220","31699",1,0,1,1,1,"7_10.mp3","music"
"3221","31699",39,36,35,27,42,"6_5.mp3","music"
"3222","31699",45,37,39,36,26,"10_1.mp3","music"
"3223","31699",11,1,7,5,18,"3_1.mp3","music"
"3224","31699",2,0,0,1,0,"11_2.mp3","music"
"3225","31699",25,23,20,13,26,"10_2.mp3","music"
"3226","31699",23,27,20,18,22,"4_2.mp3","music"
"3227","31699",15,0,7,3,2,"5_14.mp3","music"
"3228","31699",17,15,2,11,14,"11_11.mp3","music"
"3229","31699",25,24,16,27,29,"8_2.mp3","music"
"3230","31699",23,18,6,13,24,"7_13.mp3","music"
"3231","31699",0,0,0,0,0,"4_1.mp3","music"
"3232","31699",14,0,0,11,30,"2_1.mp3","music"
"3233","29962",20,50,30,0,10,"6_5.mp3","music"
"3234","29962",0,20,0,0,51,"3_1.mp3","music"
"3235","29962",0,0,0,0,0,"5_14.mp3","music"
"3236","29962",0,70,0,0,68,"4_2.mp3","music"
"3237","29962",19,48,0,0,51,"12_2.mp3","music"
"3238","29962",50,60,70,0,48,"10_2.mp3","music"
"3239","29962",0,0,0,0,0,"11_2.mp3","music"
"3240","29962",0,24,30,0,0,"6_10.mp3","music"
"3241","29962",0,73,0,6,58,"2_1.mp3","music"
"3242","29962",0,0,0,0,0,"4_1.mp3","music"
"3243","29962",29,0,0,0,0,"8_2.mp3","music"
"3244","29962",14,0,0,20,0,"11_10.mp3","music"
"3245","29962",0,0,0,0,46,"11_11.mp3","music"
"3246","29962",0,46,0,38,49,"10_1.mp3","music"
"3247","29962",0,0,0,0,0,"7_10.mp3","music"
"3248","29962",0,0,0,0,14,"7_13.mp3","music"
"3249","30415",0,0,0,0,0,"7_13.mp3","music"
"3250","30415",0,0,65,0,0,"11_2.mp3","music"
"3251","30415",32,10,15,35,40,"12_2.mp3","music"
"3252","30415",0,0,15,0,0,"7_10.mp3","music"
"3253","30415",0,0,0,0,0,"5_14.mp3","music"
"3254","30415",49,0,46,46,0,"8_2.mp3","music"
"3255","30415",26,0,66,43,0,"10_2.mp3","music"
"3256","30415",0,0,0,0,10,"3_1.mp3","music"
"3257","30415",0,0,51,0,0,"6_10.mp3","music"
"3258","30415",0,0,0,0,16,"2_1.mp3","music"
"3259","30415",14,19,48,0,0,"10_1.mp3","music"
"3260","30415",22,0,79,37,0,"6_5.mp3","music"
"3261","30415",0,0,55,0,0,"11_10.mp3","music"
"3262","30415",15,0,30,15,0,"4_1.mp3","music"
"3263","30415",0,0,0,0,13,"4_2.mp3","music"
"3264","30415",0,0,0,0,0,"11_11.mp3","music"
"3265","32362",69,21,82,76,9,"8_2.mp3","music"
"3266","32362",34,49,7,30,82,"7_13.mp3","music"
"3267","32362",38,27,53,54,14,"4_1.mp3","music"
"3268","32362",21,15,20,15,0,"6_10.mp3","music"
"3269","32362",37,39,44,12,15,"11_2.mp3","music"
"3270","32362",33,12,43,38,9,"11_11.mp3","music"
"3271","32362",0,0,0,0,2,"5_14.mp3","music"
"3272","32362",28,34,53,29,19,"12_2.mp3","music"
"3273","32362",19,44,13,13,70,"2_1.mp3","music"
"3274","32362",0,0,10,0,0,"7_10.mp3","music"
"3275","32362",22,46,38,53,44,"6_5.mp3","music"
"3276","32362",7,11,42,13,14,"11_10.mp3","music"
"3277","32362",45,38,1,16,76,"4_2.mp3","music"
"3278","32362",70,34,61,70,10,"10_2.mp3","music"
"3279","32362",41,47,46,21,55,"10_1.mp3","music"
"3280","32362",3,0,0,0,48,"3_1.mp3","music"
"3281","TEAM_YA_049",11,21,48,3,41,"5_14.mp3","music"
"3282","TEAM_YA_049",15,2,99,4,0,"11_10.mp3","music"
"3283","TEAM_YA_049",25,42,5,2,37,"12_2.mp3","music"
"3284","TEAM_YA_049",5,47,2,1,22,"3_1.mp3","music"
"3285","TEAM_YA_049",1,12,66,0,0,"7_10.mp3","music"
"3286","TEAM_YA_049",4,27,18,3,34,"4_2.mp3","music"
"3287","TEAM_YA_049",70,38,58,47,11,"6_5.mp3","music"
"3288","TEAM_YA_049",54,40,7,60,37,"10_1.mp3","music"
"3289","TEAM_YA_049",70,83,70,55,32,"10_2.mp3","music"
"3290","TEAM_YA_049",23,55,0,18,45,"7_13.mp3","music"
"3291","TEAM_YA_049",47,36,50,57,1,"8_2.mp3","music"
"3292","TEAM_YA_049",21,31,3,20,52,"2_1.mp3","music"
"3293","TEAM_YA_049",31,1,32,29,11,"4_1.mp3","music"
"3294","TEAM_YA_049",89,92,57,95,33,"11_11.mp3","music"
"3295","TEAM_YA_049",23,22,20,4,2,"11_2.mp3","music"
"3296","TEAM_YA_049",40,18,15,9,12,"6_10.mp3","music"
"3297","TEAM_YA_053",20,22,8,0,48,"3_1.mp3","music"
"3298","TEAM_YA_053",17,15,7,1,0,"7_10.mp3","music"
"3299","TEAM_YA_053",11,31,0,1,36,"4_2.mp3","music"
"3300","TEAM_YA_053",51,61,7,25,10,"12_2.mp3","music"
"3301","TEAM_YA_053",23,25,41,0,0,"11_10.mp3","music"
"3302","TEAM_YA_053",7,14,1,0,47,"11_11.mp3","music"
"3303","TEAM_YA_053",7,24,12,14,42,"5_14.mp3","music"
"3304","TEAM_YA_053",30,29,11,25,30,"11_2.mp3","music"
"3305","TEAM_YA_053",50,45,41,32,27,"8_2.mp3","music"
"3306","TEAM_YA_053",41,31,14,16,37,"4_1.mp3","music"
"3307","TEAM_YA_053",19,29,37,13,12,"10_1.mp3","music"
"3308","TEAM_YA_053",32,38,8,12,57,"10_2.mp3","music"
"3309","TEAM_YA_053",14,52,9,12,50,"2_1.mp3","music"
"3310","TEAM_YA_053",30,27,17,15,35,"6_10.mp3","music"
"3311","TEAM_YA_053",9,28,17,0,53,"7_13.mp3","music"
"3312","TEAM_YA_053",30,19,62,27,38,"6_5.mp3","music"
"3313","TEAM_YA_051",0,0,0,0,17,"11_11.mp3","music"
"3314","TEAM_YA_051",0,0,0,0,0,"7_10.mp3","music"
"3315","TEAM_YA_051",0,0,0,0,0,"11_2.mp3","music"
"3316","TEAM_YA_051",16,26,0,13,0,"6_5.mp3","music"
"3317","TEAM_YA_051",7,0,0,0,20,"10_1.mp3","music"
"3318","TEAM_YA_051",0,0,0,0,0,"2_1.mp3","music"
"3319","TEAM_YA_051",20,15,3,21,0,"10_2.mp3","music"
"3320","TEAM_YA_051",0,0,0,0,0,"11_10.mp3","music"
"3321","TEAM_YA_051",0,0,0,0,0,"7_13.mp3","music"
"3322","TEAM_YA_051",0,0,0,0,0,"4_1.mp3","music"
"3323","TEAM_YA_051",0,16,0,0,42,"12_2.mp3","music"
"3324","TEAM_YA_051",9,15,7,2,0,"8_2.mp3","music"
"3325","TEAM_YA_051",0,0,0,0,1,"4_2.mp3","music"
"3326","TEAM_YA_051",0,0,0,0,0,"6_10.mp3","music"
"3327","TEAM_YA_051",0,0,0,0,0,"5_14.mp3","music"
"3328","TEAM_YA_051",0,0,0,0,0,"3_1.mp3","music"
"3329","TEAM_YA_052",35,18,46,63,53,"12_2.mp3","music"
"3330","TEAM_YA_052",24,81,5,20,63,"2_1.mp3","music"
"3331","TEAM_YA_052",0,1,19,1,1,"6_10.mp3","music"
"3332","TEAM_YA_052",1,46,0,2,33,"5_14.mp3","music"
"3333","TEAM_YA_052",34,55,64,1,1,"6_5.mp3","music"
"3334","TEAM_YA_052",20,27,1,2,1,"4_2.mp3","music"
"3335","TEAM_YA_052",0,1,1,1,2,"7_10.mp3","music"
"3336","TEAM_YA_052",54,59,1,50,62,"10_1.mp3","music"
"3337","TEAM_YA_052",1,1,2,0,52,"3_1.mp3","music"
"3338","TEAM_YA_052",56,38,64,52,29,"10_2.mp3","music"
"3339","TEAM_YA_052",36,28,26,3,22,"4_1.mp3","music"
"3340","TEAM_YA_052",1,2,31,1,3,"11_2.mp3","music"
"3341","TEAM_YA_052",27,1,65,0,1,"11_10.mp3","music"
"3342","TEAM_YA_052",2,1,2,1,63,"7_13.mp3","music"
"3343","TEAM_YA_052",24,3,2,2,51,"11_11.mp3","music"
"3344","TEAM_YA_052",48,24,58,55,2,"8_2.mp3","music"
"3345","TEAM_YA_050",0,0,49,0,0,"6_10.mp3","music"
"3346","TEAM_YA_050",0,32,0,0,25,"11_11.mp3","music"
"3347","TEAM_YA_050",5,50,17,12,66,"7_13.mp3","music"
"3348","TEAM_YA_050",0,0,7,0,0,"7_10.mp3","music"
"3349","TEAM_YA_050",0,31,0,0,42,"5_14.mp3","music"
"3350","TEAM_YA_050",0,17,0,0,33,"4_2.mp3","music"
"3351","TEAM_YA_050",11,36,15,0,20,"11_2.mp3","music"
"3352","TEAM_YA_050",0,45,0,0,20,"2_1.mp3","music"
"3353","TEAM_YA_050",33,30,30,29,4,"10_2.mp3","music"
"3354","TEAM_YA_050",26,9,20,16,0,"6_5.mp3","music"
"3355","TEAM_YA_050",0,40,15,4,40,"10_1.mp3","music"
"3356","TEAM_YA_050",0,0,0,0,17,"3_1.mp3","music"
"3357","TEAM_YA_050",2,15,0,11,0,"4_1.mp3","music"
"3358","TEAM_YA_050",27,21,17,9,0,"8_2.mp3","music"
"3359","TEAM_YA_050",0,37,17,4,60,"12_2.mp3","music"
"3360","TEAM_YA_050",0,0,15,0,0,"11_10.mp3","music"
"3361","TEAM_YA_055",0,0,0,0,0,"2_1.mp3","music"
"3362","TEAM_YA_055",5,0,6,4,0,"10_2.mp3","music"
"3363","TEAM_YA_055",0,0,4,0,0,"4_1.mp3","music"
"3364","TEAM_YA_055",0,0,0,0,0,"11_2.mp3","music"
"3365","TEAM_YA_055",0,0,0,0,0,"6_10.mp3","music"
"3366","TEAM_YA_055",0,0,0,0,0,"12_2.mp3","music"
"3367","TEAM_YA_055",0,0,4,8,0,"8_2.mp3","music"
"3368","TEAM_YA_055",0,0,0,0,0,"10_1.mp3","music"
"3369","TEAM_YA_055",0,0,6,0,0,"6_5.mp3","music"
"3370","TEAM_YA_055",0,0,0,0,0,"5_14.mp3","music"
"3371","TEAM_YA_055",0,0,0,0,0,"7_13.mp3","music"
"3372","TEAM_YA_055",0,0,0,0,0,"3_1.mp3","music"
"3373","TEAM_YA_055",0,0,0,0,0,"7_10.mp3","music"
"3374","TEAM_YA_055",0,0,0,0,0,"4_2.mp3","music"
"3375","TEAM_YA_055",0,0,0,0,0,"11_11.mp3","music"
"3376","TEAM_YA_055",0,0,17,0,0,"11_10.mp3","music"
"3377","TEAM_YA_058",29,8,20,13,0,"6_10.mp3","music"
"3378","TEAM_YA_058",56,64,100,38,0,"6_5.mp3","music"
"3379","TEAM_YA_058",37,88,0,0,80,"7_13.mp3","music"
"3380","TEAM_YA_058",0,50,0,0,0,"3_1.mp3","music"
"3381","TEAM_YA_058",0,0,0,0,0,"7_10.mp3","music"
"3382","TEAM_YA_058",73,81,100,61,0,"10_2.mp3","music"
"3383","TEAM_YA_058",76,43,88,72,8,"8_2.mp3","music"
"3384","TEAM_YA_058",17,0,20,7,0,"4_1.mp3","music"
"3385","TEAM_YA_058",0,42,0,0,19,"10_1.mp3","music"
"3386","TEAM_YA_058",28,75,0,17,84,"2_1.mp3","music"
"3387","TEAM_YA_058",13,19,25,0,0,"11_10.mp3","music"
"3388","TEAM_YA_058",43,83,0,20,62,"12_2.mp3","music"
"3389","TEAM_YA_058",0,32,0,0,28,"5_14.mp3","music"
"3390","TEAM_YA_058",10,78,60,17,0,"11_2.mp3","music"
"3391","TEAM_YA_058",7,21,0,0,34,"4_2.mp3","music"
"3392","TEAM_YA_058",41,61,0,16,38,"11_11.mp3","music"
"3393","TEAM_YA_046",24,28,72,20,7,"8_2.mp3","music"
"3394","TEAM_YA_046",0,4,0,0,51,"7_13.mp3","music"
"3395","TEAM_YA_046",0,0,11,0,0,"7_10.mp3","music"
"3396","TEAM_YA_046",32,70,14,25,32,"4_1.mp3","music"
"3397","TEAM_YA_046",15,0,57,9,15,"11_2.mp3","music"
"3398","TEAM_YA_046",48,19,81,25,25,"6_5.mp3","music"
"3399","TEAM_YA_046",0,0,0,0,29,"3_1.mp3","music"
"3400","TEAM_YA_046",0,74,0,11,24,"4_2.mp3","music"
"3401","TEAM_YA_046",0,9,4,0,16,"5_14.mp3","music"
"3402","TEAM_YA_046",29,74,22,41,43,"10_1.mp3","music"
"3403","TEAM_YA_046",0,67,0,0,19,"11_11.mp3","music"
"3404","TEAM_YA_046",24,45,49,20,39,"10_2.mp3","music"
"3405","TEAM_YA_046",30,80,8,35,53,"2_1.mp3","music"
"3406","TEAM_YA_046",0,0,12,0,0,"11_10.mp3","music"
"3407","TEAM_YA_046",23,87,20,52,12,"12_2.mp3","music"
"3408","TEAM_YA_046",0,20,62,0,0,"6_10.mp3","music"
"3409","TEAM_YA_056",60,80,40,80,70,"4_2.mp3","music"
"3410","TEAM_YA_056",10,80,0,50,60,"3_1.mp3","music"
"3411","TEAM_YA_056",0,0,40,0,0,"7_10.mp3","music"
"3412","TEAM_YA_056",80,40,80,80,30,"8_2.mp3","music"
"3413","TEAM_YA_056",20,0,30,0,10,"11_2.mp3","music"
"3414","TEAM_YA_056",80,100,30,69,60,"12_2.mp3","music"
"3415","TEAM_YA_056",50,20,80,30,0,"11_10.mp3","music"
"3416","TEAM_YA_056",0,20,40,0,0,"6_10.mp3","music"
"3417","TEAM_YA_056",90,100,80,90,100,"10_2.mp3","music"
"3418","TEAM_YA_056",25,70,10,30,50,"11_11.mp3","music"
"3419","TEAM_YA_056",70,70,60,60,50,"2_1.mp3","music"
"3420","TEAM_YA_056",20,20,50,20,10,"4_1.mp3","music"
"3421","TEAM_YA_056",0,20,10,0,20,"5_14.mp3","music"
"3422","TEAM_YA_056",70,80,70,80,50,"10_1.mp3","music"
"3423","TEAM_YA_056",80,90,20,50,90,"7_13.mp3","music"
"3424","TEAM_YA_056",90,65,90,60,10,"6_5.mp3","music"
"3425","TEAM_YA_048",12,16,0,0,16,"7_13.mp3","music"
"3426","TEAM_YA_048",32,44,62,62,0,"4_1.mp3","music"
"3427","TEAM_YA_048",88,0,71,74,48,"12_2.mp3","music"
"3428","TEAM_YA_048",29,0,0,33,9,"11_11.mp3","music"
"3429","TEAM_YA_048",0,0,19,0,0,"11_10.mp3","music"
"3430","TEAM_YA_048",70,0,55,60,0,"10_2.mp3","music"
"3431","TEAM_YA_048",0,0,23,0,0,"11_2.mp3","music"
"3432","TEAM_YA_048",0,25,0,0,27,"3_1.mp3","music"
"3433","TEAM_YA_048",71,71,29,0,24,"8_2.mp3","music"
"3434","TEAM_YA_048",0,0,0,0,27,"2_1.mp3","music"
"3435","TEAM_YA_048",85,78,75,75,33,"10_1.mp3","music"
"3436","TEAM_YA_048",0,21,0,0,16,"5_14.mp3","music"
"3437","TEAM_YA_048",0,0,0,0,0,"7_10.mp3","music"
"3438","TEAM_YA_048",38,20,0,0,29,"4_2.mp3","music"
"3439","TEAM_YA_048",0,0,29,0,0,"6_10.mp3","music"
"3440","TEAM_YA_048",0,34,36,0,37,"6_5.mp3","music"
"3441","TEAM_YA_054",2,5,4,2,32,"3_1.mp3","music"
"3442","TEAM_YA_054",19,14,60,35,18,"6_5.mp3","music"
"3443","TEAM_YA_054",1,2,2,1,19,"2_1.mp3","music"
"3444","TEAM_YA_054",0,15,12,0,85,"12_2.mp3","music"
"3445","TEAM_YA_054",0,4,0,0,10,"4_2.mp3","music"
"3446","TEAM_YA_054",0,0,10,0,3,"11_2.mp3","music"
"3447","TEAM_YA_054",0,0,10,0,0,"6_10.mp3","music"
"3448","TEAM_YA_054",3,0,10,0,2,"11_10.mp3","music"
"3449","TEAM_YA_054",0,0,9,0,0,"7_10.mp3","music"
"3450","TEAM_YA_054",0,1,0,1,5,"11_11.mp3","music"
"3451","TEAM_YA_054",28,15,12,33,10,"4_1.mp3","music"
"3452","TEAM_YA_054",23,20,16,19,9,"10_2.mp3","music"
"3453","TEAM_YA_054",4,8,0,4,25,"7_13.mp3","music"
"3454","TEAM_YA_054",10,10,4,19,13,"8_2.mp3","music"
"3455","TEAM_YA_054",0,7,0,17,12,"10_1.mp3","music"
"3456","TEAM_YA_054",0,4,0,0,6,"5_14.mp3","music"
"3457","TEAM_YA_080",1,8,1,5,1,"6_10.mp3","music"
"3458","TEAM_YA_080",4,2,2,1,5,"11_10.mp3","music"
"3459","TEAM_YA_080",59,47,54,49,41,"10_2.mp3","music"
"3460","TEAM_YA_080",4,4,7,1,4,"11_2.mp3","music"
"3461","TEAM_YA_080",44,2,37,2,51,"5_14.mp3","music"
"3462","TEAM_YA_080",71,1,55,21,56,"11_11.mp3","music"
"3463","TEAM_YA_080",5,35,2,1,43,"7_13.mp3","music"
"3464","TEAM_YA_080",24,23,2,13,67,"3_1.mp3","music"
"3465","TEAM_YA_080",28,36,36,26,47,"2_1.mp3","music"
"3466","TEAM_YA_080",71,31,69,39,44,"8_2.mp3","music"
"3467","TEAM_YA_080",97,30,52,49,49,"12_2.mp3","music"
"3468","TEAM_YA_080",60,29,55,29,53,"6_5.mp3","music"
"3469","TEAM_YA_080",52,55,51,41,50,"4_2.mp3","music"
"3470","TEAM_YA_080",56,31,44,33,44,"4_1.mp3","music"
"3471","TEAM_YA_080",64,44,49,44,98,"10_1.mp3","music"
"3472","TEAM_YA_080",4,3,2,2,5,"7_10.mp3","music"
"3473","TEAM_YA_065",1,0,0,0,0,"3_1.mp3","music"
"3474","TEAM_YA_065",81,81,0,85,52,"10_1.mp3","music"
"3475","TEAM_YA_065",0,0,0,1,0,"11_11.mp3","music"
"3476","TEAM_YA_065",75,77,97,88,0,"10_2.mp3","music"
"3477","TEAM_YA_065",0,2,1,2,59,"2_1.mp3","music"
"3478","TEAM_YA_065",0,0,40,0,0,"11_10.mp3","music"
"3479","TEAM_YA_065",20,24,40,0,0,"12_2.mp3","music"
"3480","TEAM_YA_065",38,20,100,90,0,"6_5.mp3","music"
"3481","TEAM_YA_065",0,0,24,0,0,"7_10.mp3","music"
"3482","TEAM_YA_065",0,100,93,10,0,"6_10.mp3","music"
"3483","TEAM_YA_065",0,0,0,0,0,"4_2.mp3","music"
"3484","TEAM_YA_065",0,79,0,0,0,"11_2.mp3","music"
"3485","TEAM_YA_065",0,0,0,0,0,"5_14.mp3","music"
"3486","TEAM_YA_065",79,85,100,35,0,"4_1.mp3","music"
"3487","TEAM_YA_065",0,100,0,0,100,"7_13.mp3","music"
"3488","TEAM_YA_065",37,75,9,66,75,"8_2.mp3","music"
"3489","TEAM_YA_082",59,57,70,45,40,"6_5.mp3","music"
"3490","TEAM_YA_082",51,49,56,56,31,"7_10.mp3","music"
"3491","TEAM_YA_082",61,81,71,39,64,"11_2.mp3","music"
"3492","TEAM_YA_082",51,37,62,11,62,"3_1.mp3","music"
"3493","TEAM_YA_082",60,58,72,35,66,"5_14.mp3","music"
"3494","TEAM_YA_082",64,75,58,34,52,"6_10.mp3","music"
"3495","TEAM_YA_082",53,52,49,36,65,"11_11.mp3","music"
"3496","TEAM_YA_082",47,56,62,37,51,"10_1.mp3","music"
"3497","TEAM_YA_082",56,59,69,38,63,"12_2.mp3","music"
"3498","TEAM_YA_082",58,41,74,59,75,"10_2.mp3","music"
"3499","TEAM_YA_082",37,30,49,21,51,"4_1.mp3","music"
"3500","TEAM_YA_082",47,66,64,44,61,"2_1.mp3","music"
"3501","TEAM_YA_082",46,64,71,39,63,"4_2.mp3","music"
"3502","TEAM_YA_082",43,48,47,23,62,"7_13.mp3","music"
"3503","TEAM_YA_082",49,30,88,47,38,"11_10.mp3","music"
"3504","TEAM_YA_082",56,36,27,11,45,"8_2.mp3","music"
"3505","TEAM_YA_083",65,100,53,60,87,"4_2.mp3","music"
"3506","TEAM_YA_083",23,26,33,7,74,"11_11.mp3","music"
"3507","TEAM_YA_083",42,85,10,19,99,"2_1.mp3","music"
"3508","TEAM_YA_083",60,89,19,14,70,"10_1.mp3","music"
"3509","TEAM_YA_083",16,15,14,20,15,"7_10.mp3","music"
"3510","TEAM_YA_083",47,61,56,20,57,"8_2.mp3","music"
"3511","TEAM_YA_083",21,24,18,15,21,"6_10.mp3","music"
"3512","TEAM_YA_083",23,29,20,11,35,"3_1.mp3","music"
"3513","TEAM_YA_083",22,27,25,20,43,"11_2.mp3","music"
"3514","TEAM_YA_083",30,72,26,12,89,"10_2.mp3","music"
"3515","TEAM_YA_083",67,66,33,17,53,"6_5.mp3","music"
"3516","TEAM_YA_083",54,40,37,46,40,"11_10.mp3","music"
"3517","TEAM_YA_083",44,49,23,16,68,"4_1.mp3","music"
"3518","TEAM_YA_083",52,76,43,61,60,"7_13.mp3","music"
"3519","TEAM_YA_083",58,91,19,54,99,"12_2.mp3","music"
"3520","TEAM_YA_083",59,42,26,22,55,"5_14.mp3","music"
"3521","TEAM_YA_069",0,9,0,0,15,"3_1.mp3","music"
"3522","TEAM_YA_069",0,12,0,0,12,"10_1.mp3","music"
"3523","TEAM_YA_069",0,0,0,0,0,"2_1.mp3","music"
"3524","TEAM_YA_069",0,0,0,0,0,"8_2.mp3","music"
"3525","TEAM_YA_069",0,0,0,0,0,"7_10.mp3","music"
"3526","TEAM_YA_069",0,0,0,0,0,"4_2.mp3","music"
"3527","TEAM_YA_069",0,0,0,0,0,"6_5.mp3","music"
"3528","TEAM_YA_069",0,0,0,0,0,"11_10.mp3","music"
"3529","TEAM_YA_069",0,0,0,0,0,"6_10.mp3","music"
"3530","TEAM_YA_069",0,0,0,0,4,"5_14.mp3","music"
"3531","TEAM_YA_069",0,0,0,0,0,"10_2.mp3","music"
"3532","TEAM_YA_069",0,0,0,0,0,"7_13.mp3","music"
"3533","TEAM_YA_069",0,0,0,0,8,"12_2.mp3","music"
"3534","TEAM_YA_069",0,0,0,0,7,"11_2.mp3","music"
"3535","TEAM_YA_069",0,0,0,0,0,"4_1.mp3","music"
"3536","TEAM_YA_069",0,0,0,0,6,"11_11.mp3","music"
"3537","TEAM_YA_064",81,81,83,93,70,"6_5.mp3","music"
"3538","TEAM_YA_064",23,12,82,0,0,"6_10.mp3","music"
"3539","TEAM_YA_064",0,82,0,56,73,"4_2.mp3","music"
"3540","TEAM_YA_064",2,30,0,1,40,"5_14.mp3","music"
"3541","TEAM_YA_064",81,89,34,76,92,"2_1.mp3","music"
"3542","TEAM_YA_064",0,11,71,0,0,"11_10.mp3","music"
"3543","TEAM_YA_064",0,7,0,0,73,"3_1.mp3","music"
"3544","TEAM_YA_064",99,80,92,99,44,"8_2.mp3","music"
"3545","TEAM_YA_064",11,2,1,2,54,"11_11.mp3","music"
"3546","TEAM_YA_064",95,96,95,96,79,"10_2.mp3","music"
"3547","TEAM_YA_064",0,0,0,0,0,"7_10.mp3","music"
"3548","TEAM_YA_064",86,93,84,92,74,"4_1.mp3","music"
"3549","TEAM_YA_064",94,96,95,83,90,"12_2.mp3","music"
"3550","TEAM_YA_064",16,21,31,20,15,"11_2.mp3","music"
"3551","TEAM_YA_064",35,83,14,8,92,"7_13.mp3","music"
"3552","TEAM_YA_064",94,96,59,79,100,"10_1.mp3","music"
"3553","TEAM_YA_084",8,16,23,12,11,"11_10.mp3","music"
"3554","TEAM_YA_084",16,10,15,12,14,"4_1.mp3","music"
"3555","TEAM_YA_084",21,48,33,45,9,"6_5.mp3","music"
"3556","TEAM_YA_084",18,28,20,24,40,"7_13.mp3","music"
"3557","TEAM_YA_084",7,13,6,4,17,"5_14.mp3","music"
"3558","TEAM_YA_084",13,18,18,19,20,"10_1.mp3","music"
"3559","TEAM_YA_084",14,18,4,16,20,"12_2.mp3","music"
"3560","TEAM_YA_084",16,26,29,16,3,"6_10.mp3","music"
"3561","TEAM_YA_084",0,1,0,2,19,"3_1.mp3","music"
"3562","TEAM_YA_084",44,56,64,73,31,"2_1.mp3","music"
"3563","TEAM_YA_084",44,48,48,51,23,"11_11.mp3","music"
"3564","TEAM_YA_084",35,38,51,53,14,"8_2.mp3","music"
"3565","TEAM_YA_084",24,18,27,26,19,"10_2.mp3","music"
"3566","TEAM_YA_084",9,9,15,14,8,"11_2.mp3","music"
"3567","TEAM_YA_084",3,6,4,6,14,"7_10.mp3","music"
"3568","TEAM_YA_084",28,24,7,10,27,"4_2.mp3","music"
"3569","TEAM_YA_085",25,25,9,17,39,"4_2.mp3","music"
"3570","TEAM_YA_085",19,30,34,39,12,"4_1.mp3","music"
"3571","TEAM_YA_085",27,28,62,44,29,"8_2.mp3","music"
"3572","TEAM_YA_085",24,33,37,51,12,"10_2.mp3","music"
"3573","TEAM_YA_085",20,17,26,39,36,"10_1.mp3","music"
"3574","TEAM_YA_085",11,32,83,58,4,"11_10.mp3","music"
"3575","TEAM_YA_085",3,9,2,9,18,"12_2.mp3","music"
"3576","TEAM_YA_085",16,6,57,29,12,"6_10.mp3","music"
"3577","TEAM_YA_085",19,54,11,30,35,"5_14.mp3","music"
"3578","TEAM_YA_085",0,1,24,21,0,"7_10.mp3","music"
"3579","TEAM_YA_085",18,21,32,30,16,"11_2.mp3","music"
"3580","TEAM_YA_085",23,4,58,32,11,"6_5.mp3","music"
"3581","TEAM_YA_085",12,12,2,10,64,"7_13.mp3","music"
"3582","TEAM_YA_085",50,40,27,33,61,"2_1.mp3","music"
"3583","TEAM_YA_085",0,19,0,3,20,"3_1.mp3","music"
"3584","TEAM_YA_085",36,42,10,45,59,"11_11.mp3","music"
"3585","TEAM_YA_062",2,1,2,1,73,"11_2.mp3","music"
"3586","TEAM_YA_062",1,21,10,4,92,"3_1.mp3","music"
"3587","TEAM_YA_062",0,15,1,4,89,"7_13.mp3","music"
"3588","TEAM_YA_062",12,35,19,11,67,"10_2.mp3","music"
"3589","TEAM_YA_062",17,17,11,2,56,"11_11.mp3","music"
"3590","TEAM_YA_062",3,10,3,2,80,"5_14.mp3","music"
"3591","TEAM_YA_062",2,5,8,4,41,"6_5.mp3","music"
"3592","TEAM_YA_062",25,3,8,11,47,"12_2.mp3","music"
"3593","TEAM_YA_062",3,1,2,2,29,"7_10.mp3","music"
"3594","TEAM_YA_062",14,9,7,4,66,"4_1.mp3","music"
"3595","TEAM_YA_062",15,11,18,4,64,"8_2.mp3","music"
"3596","TEAM_YA_062",10,8,23,2,51,"6_10.mp3","music"
"3597","TEAM_YA_062",52,54,22,4,60,"11_10.mp3","music"
"3598","TEAM_YA_062",40,86,14,2,69,"2_1.mp3","music"
"3599","TEAM_YA_062",8,19,2,1,71,"4_2.mp3","music"
"3600","TEAM_YA_062",32,91,37,13,70,"10_1.mp3","music"
"3601","TEAM_YA_061",76,33,75,70,79,"12_2.mp3","music"
"3602","TEAM_YA_061",55,51,73,72,49,"10_2.mp3","music"
"3603","TEAM_YA_061",18,18,23,23,0,"6_10.mp3","music"
"3604","TEAM_YA_061",0,0,0,0,20,"3_1.mp3","music"
"3605","TEAM_YA_061",0,0,0,0,0,"7_10.mp3","music"
"3606","TEAM_YA_061",90,70,80,90,80,"6_5.mp3","music"
"3607","TEAM_YA_061",0,0,0,0,0,"11_11.mp3","music"
"3608","TEAM_YA_061",85,70,60,80,70,"7_13.mp3","music"
"3609","TEAM_YA_061",80,50,35,65,50,"4_2.mp3","music"
"3610","TEAM_YA_061",60,0,0,10,0,"8_2.mp3","music"
"3611","TEAM_YA_061",80,55,65,75,70,"4_1.mp3","music"
"3612","TEAM_YA_061",25,0,0,25,20,"2_1.mp3","music"
"3613","TEAM_YA_061",90,60,70,76,75,"10_1.mp3","music"
"3614","TEAM_YA_061",15,30,70,0,0,"11_10.mp3","music"
"3615","TEAM_YA_061",70,20,50,40,15,"11_2.mp3","music"
"3616","TEAM_YA_061",0,0,0,0,0,"5_14.mp3","music"
"3617","TEAM_YA_081",77,48,61,79,2,"10_2.mp3","music"
"3618","TEAM_YA_081",38,0,74,27,0,"11_10.mp3","music"
"3619","TEAM_YA_081",1,0,0,0,65,"7_13.mp3","music"
"3620","TEAM_YA_081",77,76,41,81,22,"12_2.mp3","music"
"3621","TEAM_YA_081",0,0,11,0,0,"7_10.mp3","music"
"3622","TEAM_YA_081",0,0,9,0,0,"4_2.mp3","music"
"3623","TEAM_YA_081",51,49,10,42,64,"4_1.mp3","music"
"3624","TEAM_YA_081",44,58,34,52,1,"8_2.mp3","music"
"3625","TEAM_YA_081",0,32,23,6,22,"5_14.mp3","music"
"3626","TEAM_YA_081",28,19,24,22,75,"10_1.mp3","music"
"3627","TEAM_YA_081",21,42,28,37,18,"2_1.mp3","music"
"3628","TEAM_YA_081",62,25,94,51,1,"6_5.mp3","music"
"3629","TEAM_YA_081",0,35,0,16,79,"11_2.mp3","music"
"3630","TEAM_YA_081",33,0,3,0,0,"6_10.mp3","music"
"3631","TEAM_YA_081",0,6,0,12,64,"11_11.mp3","music"
"3632","TEAM_YA_081",18,0,0,10,71,"3_1.mp3","music"
"3633","TEAM_YA_003",0,0,31,0,0,"11_10.mp3","music"
"3634","TEAM_YA_003",0,0,0,0,0,"7_10.mp3","music"
"3635","TEAM_YA_003",44,31,0,42,70,"11_11.mp3","music"
"3636","TEAM_YA_003",14,59,0,0,64,"4_2.mp3","music"
"3637","TEAM_YA_003",71,22,65,83,12,"10_2.mp3","music"
"3638","TEAM_YA_003",0,26,0,0,0,"3_1.mp3","music"
"3639","TEAM_YA_003",38,53,0,25,71,"4_1.mp3","music"
"3640","TEAM_YA_003",0,22,0,0,14,"2_1.mp3","music"
"3641","TEAM_YA_003",0,0,0,0,0,"11_2.mp3","music"
"3642","TEAM_YA_003",0,32,0,0,84,"7_13.mp3","music"
"3643","TEAM_YA_003",21,26,25,44,67,"10_1.mp3","music"
"3644","TEAM_YA_003",69,13,71,71,15,"8_2.mp3","music"
"3645","TEAM_YA_003",61,78,49,65,85,"12_2.mp3","music"
"3646","TEAM_YA_003",37,0,70,35,0,"6_5.mp3","music"
"3647","TEAM_YA_003",0,0,0,0,0,"5_14.mp3","music"
"3648","TEAM_YA_003",0,0,0,0,0,"6_10.mp3","music"
"3649","TEAM_YA_073",21,23,65,26,8,"11_10.mp3","music"
"3650","TEAM_YA_073",24,64,6,20,63,"3_1.mp3","music"
"3651","TEAM_YA_073",76,61,71,82,29,"8_2.mp3","music"
"3652","TEAM_YA_073",21,7,51,24,18,"11_2.mp3","music"
"3653","TEAM_YA_073",33,78,10,6,66,"5_14.mp3","music"
"3654","TEAM_YA_073",59,34,28,50,54,"10_2.mp3","music"
"3655","TEAM_YA_073",47,50,12,80,71,"4_1.mp3","music"
"3656","TEAM_YA_073",55,68,9,49,86,"10_1.mp3","music"
"3657","TEAM_YA_073",1,3,56,28,5,"7_10.mp3","music"
"3658","TEAM_YA_073",1,19,2,4,53,"4_2.mp3","music"
"3659","TEAM_YA_073",11,39,6,4,60,"11_11.mp3","music"
"3660","TEAM_YA_073",55,14,68,66,7,"6_5.mp3","music"
"3661","TEAM_YA_073",26,12,5,9,48,"7_13.mp3","music"
"3662","TEAM_YA_073",40,72,9,3,89,"2_1.mp3","music"
"3663","TEAM_YA_073",52,75,19,37,74,"12_2.mp3","music"
"3664","TEAM_YA_073",24,2,73,7,6,"6_10.mp3","music"
"3665","TEAM_YA_068",0,47,34,48,47,"11_2.mp3","music"
"3666","TEAM_YA_068",55,0,47,58,45,"10_2.mp3","music"
"3667","TEAM_YA_068",0,48,0,48,55,"7_13.mp3","music"
"3668","TEAM_YA_068",0,51,0,48,48,"12_2.mp3","music"
"3669","TEAM_YA_068",0,0,0,0,28,"8_2.mp3","music"
"3670","TEAM_YA_068",47,47,49,44,25,"10_1.mp3","music"
"3671","TEAM_YA_068",49,0,65,54,15,"6_5.mp3","music"
"3672","TEAM_YA_068",0,0,0,0,0,"7_10.mp3","music"
"3673","TEAM_YA_068",48,44,90,22,0,"11_10.mp3","music"
"3674","TEAM_YA_068",0,36,55,0,0,"6_10.mp3","music"
"3675","TEAM_YA_068",32,56,22,86,81,"2_1.mp3","music"
"3676","TEAM_YA_068",0,0,0,0,13,"11_11.mp3","music"
"3677","TEAM_YA_068",0,8,1,4,41,"5_14.mp3","music"
"3678","TEAM_YA_068",39,63,60,63,42,"4_1.mp3","music"
"3679","TEAM_YA_068",0,0,0,0,53,"3_1.mp3","music"
"3680","TEAM_YA_068",0,0,0,0,19,"4_2.mp3","music"
"3681","TEAM_YA_075",10,50,20,10,50,"4_2.mp3","music"
"3682","TEAM_YA_075",15,0,20,10,0,"11_10.mp3","music"
"3683","TEAM_YA_075",70,75,40,75,80,"10_1.mp3","music"
"3684","TEAM_YA_075",35,60,60,60,60,"2_1.mp3","music"
"3685","TEAM_YA_075",75,35,70,85,60,"10_2.mp3","music"
"3686","TEAM_YA_075",0,20,0,0,35,"3_1.mp3","music"
"3687","TEAM_YA_075",75,50,75,75,0,"8_2.mp3","music"
"3688","TEAM_YA_075",0,10,70,0,45,"5_14.mp3","music"
"3689","TEAM_YA_075",0,20,0,0,35,"7_13.mp3","music"
"3690","TEAM_YA_075",20,0,0,0,15,"11_11.mp3","music"
"3691","TEAM_YA_075",0,60,50,35,25,"11_2.mp3","music"
"3692","TEAM_YA_075",0,0,0,0,0,"6_10.mp3","music"
"3693","TEAM_YA_075",0,0,0,10,10,"4_1.mp3","music"
"3694","TEAM_YA_075",0,0,0,0,0,"7_10.mp3","music"
"3695","TEAM_YA_075",80,90,90,90,85,"12_2.mp3","music"
"3696","TEAM_YA_075",25,15,60,65,25,"6_5.mp3","music"
"3697","TEAM_YA_036",78,65,67,83,51,"10_2.mp3","music"
"3698","TEAM_YA_036",72,50,58,68,42,"8_2.mp3","music"
"3699","TEAM_YA_036",61,65,46,64,56,"12_2.mp3","music"
"3700","TEAM_YA_036",15,14,3,4,53,"7_13.mp3","music"
"3701","TEAM_YA_036",3,4,2,3,15,"3_1.mp3","music"
"3702","TEAM_YA_036",3,0,3,1,3,"7_10.mp3","music"
"3703","TEAM_YA_036",11,5,2,3,14,"4_1.mp3","music"
"3704","TEAM_YA_036",6,13,4,5,18,"11_11.mp3","music"
"3705","TEAM_YA_036",10,14,1,9,29,"4_2.mp3","music"
"3706","TEAM_YA_036",10,7,3,9,19,"11_2.mp3","music"
"3707","TEAM_YA_036",3,8,4,3,9,"6_10.mp3","music"
"3708","TEAM_YA_036",26,63,4,14,54,"2_1.mp3","music"
"3709","TEAM_YA_036",21,38,3,12,36,"5_14.mp3","music"
"3710","TEAM_YA_036",25,25,28,17,5,"11_10.mp3","music"
"3711","TEAM_YA_036",29,38,18,17,48,"10_1.mp3","music"
"3712","TEAM_YA_036",57,54,69,42,34,"6_5.mp3","music"
"3713","TEAM_YA_023",50,30,29,60,40,"4_2.mp3","music"
"3714","TEAM_YA_023",80,30,90,90,10,"10_2.mp3","music"
"3715","TEAM_YA_023",0,0,70,0,0,"7_10.mp3","music"
"3716","TEAM_YA_023",75,85,60,70,80,"10_1.mp3","music"
"3717","TEAM_YA_023",0,0,0,0,0,"11_2.mp3","music"
"3718","TEAM_YA_023",25,100,0,25,100,"7_13.mp3","music"
"3719","TEAM_YA_023",0,75,0,0,100,"3_1.mp3","music"
"3720","TEAM_YA_023",100,25,100,85,0,"8_2.mp3","music"
"3721","TEAM_YA_023",0,30,30,0,0,"5_14.mp3","music"
"3722","TEAM_YA_023",0,0,50,0,0,"6_10.mp3","music"
"3723","TEAM_YA_023",75,100,25,85,100,"2_1.mp3","music"
"3724","TEAM_YA_023",70,85,0,100,100,"12_2.mp3","music"
"3725","TEAM_YA_023",65,60,85,75,0,"4_1.mp3","music"
"3726","TEAM_YA_023",0,100,0,0,75,"11_11.mp3","music"
"3727","TEAM_YA_023",75,25,100,80,0,"6_5.mp3","music"
"3728","TEAM_YA_023",0,50,100,0,0,"11_10.mp3","music"
"3729","TEAM_YA_098",5,22,46,11,26,"7_10.mp3","music"
"3730","TEAM_YA_098",58,75,29,62,40,"11_11.mp3","music"
"3731","TEAM_YA_098",55,51,79,74,57,"4_1.mp3","music"
"3732","TEAM_YA_098",76,66,85,86,65,"6_5.mp3","music"
"3733","TEAM_YA_098",29,30,7,4,58,"4_2.mp3","music"
"3734","TEAM_YA_098",34,84,8,21,70,"2_1.mp3","music"
"3735","TEAM_YA_098",15,28,24,16,44,"11_2.mp3","music"
"3736","TEAM_YA_098",21,67,14,15,71,"7_13.mp3","music"
"3737","TEAM_YA_098",73,60,74,79,64,"10_2.mp3","music"
"3738","TEAM_YA_098",0,50,31,14,20,"6_10.mp3","music"
"3739","TEAM_YA_098",75,73,64,57,76,"10_1.mp3","music"
"3740","TEAM_YA_098",64,63,40,82,66,"12_2.mp3","music"
"3741","TEAM_YA_098",12,21,6,3,64,"5_14.mp3","music"
"3742","TEAM_YA_098",29,21,47,30,23,"11_10.mp3","music"
"3743","TEAM_YA_098",53,52,66,66,54,"8_2.mp3","music"
"3744","TEAM_YA_098",3,48,13,6,51,"3_1.mp3","music"
"3745","TEAM_YA_102",0,0,43,0,13,"7_10.mp3","music"
"3746","TEAM_YA_102",48,50,0,0,64,"4_2.mp3","music"
"3747","TEAM_YA_102",67,0,73,56,0,"6_5.mp3","music"
"3748","TEAM_YA_102",12,0,0,0,49,"3_1.mp3","music"
"3749","TEAM_YA_102",43,0,73,45,0,"11_10.mp3","music"
"3750","TEAM_YA_102",15,41,0,15,69,"12_2.mp3","music"
"3751","TEAM_YA_102",21,47,0,22,65,"2_1.mp3","music"
"3752","TEAM_YA_102",0,0,0,0,12,"7_13.mp3","music"
"3753","TEAM_YA_102",48,15,71,26,4,"8_2.mp3","music"
"3754","TEAM_YA_102",0,33,0,0,27,"5_14.mp3","music"
"3755","TEAM_YA_102",0,0,51,0,1,"4_1.mp3","music"
"3756","TEAM_YA_102",39,31,33,0,1,"10_1.mp3","music"
"3757","TEAM_YA_102",21,25,71,5,0,"11_2.mp3","music"
"3758","TEAM_YA_102",0,0,0,0,17,"11_11.mp3","music"
"3759","TEAM_YA_102",48,0,73,62,0,"10_2.mp3","music"
"3760","TEAM_YA_102",0,0,29,0,0,"6_10.mp3","music"
"3761","TEAM_YA_103",80,50,74,87,74,"10_1.mp3","music"
"3762","TEAM_YA_103",0,0,0,0,0,"11_10.mp3","music"
"3763","TEAM_YA_103",10,0,0,0,0,"11_2.mp3","music"
"3764","TEAM_YA_103",85,60,65,91,90,"12_2.mp3","music"
"3765","TEAM_YA_103",100,60,100,100,65,"6_5.mp3","music"
"3766","TEAM_YA_103",50,79,30,63,68,"2_1.mp3","music"
"3767","TEAM_YA_103",8,0,12,0,0,"6_10.mp3","music"
"3768","TEAM_YA_103",25,81,9,86,35,"4_2.mp3","music"
"3769","TEAM_YA_103",73,53,53,77,60,"10_2.mp3","music"
"3770","TEAM_YA_103",14,30,5,20,20,"4_1.mp3","music"
"3771","TEAM_YA_103",0,0,0,0,8,"3_1.mp3","music"
"3772","TEAM_YA_103",34,32,10,0,51,"5_14.mp3","music"
"3773","TEAM_YA_103",76,71,79,89,57,"8_2.mp3","music"
"3774","TEAM_YA_103",50,60,20,30,38,"11_11.mp3","music"
"3775","TEAM_YA_103",63,76,50,63,100,"7_13.mp3","music"
"3776","TEAM_YA_103",0,0,0,0,0,"7_10.mp3","music"
"3777","TEAM_YA_108",2,5,2,5,2,"5_14.mp3","music"
"3778","TEAM_YA_108",1,3,2,2,1,"11_2.mp3","music"
"3779","TEAM_YA_108",4,6,70,7,1,"6_10.mp3","music"
"3780","TEAM_YA_108",7,7,5,2,30,"10_1.mp3","music"
"3781","TEAM_YA_108",47,26,69,71,29,"4_1.mp3","music"
"3782","TEAM_YA_108",1,1,2,3,2,"7_10.mp3","music"
"3783","TEAM_YA_108",0,3,71,3,2,"11_10.mp3","music"
"3784","TEAM_YA_108",2,3,2,2,21,"4_2.mp3","music"
"3785","TEAM_YA_108",71,69,84,88,25,"10_2.mp3","music"
"3786","TEAM_YA_108",40,3,9,40,49,"8_2.mp3","music"
"3787","TEAM_YA_108",1,1,2,3,3,"7_13.mp3","music"
"3788","TEAM_YA_108",88,29,93,81,36,"6_5.mp3","music"
"3789","TEAM_YA_108",3,6,2,1,1,"2_1.mp3","music"
"3790","TEAM_YA_108",1,1,1,1,26,"11_11.mp3","music"
"3791","TEAM_YA_108",1,2,3,3,2,"3_1.mp3","music"
"3792","TEAM_YA_108",55,70,78,81,66,"12_2.mp3","music"
"3793","TEAM_YA_109",46,25,7,27,54,"4_2.mp3","music"
"3794","TEAM_YA_109",57,57,71,66,61,"10_2.mp3","music"
"3795","TEAM_YA_109",58,60,70,54,88,"12_2.mp3","music"
"3796","TEAM_YA_109",69,62,84,75,57,"10_1.mp3","music"
"3797","TEAM_YA_109",38,63,81,27,0,"11_10.mp3","music"
"3798","TEAM_YA_109",6,22,35,1,3,"5_14.mp3","music"
"3799","TEAM_YA_109",32,50,32,53,57,"11_11.mp3","music"
"3800","TEAM_YA_109",29,34,20,5,38,"2_1.mp3","music"
"3801","TEAM_YA_109",5,30,0,1,47,"3_1.mp3","music"
"3802","TEAM_YA_109",69,64,73,91,51,"4_1.mp3","music"
"3803","TEAM_YA_109",31,0,61,0,0,"11_2.mp3","music"
"3804","TEAM_YA_109",63,69,89,60,20,"8_2.mp3","music"
"3805","TEAM_YA_109",0,0,76,0,1,"7_10.mp3","music"
"3806","TEAM_YA_109",34,1,0,0,29,"7_13.mp3","music"
"3807","TEAM_YA_109",59,31,94,61,4,"6_5.mp3","music"
"3808","TEAM_YA_109",35,0,69,9,0,"6_10.mp3","music"
"3809","TEAM_YA_111",4,57,78,67,37,"11_10.mp3","music"
"3810","TEAM_YA_111",51,79,46,47,70,"11_11.mp3","music"
"3811","TEAM_YA_111",22,22,4,23,38,"7_13.mp3","music"
"3812","TEAM_YA_111",60,40,63,49,60,"6_10.mp3","music"
"3813","TEAM_YA_111",16,5,12,6,35,"7_10.mp3","music"
"3814","TEAM_YA_111",64,57,36,81,71,"10_1.mp3","music"
"3815","TEAM_YA_111",74,65,23,43,78,"2_1.mp3","music"
"3816","TEAM_YA_111",65,79,50,76,80,"8_2.mp3","music"
"3817","TEAM_YA_111",54,74,50,58,88,"12_2.mp3","music"
"3818","TEAM_YA_111",12,58,33,21,71,"5_14.mp3","music"
"3819","TEAM_YA_111",78,49,18,68,89,"10_2.mp3","music"
"3820","TEAM_YA_111",49,12,69,48,59,"6_5.mp3","music"
"3821","TEAM_YA_111",14,92,16,28,89,"4_2.mp3","music"
"3822","TEAM_YA_111",74,72,50,84,83,"4_1.mp3","music"
"3823","TEAM_YA_111",8,40,67,8,21,"11_2.mp3","music"
"3824","TEAM_YA_111",6,80,33,15,81,"3_1.mp3","music"
"3825","TEAM_YA_101",0,0,0,0,0,"11_2.mp3","music"
"3826","TEAM_YA_101",0,0,0,0,17,"7_13.mp3","music"
"3827","TEAM_YA_101",0,0,0,0,0,"11_11.mp3","music"
"3828","TEAM_YA_101",0,0,0,0,9,"3_1.mp3","music"
"3829","TEAM_YA_101",28,21,47,51,0,"12_2.mp3","music"
"3830","TEAM_YA_101",10,0,17,0,0,"4_1.mp3","music"
"3831","TEAM_YA_101",26,0,61,29,0,"6_5.mp3","music"
"3832","TEAM_YA_101",42,0,16,0,0,"4_2.mp3","music"
"3833","TEAM_YA_101",20,0,61,46,0,"8_2.mp3","music"
"3834","TEAM_YA_101",36,0,56,55,0,"10_2.mp3","music"
"3835","TEAM_YA_101",0,0,0,0,0,"11_10.mp3","music"
"3836","TEAM_YA_101",0,0,0,0,0,"5_14.mp3","music"
"3837","TEAM_YA_101",0,0,0,0,0,"7_10.mp3","music"
"3838","TEAM_YA_101",53,42,38,36,0,"10_1.mp3","music"
"3839","TEAM_YA_101",0,0,14,0,0,"6_10.mp3","music"
"3840","TEAM_YA_101",0,0,0,0,0,"2_1.mp3","music"
"3841","TEAM_YA_097",0,5,0,0,5,"5_14.mp3","music"
"3842","TEAM_YA_097",0,0,0,0,0,"7_13.mp3","music"
"3843","TEAM_YA_097",0,0,0,0,0,"11_11.mp3","music"
"3844","TEAM_YA_097",0,0,5,0,0,"6_5.mp3","music"
"3845","TEAM_YA_097",0,0,0,0,0,"7_10.mp3","music"
"3846","TEAM_YA_097",0,5,0,0,0,"10_1.mp3","music"
"3847","TEAM_YA_097",0,0,0,0,0,"4_2.mp3","music"
"3848","TEAM_YA_097",0,0,5,5,0,"12_2.mp3","music"
"3849","TEAM_YA_097",5,0,5,4,0,"11_10.mp3","music"
"3850","TEAM_YA_097",5,10,0,0,10,"3_1.mp3","music"
"3851","TEAM_YA_097",0,0,0,0,0,"4_1.mp3","music"
"3852","TEAM_YA_097",0,0,4,0,0,"6_10.mp3","music"
"3853","TEAM_YA_097",0,0,0,0,0,"10_2.mp3","music"
"3854","TEAM_YA_097",0,4,0,0,0,"11_2.mp3","music"
"3855","TEAM_YA_097",0,0,0,2,0,"8_2.mp3","music"
"3856","TEAM_YA_097",0,0,0,0,0,"2_1.mp3","music"
"3857","TEAM_YA_112",16,17,0,17,75,"7_13.mp3","music"
"3858","TEAM_YA_112",25,12,80,11,0,"6_10.mp3","music"
"3859","TEAM_YA_112",83,76,73,86,80,"8_2.mp3","music"
"3860","TEAM_YA_112",85,70,77,77,70,"4_1.mp3","music"
"3861","TEAM_YA_112",29,0,0,0,59,"4_2.mp3","music"
"3862","TEAM_YA_112",39,57,79,0,0,"11_10.mp3","music"
"3863","TEAM_YA_112",85,74,72,85,84,"10_1.mp3","music"
"3864","TEAM_YA_112",0,0,0,0,57,"11_11.mp3","music"
"3865","TEAM_YA_112",0,0,0,0,76,"3_1.mp3","music"
"3866","TEAM_YA_112",87,74,89,86,86,"10_2.mp3","music"
"3867","TEAM_YA_112",46,0,0,0,70,"2_1.mp3","music"
"3868","TEAM_YA_112",58,20,59,54,67,"12_2.mp3","music"
"3869","TEAM_YA_112",43,0,60,0,11,"11_2.mp3","music"
"3870","TEAM_YA_112",0,0,0,0,0,"7_10.mp3","music"
"3871","TEAM_YA_112",0,0,0,0,0,"5_14.mp3","music"
"3872","TEAM_YA_112",85,80,84,85,85,"6_5.mp3","music"
"3873","TEAM_YA_106",71,69,74,67,57,"6_5.mp3","music"
"3874","TEAM_YA_106",3,16,70,3,2,"7_10.mp3","music"
"3875","TEAM_YA_106",66,76,74,70,78,"4_1.mp3","music"
"3876","TEAM_YA_106",12,47,65,44,24,"6_10.mp3","music"
"3877","TEAM_YA_106",9,17,7,7,31,"5_14.mp3","music"
"3878","TEAM_YA_106",78,68,69,59,74,"8_2.mp3","music"
"3879","TEAM_YA_106",72,51,67,60,28,"10_2.mp3","music"
"3880","TEAM_YA_106",31,65,2,44,83,"7_13.mp3","music"
"3881","TEAM_YA_106",6,73,6,0,82,"2_1.mp3","music"
"3882","TEAM_YA_106",3,12,13,20,21,"11_11.mp3","music"
"3883","TEAM_YA_106",29,74,13,20,74,"4_2.mp3","music"
"3884","TEAM_YA_106",56,31,11,0,88,"3_1.mp3","music"
"3885","TEAM_YA_106",77,69,18,50,65,"10_1.mp3","music"
"3886","TEAM_YA_106",13,7,18,0,5,"11_2.mp3","music"
"3887","TEAM_YA_106",11,3,71,2,5,"11_10.mp3","music"
"3888","TEAM_YA_106",56,54,62,28,48,"12_2.mp3","music"
"3889","TEAM_YA_090",8,3,10,8,4,"10_2.mp3","music"
"3890","TEAM_YA_090",8,0,12,4,6,"6_5.mp3","music"
"3891","TEAM_YA_090",2,0,6,0,0,"11_2.mp3","music"
"3892","TEAM_YA_090",0,0,0,0,3,"3_1.mp3","music"
"3893","TEAM_YA_090",0,0,0,0,0,"7_10.mp3","music"
"3894","TEAM_YA_090",0,0,5,4,0,"11_11.mp3","music"
"3895","TEAM_YA_090",0,0,10,0,0,"6_10.mp3","music"
"3896","TEAM_YA_090",5,0,8,6,0,"4_1.mp3","music"
"3897","TEAM_YA_090",0,0,0,0,0,"4_2.mp3","music"
"3898","TEAM_YA_090",4,0,15,0,0,"11_10.mp3","music"
"3899","TEAM_YA_090",0,0,0,0,0,"5_14.mp3","music"
"3900","TEAM_YA_090",0,0,0,0,0,"7_13.mp3","music"
"3901","TEAM_YA_090",6,12,0,8,20,"2_1.mp3","music"
"3902","TEAM_YA_090",12,0,16,15,4,"8_2.mp3","music"
"3903","TEAM_YA_090",12,5,12,12,4,"10_1.mp3","music"
"3904","TEAM_YA_090",12,5,10,10,4,"12_2.mp3","music"
"3905","TEAM_YA_100",0,0,20,6,7,"6_10.mp3","music"
"3906","TEAM_YA_100",11,4,44,20,0,"6_5.mp3","music"
"3907","TEAM_YA_100",0,0,0,0,28,"5_14.mp3","music"
"3908","TEAM_YA_100",0,0,0,0,0,"11_11.mp3","music"
"3909","TEAM_YA_100",0,0,0,0,5,"2_1.mp3","music"
"3910","TEAM_YA_100",23,25,31,33,0,"10_2.mp3","music"
"3911","TEAM_YA_100",10,0,0,0,13,"12_2.mp3","music"
"3912","TEAM_YA_100",0,22,12,26,0,"4_1.mp3","music"
"3913","TEAM_YA_100",0,0,24,0,0,"8_2.mp3","music"
"3914","TEAM_YA_100",0,0,0,0,0,"7_10.mp3","music"
"3915","TEAM_YA_100",0,0,0,0,14,"3_1.mp3","music"
"3916","TEAM_YA_100",17,27,9,16,15,"10_1.mp3","music"
"3917","TEAM_YA_100",0,0,7,0,0,"11_10.mp3","music"
"3918","TEAM_YA_100",0,0,0,0,16,"7_13.mp3","music"
"3919","TEAM_YA_100",0,13,0,0,30,"4_2.mp3","music"
"3920","TEAM_YA_100",0,0,0,0,0,"11_2.mp3","music"
"3921","TEAM_YA_031",5,32,39,35,50,"11_2.mp3","music"
"3922","TEAM_YA_031",42,26,43,30,42,"10_1.mp3","music"
"3923","TEAM_YA_031",42,43,44,43,35,"10_2.mp3","music"
"3924","TEAM_YA_031",17,35,27,8,40,"7_13.mp3","music"
"3925","TEAM_YA_031",31,11,20,13,44,"4_1.mp3","music"
"3926","TEAM_YA_031",64,54,50,55,61,"11_11.mp3","music"
"3927","TEAM_YA_031",11,6,15,2,9,"7_10.mp3","music"
"3928","TEAM_YA_031",60,68,52,40,18,"6_10.mp3","music"
"3929","TEAM_YA_031",74,60,65,67,55,"6_5.mp3","music"
"3930","TEAM_YA_031",43,72,55,53,55,"12_2.mp3","music"
"3931","TEAM_YA_031",20,29,16,13,71,"2_1.mp3","music"
"3932","TEAM_YA_031",40,49,17,15,46,"4_2.mp3","music"
"3933","TEAM_YA_031",15,33,35,23,58,"5_14.mp3","music"
"3934","TEAM_YA_031",41,83,47,56,62,"8_2.mp3","music"
"3935","TEAM_YA_031",51,57,67,58,24,"11_10.mp3","music"
"3936","TEAM_YA_031",13,43,6,6,61,"3_1.mp3","music"
"3937","TEAM_YA_079",60,64,90,47,62,"6_10.mp3","music"
"3938","TEAM_YA_079",61,100,80,72,63,"11_2.mp3","music"
"3939","TEAM_YA_079",71,91,14,63,92,"8_2.mp3","music"
"3940","TEAM_YA_079",0,85,65,0,0,"11_10.mp3","music"
"3941","TEAM_YA_079",31,92,82,91,35,"10_2.mp3","music"
"3942","TEAM_YA_079",67,73,74,75,37,"2_1.mp3","music"
"3943","TEAM_YA_079",0,81,0,0,87,"4_2.mp3","music"
"3944","TEAM_YA_079",0,22,0,0,84,"11_11.mp3","music"
"3945","TEAM_YA_079",0,92,0,58,93,"5_14.mp3","music"
"3946","TEAM_YA_079",0,0,0,0,0,"7_10.mp3","music"
"3947","TEAM_YA_079",0,0,0,0,76,"10_1.mp3","music"
"3948","TEAM_YA_079",0,0,35,0,0,"4_1.mp3","music"
"3949","TEAM_YA_079",0,73,0,25,73,"12_2.mp3","music"
"3950","TEAM_YA_079",17,80,0,35,80,"6_5.mp3","music"
"3951","TEAM_YA_079",0,77,0,37,77,"3_1.mp3","music"
"3952","TEAM_YA_079",0,91,0,0,89,"7_13.mp3","music"
"3953","TEAM_YA_066",79,69,96,69,78,"6_5.mp3","music"
"3954","TEAM_YA_066",0,0,0,0,0,"12_2.mp3","music"
"3955","TEAM_YA_066",0,0,0,0,0,"7_13.mp3","music"
"3956","TEAM_YA_066",0,0,0,0,0,"5_14.mp3","music"
"3957","TEAM_YA_066",84,81,80,80,81,"6_10.mp3","music"
"3958","TEAM_YA_066",58,4,56,4,24,"7_10.mp3","music"
"3959","TEAM_YA_066",0,0,0,0,0,"10_2.mp3","music"
"3960","TEAM_YA_066",86,73,55,71,73,"11_2.mp3","music"
"3961","TEAM_YA_066",83,86,73,82,71,"10_1.mp3","music"
"3962","TEAM_YA_066",50,33,34,30,34,"4_1.mp3","music"
"3963","TEAM_YA_066",86,74,75,68,78,"11_10.mp3","music"
"3964","TEAM_YA_066",0,0,0,0,0,"11_11.mp3","music"
"3965","TEAM_YA_066",79,80,79,72,82,"8_2.mp3","music"
"3966","TEAM_YA_066",0,0,0,0,0,"4_2.mp3","music"
"3967","TEAM_YA_066",82,85,50,80,50,"2_1.mp3","music"
"3968","TEAM_YA_066",0,0,0,0,0,"3_1.mp3","music"
"3969","TEAM_YA_089",15,15,15,10,8,"8_2.mp3","music"
"3970","TEAM_YA_089",0,11,0,0,7,"7_13.mp3","music"
"3971","TEAM_YA_089",9,7,13,8,0,"10_1.mp3","music"
"3972","TEAM_YA_089",9,15,0,14,10,"12_2.mp3","music"
"3973","TEAM_YA_089",0,30,0,0,18,"11_11.mp3","music"
"3974","TEAM_YA_089",0,9,5,0,0,"4_1.mp3","music"
"3975","TEAM_YA_089",0,11,0,0,16,"2_1.mp3","music"
"3976","TEAM_YA_089",0,8,10,0,6,"5_14.mp3","music"
"3977","TEAM_YA_089",0,21,6,5,11,"4_2.mp3","music"
"3978","TEAM_YA_089",13,21,27,26,0,"10_2.mp3","music"
"3979","TEAM_YA_089",0,8,0,0,10,"3_1.mp3","music"
"3980","TEAM_YA_089",13,35,32,8,0,"11_2.mp3","music"
"3981","TEAM_YA_089",6,32,28,6,0,"11_10.mp3","music"
"3982","TEAM_YA_089",8,26,37,7,0,"6_10.mp3","music"
"3983","TEAM_YA_089",0,9,26,11,0,"7_10.mp3","music"
"3984","TEAM_YA_089",18,25,15,18,0,"6_5.mp3","music"
"3985","TEAM_YA_030",13,16,15,16,8,"6_10.mp3","music"
"3986","TEAM_YA_030",78,57,71,66,61,"8_2.mp3","music"
"3987","TEAM_YA_030",29,16,17,32,74,"5_14.mp3","music"
"3988","TEAM_YA_030",79,54,49,52,81,"12_2.mp3","music"
"3989","TEAM_YA_030",49,51,50,30,50,"6_5.mp3","music"
"3990","TEAM_YA_030",48,49,17,54,60,"4_2.mp3","music"
"3991","TEAM_YA_030",25,30,22,38,41,"4_1.mp3","music"
"3992","TEAM_YA_030",69,25,18,21,62,"7_13.mp3","music"
"3993","TEAM_YA_030",50,53,20,50,19,"2_1.mp3","music"
"3994","TEAM_YA_030",14,16,18,15,58,"3_1.mp3","music"
"3995","TEAM_YA_030",17,19,44,24,7,"11_10.mp3","music"
"3996","TEAM_YA_030",17,26,44,27,27,"11_2.mp3","music"
"3997","TEAM_YA_030",37,16,20,13,13,"11_11.mp3","music"
"3998","TEAM_YA_030",52,30,24,33,24,"10_1.mp3","music"
"3999","TEAM_YA_030",11,20,59,23,12,"7_10.mp3","music"
"4000","TEAM_YA_030",9,0,0,20,0,"10_2.mp3","music"
"4001","TEAM_YA_092",0,40,2,1,80,"7_13.mp3","music"
"4002","TEAM_YA_092",1,2,7,19,3,"4_1.mp3","music"
"4003","TEAM_YA_092",8,5,0,0,25,"2_1.mp3","music"
"4004","TEAM_YA_092",17,54,77,38,0,"6_10.mp3","music"
"4005","TEAM_YA_092",0,0,24,5,15,"5_14.mp3","music"
"4006","TEAM_YA_092",44,10,60,49,72,"8_2.mp3","music"
"4007","TEAM_YA_092",0,6,0,0,83,"3_1.mp3","music"
"4008","TEAM_YA_092",56,35,18,65,16,"12_2.mp3","music"
"4009","TEAM_YA_092",11,16,1,28,24,"11_11.mp3","music"
"4010","TEAM_YA_092",25,0,44,18,0,"10_1.mp3","music"
"4011","TEAM_YA_092",22,0,65,43,0,"10_2.mp3","music"
"4012","TEAM_YA_092",47,100,63,66,66,"6_5.mp3","music"
"4013","TEAM_YA_092",13,40,1,24,0,"4_2.mp3","music"
"4014","TEAM_YA_092",0,0,12,0,0,"11_10.mp3","music"
"4015","TEAM_YA_092",0,0,10,0,0,"7_10.mp3","music"
"4016","TEAM_YA_092",0,0,6,0,0,"11_2.mp3","music"
"4017","TEAM_YA_044",26,44,45,48,18,"11_2.mp3","music"
"4018","TEAM_YA_044",58,76,46,50,58,"6_10.mp3","music"
"4019","TEAM_YA_044",82,46,33,55,76,"2_1.mp3","music"
"4020","TEAM_YA_044",66,70,67,83,53,"10_1.mp3","music"
"4021","TEAM_YA_044",15,51,62,29,28,"5_14.mp3","music"
"4022","TEAM_YA_044",69,87,60,93,55,"11_11.mp3","music"
"4023","TEAM_YA_044",17,44,23,48,17,"12_2.mp3","music"
"4024","TEAM_YA_044",94,91,99,95,85,"4_1.mp3","music"
"4025","TEAM_YA_044",79,89,81,94,66,"11_10.mp3","music"
"4026","TEAM_YA_044",93,79,83,82,83,"8_2.mp3","music"
"4027","TEAM_YA_044",4,72,92,17,7,"7_10.mp3","music"
"4028","TEAM_YA_044",41,24,27,11,9,"7_13.mp3","music"
"4029","TEAM_YA_044",4,36,16,3,11,"4_2.mp3","music"
"4030","TEAM_YA_044",4,6,10,7,15,"3_1.mp3","music"
"4031","TEAM_YA_044",18,88,93,90,87,"6_5.mp3","music"
"4032","TEAM_YA_044",78,87,78,73,61,"10_2.mp3","music"
"4033","TEAM_YA_077",47,100,54,5,94,"10_1.mp3","music"
"4034","TEAM_YA_077",28,51,11,6,53,"3_1.mp3","music"
"4035","TEAM_YA_077",33,56,11,24,71,"2_1.mp3","music"
"4036","TEAM_YA_077",82,88,80,93,65,"6_5.mp3","music"
"4037","TEAM_YA_077",36,33,76,32,13,"11_10.mp3","music"
"4038","TEAM_YA_077",46,94,45,50,100,"12_2.mp3","music"
"4039","TEAM_YA_077",34,85,49,71,97,"10_2.mp3","music"
"4040","TEAM_YA_077",100,100,100,100,84,"11_2.mp3","music"
"4041","TEAM_YA_077",41,52,0,37,25,"8_2.mp3","music"
"4042","TEAM_YA_077",8,9,35,0,0,"6_10.mp3","music"
"4043","TEAM_YA_077",60,55,30,11,89,"4_1.mp3","music"
"4044","TEAM_YA_077",15,15,16,18,28,"5_14.mp3","music"
"4045","TEAM_YA_077",26,50,12,0,81,"7_13.mp3","music"
"4046","TEAM_YA_077",16,47,11,17,76,"4_2.mp3","music"
"4047","TEAM_YA_077",0,0,0,0,5,"11_11.mp3","music"
"4048","TEAM_YA_077",0,0,0,0,0,"7_10.mp3","music"
"4049","TEAM_YA_072",26,22,41,23,0,"11_10.mp3","music"
"4050","TEAM_YA_072",21,26,0,12,36,"12_2.mp3","music"
"4051","TEAM_YA_072",15,11,0,15,25,"2_1.mp3","music"
"4052","TEAM_YA_072",5,0,0,0,23,"3_1.mp3","music"
"4053","TEAM_YA_072",0,0,0,0,18,"5_14.mp3","music"
"4054","TEAM_YA_072",0,0,0,0,0,"7_10.mp3","music"
"4055","TEAM_YA_072",0,0,16,0,0,"11_2.mp3","music"
"4056","TEAM_YA_072",23,0,0,0,28,"10_1.mp3","music"
"4057","TEAM_YA_072",10,12,15,8,18,"4_1.mp3","music"
"4058","TEAM_YA_072",38,18,19,37,63,"8_2.mp3","music"
"4059","TEAM_YA_072",27,10,0,11,24,"4_2.mp3","music"
"4060","TEAM_YA_072",37,13,47,18,29,"10_2.mp3","music"
"4061","TEAM_YA_072",16,0,0,0,35,"7_13.mp3","music"
"4062","TEAM_YA_072",21,15,0,11,34,"6_5.mp3","music"
"4063","TEAM_YA_072",0,0,27,0,0,"6_10.mp3","music"
"4064","TEAM_YA_072",0,0,0,0,24,"11_11.mp3","music"
"4065","TEAM_YA_022",40,95,10,0,76,"4_2.mp3","music"
"4066","TEAM_YA_022",64,52,0,13,82,"7_13.mp3","music"
"4067","TEAM_YA_022",83,100,57,30,85,"12_2.mp3","music"
"4068","TEAM_YA_022",0,0,90,0,0,"7_10.mp3","music"
"4069","TEAM_YA_022",15,19,0,2,21,"5_14.mp3","music"
"4070","TEAM_YA_022",85,0,100,100,0,"6_5.mp3","music"
"4071","TEAM_YA_022",17,11,0,0,45,"2_1.mp3","music"
"4072","TEAM_YA_022",42,3,67,16,7,"8_2.mp3","music"
"4073","TEAM_YA_022",10,14,0,74,66,"10_1.mp3","music"
"4074","TEAM_YA_022",38,21,0,7,19,"11_11.mp3","music"
"4075","TEAM_YA_022",9,7,4,3,0,"6_10.mp3","music"
"4076","TEAM_YA_022",50,0,87,84,0,"10_2.mp3","music"
"4077","TEAM_YA_022",0,0,34,0,0,"11_10.mp3","music"
"4078","TEAM_YA_022",14,0,61,20,0,"4_1.mp3","music"
"4079","TEAM_YA_022",0,0,20,0,0,"11_2.mp3","music"
"4080","TEAM_YA_022",2,13,0,0,10,"3_1.mp3","music"
"4081","TEAM_YA_074",0,5,6,3,5,"5_14.mp3","music"
"4082","TEAM_YA_074",69,4,66,4,1,"10_2.mp3","music"
"4083","TEAM_YA_074",52,3,72,60,0,"4_1.mp3","music"
"4084","TEAM_YA_074",0,1,2,3,2,"7_13.mp3","music"
"4085","TEAM_YA_074",37,0,0,0,58,"2_1.mp3","music"
"4086","TEAM_YA_074",55,0,56,56,0,"6_10.mp3","music"
"4087","TEAM_YA_074",63,0,62,62,0,"6_5.mp3","music"
"4088","TEAM_YA_074",0,21,89,0,0,"11_10.mp3","music"
"4089","TEAM_YA_074",2,53,0,17,0,"11_2.mp3","music"
"4090","TEAM_YA_074",0,0,2,0,0,"7_10.mp3","music"
"4091","TEAM_YA_074",0,0,0,37,0,"12_2.mp3","music"
"4092","TEAM_YA_074",74,0,0,68,43,"11_11.mp3","music"
"4093","TEAM_YA_074",29,21,0,27,0,"10_1.mp3","music"
"4094","TEAM_YA_074",0,0,0,0,13,"4_2.mp3","music"
"4095","TEAM_YA_074",0,0,1,59,0,"8_2.mp3","music"
"4096","TEAM_YA_074",0,0,0,0,22,"3_1.mp3","music"
"4097","TEAM_YA_067",6,22,26,4,36,"11_2.mp3","music"
"4098","TEAM_YA_067",32,46,16,46,34,"4_1.mp3","music"
"4099","TEAM_YA_067",35,60,19,59,62,"10_1.mp3","music"
"4100","TEAM_YA_067",0,5,15,0,22,"7_10.mp3","music"
"4101","TEAM_YA_067",14,45,48,24,25,"11_10.mp3","music"
"4102","TEAM_YA_067",42,60,32,60,78,"8_2.mp3","music"
"4103","TEAM_YA_067",20,50,27,0,79,"4_2.mp3","music"
"4104","TEAM_YA_067",47,52,39,26,70,"2_1.mp3","music"
"4105","TEAM_YA_067",40,55,1,19,85,"7_13.mp3","music"
"4106","TEAM_YA_067",16,24,25,10,39,"5_14.mp3","music"
"4107","TEAM_YA_067",17,30,23,8,24,"6_10.mp3","music"
"4108","TEAM_YA_067",32,77,28,14,94,"3_1.mp3","music"
"4109","TEAM_YA_067",28,69,33,55,66,"12_2.mp3","music"
"4110","TEAM_YA_067",36,68,16,12,81,"11_11.mp3","music"
"4111","TEAM_YA_067",32,39,59,27,39,"6_5.mp3","music"
"4112","TEAM_YA_067",17,45,39,27,35,"10_2.mp3","music"
"4113","TEAM_YA_071",9,38,23,23,50,"11_11.mp3","music"
"4114","TEAM_YA_071",33,45,40,58,44,"10_1.mp3","music"
"4115","TEAM_YA_071",18,51,24,55,72,"5_14.mp3","music"
"4116","TEAM_YA_071",49,52,35,63,82,"12_2.mp3","music"
"4117","TEAM_YA_071",1,61,65,44,45,"11_2.mp3","music"
"4118","TEAM_YA_071",11,17,43,9,4,"7_10.mp3","music"
"4119","TEAM_YA_071",32,50,17,8,37,"2_1.mp3","music"
"4120","TEAM_YA_071",51,68,71,67,66,"8_2.mp3","music"
"4121","TEAM_YA_071",0,31,33,4,12,"6_10.mp3","music"
"4122","TEAM_YA_071",23,49,8,19,60,"7_13.mp3","music"
"4123","TEAM_YA_071",44,43,63,52,11,"10_2.mp3","music"
"4124","TEAM_YA_071",32,37,40,39,33,"4_1.mp3","music"
"4125","TEAM_YA_071",14,48,22,25,20,"6_5.mp3","music"
"4126","TEAM_YA_071",28,51,55,4,65,"4_2.mp3","music"
"4127","TEAM_YA_071",17,11,5,8,42,"3_1.mp3","music"
"4128","TEAM_YA_071",57,54,83,39,37,"11_10.mp3","music"
"4129","TEAM_YA_013",37,70,76,43,3,"4_2.mp3","music"
"4130","TEAM_YA_013",69,30,92,67,0,"10_2.mp3","music"
"4131","TEAM_YA_013",18,0,0,0,17,"11_11.mp3","music"
"4132","TEAM_YA_013",19,51,11,0,100,"3_1.mp3","music"
"4133","TEAM_YA_013",0,0,0,0,0,"7_10.mp3","music"
"4134","TEAM_YA_013",0,0,7,1,0,"11_2.mp3","music"
"4135","TEAM_YA_013",50,0,41,37,0,"4_1.mp3","music"
"4136","TEAM_YA_013",68,1,44,33,5,"6_5.mp3","music"
"4137","TEAM_YA_013",1,84,26,23,12,"6_10.mp3","music"
"4138","TEAM_YA_013",47,0,35,27,0,"10_1.mp3","music"
"4139","TEAM_YA_013",22,54,83,22,16,"11_10.mp3","music"
"4140","TEAM_YA_013",28,21,18,22,20,"2_1.mp3","music"
"4141","TEAM_YA_013",46,3,21,0,34,"12_2.mp3","music"
"4142","TEAM_YA_013",29,76,0,2,27,"7_13.mp3","music"
"4143","TEAM_YA_013",11,29,55,7,18,"5_14.mp3","music"
"4144","TEAM_YA_013",55,7,30,29,4,"8_2.mp3","music"
"4145","35335",6,0,27,0,8,"6_5.mp3","music"
"4146","35335",33,31,30,8,28,"4_2.mp3","music"
"4147","35335",7,7,4,7,9,"2_1.mp3","music"
"4148","35335",4,7,9,7,8,"11_2.mp3","music"
"4149","35335",5,4,6,3,5,"7_10.mp3","music"
"4150","35335",19,12,12,15,10,"11_11.mp3","music"
"4151","35335",49,5,2,5,47,"12_2.mp3","music"
"4152","35335",30,48,5,48,54,"3_1.mp3","music"
"4153","35335",8,11,56,11,7,"6_10.mp3","music"
"4154","35335",4,0,3,2,1,"8_2.mp3","music"
"4155","35335",3,4,3,2,2,"7_13.mp3","music"
"4156","35335",3,4,3,3,7,"10_2.mp3","music"
"4157","35335",3,2,3,51,4,"10_1.mp3","music"
"4158","35335",3,5,5,6,7,"4_1.mp3","music"
"4159","35335",3,3,4,1,4,"5_14.mp3","music"
"4160","35335",0,6,7,3,3,"11_10.mp3","music"
"4161","36118",75,71,75,66,40,"12_2.mp3","music"
"4162","36118",0,0,25,0,0,"11_2.mp3","music"
"4163","36118",73,70,82,74,38,"6_5.mp3","music"
"4164","36118",1,26,69,18,24,"11_10.mp3","music"
"4165","36118",59,26,74,0,21,"10_2.mp3","music"
"4166","36118",63,64,0,26,82,"7_13.mp3","music"
"4167","36118",61,21,71,23,30,"4_1.mp3","music"
"4168","36118",99,55,99,74,59,"8_2.mp3","music"
"4169","36118",0,17,25,1,0,"6_10.mp3","music"
"4170","36118",0,67,19,0,29,"11_11.mp3","music"
"4171","36118",1,0,1,0,3,"7_10.mp3","music"
"4172","36118",0,0,1,0,0,"5_14.mp3","music"
"4173","36118",0,31,1,1,88,"2_1.mp3","music"
"4174","36118",99,84,77,82,25,"10_1.mp3","music"
"4175","36118",36,0,1,24,0,"4_2.mp3","music"
"4176","36118",0,99,0,2,98,"3_1.mp3","music"
"4177","35464",20,53,0,28,76,"2_1.mp3","music"
"4178","35464",72,67,69,71,24,"10_2.mp3","music"
"4179","35464",56,88,17,68,92,"4_1.mp3","music"
"4180","35464",80,66,92,22,95,"10_1.mp3","music"
"4181","35464",52,78,77,0,5,"7_10.mp3","music"
"4182","35464",25,0,60,0,57,"11_2.mp3","music"
"4183","35464",84,83,25,87,81,"12_2.mp3","music"
"4184","35464",67,58,80,0,28,"6_10.mp3","music"
"4185","35464",9,55,87,0,0,"11_10.mp3","music"
"4186","35464",15,65,0,0,0,"5_14.mp3","music"
"4187","35464",81,25,88,77,7,"6_5.mp3","music"
"4188","35464",0,13,0,0,0,"3_1.mp3","music"
"4189","35464",11,22,0,0,16,"11_11.mp3","music"
"4190","35464",81,87,74,13,15,"8_2.mp3","music"
"4191","35464",13,28,0,0,26,"4_2.mp3","music"
"4192","35464",0,33,0,0,35,"7_13.mp3","music"
"4193","35581",91,79,70,81,49,"8_2.mp3","music"
"4194","35581",45,19,19,21,31,"12_2.mp3","music"
"4195","35581",30,49,42,61,2,"6_5.mp3","music"
"4196","35581",12,1,0,0,32,"2_1.mp3","music"
"4197","35581",9,80,2,2,72,"3_1.mp3","music"
"4198","35581",48,1,61,4,8,"11_2.mp3","music"
"4199","35581",27,4,62,0,6,"11_10.mp3","music"
"4200","35581",1,27,13,7,31,"10_1.mp3","music"
"4201","35581",12,72,59,8,61,"10_2.mp3","music"
"4202","35581",15,12,1,2,69,"5_14.mp3","music"
"4203","35581",2,1,2,4,73,"4_1.mp3","music"
"4204","35581",4,1,7,4,71,"11_11.mp3","music"
"4205","35581",1,12,1,1,51,"7_13.mp3","music"
"4206","35581",2,2,2,0,45,"4_2.mp3","music"
"4207","35581",49,4,48,3,10,"6_10.mp3","music"
"4208","35581",43,6,49,36,3,"7_10.mp3","music"
"4209","35692",10,10,10,5,10,"3_1.mp3","music"
"4210","35692",75,65,80,75,50,"10_1.mp3","music"
"4211","35692",0,0,30,0,0,"11_10.mp3","music"
"4212","35692",30,10,30,45,15,"4_1.mp3","music"
"4213","35692",40,85,20,60,50,"2_1.mp3","music"
"4214","35692",0,0,100,10,0,"11_2.mp3","music"
"4215","35692",45,30,100,70,0,"6_5.mp3","music"
"4216","35692",0,75,20,25,100,"7_13.mp3","music"
"4217","35692",50,10,100,50,0,"10_2.mp3","music"
"4218","35692",0,80,0,0,80,"4_2.mp3","music"
"4219","35692",0,0,20,0,0,"5_14.mp3","music"
"4220","35692",5,20,80,70,0,"6_10.mp3","music"
"4221","35692",0,0,50,0,30,"8_2.mp3","music"
"4222","35692",40,30,45,85,90,"12_2.mp3","music"
"4223","35692",50,50,15,50,30,"11_11.mp3","music"
"4224","35692",35,20,100,0,0,"7_10.mp3","music"
"4225","35503",20,5,1,20,3,"10_2.mp3","music"
"4226","35503",0,0,10,0,0,"11_10.mp3","music"
"4227","35503",0,0,2,2,0,"6_10.mp3","music"
"4228","35503",0,0,0,0,0,"5_14.mp3","music"
"4229","35503",0,2,0,0,4,"4_2.mp3","music"
"4230","35503",7,16,0,1,34,"12_2.mp3","music"
"4231","35503",0,13,1,0,37,"10_1.mp3","music"
"4232","35503",0,0,0,1,46,"3_1.mp3","music"
"4233","35503",12,9,21,13,8,"8_2.mp3","music"
"4234","35503",12,5,29,16,4,"6_5.mp3","music"
"4235","35503",0,0,0,0,0,"7_10.mp3","music"
"4236","35503",0,0,0,0,24,"2_1.mp3","music"
"4237","35503",0,2,0,0,33,"11_11.mp3","music"
"4238","35503",0,9,0,0,55,"7_13.mp3","music"
"4239","35503",15,6,21,5,46,"4_1.mp3","music"
"4240","35503",0,0,2,0,3,"11_2.mp3","music"
"4241","35725",30,30,10,20,70,"2_1.mp3","music"
"4242","35725",10,40,0,5,65,"7_13.mp3","music"
"4243","35725",5,5,20,5,0,"6_10.mp3","music"
"4244","35725",30,35,75,50,20,"8_2.mp3","music"
"4245","35725",25,10,50,30,0,"6_5.mp3","music"
"4246","35725",10,25,0,0,65,"3_1.mp3","music"
"4247","35725",0,15,10,0,0,"11_2.mp3","music"
"4248","35725",20,45,0,0,80,"4_2.mp3","music"
"4249","35725",50,60,70,40,35,"4_1.mp3","music"
"4250","35725",25,65,15,10,40,"10_1.mp3","music"
"4251","35725",20,65,20,0,30,"11_11.mp3","music"
"4252","35725",0,20,15,0,0,"7_10.mp3","music"
"4253","35725",10,50,70,0,0,"11_10.mp3","music"
"4254","35725",40,80,20,15,60,"12_2.mp3","music"
"4255","35725",0,40,0,0,30,"5_14.mp3","music"
"4256","35725",60,35,75,60,5,"10_2.mp3","music"
"4257","35593",14,24,72,37,42,"10_2.mp3","music"
"4258","35593",19,41,22,45,27,"4_1.mp3","music"
"4259","35593",26,8,0,34,0,"10_1.mp3","music"
"4260","35593",0,1,0,1,0,"7_10.mp3","music"
"4261","35593",8,1,0,10,20,"5_14.mp3","music"
"4262","35593",34,7,72,50,8,"8_2.mp3","music"
"4263","35593",14,1,16,3,32,"2_1.mp3","music"
"4264","35593",1,0,0,0,0,"11_2.mp3","music"
"4265","35593",0,23,0,0,59,"7_13.mp3","music"
"4266","35593",23,64,2,6,44,"3_1.mp3","music"
"4267","35593",13,26,0,0,69,"11_11.mp3","music"
"4268","35593",32,27,89,60,9,"6_5.mp3","music"
"4269","35593",0,6,48,15,5,"6_10.mp3","music"
"4270","35593",15,25,2,0,72,"4_2.mp3","music"
"4271","35593",0,0,32,0,0,"11_10.mp3","music"
"4272","35593",25,47,0,23,8,"12_2.mp3","music"
"4273","35518",70,67,89,89,47,"6_10.mp3","music"
"4274","35518",25,19,9,7,38,"7_13.mp3","music"
"4275","35518",70,73,80,73,68,"10_2.mp3","music"
"4276","35518",16,13,5,1,23,"4_2.mp3","music"
"4277","35518",1,0,1,1,1,"3_1.mp3","music"
"4278","35518",20,1,0,1,14,"11_11.mp3","music"
"4279","35518",54,73,28,36,77,"12_2.mp3","music"
"4280","35518",78,79,65,59,76,"4_1.mp3","music"
"4281","35518",64,47,68,46,59,"10_1.mp3","music"
"4282","35518",31,19,0,2,12,"2_1.mp3","music"
"4283","35518",64,74,94,95,60,"6_5.mp3","music"
"4284","35518",37,54,98,69,23,"11_10.mp3","music"
"4285","35518",19,15,1,1,0,"11_2.mp3","music"
"4286","35518",37,2,5,1,57,"5_14.mp3","music"
"4287","35518",38,46,58,45,23,"8_2.mp3","music"
"4288","35518",2,0,6,0,1,"7_10.mp3","music"
"4289","35560",77,65,52,54,76,"12_2.mp3","music"
"4290","35560",6,27,12,1,59,"11_11.mp3","music"
"4291","35560",25,2,51,35,1,"6_10.mp3","music"
"4292","35560",12,1,5,1,36,"5_14.mp3","music"
"4293","35560",19,84,0,1,99,"7_13.mp3","music"
"4294","35560",22,79,23,17,89,"4_2.mp3","music"
"4295","35560",0,1,71,37,24,"11_2.mp3","music"
"4296","35560",43,61,92,82,19,"10_2.mp3","music"
"4297","35560",0,31,1,0,33,"3_1.mp3","music"
"4298","35560",61,81,96,48,51,"8_2.mp3","music"
"4299","35560",15,52,81,51,36,"4_1.mp3","music"
"4300","35560",1,0,2,0,1,"7_10.mp3","music"
"4301","35560",37,93,27,57,63,"10_1.mp3","music"
"4302","35560",24,81,1,15,86,"2_1.mp3","music"
"4303","35560",25,34,96,37,15,"6_5.mp3","music"
"4304","35560",0,1,74,37,0,"11_10.mp3","music"
"4305","35467",59,51,63,68,8,"12_2.mp3","music"
"4306","35467",48,15,50,40,0,"8_2.mp3","music"
"4307","35467",7,2,2,1,27,"4_1.mp3","music"
"4308","35467",8,2,36,2,0,"5_14.mp3","music"
"4309","35467",12,2,1,1,1,"2_1.mp3","music"
"4310","35467",0,0,2,2,3,"7_10.mp3","music"
"4311","35467",26,1,42,1,1,"6_10.mp3","music"
"4312","35467",60,47,64,47,0,"6_5.mp3","music"
"4313","35467",2,0,1,5,2,"11_2.mp3","music"
"4314","35467",2,2,11,5,11,"11_10.mp3","music"
"4315","35467",73,51,74,51,2,"10_2.mp3","music"
"4316","35467",16,1,2,2,25,"4_2.mp3","music"
"4317","35467",12,0,18,1,3,"10_1.mp3","music"
"4318","35467",49,2,25,3,11,"11_11.mp3","music"
"4319","35467",58,74,3,67,37,"7_13.mp3","music"
"4320","35467",2,1,1,3,26,"3_1.mp3","music"
"4321","35839",0,54,53,79,23,"8_2.mp3","music"
"4322","35839",0,19,42,7,7,"6_10.mp3","music"
"4323","35839",0,8,0,43,27,"11_11.mp3","music"
"4324","35839",17,0,35,1,0,"6_5.mp3","music"
"4325","35839",23,26,35,14,11,"10_2.mp3","music"
"4326","35839",0,0,24,0,0,"7_10.mp3","music"
"4327","35839",0,68,0,0,47,"4_2.mp3","music"
"4328","35839",0,0,0,0,16,"7_13.mp3","music"
"4329","35839",39,14,45,23,33,"10_1.mp3","music"
"4330","35839",0,51,72,0,0,"11_10.mp3","music"
"4331","35839",9,31,0,62,33,"5_14.mp3","music"
"4332","35839",0,9,0,9,7,"3_1.mp3","music"
"4333","35839",11,30,6,37,25,"12_2.mp3","music"
"4334","35839",0,32,31,48,0,"11_2.mp3","music"
"4335","35839",31,24,45,50,28,"4_1.mp3","music"
"4336","35839",0,26,0,57,66,"2_1.mp3","music"
"4337","36154",0,26,12,8,21,"5_14.mp3","music"
"4338","36154",18,22,60,61,0,"6_5.mp3","music"
"4339","36154",16,4,7,7,25,"2_1.mp3","music"
"4340","36154",0,0,5,5,0,"3_1.mp3","music"
"4341","36154",52,62,12,31,3,"10_1.mp3","music"
"4342","36154",10,4,8,9,28,"7_13.mp3","music"
"4343","36154",73,6,66,33,17,"8_2.mp3","music"
"4344","36154",69,83,25,51,5,"12_2.mp3","music"
"4345","36154",7,0,10,0,0,"7_10.mp3","music"
"4346","36154",0,0,0,5,9,"11_11.mp3","music"
"4347","36154",21,16,63,67,0,"11_2.mp3","music"
"4348","36154",63,0,52,49,0,"10_2.mp3","music"
"4349","36154",10,0,67,25,0,"11_10.mp3","music"
"4350","36154",10,9,7,0,0,"6_10.mp3","music"
"4351","36154",21,10,5,10,0,"4_1.mp3","music"
"4352","36154",20,38,0,10,62,"4_2.mp3","music"
"4353","35584",44,38,49,50,28,"6_5.mp3","music"
"4354","35584",50,47,43,61,79,"4_1.mp3","music"
"4355","35584",22,29,14,11,27,"5_14.mp3","music"
"4356","35584",16,17,28,10,13,"11_2.mp3","music"
"4357","35584",51,44,10,52,75,"12_2.mp3","music"
"4358","35584",71,63,66,76,29,"10_2.mp3","music"
"4359","35584",4,14,5,4,19,"7_13.mp3","music"
"4360","35584",5,8,40,4,5,"6_10.mp3","music"
"4361","35584",1,2,35,2,7,"11_10.mp3","music"
"4362","35584",2,0,22,0,6,"7_10.mp3","music"
"4363","35584",53,67,30,60,71,"10_1.mp3","music"
"4364","35584",6,10,17,0,41,"4_2.mp3","music"
"4365","35584",19,20,24,0,37,"2_1.mp3","music"
"4366","35584",7,5,9,0,17,"3_1.mp3","music"
"4367","35584",89,38,64,40,40,"8_2.mp3","music"
"4368","35584",16,41,17,25,50,"11_11.mp3","music"
"4369","36031",0,0,30,0,0,"7_10.mp3","music"
"4370","36031",100,100,71,100,100,"12_2.mp3","music"
"4371","36031",10,20,0,0,30,"3_1.mp3","music"
"4372","36031",0,10,0,0,0,"5_14.mp3","music"
"4373","36031",100,69,100,100,50,"6_5.mp3","music"
"4374","36031",100,100,100,100,0,"10_2.mp3","music"
"4375","36031",100,100,100,100,100,"10_1.mp3","music"
"4376","36031",0,0,0,0,0,"11_2.mp3","music"
"4377","36031",20,20,0,30,10,"4_1.mp3","music"
"4378","36031",0,0,0,0,0,"11_10.mp3","music"
"4379","36031",0,0,0,0,0,"11_11.mp3","music"
"4380","36031",0,0,0,0,0,"7_13.mp3","music"
"4381","36031",70,70,70,70,0,"8_2.mp3","music"
"4382","36031",0,0,0,0,0,"6_10.mp3","music"
"4383","36031",0,20,0,0,0,"4_2.mp3","music"
"4384","36031",0,28,0,0,0,"2_1.mp3","music"
