"","Participant.Public.ID","happy","satisfied","excited","joyful","relaxed","stim","condition"
"1","682c3f62f2680e9a67130379",21,60,11,10,20,"Ferret 1.jpg","pic"
"2","682c3f62f2680e9a67130379",73,42,44,48,38,"Dirt 1.jpg","pic"
"3","682c3f62f2680e9a67130379",8,12,19,8,11,"Fire 10.jpg","pic"
"4","682c3f62f2680e9a67130379",92,94,100,100,100,"Clean 1.jpg","pic"
"5","682c3f62f2680e9a67130379",85,100,93,100,100,"Snow 1.jpg","pic"
"6","682c3f62f2680e9a67130379",9,38,15,11,21,"Flood 1.jpg","pic"
"7","682c3f62f2680e9a67130379",66,46,51,61,47,"Prison 2.jpg","pic"
"8","682c3f62f2680e9a67130379",83,100,94,100,96,"Heart 3.jpg","pic"
"9","682c3f62f2680e9a67130379",75,69,86,89,69,"Rocks 1.jpg","pic"
"10","682c3f62f2680e9a67130379",99,100,100,100,100,"Rainbow 2.jpg","pic"
"11","682c3f62f2680e9a67130379",95,98,100,98,100,"Fireworks 6.jpg","pic"
"12","682c3f62f2680e9a67130379",100,100,89,100,89,"Destruction 2.jpg","pic"
"13","682c3f62f2680e9a67130379",26,25,22,14,27,"Garbage dump 1.jpg","pic"
"14","682c3f62f2680e9a67130379",98,100,100,100,100,"Lake 12.jpg","pic"
"15","682c3f62f2680e9a67130379",5,0,0,0,3,"Toilet 4.jpg","pic"
"16","682c3f62f2680e9a67130379",97,98,98,92,97,"Beach 1.jpg","pic"
"17","62a889993e01c9e01ee7066e",60,55,15,15,70,"Beach 1.jpg","pic"
"18","62a889993e01c9e01ee7066e",0,10,0,0,10,"Snow 1.jpg","pic"
"19","62a889993e01c9e01ee7066e",0,15,0,0,20,"Dirt 1.jpg","pic"
"20","62a889993e01c9e01ee7066e",80,90,20,20,80,"Lake 12.jpg","pic"
"21","62a889993e01c9e01ee7066e",0,0,0,0,0,"Destruction 2.jpg","pic"
"22","62a889993e01c9e01ee7066e",0,0,0,0,0,"Fire 10.jpg","pic"
"23","62a889993e01c9e01ee7066e",25,50,0,35,65,"Rainbow 2.jpg","pic"
"24","62a889993e01c9e01ee7066e",15,5,0,0,15,"Clean 1.jpg","pic"
"25","62a889993e01c9e01ee7066e",45,50,25,40,20,"Fireworks 6.jpg","pic"
"26","62a889993e01c9e01ee7066e",10,20,0,0,0,"Rocks 1.jpg","pic"
"27","62a889993e01c9e01ee7066e",0,0,0,0,0,"Flood 1.jpg","pic"
"28","62a889993e01c9e01ee7066e",0,0,0,0,0,"Ferret 1.jpg","pic"
"29","62a889993e01c9e01ee7066e",15,20,0,5,20,"Prison 2.jpg","pic"
"30","62a889993e01c9e01ee7066e",0,0,0,0,0,"Toilet 4.jpg","pic"
"31","62a889993e01c9e01ee7066e",0,0,0,0,0,"Garbage dump 1.jpg","pic"
"32","62a889993e01c9e01ee7066e",30,65,0,20,50,"Heart 3.jpg","pic"
"33","66f9a40196d53f05f2232cff",30,30,30,30,40,"Heart 3.jpg","pic"
"34","66f9a40196d53f05f2232cff",0,0,0,0,10,"Flood 1.jpg","pic"
"35","66f9a40196d53f05f2232cff",0,0,0,3,0,"Prison 2.jpg","pic"
"36","66f9a40196d53f05f2232cff",0,0,0,0,0,"Toilet 4.jpg","pic"
"37","66f9a40196d53f05f2232cff",90,90,85,90,95,"Beach 1.jpg","pic"
"38","66f9a40196d53f05f2232cff",0,0,0,0,0,"Ferret 1.jpg","pic"
"39","66f9a40196d53f05f2232cff",80,65,70,80,60,"Rainbow 2.jpg","pic"
"40","66f9a40196d53f05f2232cff",80,60,80,85,85,"Lake 12.jpg","pic"
"41","66f9a40196d53f05f2232cff",10,10,0,10,10,"Snow 1.jpg","pic"
"42","66f9a40196d53f05f2232cff",0,0,0,0,0,"Destruction 2.jpg","pic"
"43","66f9a40196d53f05f2232cff",60,64,50,60,70,"Rocks 1.jpg","pic"
"44","66f9a40196d53f05f2232cff",50,80,50,35,80,"Clean 1.jpg","pic"
"45","66f9a40196d53f05f2232cff",0,0,0,0,0,"Dirt 1.jpg","pic"
"46","66f9a40196d53f05f2232cff",0,30,0,0,30,"Garbage dump 1.jpg","pic"
"47","66f9a40196d53f05f2232cff",0,0,0,0,0,"Fire 10.jpg","pic"
"48","66f9a40196d53f05f2232cff",60,60,75,60,30,"Fireworks 6.jpg","pic"
"49","62d43cee3d60ac98c1dcacc8",100,100,100,100,100,"Beach 1.jpg","pic"
"50","62d43cee3d60ac98c1dcacc8",0,0,0,0,0,"Destruction 2.jpg","pic"
"51","62d43cee3d60ac98c1dcacc8",80,75,70,80,85,"Clean 1.jpg","pic"
"52","62d43cee3d60ac98c1dcacc8",60,55,55,60,65,"Lake 12.jpg","pic"
"53","62d43cee3d60ac98c1dcacc8",100,100,80,100,100,"Heart 3.jpg","pic"
"54","62d43cee3d60ac98c1dcacc8",100,100,100,100,100,"Rainbow 2.jpg","pic"
"55","62d43cee3d60ac98c1dcacc8",0,0,0,0,0,"Dirt 1.jpg","pic"
"56","62d43cee3d60ac98c1dcacc8",80,80,70,75,75,"Rocks 1.jpg","pic"
"57","62d43cee3d60ac98c1dcacc8",0,0,0,0,0,"Toilet 4.jpg","pic"
"58","62d43cee3d60ac98c1dcacc8",0,0,0,0,0,"Ferret 1.jpg","pic"
"59","62d43cee3d60ac98c1dcacc8",0,0,0,0,0,"Garbage dump 1.jpg","pic"
"60","62d43cee3d60ac98c1dcacc8",0,0,0,0,0,"Prison 2.jpg","pic"
"61","62d43cee3d60ac98c1dcacc8",80,75,75,80,70,"Fireworks 6.jpg","pic"
"62","62d43cee3d60ac98c1dcacc8",0,0,0,0,0,"Snow 1.jpg","pic"
"63","62d43cee3d60ac98c1dcacc8",0,0,0,0,0,"Fire 10.jpg","pic"
"64","62d43cee3d60ac98c1dcacc8",0,0,0,0,0,"Flood 1.jpg","pic"
"65","597761dfd5ddf60001d14b20",46,29,0,1,100,"Rocks 1.jpg","pic"
"66","597761dfd5ddf60001d14b20",1,0,0,0,0,"Flood 1.jpg","pic"
"67","597761dfd5ddf60001d14b20",100,100,100,100,15,"Fireworks 6.jpg","pic"
"68","597761dfd5ddf60001d14b20",0,0,0,0,0,"Destruction 2.jpg","pic"
"69","597761dfd5ddf60001d14b20",0,0,0,0,0,"Prison 2.jpg","pic"
"70","597761dfd5ddf60001d14b20",0,0,0,0,100,"Clean 1.jpg","pic"
"71","597761dfd5ddf60001d14b20",0,0,25,0,0,"Snow 1.jpg","pic"
"72","597761dfd5ddf60001d14b20",100,100,100,100,100,"Rainbow 2.jpg","pic"
"73","597761dfd5ddf60001d14b20",100,100,90,100,100,"Beach 1.jpg","pic"
"74","597761dfd5ddf60001d14b20",0,0,0,0,65,"Dirt 1.jpg","pic"
"75","597761dfd5ddf60001d14b20",0,0,0,0,0,"Fire 10.jpg","pic"
"76","597761dfd5ddf60001d14b20",0,0,0,0,80,"Garbage dump 1.jpg","pic"
"77","597761dfd5ddf60001d14b20",50,65,0,0,70,"Heart 3.jpg","pic"
"78","597761dfd5ddf60001d14b20",0,0,0,0,0,"Ferret 1.jpg","pic"
"79","597761dfd5ddf60001d14b20",75,75,0,0,60,"Toilet 4.jpg","pic"
"80","597761dfd5ddf60001d14b20",100,100,50,100,100,"Lake 12.jpg","pic"
"81","60dfa0f80964725cfdab1685",79,77,23,80,100,"Rainbow 2.jpg","pic"
"82","60dfa0f80964725cfdab1685",0,0,0,0,0,"Fire 10.jpg","pic"
"83","60dfa0f80964725cfdab1685",0,0,0,0,0,"Destruction 2.jpg","pic"
"84","60dfa0f80964725cfdab1685",0,0,0,0,0,"Ferret 1.jpg","pic"
"85","60dfa0f80964725cfdab1685",100,100,0,70,100,"Rocks 1.jpg","pic"
"86","60dfa0f80964725cfdab1685",0,0,0,0,0,"Snow 1.jpg","pic"
"87","60dfa0f80964725cfdab1685",0,0,0,0,0,"Prison 2.jpg","pic"
"88","60dfa0f80964725cfdab1685",0,0,0,0,0,"Toilet 4.jpg","pic"
"89","60dfa0f80964725cfdab1685",60,100,0,54,100,"Clean 1.jpg","pic"
"90","60dfa0f80964725cfdab1685",100,55,55,100,0,"Fireworks 6.jpg","pic"
"91","60dfa0f80964725cfdab1685",100,100,0,100,100,"Lake 12.jpg","pic"
"92","60dfa0f80964725cfdab1685",100,100,0,100,100,"Beach 1.jpg","pic"
"93","60dfa0f80964725cfdab1685",0,0,0,0,0,"Dirt 1.jpg","pic"
"94","60dfa0f80964725cfdab1685",0,0,0,0,0,"Garbage dump 1.jpg","pic"
"95","60dfa0f80964725cfdab1685",0,0,0,0,0,"Flood 1.jpg","pic"
"96","60dfa0f80964725cfdab1685",0,0,0,0,54,"Heart 3.jpg","pic"
"97","5c37aa8b832a8400010983b3",9,40,0,5,47,"Garbage dump 1.jpg","pic"
"98","5c37aa8b832a8400010983b3",80,50,10,31,75,"Beach 1.jpg","pic"
"99","5c37aa8b832a8400010983b3",0,0,0,0,6,"Prison 2.jpg","pic"
"100","5c37aa8b832a8400010983b3",18,43,16,17,20,"Snow 1.jpg","pic"
"101","5c37aa8b832a8400010983b3",83,84,48,57,74,"Lake 12.jpg","pic"
"102","5c37aa8b832a8400010983b3",26,34,10,22,24,"Rocks 1.jpg","pic"
"103","5c37aa8b832a8400010983b3",25,15,35,20,10,"Fireworks 6.jpg","pic"
"104","5c37aa8b832a8400010983b3",6,0,6,4,5,"Fire 10.jpg","pic"
"105","5c37aa8b832a8400010983b3",74,65,0,55,25,"Heart 3.jpg","pic"
"106","5c37aa8b832a8400010983b3",0,0,20,0,0,"Toilet 4.jpg","pic"
"107","5c37aa8b832a8400010983b3",40,0,25,0,0,"Ferret 1.jpg","pic"
"108","5c37aa8b832a8400010983b3",0,0,0,0,5,"Destruction 2.jpg","pic"
"109","5c37aa8b832a8400010983b3",0,0,10,0,0,"Flood 1.jpg","pic"
"110","5c37aa8b832a8400010983b3",80,85,20,50,42,"Rainbow 2.jpg","pic"
"111","5c37aa8b832a8400010983b3",15,50,30,20,46,"Clean 1.jpg","pic"
"112","5c37aa8b832a8400010983b3",0,0,25,0,0,"Dirt 1.jpg","pic"
"113","60abe580aa82f25a7acc9800",0,0,0,0,0,"Dirt 1.jpg","pic"
"114","60abe580aa82f25a7acc9800",0,0,18,0,0,"Ferret 1.jpg","pic"
"115","60abe580aa82f25a7acc9800",13,36,0,0,64,"Snow 1.jpg","pic"
"116","60abe580aa82f25a7acc9800",13,0,0,0,0,"Beach 1.jpg","pic"
"117","60abe580aa82f25a7acc9800",0,11,0,0,14,"Rocks 1.jpg","pic"
"118","60abe580aa82f25a7acc9800",0,0,0,0,0,"Heart 3.jpg","pic"
"119","60abe580aa82f25a7acc9800",0,0,0,0,40,"Clean 1.jpg","pic"
"120","60abe580aa82f25a7acc9800",0,0,0,0,0,"Flood 1.jpg","pic"
"121","60abe580aa82f25a7acc9800",0,0,0,0,0,"Fire 10.jpg","pic"
"122","60abe580aa82f25a7acc9800",0,0,0,0,0,"Destruction 2.jpg","pic"
"123","60abe580aa82f25a7acc9800",0,0,0,0,0,"Toilet 4.jpg","pic"
"124","60abe580aa82f25a7acc9800",16,53,0,0,85,"Rainbow 2.jpg","pic"
"125","60abe580aa82f25a7acc9800",0,0,0,0,0,"Prison 2.jpg","pic"
"126","60abe580aa82f25a7acc9800",39,25,62,38,0,"Fireworks 6.jpg","pic"
"127","60abe580aa82f25a7acc9800",58,100,10,39,100,"Lake 12.jpg","pic"
"128","60abe580aa82f25a7acc9800",0,0,0,0,0,"Garbage dump 1.jpg","pic"
"129","546ec14dfdf99b2bc7ebd032",0,1,10,0,5,"Dirt 1.jpg","pic"
"130","546ec14dfdf99b2bc7ebd032",0,0,16,0,0,"Fire 10.jpg","pic"
"131","546ec14dfdf99b2bc7ebd032",0,0,0,0,7,"Toilet 4.jpg","pic"
"132","546ec14dfdf99b2bc7ebd032",32,51,8,30,65,"Lake 12.jpg","pic"
"133","546ec14dfdf99b2bc7ebd032",0,0,9,0,2,"Destruction 2.jpg","pic"
"134","546ec14dfdf99b2bc7ebd032",67,60,39,50,80,"Beach 1.jpg","pic"
"135","546ec14dfdf99b2bc7ebd032",10,27,0,15,60,"Snow 1.jpg","pic"
"136","546ec14dfdf99b2bc7ebd032",0,0,27,0,0,"Flood 1.jpg","pic"
"137","546ec14dfdf99b2bc7ebd032",27,26,20,6,59,"Rocks 1.jpg","pic"
"138","546ec14dfdf99b2bc7ebd032",0,0,75,0,0,"Ferret 1.jpg","pic"
"139","546ec14dfdf99b2bc7ebd032",10,0,0,0,27,"Heart 3.jpg","pic"
"140","546ec14dfdf99b2bc7ebd032",49,51,25,56,88,"Rainbow 2.jpg","pic"
"141","546ec14dfdf99b2bc7ebd032",0,0,13,0,0,"Prison 2.jpg","pic"
"142","546ec14dfdf99b2bc7ebd032",0,0,15,0,10,"Garbage dump 1.jpg","pic"
"143","546ec14dfdf99b2bc7ebd032",32,36,45,58,27,"Fireworks 6.jpg","pic"
"144","546ec14dfdf99b2bc7ebd032",17,28,7,10,58,"Clean 1.jpg","pic"
"145","6785704c3b1ab8813a4958b0",0,0,0,0,0,"Flood 1.jpg","pic"
"146","6785704c3b1ab8813a4958b0",0,0,0,0,0,"Prison 2.jpg","pic"
"147","6785704c3b1ab8813a4958b0",0,0,0,0,0,"Toilet 4.jpg","pic"
"148","6785704c3b1ab8813a4958b0",8,0,0,0,0,"Heart 3.jpg","pic"
"149","6785704c3b1ab8813a4958b0",70,54,85,75,23,"Fireworks 6.jpg","pic"
"150","6785704c3b1ab8813a4958b0",0,4,0,0,10,"Clean 1.jpg","pic"
"151","6785704c3b1ab8813a4958b0",0,0,0,0,26,"Dirt 1.jpg","pic"
"152","6785704c3b1ab8813a4958b0",11,32,0,20,27,"Lake 12.jpg","pic"
"153","6785704c3b1ab8813a4958b0",0,0,0,0,0,"Garbage dump 1.jpg","pic"
"154","6785704c3b1ab8813a4958b0",0,0,0,0,0,"Rainbow 2.jpg","pic"
"155","6785704c3b1ab8813a4958b0",0,0,0,0,0,"Destruction 2.jpg","pic"
"156","6785704c3b1ab8813a4958b0",0,0,0,0,0,"Fire 10.jpg","pic"
"157","6785704c3b1ab8813a4958b0",61,45,34,73,36,"Snow 1.jpg","pic"
"158","6785704c3b1ab8813a4958b0",0,0,0,0,0,"Beach 1.jpg","pic"
"159","6785704c3b1ab8813a4958b0",4,34,0,0,11,"Rocks 1.jpg","pic"
"160","6785704c3b1ab8813a4958b0",0,0,0,0,0,"Ferret 1.jpg","pic"
"161","5c4723041fba0b0001fca7c3",35,37,90,60,38,"Snow 1.jpg","pic"
"162","5c4723041fba0b0001fca7c3",93,100,73,83,100,"Beach 1.jpg","pic"
"163","5c4723041fba0b0001fca7c3",37,46,28,35,54,"Fire 10.jpg","pic"
"164","5c4723041fba0b0001fca7c3",0,0,15,0,2,"Destruction 2.jpg","pic"
"165","5c4723041fba0b0001fca7c3",3,1,21,0,6,"Dirt 1.jpg","pic"
"166","5c4723041fba0b0001fca7c3",85,75,57,85,69,"Rainbow 2.jpg","pic"
"167","5c4723041fba0b0001fca7c3",79,73,76,93,36,"Fireworks 6.jpg","pic"
"168","5c4723041fba0b0001fca7c3",35,31,39,33,20,"Heart 3.jpg","pic"
"169","5c4723041fba0b0001fca7c3",10,0,7,0,0,"Garbage dump 1.jpg","pic"
"170","5c4723041fba0b0001fca7c3",83,73,50,62,68,"Rocks 1.jpg","pic"
"171","5c4723041fba0b0001fca7c3",0,0,5,0,0,"Flood 1.jpg","pic"
"172","5c4723041fba0b0001fca7c3",13,0,0,0,44,"Clean 1.jpg","pic"
"173","5c4723041fba0b0001fca7c3",0,0,0,0,0,"Prison 2.jpg","pic"
"174","5c4723041fba0b0001fca7c3",0,0,0,0,0,"Ferret 1.jpg","pic"
"175","5c4723041fba0b0001fca7c3",16,21,30,0,8,"Toilet 4.jpg","pic"
"176","5c4723041fba0b0001fca7c3",89,86,77,96,96,"Lake 12.jpg","pic"
"177","67d29a840debd6b228515177",1,0,0,0,0,"Garbage dump 1.jpg","pic"
"178","67d29a840debd6b228515177",0,0,0,0,0,"Fire 10.jpg","pic"
"179","67d29a840debd6b228515177",100,100,100,100,100,"Rainbow 2.jpg","pic"
"180","67d29a840debd6b228515177",0,0,0,0,0,"Ferret 1.jpg","pic"
"181","67d29a840debd6b228515177",0,0,0,0,0,"Clean 1.jpg","pic"
"182","67d29a840debd6b228515177",0,0,0,0,0,"Rocks 1.jpg","pic"
"183","67d29a840debd6b228515177",0,0,0,0,0,"Destruction 2.jpg","pic"
"184","67d29a840debd6b228515177",98,84,77,90,79,"Lake 12.jpg","pic"
"185","67d29a840debd6b228515177",0,0,0,0,0,"Prison 2.jpg","pic"
"186","67d29a840debd6b228515177",0,0,0,0,0,"Toilet 4.jpg","pic"
"187","67d29a840debd6b228515177",100,91,80,91,85,"Fireworks 6.jpg","pic"
"188","67d29a840debd6b228515177",0,0,0,0,0,"Heart 3.jpg","pic"
"189","67d29a840debd6b228515177",0,0,0,0,0,"Flood 1.jpg","pic"
"190","67d29a840debd6b228515177",98,75,80,80,77,"Beach 1.jpg","pic"
"191","67d29a840debd6b228515177",0,0,0,0,0,"Dirt 1.jpg","pic"
"192","67d29a840debd6b228515177",0,0,0,0,0,"Snow 1.jpg","pic"
"193","65bf9aeb592e888df327d648",0,0,0,0,0,"Heart 3.jpg","pic"
"194","65bf9aeb592e888df327d648",0,0,0,0,0,"Flood 1.jpg","pic"
"195","65bf9aeb592e888df327d648",9,50,0,0,35,"Clean 1.jpg","pic"
"196","65bf9aeb592e888df327d648",0,0,0,0,0,"Prison 2.jpg","pic"
"197","65bf9aeb592e888df327d648",0,60,0,0,36,"Toilet 4.jpg","pic"
"198","65bf9aeb592e888df327d648",0,53,0,0,56,"Beach 1.jpg","pic"
"199","65bf9aeb592e888df327d648",0,100,0,0,47,"Rocks 1.jpg","pic"
"200","65bf9aeb592e888df327d648",0,25,0,0,0,"Rainbow 2.jpg","pic"
"201","65bf9aeb592e888df327d648",0,36,0,0,38,"Fire 10.jpg","pic"
"202","65bf9aeb592e888df327d648",0,66,0,0,31,"Fireworks 6.jpg","pic"
"203","65bf9aeb592e888df327d648",0,0,0,0,0,"Lake 12.jpg","pic"
"204","65bf9aeb592e888df327d648",0,0,0,0,0,"Garbage dump 1.jpg","pic"
"205","65bf9aeb592e888df327d648",0,14,0,0,0,"Dirt 1.jpg","pic"
"206","65bf9aeb592e888df327d648",0,85,0,0,55,"Snow 1.jpg","pic"
"207","65bf9aeb592e888df327d648",0,0,0,0,0,"Ferret 1.jpg","pic"
"208","65bf9aeb592e888df327d648",0,0,0,0,0,"Destruction 2.jpg","pic"
"209","6548f960db60a00d76e92695",0,1,11,0,2,"Garbage dump 1.jpg","pic"
"210","6548f960db60a00d76e92695",3,2,16,3,2,"Ferret 1.jpg","pic"
"211","6548f960db60a00d76e92695",0,0,24,0,0,"Destruction 2.jpg","pic"
"212","6548f960db60a00d76e92695",0,0,78,0,0,"Fire 10.jpg","pic"
"213","6548f960db60a00d76e92695",77,74,62,76,92,"Clean 1.jpg","pic"
"214","6548f960db60a00d76e92695",52,74,29,53,72,"Snow 1.jpg","pic"
"215","6548f960db60a00d76e92695",100,100,100,100,100,"Beach 1.jpg","pic"
"216","6548f960db60a00d76e92695",0,0,64,0,0,"Flood 1.jpg","pic"
"217","6548f960db60a00d76e92695",0,0,65,0,0,"Toilet 4.jpg","pic"
"218","6548f960db60a00d76e92695",100,100,100,100,100,"Lake 12.jpg","pic"
"219","6548f960db60a00d76e92695",54,45,17,44,72,"Heart 3.jpg","pic"
"220","6548f960db60a00d76e92695",100,100,100,100,100,"Rainbow 2.jpg","pic"
"221","6548f960db60a00d76e92695",0,0,2,0,0,"Dirt 1.jpg","pic"
"222","6548f960db60a00d76e92695",100,100,100,100,100,"Fireworks 6.jpg","pic"
"223","6548f960db60a00d76e92695",76,73,69,72,90,"Rocks 1.jpg","pic"
"224","6548f960db60a00d76e92695",0,0,49,0,0,"Prison 2.jpg","pic"
"225","66f8522292767238ed42ebbd",42,35,25,37,56,"Dirt 1.jpg","pic"
"226","66f8522292767238ed42ebbd",18,19,21,25,50,"Destruction 2.jpg","pic"
"227","66f8522292767238ed42ebbd",41,52,35,47,64,"Clean 1.jpg","pic"
"228","66f8522292767238ed42ebbd",48,49,43,40,51,"Toilet 4.jpg","pic"
"229","66f8522292767238ed42ebbd",58,65,52,58,75,"Rocks 1.jpg","pic"
"230","66f8522292767238ed42ebbd",39,50,26,47,63,"Rainbow 2.jpg","pic"
"231","66f8522292767238ed42ebbd",41,50,36,43,54,"Heart 3.jpg","pic"
"232","66f8522292767238ed42ebbd",33,35,31,35,47,"Garbage dump 1.jpg","pic"
"233","66f8522292767238ed42ebbd",58,69,57,61,79,"Lake 12.jpg","pic"
"234","66f8522292767238ed42ebbd",48,53,41,51,65,"Fireworks 6.jpg","pic"
"235","66f8522292767238ed42ebbd",65,74,60,66,78,"Beach 1.jpg","pic"
"236","66f8522292767238ed42ebbd",46,40,30,36,54,"Prison 2.jpg","pic"
"237","66f8522292767238ed42ebbd",55,61,33,46,79,"Snow 1.jpg","pic"
"238","66f8522292767238ed42ebbd",31,31,23,31,54,"Flood 1.jpg","pic"
"239","66f8522292767238ed42ebbd",33,40,16,39,55,"Ferret 1.jpg","pic"
"240","66f8522292767238ed42ebbd",34,26,41,32,50,"Fire 10.jpg","pic"
"241","674f97fef70c3dd15d138c3e",0,0,0,0,0,"Destruction 2.jpg","pic"
"242","674f97fef70c3dd15d138c3e",0,30,29,30,50,"Snow 1.jpg","pic"
"243","674f97fef70c3dd15d138c3e",0,0,0,0,0,"Dirt 1.jpg","pic"
"244","674f97fef70c3dd15d138c3e",0,0,0,0,0,"Flood 1.jpg","pic"
"245","674f97fef70c3dd15d138c3e",100,84,52,84,100,"Rainbow 2.jpg","pic"
"246","674f97fef70c3dd15d138c3e",0,0,0,0,0,"Toilet 4.jpg","pic"
"247","674f97fef70c3dd15d138c3e",0,0,0,0,0,"Garbage dump 1.jpg","pic"
"248","674f97fef70c3dd15d138c3e",66,80,51,81,78,"Rocks 1.jpg","pic"
"249","674f97fef70c3dd15d138c3e",80,85,87,85,100,"Lake 12.jpg","pic"
"250","674f97fef70c3dd15d138c3e",0,0,0,0,0,"Prison 2.jpg","pic"
"251","674f97fef70c3dd15d138c3e",0,0,30,0,75,"Fire 10.jpg","pic"
"252","674f97fef70c3dd15d138c3e",24,81,0,21,78,"Clean 1.jpg","pic"
"253","674f97fef70c3dd15d138c3e",80,80,76,79,76,"Beach 1.jpg","pic"
"254","674f97fef70c3dd15d138c3e",21,79,0,50,36,"Heart 3.jpg","pic"
"255","674f97fef70c3dd15d138c3e",0,0,0,0,0,"Ferret 1.jpg","pic"
"256","674f97fef70c3dd15d138c3e",97,98,86,98,62,"Fireworks 6.jpg","pic"
"257","655386dc470f6217a78fec03",9,3,0,2,21,"Prison 2.jpg","pic"
"258","655386dc470f6217a78fec03",0,2,0,0,0,"Flood 1.jpg","pic"
"259","655386dc470f6217a78fec03",46,95,18,33,92,"Lake 12.jpg","pic"
"260","655386dc470f6217a78fec03",13,38,0,2,31,"Snow 1.jpg","pic"
"261","655386dc470f6217a78fec03",11,13,13,0,50,"Ferret 1.jpg","pic"
"262","655386dc470f6217a78fec03",0,41,8,0,38,"Rainbow 2.jpg","pic"
"263","655386dc470f6217a78fec03",12,13,2,2,19,"Dirt 1.jpg","pic"
"264","655386dc470f6217a78fec03",27,36,20,4,36,"Clean 1.jpg","pic"
"265","655386dc470f6217a78fec03",3,15,2,0,0,"Garbage dump 1.jpg","pic"
"266","655386dc470f6217a78fec03",27,100,72,83,18,"Fireworks 6.jpg","pic"
"267","655386dc470f6217a78fec03",5,0,28,1,0,"Toilet 4.jpg","pic"
"268","655386dc470f6217a78fec03",46,0,7,12,16,"Beach 1.jpg","pic"
"269","655386dc470f6217a78fec03",1,8,26,0,1,"Destruction 2.jpg","pic"
"270","655386dc470f6217a78fec03",21,98,0,29,99,"Rocks 1.jpg","pic"
"271","655386dc470f6217a78fec03",43,99,6,24,66,"Fire 10.jpg","pic"
"272","655386dc470f6217a78fec03",65,46,1,29,63,"Heart 3.jpg","pic"
"273","5d1acc6eb0c5a8001786de55",0,0,0,0,15,"Heart 3.jpg","pic"
"274","5d1acc6eb0c5a8001786de55",0,0,0,7,15,"Rocks 1.jpg","pic"
"275","5d1acc6eb0c5a8001786de55",0,0,0,0,0,"Destruction 2.jpg","pic"
"276","5d1acc6eb0c5a8001786de55",0,0,0,0,1,"Snow 1.jpg","pic"
"277","5d1acc6eb0c5a8001786de55",20,0,0,6,0,"Fireworks 6.jpg","pic"
"278","5d1acc6eb0c5a8001786de55",54,0,7,21,32,"Lake 12.jpg","pic"
"279","5d1acc6eb0c5a8001786de55",0,0,24,0,0,"Ferret 1.jpg","pic"
"280","5d1acc6eb0c5a8001786de55",0,0,0,0,0,"Clean 1.jpg","pic"
"281","5d1acc6eb0c5a8001786de55",0,0,0,0,0,"Garbage dump 1.jpg","pic"
"282","5d1acc6eb0c5a8001786de55",0,0,18,0,0,"Flood 1.jpg","pic"
"283","5d1acc6eb0c5a8001786de55",0,0,0,0,0,"Dirt 1.jpg","pic"
"284","5d1acc6eb0c5a8001786de55",0,0,0,0,0,"Prison 2.jpg","pic"
"285","5d1acc6eb0c5a8001786de55",51,40,12,47,50,"Rainbow 2.jpg","pic"
"286","5d1acc6eb0c5a8001786de55",46,18,11,23,50,"Beach 1.jpg","pic"
"287","5d1acc6eb0c5a8001786de55",21,10,0,0,0,"Toilet 4.jpg","pic"
"288","5d1acc6eb0c5a8001786de55",0,0,5,0,0,"Fire 10.jpg","pic"
"289","672268205351c30413c9837e",100,100,100,100,83,"Fireworks 6.jpg","pic"
"290","672268205351c30413c9837e",100,100,100,100,100,"Lake 12.jpg","pic"
"291","672268205351c30413c9837e",0,0,0,0,0,"Dirt 1.jpg","pic"
"292","672268205351c30413c9837e",0,0,0,0,0,"Destruction 2.jpg","pic"
"293","672268205351c30413c9837e",100,100,100,100,100,"Beach 1.jpg","pic"
"294","672268205351c30413c9837e",0,0,0,0,0,"Prison 2.jpg","pic"
"295","672268205351c30413c9837e",0,0,0,0,0,"Garbage dump 1.jpg","pic"
"296","672268205351c30413c9837e",0,0,0,0,0,"Snow 1.jpg","pic"
"297","672268205351c30413c9837e",88,95,75,100,100,"Clean 1.jpg","pic"
"298","672268205351c30413c9837e",92,72,60,58,67,"Rainbow 2.jpg","pic"
"299","672268205351c30413c9837e",0,0,0,0,0,"Flood 1.jpg","pic"
"300","672268205351c30413c9837e",14,2,5,0,7,"Heart 3.jpg","pic"
"301","672268205351c30413c9837e",15,3,71,0,3,"Ferret 1.jpg","pic"
"302","672268205351c30413c9837e",0,0,0,0,0,"Fire 10.jpg","pic"
"303","672268205351c30413c9837e",91,94,100,100,82,"Rocks 1.jpg","pic"
"304","672268205351c30413c9837e",0,0,0,0,0,"Toilet 4.jpg","pic"
"305","58f90ebc3f4fef000199e2fd",0,0,0,0,11,"Dirt 1.jpg","pic"
"306","58f90ebc3f4fef000199e2fd",0,0,0,0,0,"Fire 10.jpg","pic"
"307","58f90ebc3f4fef000199e2fd",0,0,0,0,0,"Destruction 2.jpg","pic"
"308","58f90ebc3f4fef000199e2fd",11,0,0,0,52,"Clean 1.jpg","pic"
"309","58f90ebc3f4fef000199e2fd",29,64,0,0,75,"Heart 3.jpg","pic"
"310","58f90ebc3f4fef000199e2fd",0,0,0,0,19,"Rocks 1.jpg","pic"
"311","58f90ebc3f4fef000199e2fd",61,61,29,52,64,"Fireworks 6.jpg","pic"
"312","58f90ebc3f4fef000199e2fd",79,85,0,42,83,"Rainbow 2.jpg","pic"
"313","58f90ebc3f4fef000199e2fd",22,34,0,0,80,"Snow 1.jpg","pic"
"314","58f90ebc3f4fef000199e2fd",0,0,0,0,0,"Flood 1.jpg","pic"
"315","58f90ebc3f4fef000199e2fd",0,0,0,0,0,"Ferret 1.jpg","pic"
"316","58f90ebc3f4fef000199e2fd",78,89,0,61,90,"Lake 12.jpg","pic"
"317","58f90ebc3f4fef000199e2fd",0,0,0,0,0,"Toilet 4.jpg","pic"
"318","58f90ebc3f4fef000199e2fd",0,0,0,0,0,"Prison 2.jpg","pic"
"319","58f90ebc3f4fef000199e2fd",0,0,0,0,0,"Garbage dump 1.jpg","pic"
"320","58f90ebc3f4fef000199e2fd",83,100,0,84,92,"Beach 1.jpg","pic"
"321","6761134a283b8ace0b1e0345",47,79,50,52,70,"Lake 12.jpg","pic"
"322","6761134a283b8ace0b1e0345",18,27,2,27,19,"Fire 10.jpg","pic"
"323","6761134a283b8ace0b1e0345",63,75,27,76,48,"Heart 3.jpg","pic"
"324","6761134a283b8ace0b1e0345",18,2,2,4,3,"Toilet 4.jpg","pic"
"325","6761134a283b8ace0b1e0345",68,51,78,82,11,"Fireworks 6.jpg","pic"
"326","6761134a283b8ace0b1e0345",14,28,1,7,76,"Rocks 1.jpg","pic"
"327","6761134a283b8ace0b1e0345",67,52,22,53,74,"Rainbow 2.jpg","pic"
"328","6761134a283b8ace0b1e0345",2,5,3,5,4,"Prison 2.jpg","pic"
"329","6761134a283b8ace0b1e0345",15,38,0,1,40,"Clean 1.jpg","pic"
"330","6761134a283b8ace0b1e0345",29,27,40,30,20,"Snow 1.jpg","pic"
"331","6761134a283b8ace0b1e0345",1,1,1,2,1,"Destruction 2.jpg","pic"
"332","6761134a283b8ace0b1e0345",2,20,1,4,0,"Garbage dump 1.jpg","pic"
"333","6761134a283b8ace0b1e0345",3,27,1,1,30,"Dirt 1.jpg","pic"
"334","6761134a283b8ace0b1e0345",3,0,0,2,21,"Flood 1.jpg","pic"
"335","6761134a283b8ace0b1e0345",62,73,21,46,70,"Beach 1.jpg","pic"
"336","6761134a283b8ace0b1e0345",12,3,33,3,2,"Ferret 1.jpg","pic"
"337","662d7fba32d6a738b194d893",30,10,10,17,21,"Rainbow 2.jpg","pic"
"338","662d7fba32d6a738b194d893",5,2,3,2,1,"Ferret 1.jpg","pic"
"339","662d7fba32d6a738b194d893",42,54,24,47,60,"Heart 3.jpg","pic"
"340","662d7fba32d6a738b194d893",6,6,1,2,10,"Toilet 4.jpg","pic"
"341","662d7fba32d6a738b194d893",4,2,0,0,3,"Dirt 1.jpg","pic"
"342","662d7fba32d6a738b194d893",27,40,17,20,54,"Snow 1.jpg","pic"
"343","662d7fba32d6a738b194d893",0,3,0,0,2,"Fire 10.jpg","pic"
"344","662d7fba32d6a738b194d893",0,1,0,0,6,"Prison 2.jpg","pic"
"345","662d7fba32d6a738b194d893",61,65,30,60,68,"Lake 12.jpg","pic"
"346","662d7fba32d6a738b194d893",47,32,34,30,35,"Fireworks 6.jpg","pic"
"347","662d7fba32d6a738b194d893",55,61,40,58,66,"Beach 1.jpg","pic"
"348","662d7fba32d6a738b194d893",0,0,0,0,0,"Destruction 2.jpg","pic"
"349","662d7fba32d6a738b194d893",26,35,9,33,38,"Clean 1.jpg","pic"
"350","662d7fba32d6a738b194d893",32,37,12,32,46,"Rocks 1.jpg","pic"
"351","662d7fba32d6a738b194d893",2,10,0,0,2,"Garbage dump 1.jpg","pic"
"352","662d7fba32d6a738b194d893",0,0,0,0,0,"Flood 1.jpg","pic"
"353","64b3ebc9ad6778799f835dcb",0,0,0,0,0,"Prison 2.jpg","pic"
"354","64b3ebc9ad6778799f835dcb",0,0,0,0,0,"Dirt 1.jpg","pic"
"355","64b3ebc9ad6778799f835dcb",0,0,0,0,0,"Garbage dump 1.jpg","pic"
"356","64b3ebc9ad6778799f835dcb",1,0,0,0,0,"Flood 1.jpg","pic"
"357","64b3ebc9ad6778799f835dcb",100,100,100,100,100,"Beach 1.jpg","pic"
"358","64b3ebc9ad6778799f835dcb",100,100,100,100,100,"Rainbow 2.jpg","pic"
"359","64b3ebc9ad6778799f835dcb",100,100,100,100,100,"Lake 12.jpg","pic"
"360","64b3ebc9ad6778799f835dcb",100,75,71,100,100,"Clean 1.jpg","pic"
"361","64b3ebc9ad6778799f835dcb",100,49,100,96,0,"Fireworks 6.jpg","pic"
"362","64b3ebc9ad6778799f835dcb",0,0,0,0,0,"Destruction 2.jpg","pic"
"363","64b3ebc9ad6778799f835dcb",0,0,0,0,0,"Toilet 4.jpg","pic"
"364","64b3ebc9ad6778799f835dcb",0,0,0,0,0,"Ferret 1.jpg","pic"
"365","64b3ebc9ad6778799f835dcb",0,0,0,0,0,"Fire 10.jpg","pic"
"366","64b3ebc9ad6778799f835dcb",100,100,9,100,68,"Snow 1.jpg","pic"
"367","64b3ebc9ad6778799f835dcb",100,100,53,100,100,"Heart 3.jpg","pic"
"368","64b3ebc9ad6778799f835dcb",100,100,100,100,100,"Rocks 1.jpg","pic"
"369","57dd186e6598aa0001992616",26,24,27,27,63,"Fire 10.jpg","pic"
"370","57dd186e6598aa0001992616",16,22,41,13,19,"Dirt 1.jpg","pic"
"371","57dd186e6598aa0001992616",43,19,26,22,66,"Flood 1.jpg","pic"
"372","57dd186e6598aa0001992616",1,1,73,1,7,"Toilet 4.jpg","pic"
"373","57dd186e6598aa0001992616",78,74,14,61,65,"Heart 3.jpg","pic"
"374","57dd186e6598aa0001992616",74,62,73,75,37,"Fireworks 6.jpg","pic"
"375","57dd186e6598aa0001992616",71,85,4,60,92,"Clean 1.jpg","pic"
"376","57dd186e6598aa0001992616",10,1,55,11,32,"Garbage dump 1.jpg","pic"
"377","57dd186e6598aa0001992616",73,75,48,62,77,"Rocks 1.jpg","pic"
"378","57dd186e6598aa0001992616",96,89,46,71,87,"Lake 12.jpg","pic"
"379","57dd186e6598aa0001992616",88,77,34,85,72,"Rainbow 2.jpg","pic"
"380","57dd186e6598aa0001992616",0,5,55,6,23,"Prison 2.jpg","pic"
"381","57dd186e6598aa0001992616",5,0,67,0,3,"Ferret 1.jpg","pic"
"382","57dd186e6598aa0001992616",13,2,44,10,4,"Destruction 2.jpg","pic"
"383","57dd186e6598aa0001992616",48,19,7,37,86,"Snow 1.jpg","pic"
"384","57dd186e6598aa0001992616",100,100,51,91,100,"Beach 1.jpg","pic"
"385","6944131af019fea3b689eb5f",0,0,50,19,50,"Snow 1.jpg","pic"
"386","6944131af019fea3b689eb5f",100,100,100,100,100,"Beach 1.jpg","pic"
"387","6944131af019fea3b689eb5f",0,0,0,0,0,"Ferret 1.jpg","pic"
"388","6944131af019fea3b689eb5f",100,100,100,100,84,"Fireworks 6.jpg","pic"
"389","6944131af019fea3b689eb5f",100,100,70,100,100,"Rainbow 2.jpg","pic"
"390","6944131af019fea3b689eb5f",0,0,0,0,34,"Clean 1.jpg","pic"
"391","6944131af019fea3b689eb5f",0,0,0,0,5,"Fire 10.jpg","pic"
"392","6944131af019fea3b689eb5f",0,0,0,0,0,"Toilet 4.jpg","pic"
"393","6944131af019fea3b689eb5f",0,0,0,0,0,"Destruction 2.jpg","pic"
"394","6944131af019fea3b689eb5f",0,0,0,0,0,"Flood 1.jpg","pic"
"395","6944131af019fea3b689eb5f",100,100,100,100,100,"Lake 12.jpg","pic"
"396","6944131af019fea3b689eb5f",25,25,0,14,35,"Rocks 1.jpg","pic"
"397","6944131af019fea3b689eb5f",0,0,0,0,0,"Dirt 1.jpg","pic"
"398","6944131af019fea3b689eb5f",0,0,0,0,0,"Garbage dump 1.jpg","pic"
"399","6944131af019fea3b689eb5f",70,67,0,66,70,"Heart 3.jpg","pic"
"400","6944131af019fea3b689eb5f",0,0,0,0,0,"Prison 2.jpg","pic"
"401","612517df29cd32c6632b4a44",0,0,0,0,9,"Garbage dump 1.jpg","pic"
"402","612517df29cd32c6632b4a44",10,7,0,0,0,"Toilet 4.jpg","pic"
"403","612517df29cd32c6632b4a44",0,19,2,0,18,"Snow 1.jpg","pic"
"404","612517df29cd32c6632b4a44",35,63,33,51,73,"Beach 1.jpg","pic"
"405","612517df29cd32c6632b4a44",32,46,63,59,73,"Lake 12.jpg","pic"
"406","612517df29cd32c6632b4a44",0,0,0,0,0,"Destruction 2.jpg","pic"
"407","612517df29cd32c6632b4a44",0,0,0,0,0,"Prison 2.jpg","pic"
"408","612517df29cd32c6632b4a44",78,69,91,88,74,"Rainbow 2.jpg","pic"
"409","612517df29cd32c6632b4a44",0,0,0,0,21,"Flood 1.jpg","pic"
"410","612517df29cd32c6632b4a44",34,70,11,62,69,"Heart 3.jpg","pic"
"411","612517df29cd32c6632b4a44",0,0,0,0,0,"Dirt 1.jpg","pic"
"412","612517df29cd32c6632b4a44",8,19,7,2,18,"Rocks 1.jpg","pic"
"413","612517df29cd32c6632b4a44",0,0,0,0,0,"Ferret 1.jpg","pic"
"414","612517df29cd32c6632b4a44",82,81,82,86,89,"Clean 1.jpg","pic"
"415","612517df29cd32c6632b4a44",32,64,72,51,28,"Fireworks 6.jpg","pic"
"416","612517df29cd32c6632b4a44",0,0,0,0,6,"Fire 10.jpg","pic"
"417","64345edc0fd9813bdd9ef181",0,0,0,0,50,"Dirt 1.jpg","pic"
"418","64345edc0fd9813bdd9ef181",0,0,0,0,0,"Fire 10.jpg","pic"
"419","64345edc0fd9813bdd9ef181",100,100,100,100,100,"Beach 1.jpg","pic"
"420","64345edc0fd9813bdd9ef181",0,0,0,0,0,"Ferret 1.jpg","pic"
"421","64345edc0fd9813bdd9ef181",100,100,100,100,100,"Rainbow 2.jpg","pic"
"422","64345edc0fd9813bdd9ef181",100,100,100,100,100,"Fireworks 6.jpg","pic"
"423","64345edc0fd9813bdd9ef181",0,0,0,0,0,"Toilet 4.jpg","pic"
"424","64345edc0fd9813bdd9ef181",0,0,0,0,0,"Garbage dump 1.jpg","pic"
"425","64345edc0fd9813bdd9ef181",100,100,0,100,100,"Rocks 1.jpg","pic"
"426","64345edc0fd9813bdd9ef181",100,100,100,100,100,"Lake 12.jpg","pic"
"427","64345edc0fd9813bdd9ef181",100,100,50,100,100,"Clean 1.jpg","pic"
"428","64345edc0fd9813bdd9ef181",0,1,0,0,0,"Prison 2.jpg","pic"
"429","64345edc0fd9813bdd9ef181",0,0,0,0,0,"Destruction 2.jpg","pic"
"430","64345edc0fd9813bdd9ef181",0,0,0,0,0,"Flood 1.jpg","pic"
"431","64345edc0fd9813bdd9ef181",100,50,50,100,100,"Heart 3.jpg","pic"
"432","64345edc0fd9813bdd9ef181",0,0,0,0,0,"Snow 1.jpg","pic"
"433","6682fbc595609e3f88048a53",50,0,0,0,43,"Destruction 2.jpg","pic"
"434","6682fbc595609e3f88048a53",71,71,50,72,66,"Lake 12.jpg","pic"
"435","6682fbc595609e3f88048a53",66,53,70,80,73,"Heart 3.jpg","pic"
"436","6682fbc595609e3f88048a53",74,50,92,92,50,"Fireworks 6.jpg","pic"
"437","6682fbc595609e3f88048a53",63,50,46,50,46,"Snow 1.jpg","pic"
"438","6682fbc595609e3f88048a53",56,59,60,60,55,"Rocks 1.jpg","pic"
"439","6682fbc595609e3f88048a53",50,50,50,50,50,"Flood 1.jpg","pic"
"440","6682fbc595609e3f88048a53",50,50,50,50,50,"Clean 1.jpg","pic"
"441","6682fbc595609e3f88048a53",49,50,50,50,50,"Rainbow 2.jpg","pic"
"442","6682fbc595609e3f88048a53",50,50,50,50,50,"Garbage dump 1.jpg","pic"
"443","6682fbc595609e3f88048a53",74,81,50,80,80,"Beach 1.jpg","pic"
"444","6682fbc595609e3f88048a53",50,50,50,50,50,"Fire 10.jpg","pic"
"445","6682fbc595609e3f88048a53",54,50,58,50,50,"Toilet 4.jpg","pic"
"446","6682fbc595609e3f88048a53",50,50,50,50,50,"Dirt 1.jpg","pic"
"447","6682fbc595609e3f88048a53",50,50,50,50,50,"Prison 2.jpg","pic"
"448","6682fbc595609e3f88048a53",53,52,54,50,50,"Ferret 1.jpg","pic"
"449","67cb51b23d74b436185a20eb",1,2,2,2,4,"Ferret 1.jpg","pic"
"450","67cb51b23d74b436185a20eb",56,62,63,58,53,"Garbage dump 1.jpg","pic"
"451","67cb51b23d74b436185a20eb",67,76,68,71,35,"Rainbow 2.jpg","pic"
"452","67cb51b23d74b436185a20eb",77,81,82,72,62,"Snow 1.jpg","pic"
"453","67cb51b23d74b436185a20eb",74,74,69,71,70,"Beach 1.jpg","pic"
"454","67cb51b23d74b436185a20eb",5,5,2,0,2,"Fire 10.jpg","pic"
"455","67cb51b23d74b436185a20eb",74,63,64,70,70,"Lake 12.jpg","pic"
"456","67cb51b23d74b436185a20eb",41,37,25,35,30,"Rocks 1.jpg","pic"
"457","67cb51b23d74b436185a20eb",0,0,0,0,0,"Destruction 2.jpg","pic"
"458","67cb51b23d74b436185a20eb",0,0,0,0,0,"Toilet 4.jpg","pic"
"459","67cb51b23d74b436185a20eb",61,53,35,48,65,"Clean 1.jpg","pic"
"460","67cb51b23d74b436185a20eb",100,100,59,100,72,"Fireworks 6.jpg","pic"
"461","67cb51b23d74b436185a20eb",25,21,37,31,35,"Flood 1.jpg","pic"
"462","67cb51b23d74b436185a20eb",68,59,48,56,59,"Heart 3.jpg","pic"
"463","67cb51b23d74b436185a20eb",0,0,0,0,0,"Dirt 1.jpg","pic"
"464","67cb51b23d74b436185a20eb",68,55,33,63,56,"Prison 2.jpg","pic"
"465","65ccfdf16bdcab83d5bd1163",1,1,22,1,0,"Ferret 1.jpg","pic"
"466","65ccfdf16bdcab83d5bd1163",1,0,0,1,1,"Prison 2.jpg","pic"
"467","65ccfdf16bdcab83d5bd1163",0,0,0,0,0,"Destruction 2.jpg","pic"
"468","65ccfdf16bdcab83d5bd1163",21,13,44,32,12,"Fireworks 6.jpg","pic"
"469","65ccfdf16bdcab83d5bd1163",28,15,7,5,33,"Clean 1.jpg","pic"
"470","65ccfdf16bdcab83d5bd1163",22,14,18,48,24,"Rainbow 2.jpg","pic"
"471","65ccfdf16bdcab83d5bd1163",0,4,7,0,0,"Toilet 4.jpg","pic"
"472","65ccfdf16bdcab83d5bd1163",19,20,8,7,36,"Rocks 1.jpg","pic"
"473","65ccfdf16bdcab83d5bd1163",18,10,4,1,18,"Fire 10.jpg","pic"
"474","65ccfdf16bdcab83d5bd1163",2,14,3,1,15,"Dirt 1.jpg","pic"
"475","65ccfdf16bdcab83d5bd1163",2,0,1,0,1,"Garbage dump 1.jpg","pic"
"476","65ccfdf16bdcab83d5bd1163",1,0,10,0,1,"Flood 1.jpg","pic"
"477","65ccfdf16bdcab83d5bd1163",0,6,11,0,1,"Snow 1.jpg","pic"
"478","65ccfdf16bdcab83d5bd1163",32,14,33,27,23,"Lake 12.jpg","pic"
"479","65ccfdf16bdcab83d5bd1163",13,15,1,1,20,"Heart 3.jpg","pic"
"480","65ccfdf16bdcab83d5bd1163",31,24,26,30,20,"Beach 1.jpg","pic"
"481","63474e67a5fd298c6103c409",15,5,48,1,22,"Flood 1.jpg","pic"
"482","63474e67a5fd298c6103c409",3,15,13,1,29,"Clean 1.jpg","pic"
"483","63474e67a5fd298c6103c409",6,8,47,6,8,"Destruction 2.jpg","pic"
"484","63474e67a5fd298c6103c409",64,30,13,55,23,"Rainbow 2.jpg","pic"
"485","63474e67a5fd298c6103c409",5,43,39,13,6,"Fire 10.jpg","pic"
"486","63474e67a5fd298c6103c409",34,49,26,21,35,"Dirt 1.jpg","pic"
"487","63474e67a5fd298c6103c409",4,27,33,9,21,"Ferret 1.jpg","pic"
"488","63474e67a5fd298c6103c409",31,20,28,23,28,"Prison 2.jpg","pic"
"489","63474e67a5fd298c6103c409",35,32,36,20,25,"Toilet 4.jpg","pic"
"490","63474e67a5fd298c6103c409",55,57,65,25,41,"Fireworks 6.jpg","pic"
"491","63474e67a5fd298c6103c409",82,72,28,52,82,"Lake 12.jpg","pic"
"492","63474e67a5fd298c6103c409",29,35,21,71,77,"Beach 1.jpg","pic"
"493","63474e67a5fd298c6103c409",20,32,26,21,67,"Snow 1.jpg","pic"
"494","63474e67a5fd298c6103c409",11,8,13,24,32,"Garbage dump 1.jpg","pic"
"495","63474e67a5fd298c6103c409",19,12,8,11,70,"Rocks 1.jpg","pic"
"496","63474e67a5fd298c6103c409",28,28,39,16,25,"Heart 3.jpg","pic"
"497","65e375588229327640a29ad9",30,61,0,0,79,"Snow 1.jpg","pic"
"498","65e375588229327640a29ad9",0,4,30,3,0,"Flood 1.jpg","pic"
"499","65e375588229327640a29ad9",35,62,0,17,69,"Clean 1.jpg","pic"
"500","65e375588229327640a29ad9",0,2,31,1,1,"Ferret 1.jpg","pic"
"501","65e375588229327640a29ad9",0,0,0,0,0,"Dirt 1.jpg","pic"
"502","65e375588229327640a29ad9",53,86,0,70,85,"Fire 10.jpg","pic"
"503","65e375588229327640a29ad9",13,12,2,0,36,"Rocks 1.jpg","pic"
"504","65e375588229327640a29ad9",0,0,0,0,0,"Toilet 4.jpg","pic"
"505","65e375588229327640a29ad9",0,0,0,0,15,"Heart 3.jpg","pic"
"506","65e375588229327640a29ad9",0,100,0,63,99,"Lake 12.jpg","pic"
"507","65e375588229327640a29ad9",91,87,0,66,100,"Rainbow 2.jpg","pic"
"508","65e375588229327640a29ad9",0,0,19,0,0,"Prison 2.jpg","pic"
"509","65e375588229327640a29ad9",20,17,49,16,10,"Fireworks 6.jpg","pic"
"510","65e375588229327640a29ad9",98,100,0,76,100,"Beach 1.jpg","pic"
"511","65e375588229327640a29ad9",2,0,0,0,0,"Garbage dump 1.jpg","pic"
"512","65e375588229327640a29ad9",0,0,4,0,0,"Destruction 2.jpg","pic"
"513","580cab86b869700001d71628",84,95,28,72,99,"Clean 1.jpg","pic"
"514","580cab86b869700001d71628",47,51,54,51,99,"Rainbow 2.jpg","pic"
"515","580cab86b869700001d71628",3,20,77,0,24,"Rocks 1.jpg","pic"
"516","580cab86b869700001d71628",39,46,50,4,28,"Heart 3.jpg","pic"
"517","580cab86b869700001d71628",2,1,48,0,2,"Dirt 1.jpg","pic"
"518","580cab86b869700001d71628",1,2,57,1,1,"Toilet 4.jpg","pic"
"519","580cab86b869700001d71628",2,1,68,3,2,"Ferret 1.jpg","pic"
"520","580cab86b869700001d71628",1,4,19,2,2,"Flood 1.jpg","pic"
"521","580cab86b869700001d71628",17,0,28,31,16,"Snow 1.jpg","pic"
"522","580cab86b869700001d71628",47,50,97,55,12,"Fireworks 6.jpg","pic"
"523","580cab86b869700001d71628",0,1,52,1,0,"Destruction 2.jpg","pic"
"524","580cab86b869700001d71628",25,52,1,51,51,"Lake 12.jpg","pic"
"525","580cab86b869700001d71628",99,82,0,76,75,"Beach 1.jpg","pic"
"526","580cab86b869700001d71628",4,3,88,3,2,"Prison 2.jpg","pic"
"527","580cab86b869700001d71628",3,2,63,1,1,"Garbage dump 1.jpg","pic"
"528","580cab86b869700001d71628",0,4,99,2,5,"Fire 10.jpg","pic"
"529","67ed8001c2b6765fa734649d",13,4,4,7,12,"Prison 2.jpg","pic"
"530","67ed8001c2b6765fa734649d",4,9,0,5,8,"Garbage dump 1.jpg","pic"
"531","67ed8001c2b6765fa734649d",50,53,76,53,99,"Rocks 1.jpg","pic"
"532","67ed8001c2b6765fa734649d",34,51,55,50,69,"Beach 1.jpg","pic"
"533","67ed8001c2b6765fa734649d",4,2,5,3,1,"Ferret 1.jpg","pic"
"534","67ed8001c2b6765fa734649d",30,45,47,35,38,"Rainbow 2.jpg","pic"
"535","67ed8001c2b6765fa734649d",0,7,2,7,2,"Fire 10.jpg","pic"
"536","67ed8001c2b6765fa734649d",37,48,50,44,50,"Heart 3.jpg","pic"
"537","67ed8001c2b6765fa734649d",51,53,52,53,55,"Clean 1.jpg","pic"
"538","67ed8001c2b6765fa734649d",0,2,2,3,1,"Dirt 1.jpg","pic"
"539","67ed8001c2b6765fa734649d",11,23,16,13,28,"Lake 12.jpg","pic"
"540","67ed8001c2b6765fa734649d",0,1,2,1,2,"Toilet 4.jpg","pic"
"541","67ed8001c2b6765fa734649d",48,58,65,42,64,"Fireworks 6.jpg","pic"
"542","67ed8001c2b6765fa734649d",19,4,4,7,3,"Destruction 2.jpg","pic"
"543","67ed8001c2b6765fa734649d",32,29,34,37,81,"Snow 1.jpg","pic"
"544","67ed8001c2b6765fa734649d",21,4,11,2,18,"Flood 1.jpg","pic"
"545","69416ab139b4b8d585aa4848",0,0,0,0,0,"Flood 1.jpg","pic"
"546","69416ab139b4b8d585aa4848",28,0,0,6,0,"Ferret 1.jpg","pic"
"547","69416ab139b4b8d585aa4848",0,0,72,0,5,"Garbage dump 1.jpg","pic"
"548","69416ab139b4b8d585aa4848",0,0,0,0,9,"Fireworks 6.jpg","pic"
"549","69416ab139b4b8d585aa4848",100,86,85,99,100,"Lake 12.jpg","pic"
"550","69416ab139b4b8d585aa4848",0,0,23,0,9,"Toilet 4.jpg","pic"
"551","69416ab139b4b8d585aa4848",100,90,92,100,100,"Rocks 1.jpg","pic"
"552","69416ab139b4b8d585aa4848",0,0,0,0,0,"Destruction 2.jpg","pic"
"553","69416ab139b4b8d585aa4848",0,18,0,0,0,"Dirt 1.jpg","pic"
"554","69416ab139b4b8d585aa4848",98,100,93,100,100,"Rainbow 2.jpg","pic"
"555","69416ab139b4b8d585aa4848",100,100,100,100,100,"Clean 1.jpg","pic"
"556","69416ab139b4b8d585aa4848",100,67,75,80,100,"Fire 10.jpg","pic"
"557","69416ab139b4b8d585aa4848",25,20,21,0,35,"Prison 2.jpg","pic"
"558","69416ab139b4b8d585aa4848",100,91,82,100,100,"Beach 1.jpg","pic"
"559","69416ab139b4b8d585aa4848",83,79,52,67,100,"Heart 3.jpg","pic"
"560","69416ab139b4b8d585aa4848",100,100,100,100,81,"Snow 1.jpg","pic"
"561","559347f6fdf99b790feb6435",8,8,12,2,11,"Clean 1.jpg","pic"
"562","559347f6fdf99b790feb6435",7,15,7,11,14,"Dirt 1.jpg","pic"
"563","559347f6fdf99b790feb6435",59,11,53,62,4,"Fireworks 6.jpg","pic"
"564","559347f6fdf99b790feb6435",44,50,2,52,71,"Lake 12.jpg","pic"
"565","559347f6fdf99b790feb6435",4,2,0,1,17,"Rocks 1.jpg","pic"
"566","559347f6fdf99b790feb6435",11,8,8,3,4,"Destruction 2.jpg","pic"
"567","559347f6fdf99b790feb6435",5,2,56,6,55,"Snow 1.jpg","pic"
"568","559347f6fdf99b790feb6435",2,0,0,1,1,"Flood 1.jpg","pic"
"569","559347f6fdf99b790feb6435",4,8,18,2,19,"Garbage dump 1.jpg","pic"
"570","559347f6fdf99b790feb6435",39,25,40,56,10,"Toilet 4.jpg","pic"
"571","559347f6fdf99b790feb6435",2,0,1,0,1,"Heart 3.jpg","pic"
"572","559347f6fdf99b790feb6435",5,8,57,7,4,"Ferret 1.jpg","pic"
"573","559347f6fdf99b790feb6435",13,7,32,6,4,"Fire 10.jpg","pic"
"574","559347f6fdf99b790feb6435",45,39,16,37,59,"Beach 1.jpg","pic"
"575","559347f6fdf99b790feb6435",7,0,7,2,3,"Prison 2.jpg","pic"
"576","559347f6fdf99b790feb6435",70,71,57,70,71,"Rainbow 2.jpg","pic"
"577","61350714824fe9ef61afde03",71,43,11,36,47,"Heart 3.jpg","pic"
"578","61350714824fe9ef61afde03",0,0,0,0,0,"Flood 1.jpg","pic"
"579","61350714824fe9ef61afde03",71,76,81,70,79,"Snow 1.jpg","pic"
"580","61350714824fe9ef61afde03",0,0,0,0,0,"Dirt 1.jpg","pic"
"581","61350714824fe9ef61afde03",0,0,0,0,0,"Destruction 2.jpg","pic"
"582","61350714824fe9ef61afde03",85,87,47,85,96,"Beach 1.jpg","pic"
"583","61350714824fe9ef61afde03",36,53,0,49,100,"Clean 1.jpg","pic"
"584","61350714824fe9ef61afde03",0,0,0,0,0,"Ferret 1.jpg","pic"
"585","61350714824fe9ef61afde03",0,0,0,0,0,"Fire 10.jpg","pic"
"586","61350714824fe9ef61afde03",58,46,73,82,0,"Fireworks 6.jpg","pic"
"587","61350714824fe9ef61afde03",0,0,0,0,0,"Prison 2.jpg","pic"
"588","61350714824fe9ef61afde03",0,0,0,0,0,"Toilet 4.jpg","pic"
"589","61350714824fe9ef61afde03",49,50,55,50,87,"Lake 12.jpg","pic"
"590","61350714824fe9ef61afde03",0,0,0,0,84,"Rocks 1.jpg","pic"
"591","61350714824fe9ef61afde03",79,73,47,67,52,"Rainbow 2.jpg","pic"
"592","61350714824fe9ef61afde03",0,0,0,0,0,"Garbage dump 1.jpg","pic"
"593","669fdf35b877ffb7641b412e",100,100,100,100,100,"Fireworks 6.jpg","pic"
"594","669fdf35b877ffb7641b412e",48,0,0,0,100,"Snow 1.jpg","pic"
"595","669fdf35b877ffb7641b412e",0,0,0,0,0,"Destruction 2.jpg","pic"
"596","669fdf35b877ffb7641b412e",0,0,0,0,0,"Fire 10.jpg","pic"
"597","669fdf35b877ffb7641b412e",48,47,0,0,48,"Dirt 1.jpg","pic"
"598","669fdf35b877ffb7641b412e",0,51,51,51,46,"Lake 12.jpg","pic"
"599","669fdf35b877ffb7641b412e",0,0,0,0,0,"Toilet 4.jpg","pic"
"600","669fdf35b877ffb7641b412e",0,0,0,0,0,"Prison 2.jpg","pic"
"601","669fdf35b877ffb7641b412e",100,100,100,100,100,"Rainbow 2.jpg","pic"
"602","669fdf35b877ffb7641b412e",100,100,16,100,100,"Clean 1.jpg","pic"
"603","669fdf35b877ffb7641b412e",100,100,100,100,100,"Heart 3.jpg","pic"
"604","669fdf35b877ffb7641b412e",0,0,0,0,0,"Ferret 1.jpg","pic"
"605","669fdf35b877ffb7641b412e",0,0,0,0,0,"Garbage dump 1.jpg","pic"
"606","669fdf35b877ffb7641b412e",0,0,0,0,0,"Flood 1.jpg","pic"
"607","669fdf35b877ffb7641b412e",100,100,100,100,100,"Rocks 1.jpg","pic"
"608","669fdf35b877ffb7641b412e",100,100,100,100,100,"Beach 1.jpg","pic"
"609","666883e7cd549b6798159085",15,15,5,10,25,"Clean 1.jpg","pic"
"610","666883e7cd549b6798159085",0,0,0,0,0,"Garbage dump 1.jpg","pic"
"611","666883e7cd549b6798159085",15,0,0,0,0,"Ferret 1.jpg","pic"
"612","666883e7cd549b6798159085",0,0,0,0,0,"Flood 1.jpg","pic"
"613","666883e7cd549b6798159085",0,20,0,0,10,"Dirt 1.jpg","pic"
"614","666883e7cd549b6798159085",20,30,10,15,30,"Snow 1.jpg","pic"
"615","666883e7cd549b6798159085",11,30,0,14,35,"Rocks 1.jpg","pic"
"616","666883e7cd549b6798159085",0,0,0,0,0,"Destruction 2.jpg","pic"
"617","666883e7cd549b6798159085",30,19,30,20,50,"Beach 1.jpg","pic"
"618","666883e7cd549b6798159085",0,10,0,0,0,"Toilet 4.jpg","pic"
"619","666883e7cd549b6798159085",20,30,0,15,45,"Rainbow 2.jpg","pic"
"620","666883e7cd549b6798159085",10,15,0,15,35,"Lake 12.jpg","pic"
"621","666883e7cd549b6798159085",10,20,20,20,25,"Fireworks 6.jpg","pic"
"622","666883e7cd549b6798159085",0,0,0,0,0,"Prison 2.jpg","pic"
"623","666883e7cd549b6798159085",0,10,0,0,10,"Fire 10.jpg","pic"
"624","666883e7cd549b6798159085",10,15,0,15,20,"Heart 3.jpg","pic"
"625","59948cbdcf1d1700016efa45",11,2,3,0,11,"Ferret 1.jpg","pic"
"626","59948cbdcf1d1700016efa45",1,5,2,0,6,"Dirt 1.jpg","pic"
"627","59948cbdcf1d1700016efa45",52,68,36,52,82,"Clean 1.jpg","pic"
"628","59948cbdcf1d1700016efa45",0,0,0,0,0,"Prison 2.jpg","pic"
"629","59948cbdcf1d1700016efa45",2,0,0,0,0,"Toilet 4.jpg","pic"
"630","59948cbdcf1d1700016efa45",0,0,0,0,21,"Destruction 2.jpg","pic"
"631","59948cbdcf1d1700016efa45",0,1,1,0,7,"Garbage dump 1.jpg","pic"
"632","59948cbdcf1d1700016efa45",53,63,2,17,77,"Rainbow 2.jpg","pic"
"633","59948cbdcf1d1700016efa45",0,1,2,0,5,"Flood 1.jpg","pic"
"634","59948cbdcf1d1700016efa45",71,74,66,64,41,"Fireworks 6.jpg","pic"
"635","59948cbdcf1d1700016efa45",34,87,44,58,96,"Snow 1.jpg","pic"
"636","59948cbdcf1d1700016efa45",26,58,0,9,71,"Heart 3.jpg","pic"
"637","59948cbdcf1d1700016efa45",79,65,14,39,94,"Rocks 1.jpg","pic"
"638","59948cbdcf1d1700016efa45",92,82,58,0,68,"Lake 12.jpg","pic"
"639","59948cbdcf1d1700016efa45",0,1,0,0,0,"Fire 10.jpg","pic"
"640","59948cbdcf1d1700016efa45",69,83,24,44,80,"Beach 1.jpg","pic"
"641","608bfa04767191aa4d57bfd8",95,90,98,91,37,"Fireworks 6.jpg","pic"
"642","608bfa04767191aa4d57bfd8",3,5,8,3,9,"Prison 2.jpg","pic"
"643","608bfa04767191aa4d57bfd8",89,76,42,71,93,"Clean 1.jpg","pic"
"644","608bfa04767191aa4d57bfd8",3,12,9,5,4,"Dirt 1.jpg","pic"
"645","608bfa04767191aa4d57bfd8",100,86,82,88,97,"Beach 1.jpg","pic"
"646","608bfa04767191aa4d57bfd8",79,85,5,74,81,"Rocks 1.jpg","pic"
"647","608bfa04767191aa4d57bfd8",0,12,7,5,7,"Garbage dump 1.jpg","pic"
"648","608bfa04767191aa4d57bfd8",97,85,2,81,91,"Rainbow 2.jpg","pic"
"649","608bfa04767191aa4d57bfd8",2,7,7,9,8,"Ferret 1.jpg","pic"
"650","608bfa04767191aa4d57bfd8",14,18,4,5,9,"Snow 1.jpg","pic"
"651","608bfa04767191aa4d57bfd8",5,9,5,9,5,"Fire 10.jpg","pic"
"652","608bfa04767191aa4d57bfd8",100,76,44,82,94,"Heart 3.jpg","pic"
"653","608bfa04767191aa4d57bfd8",9,15,16,15,18,"Toilet 4.jpg","pic"
"654","608bfa04767191aa4d57bfd8",7,18,11,19,6,"Flood 1.jpg","pic"
"655","608bfa04767191aa4d57bfd8",4,14,11,10,12,"Destruction 2.jpg","pic"
"656","608bfa04767191aa4d57bfd8",77,86,23,86,92,"Lake 12.jpg","pic"
"657","65e64c08cd1bf3d6ab957af7",6,0,0,0,0,"Rainbow 2.jpg","pic"
"658","65e64c08cd1bf3d6ab957af7",0,0,0,0,0,"Flood 1.jpg","pic"
"659","65e64c08cd1bf3d6ab957af7",0,0,0,0,18,"Dirt 1.jpg","pic"
"660","65e64c08cd1bf3d6ab957af7",0,0,0,0,17,"Fire 10.jpg","pic"
"661","65e64c08cd1bf3d6ab957af7",0,0,0,0,0,"Ferret 1.jpg","pic"
"662","65e64c08cd1bf3d6ab957af7",33,27,0,6,57,"Rocks 1.jpg","pic"
"663","65e64c08cd1bf3d6ab957af7",0,0,0,0,0,"Prison 2.jpg","pic"
"664","65e64c08cd1bf3d6ab957af7",0,0,0,0,0,"Fireworks 6.jpg","pic"
"665","65e64c08cd1bf3d6ab957af7",0,0,0,0,0,"Toilet 4.jpg","pic"
"666","65e64c08cd1bf3d6ab957af7",0,0,35,0,0,"Garbage dump 1.jpg","pic"
"667","65e64c08cd1bf3d6ab957af7",66,31,54,46,31,"Clean 1.jpg","pic"
"668","65e64c08cd1bf3d6ab957af7",0,0,0,0,0,"Destruction 2.jpg","pic"
"669","65e64c08cd1bf3d6ab957af7",0,0,0,0,0,"Beach 1.jpg","pic"
"670","65e64c08cd1bf3d6ab957af7",49,78,59,68,58,"Lake 12.jpg","pic"
"671","65e64c08cd1bf3d6ab957af7",0,27,0,0,0,"Heart 3.jpg","pic"
"672","65e64c08cd1bf3d6ab957af7",0,22,0,0,54,"Snow 1.jpg","pic"
"673","6637b21240220c2517fffa1a",39,19,12,9,14,"Rocks 1.jpg","pic"
"674","6637b21240220c2517fffa1a",27,0,54,38,0,"Fireworks 6.jpg","pic"
"675","6637b21240220c2517fffa1a",8,11,0,0,31,"Snow 1.jpg","pic"
"676","6637b21240220c2517fffa1a",8,0,0,23,9,"Rainbow 2.jpg","pic"
"677","6637b21240220c2517fffa1a",32,71,19,72,63,"Beach 1.jpg","pic"
"678","6637b21240220c2517fffa1a",0,0,7,0,0,"Ferret 1.jpg","pic"
"679","6637b21240220c2517fffa1a",52,15,6,14,77,"Clean 1.jpg","pic"
"680","6637b21240220c2517fffa1a",0,0,0,0,0,"Destruction 2.jpg","pic"
"681","6637b21240220c2517fffa1a",0,0,0,0,0,"Toilet 4.jpg","pic"
"682","6637b21240220c2517fffa1a",0,0,0,0,0,"Garbage dump 1.jpg","pic"
"683","6637b21240220c2517fffa1a",28,6,21,15,5,"Lake 12.jpg","pic"
"684","6637b21240220c2517fffa1a",0,0,0,0,0,"Dirt 1.jpg","pic"
"685","6637b21240220c2517fffa1a",0,0,0,0,34,"Heart 3.jpg","pic"
"686","6637b21240220c2517fffa1a",0,0,0,0,0,"Fire 10.jpg","pic"
"687","6637b21240220c2517fffa1a",0,0,0,0,0,"Prison 2.jpg","pic"
"688","6637b21240220c2517fffa1a",0,0,0,0,0,"Flood 1.jpg","pic"
"689","675df96b5f9fce8b022ec062",37,58,29,50,58,"Rocks 1.jpg","pic"
"690","675df96b5f9fce8b022ec062",39,68,39,31,61,"Snow 1.jpg","pic"
"691","675df96b5f9fce8b022ec062",63,89,64,73,100,"Clean 1.jpg","pic"
"692","675df96b5f9fce8b022ec062",32,38,27,10,30,"Lake 12.jpg","pic"
"693","675df96b5f9fce8b022ec062",0,0,0,1,0,"Ferret 1.jpg","pic"
"694","675df96b5f9fce8b022ec062",79,70,78,74,78,"Beach 1.jpg","pic"
"695","675df96b5f9fce8b022ec062",42,20,23,20,40,"Toilet 4.jpg","pic"
"696","675df96b5f9fce8b022ec062",26,31,16,15,26,"Garbage dump 1.jpg","pic"
"697","675df96b5f9fce8b022ec062",3,5,5,5,10,"Flood 1.jpg","pic"
"698","675df96b5f9fce8b022ec062",10,25,19,6,37,"Dirt 1.jpg","pic"
"699","675df96b5f9fce8b022ec062",57,48,46,54,59,"Heart 3.jpg","pic"
"700","675df96b5f9fce8b022ec062",7,2,6,2,6,"Fire 10.jpg","pic"
"701","675df96b5f9fce8b022ec062",8,6,5,5,8,"Fireworks 6.jpg","pic"
"702","675df96b5f9fce8b022ec062",22,17,7,13,20,"Rainbow 2.jpg","pic"
"703","675df96b5f9fce8b022ec062",6,3,2,3,2,"Destruction 2.jpg","pic"
"704","675df96b5f9fce8b022ec062",3,2,2,3,4,"Prison 2.jpg","pic"
"705","5bb10d4288f88d0001f3d151",1,2,25,2,2,"Garbage dump 1.jpg","pic"
"706","5bb10d4288f88d0001f3d151",1,3,3,2,1,"Destruction 2.jpg","pic"
"707","5bb10d4288f88d0001f3d151",25,2,2,2,88,"Snow 1.jpg","pic"
"708","5bb10d4288f88d0001f3d151",97,100,61,99,99,"Beach 1.jpg","pic"
"709","5bb10d4288f88d0001f3d151",3,2,78,1,2,"Ferret 1.jpg","pic"
"710","5bb10d4288f88d0001f3d151",100,97,99,99,20,"Fireworks 6.jpg","pic"
"711","5bb10d4288f88d0001f3d151",99,99,31,99,99,"Clean 1.jpg","pic"
"712","5bb10d4288f88d0001f3d151",99,99,58,100,98,"Lake 12.jpg","pic"
"713","5bb10d4288f88d0001f3d151",14,21,27,19,46,"Heart 3.jpg","pic"
"714","5bb10d4288f88d0001f3d151",2,1,12,1,2,"Flood 1.jpg","pic"
"715","5bb10d4288f88d0001f3d151",1,2,1,2,1,"Dirt 1.jpg","pic"
"716","5bb10d4288f88d0001f3d151",2,1,1,2,0,"Toilet 4.jpg","pic"
"717","5bb10d4288f88d0001f3d151",87,99,62,89,61,"Rocks 1.jpg","pic"
"718","5bb10d4288f88d0001f3d151",1,2,6,0,1,"Fire 10.jpg","pic"
"719","5bb10d4288f88d0001f3d151",3,2,2,2,1,"Prison 2.jpg","pic"
"720","5bb10d4288f88d0001f3d151",99,98,65,99,93,"Rainbow 2.jpg","pic"
"721","64d91e8194411a7a62506acc",46,65,33,28,84,"Fireworks 6.jpg","pic"
"722","64d91e8194411a7a62506acc",5,7,9,5,15,"Destruction 2.jpg","pic"
"723","64d91e8194411a7a62506acc",6,7,7,5,14,"Fire 10.jpg","pic"
"724","64d91e8194411a7a62506acc",49,35,7,6,34,"Prison 2.jpg","pic"
"725","64d91e8194411a7a62506acc",7,7,8,10,8,"Garbage dump 1.jpg","pic"
"726","64d91e8194411a7a62506acc",79,92,22,50,92,"Beach 1.jpg","pic"
"727","64d91e8194411a7a62506acc",61,92,38,50,93,"Lake 12.jpg","pic"
"728","64d91e8194411a7a62506acc",3,89,5,25,94,"Snow 1.jpg","pic"
"729","64d91e8194411a7a62506acc",8,25,8,3,53,"Toilet 4.jpg","pic"
"730","64d91e8194411a7a62506acc",66,88,7,50,90,"Rocks 1.jpg","pic"
"731","64d91e8194411a7a62506acc",7,88,33,57,91,"Heart 3.jpg","pic"
"732","64d91e8194411a7a62506acc",85,94,7,64,83,"Rainbow 2.jpg","pic"
"733","64d91e8194411a7a62506acc",20,32,3,10,97,"Clean 1.jpg","pic"
"734","64d91e8194411a7a62506acc",52,48,6,6,91,"Dirt 1.jpg","pic"
"735","64d91e8194411a7a62506acc",5,7,8,6,24,"Ferret 1.jpg","pic"
"736","64d91e8194411a7a62506acc",7,5,5,4,7,"Flood 1.jpg","pic"
"737","68423451060859f8ce31ee5a",85,79,86,75,77,"Fire 10.jpg","pic"
"738","68423451060859f8ce31ee5a",59,51,61,64,56,"Lake 12.jpg","pic"
"739","68423451060859f8ce31ee5a",25,69,81,62,59,"Rainbow 2.jpg","pic"
"740","68423451060859f8ce31ee5a",6,16,6,24,12,"Flood 1.jpg","pic"
"741","68423451060859f8ce31ee5a",91,87,92,90,88,"Beach 1.jpg","pic"
"742","68423451060859f8ce31ee5a",8,5,44,11,17,"Ferret 1.jpg","pic"
"743","68423451060859f8ce31ee5a",12,70,49,50,69,"Rocks 1.jpg","pic"
"744","68423451060859f8ce31ee5a",25,65,77,64,79,"Toilet 4.jpg","pic"
"745","68423451060859f8ce31ee5a",49,46,49,50,66,"Dirt 1.jpg","pic"
"746","68423451060859f8ce31ee5a",58,56,49,27,72,"Destruction 2.jpg","pic"
"747","68423451060859f8ce31ee5a",33,73,79,67,52,"Prison 2.jpg","pic"
"748","68423451060859f8ce31ee5a",12,5,61,4,20,"Garbage dump 1.jpg","pic"
"749","68423451060859f8ce31ee5a",52,67,47,57,71,"Heart 3.jpg","pic"
"750","68423451060859f8ce31ee5a",64,63,55,67,68,"Snow 1.jpg","pic"
"751","68423451060859f8ce31ee5a",52,56,42,46,57,"Fireworks 6.jpg","pic"
"752","68423451060859f8ce31ee5a",20,49,42,46,75,"Clean 1.jpg","pic"
"753","67d94f701307ac0887c44909",13,51,46,14,35,"Rocks 1.jpg","pic"
"754","67d94f701307ac0887c44909",15,63,50,37,35,"Clean 1.jpg","pic"
"755","67d94f701307ac0887c44909",42,53,46,30,55,"Fireworks 6.jpg","pic"
"756","67d94f701307ac0887c44909",17,4,2,7,0,"Toilet 4.jpg","pic"
"757","67d94f701307ac0887c44909",62,82,94,54,80,"Beach 1.jpg","pic"
"758","67d94f701307ac0887c44909",14,6,11,4,23,"Flood 1.jpg","pic"
"759","67d94f701307ac0887c44909",25,15,7,14,18,"Ferret 1.jpg","pic"
"760","67d94f701307ac0887c44909",60,54,22,54,66,"Dirt 1.jpg","pic"
"761","67d94f701307ac0887c44909",80,84,72,62,70,"Rainbow 2.jpg","pic"
"762","67d94f701307ac0887c44909",49,41,23,32,22,"Fire 10.jpg","pic"
"763","67d94f701307ac0887c44909",31,51,16,25,23,"Destruction 2.jpg","pic"
"764","67d94f701307ac0887c44909",62,45,39,39,47,"Prison 2.jpg","pic"
"765","67d94f701307ac0887c44909",71,63,46,62,74,"Lake 12.jpg","pic"
"766","67d94f701307ac0887c44909",47,25,39,26,37,"Heart 3.jpg","pic"
"767","67d94f701307ac0887c44909",35,70,50,51,50,"Snow 1.jpg","pic"
"768","67d94f701307ac0887c44909",40,3,15,9,12,"Garbage dump 1.jpg","pic"
"769","64275e53f51a5ed4f6b7d019",0,0,0,0,0,"Clean 1.jpg","pic"
"770","64275e53f51a5ed4f6b7d019",0,0,0,0,0,"Rocks 1.jpg","pic"
"771","64275e53f51a5ed4f6b7d019",0,0,0,0,0,"Rainbow 2.jpg","pic"
"772","64275e53f51a5ed4f6b7d019",0,0,0,0,0,"Prison 2.jpg","pic"
"773","64275e53f51a5ed4f6b7d019",0,0,0,0,0,"Destruction 2.jpg","pic"
"774","64275e53f51a5ed4f6b7d019",0,0,0,0,0,"Fire 10.jpg","pic"
"775","64275e53f51a5ed4f6b7d019",0,0,0,0,0,"Garbage dump 1.jpg","pic"
"776","64275e53f51a5ed4f6b7d019",0,0,0,0,0,"Beach 1.jpg","pic"
"777","64275e53f51a5ed4f6b7d019",0,0,0,0,0,"Lake 12.jpg","pic"
"778","64275e53f51a5ed4f6b7d019",0,0,0,0,0,"Ferret 1.jpg","pic"
"779","64275e53f51a5ed4f6b7d019",0,0,0,0,0,"Flood 1.jpg","pic"
"780","64275e53f51a5ed4f6b7d019",0,0,0,0,0,"Toilet 4.jpg","pic"
"781","64275e53f51a5ed4f6b7d019",0,0,0,0,0,"Dirt 1.jpg","pic"
"782","64275e53f51a5ed4f6b7d019",0,0,0,0,0,"Heart 3.jpg","pic"
"783","64275e53f51a5ed4f6b7d019",0,0,0,0,0,"Fireworks 6.jpg","pic"
"784","64275e53f51a5ed4f6b7d019",0,0,0,0,0,"Snow 1.jpg","pic"
"785","67e92dbd9199b830fbecdf2e",42,64,60,44,75,"Snow 1.jpg","pic"
"786","67e92dbd9199b830fbecdf2e",71,66,56,74,92,"Clean 1.jpg","pic"
"787","67e92dbd9199b830fbecdf2e",81,85,85,77,87,"Beach 1.jpg","pic"
"788","67e92dbd9199b830fbecdf2e",65,68,73,76,69,"Rainbow 2.jpg","pic"
"789","67e92dbd9199b830fbecdf2e",5,5,7,10,5,"Flood 1.jpg","pic"
"790","67e92dbd9199b830fbecdf2e",3,2,6,2,7,"Destruction 2.jpg","pic"
"791","67e92dbd9199b830fbecdf2e",6,8,9,9,8,"Fire 10.jpg","pic"
"792","67e92dbd9199b830fbecdf2e",45,53,56,55,75,"Heart 3.jpg","pic"
"793","67e92dbd9199b830fbecdf2e",20,27,19,24,19,"Dirt 1.jpg","pic"
"794","67e92dbd9199b830fbecdf2e",6,22,13,22,14,"Toilet 4.jpg","pic"
"795","67e92dbd9199b830fbecdf2e",72,74,71,79,76,"Rocks 1.jpg","pic"
"796","67e92dbd9199b830fbecdf2e",70,70,62,55,75,"Ferret 1.jpg","pic"
"797","67e92dbd9199b830fbecdf2e",5,8,8,5,15,"Prison 2.jpg","pic"
"798","67e92dbd9199b830fbecdf2e",66,78,88,75,98,"Lake 12.jpg","pic"
"799","67e92dbd9199b830fbecdf2e",5,9,14,10,8,"Garbage dump 1.jpg","pic"
"800","67e92dbd9199b830fbecdf2e",88,80,81,78,85,"Fireworks 6.jpg","pic"
"801","5c1655c7ad682500017070d2",73,46,14,16,57,"Lake 12.jpg","pic"
"802","5c1655c7ad682500017070d2",50,52,0,13,53,"Clean 1.jpg","pic"
"803","5c1655c7ad682500017070d2",7,6,0,0,21,"Flood 1.jpg","pic"
"804","5c1655c7ad682500017070d2",50,50,0,5,50,"Heart 3.jpg","pic"
"805","5c1655c7ad682500017070d2",5,9,0,0,13,"Prison 2.jpg","pic"
"806","5c1655c7ad682500017070d2",2,10,0,0,27,"Garbage dump 1.jpg","pic"
"807","5c1655c7ad682500017070d2",0,0,0,0,7,"Destruction 2.jpg","pic"
"808","5c1655c7ad682500017070d2",63,50,57,44,53,"Fireworks 6.jpg","pic"
"809","5c1655c7ad682500017070d2",0,0,0,0,5,"Ferret 1.jpg","pic"
"810","5c1655c7ad682500017070d2",58,53,61,44,62,"Beach 1.jpg","pic"
"811","5c1655c7ad682500017070d2",0,0,0,0,12,"Toilet 4.jpg","pic"
"812","5c1655c7ad682500017070d2",6,7,0,0,17,"Dirt 1.jpg","pic"
"813","5c1655c7ad682500017070d2",55,56,15,40,52,"Rainbow 2.jpg","pic"
"814","5c1655c7ad682500017070d2",47,49,0,14,51,"Rocks 1.jpg","pic"
"815","5c1655c7ad682500017070d2",0,0,0,0,5,"Fire 10.jpg","pic"
"816","5c1655c7ad682500017070d2",42,52,0,0,53,"Snow 1.jpg","pic"
"817","67104c7deff954cb22438402",38,0,1,0,0,"Rainbow 2.jpg","pic"
"818","67104c7deff954cb22438402",54,0,0,0,39,"Heart 3.jpg","pic"
"819","67104c7deff954cb22438402",20,66,0,0,38,"Snow 1.jpg","pic"
"820","67104c7deff954cb22438402",0,0,0,0,0,"Dirt 1.jpg","pic"
"821","67104c7deff954cb22438402",77,64,82,87,0,"Fireworks 6.jpg","pic"
"822","67104c7deff954cb22438402",85,86,82,88,94,"Beach 1.jpg","pic"
"823","67104c7deff954cb22438402",30,0,0,0,71,"Rocks 1.jpg","pic"
"824","67104c7deff954cb22438402",0,0,0,0,0,"Ferret 1.jpg","pic"
"825","67104c7deff954cb22438402",0,0,0,0,0,"Fire 10.jpg","pic"
"826","67104c7deff954cb22438402",0,0,0,0,9,"Clean 1.jpg","pic"
"827","67104c7deff954cb22438402",0,0,0,0,0,"Garbage dump 1.jpg","pic"
"828","67104c7deff954cb22438402",69,59,3,98,100,"Lake 12.jpg","pic"
"829","67104c7deff954cb22438402",0,0,0,0,0,"Toilet 4.jpg","pic"
"830","67104c7deff954cb22438402",0,0,0,0,0,"Destruction 2.jpg","pic"
"831","67104c7deff954cb22438402",0,0,0,0,0,"Prison 2.jpg","pic"
"832","67104c7deff954cb22438402",0,0,1,0,0,"Flood 1.jpg","pic"
"833","671acd4b14ebfd595a8b6c09",3,0,0,0,0,"Fire 10.jpg","pic"
"834","671acd4b14ebfd595a8b6c09",12,3,6,5,12,"Toilet 4.jpg","pic"
"835","671acd4b14ebfd595a8b6c09",63,42,64,62,69,"Fireworks 6.jpg","pic"
"836","671acd4b14ebfd595a8b6c09",0,0,0,0,0,"Destruction 2.jpg","pic"
"837","671acd4b14ebfd595a8b6c09",0,18,0,10,52,"Snow 1.jpg","pic"
"838","671acd4b14ebfd595a8b6c09",0,0,0,0,50,"Garbage dump 1.jpg","pic"
"839","671acd4b14ebfd595a8b6c09",48,34,74,53,66,"Lake 12.jpg","pic"
"840","671acd4b14ebfd595a8b6c09",17,49,24,14,57,"Rocks 1.jpg","pic"
"841","671acd4b14ebfd595a8b6c09",0,0,0,0,20,"Ferret 1.jpg","pic"
"842","671acd4b14ebfd595a8b6c09",51,80,46,47,42,"Clean 1.jpg","pic"
"843","671acd4b14ebfd595a8b6c09",0,0,0,0,50,"Dirt 1.jpg","pic"
"844","671acd4b14ebfd595a8b6c09",0,35,40,0,25,"Prison 2.jpg","pic"
"845","671acd4b14ebfd595a8b6c09",0,30,0,0,20,"Heart 3.jpg","pic"
"846","671acd4b14ebfd595a8b6c09",0,0,0,0,0,"Flood 1.jpg","pic"
"847","671acd4b14ebfd595a8b6c09",52,50,38,32,49,"Beach 1.jpg","pic"
"848","671acd4b14ebfd595a8b6c09",81,48,77,72,58,"Rainbow 2.jpg","pic"
"849","5e42f74f5b772a18434cabf7",1,0,2,0,0,"Fire 10.jpg","pic"
"850","5e42f74f5b772a18434cabf7",1,0,0,0,0,"Destruction 2.jpg","pic"
"851","5e42f74f5b772a18434cabf7",0,0,0,0,0,"Garbage dump 1.jpg","pic"
"852","5e42f74f5b772a18434cabf7",40,36,2,36,82,"Beach 1.jpg","pic"
"853","5e42f74f5b772a18434cabf7",0,0,2,0,0,"Ferret 1.jpg","pic"
"854","5e42f74f5b772a18434cabf7",0,0,0,0,58,"Heart 3.jpg","pic"
"855","5e42f74f5b772a18434cabf7",34,52,0,50,77,"Lake 12.jpg","pic"
"856","5e42f74f5b772a18434cabf7",6,0,0,0,5,"Clean 1.jpg","pic"
"857","5e42f74f5b772a18434cabf7",35,71,0,20,68,"Rainbow 2.jpg","pic"
"858","5e42f74f5b772a18434cabf7",0,0,0,0,0,"Flood 1.jpg","pic"
"859","5e42f74f5b772a18434cabf7",25,63,0,20,63,"Snow 1.jpg","pic"
"860","5e42f74f5b772a18434cabf7",50,14,19,71,0,"Fireworks 6.jpg","pic"
"861","5e42f74f5b772a18434cabf7",0,0,0,0,0,"Toilet 4.jpg","pic"
"862","5e42f74f5b772a18434cabf7",0,0,0,0,0,"Prison 2.jpg","pic"
"863","5e42f74f5b772a18434cabf7",6,15,0,4,4,"Rocks 1.jpg","pic"
"864","5e42f74f5b772a18434cabf7",0,10,0,0,0,"Dirt 1.jpg","pic"
"865","63026053812fe400f2929701",10,3,0,2,4,"Prison 2.jpg","pic"
"866","63026053812fe400f2929701",6,9,6,9,23,"Rocks 1.jpg","pic"
"867","63026053812fe400f2929701",45,67,5,35,74,"Snow 1.jpg","pic"
"868","63026053812fe400f2929701",67,60,63,76,64,"Fireworks 6.jpg","pic"
"869","63026053812fe400f2929701",0,0,0,0,0,"Flood 1.jpg","pic"
"870","63026053812fe400f2929701",0,0,0,0,0,"Fire 10.jpg","pic"
"871","63026053812fe400f2929701",57,63,12,42,69,"Lake 12.jpg","pic"
"872","63026053812fe400f2929701",9,22,2,15,65,"Heart 3.jpg","pic"
"873","63026053812fe400f2929701",0,0,0,0,0,"Dirt 1.jpg","pic"
"874","63026053812fe400f2929701",0,0,0,0,0,"Destruction 2.jpg","pic"
"875","63026053812fe400f2929701",49,64,21,51,80,"Beach 1.jpg","pic"
"876","63026053812fe400f2929701",17,47,11,43,66,"Rainbow 2.jpg","pic"
"877","63026053812fe400f2929701",0,0,0,0,0,"Garbage dump 1.jpg","pic"
"878","63026053812fe400f2929701",23,17,3,18,47,"Clean 1.jpg","pic"
"879","63026053812fe400f2929701",0,0,20,0,0,"Ferret 1.jpg","pic"
"880","63026053812fe400f2929701",0,0,21,0,0,"Toilet 4.jpg","pic"
"881","674c9df1e01bfe1baae76974",18,60,26,37,36,"Prison 2.jpg","pic"
"882","674c9df1e01bfe1baae76974",3,29,10,14,8,"Dirt 1.jpg","pic"
"883","674c9df1e01bfe1baae76974",48,23,32,21,37,"Toilet 4.jpg","pic"
"884","674c9df1e01bfe1baae76974",24,30,30,32,15,"Clean 1.jpg","pic"
"885","674c9df1e01bfe1baae76974",82,73,78,74,92,"Fire 10.jpg","pic"
"886","674c9df1e01bfe1baae76974",55,78,90,81,83,"Beach 1.jpg","pic"
"887","674c9df1e01bfe1baae76974",24,71,69,32,77,"Snow 1.jpg","pic"
"888","674c9df1e01bfe1baae76974",60,53,78,66,68,"Garbage dump 1.jpg","pic"
"889","674c9df1e01bfe1baae76974",41,50,52,44,64,"Ferret 1.jpg","pic"
"890","674c9df1e01bfe1baae76974",71,68,70,75,54,"Flood 1.jpg","pic"
"891","674c9df1e01bfe1baae76974",60,63,65,65,55,"Heart 3.jpg","pic"
"892","674c9df1e01bfe1baae76974",64,71,100,66,56,"Lake 12.jpg","pic"
"893","674c9df1e01bfe1baae76974",51,73,72,26,68,"Rainbow 2.jpg","pic"
"894","674c9df1e01bfe1baae76974",42,54,73,57,40,"Destruction 2.jpg","pic"
"895","674c9df1e01bfe1baae76974",42,85,61,88,64,"Rocks 1.jpg","pic"
"896","674c9df1e01bfe1baae76974",67,79,78,70,73,"Fireworks 6.jpg","pic"
"897","5ef3e3c01ece121907ee721a",0,0,1,0,0,"Garbage dump 1.jpg","pic"
"898","5ef3e3c01ece121907ee721a",61,36,0,41,60,"Rainbow 2.jpg","pic"
"899","5ef3e3c01ece121907ee721a",0,0,0,0,20,"Clean 1.jpg","pic"
"900","5ef3e3c01ece121907ee721a",0,0,0,0,20,"Dirt 1.jpg","pic"
"901","5ef3e3c01ece121907ee721a",0,0,0,0,0,"Toilet 4.jpg","pic"
"902","5ef3e3c01ece121907ee721a",0,0,0,0,50,"Snow 1.jpg","pic"
"903","5ef3e3c01ece121907ee721a",0,0,0,0,0,"Fire 10.jpg","pic"
"904","5ef3e3c01ece121907ee721a",0,61,0,22,38,"Lake 12.jpg","pic"
"905","5ef3e3c01ece121907ee721a",0,0,0,0,0,"Prison 2.jpg","pic"
"906","5ef3e3c01ece121907ee721a",49,48,0,0,73,"Beach 1.jpg","pic"
"907","5ef3e3c01ece121907ee721a",41,0,21,74,0,"Fireworks 6.jpg","pic"
"908","5ef3e3c01ece121907ee721a",0,0,14,0,0,"Ferret 1.jpg","pic"
"909","5ef3e3c01ece121907ee721a",0,0,0,0,0,"Heart 3.jpg","pic"
"910","5ef3e3c01ece121907ee721a",0,23,0,0,53,"Rocks 1.jpg","pic"
"911","5ef3e3c01ece121907ee721a",0,0,0,0,0,"Flood 1.jpg","pic"
"912","5ef3e3c01ece121907ee721a",0,0,0,0,0,"Destruction 2.jpg","pic"
"913","66699f85a69c5a20e26d0446",18,9,35,9,18,"Toilet 4.jpg","pic"
"914","66699f85a69c5a20e26d0446",81,85,86,80,88,"Fireworks 6.jpg","pic"
"915","66699f85a69c5a20e26d0446",82,92,80,88,94,"Lake 12.jpg","pic"
"916","66699f85a69c5a20e26d0446",6,9,12,9,8,"Dirt 1.jpg","pic"
"917","66699f85a69c5a20e26d0446",7,11,8,6,10,"Prison 2.jpg","pic"
"918","66699f85a69c5a20e26d0446",7,6,9,7,8,"Fire 10.jpg","pic"
"919","66699f85a69c5a20e26d0446",5,7,8,9,7,"Flood 1.jpg","pic"
"920","66699f85a69c5a20e26d0446",94,90,94,88,95,"Beach 1.jpg","pic"
"921","66699f85a69c5a20e26d0446",3,4,11,3,10,"Garbage dump 1.jpg","pic"
"922","66699f85a69c5a20e26d0446",9,8,8,10,9,"Ferret 1.jpg","pic"
"923","66699f85a69c5a20e26d0446",12,7,9,7,8,"Snow 1.jpg","pic"
"924","66699f85a69c5a20e26d0446",84,78,85,77,87,"Rainbow 2.jpg","pic"
"925","66699f85a69c5a20e26d0446",80,74,72,69,83,"Heart 3.jpg","pic"
"926","66699f85a69c5a20e26d0446",6,6,11,7,7,"Destruction 2.jpg","pic"
"927","66699f85a69c5a20e26d0446",79,82,86,76,86,"Clean 1.jpg","pic"
"928","66699f85a69c5a20e26d0446",83,79,85,78,83,"Rocks 1.jpg","pic"
"929","60bff9298f56d55c8ecd9adf",0,1,0,0,50,"Ferret 1.jpg","pic"
"930","60bff9298f56d55c8ecd9adf",0,0,0,0,0,"Toilet 4.jpg","pic"
"931","60bff9298f56d55c8ecd9adf",55,77,0,42,90,"Rainbow 2.jpg","pic"
"932","60bff9298f56d55c8ecd9adf",0,0,0,0,0,"Prison 2.jpg","pic"
"933","60bff9298f56d55c8ecd9adf",0,0,0,0,0,"Flood 1.jpg","pic"
"934","60bff9298f56d55c8ecd9adf",0,0,0,0,0,"Dirt 1.jpg","pic"
"935","60bff9298f56d55c8ecd9adf",66,50,29,56,40,"Fireworks 6.jpg","pic"
"936","60bff9298f56d55c8ecd9adf",100,100,71,100,100,"Lake 12.jpg","pic"
"937","60bff9298f56d55c8ecd9adf",100,100,100,100,100,"Rocks 1.jpg","pic"
"938","60bff9298f56d55c8ecd9adf",0,0,0,0,0,"Garbage dump 1.jpg","pic"
"939","60bff9298f56d55c8ecd9adf",0,0,0,0,0,"Heart 3.jpg","pic"
"940","60bff9298f56d55c8ecd9adf",0,0,0,0,35,"Clean 1.jpg","pic"
"941","60bff9298f56d55c8ecd9adf",74,86,50,73,86,"Snow 1.jpg","pic"
"942","60bff9298f56d55c8ecd9adf",0,0,0,0,0,"Fire 10.jpg","pic"
"943","60bff9298f56d55c8ecd9adf",78,92,71,84,100,"Beach 1.jpg","pic"
"944","60bff9298f56d55c8ecd9adf",0,0,0,0,0,"Destruction 2.jpg","pic"
"945","5f6b8930b9d9530b1b065360",7,20,2,36,64,"Snow 1.jpg","pic"
"946","5f6b8930b9d9530b1b065360",38,37,11,0,47,"Prison 2.jpg","pic"
"947","5f6b8930b9d9530b1b065360",0,0,0,0,0,"Flood 1.jpg","pic"
"948","5f6b8930b9d9530b1b065360",0,0,0,0,0,"Ferret 1.jpg","pic"
"949","5f6b8930b9d9530b1b065360",30,0,33,0,3,"Fireworks 6.jpg","pic"
"950","5f6b8930b9d9530b1b065360",50,41,0,11,46,"Rainbow 2.jpg","pic"
"951","5f6b8930b9d9530b1b065360",0,0,7,0,0,"Dirt 1.jpg","pic"
"952","5f6b8930b9d9530b1b065360",0,0,0,0,0,"Garbage dump 1.jpg","pic"
"953","5f6b8930b9d9530b1b065360",0,13,1,0,36,"Clean 1.jpg","pic"
"954","5f6b8930b9d9530b1b065360",0,0,0,0,5,"Heart 3.jpg","pic"
"955","5f6b8930b9d9530b1b065360",0,0,0,0,0,"Destruction 2.jpg","pic"
"956","5f6b8930b9d9530b1b065360",26,59,0,20,55,"Lake 12.jpg","pic"
"957","5f6b8930b9d9530b1b065360",0,0,0,0,0,"Fire 10.jpg","pic"
"958","5f6b8930b9d9530b1b065360",0,0,0,0,0,"Toilet 4.jpg","pic"
"959","5f6b8930b9d9530b1b065360",59,62,0,19,67,"Beach 1.jpg","pic"
"960","5f6b8930b9d9530b1b065360",0,18,0,0,33,"Rocks 1.jpg","pic"
"961","6754212bee2fa6f30842fb86",69,83,57,80,69,"Dirt 1.jpg","pic"
"962","6754212bee2fa6f30842fb86",50,74,43,55,75,"Heart 3.jpg","pic"
"963","6754212bee2fa6f30842fb86",64,78,71,64,69,"Snow 1.jpg","pic"
"964","6754212bee2fa6f30842fb86",60,78,68,71,73,"Prison 2.jpg","pic"
"965","6754212bee2fa6f30842fb86",46,68,55,60,59,"Destruction 2.jpg","pic"
"966","6754212bee2fa6f30842fb86",82,81,62,70,77,"Rocks 1.jpg","pic"
"967","6754212bee2fa6f30842fb86",88,80,75,76,96,"Toilet 4.jpg","pic"
"968","6754212bee2fa6f30842fb86",89,79,91,73,99,"Garbage dump 1.jpg","pic"
"969","6754212bee2fa6f30842fb86",77,83,89,72,93,"Rainbow 2.jpg","pic"
"970","6754212bee2fa6f30842fb86",89,79,83,77,96,"Lake 12.jpg","pic"
"971","6754212bee2fa6f30842fb86",62,93,90,87,83,"Clean 1.jpg","pic"
"972","6754212bee2fa6f30842fb86",100,90,78,86,75,"Beach 1.jpg","pic"
"973","6754212bee2fa6f30842fb86",95,81,79,85,88,"Fire 10.jpg","pic"
"974","6754212bee2fa6f30842fb86",85,87,81,100,74,"Ferret 1.jpg","pic"
"975","6754212bee2fa6f30842fb86",86,80,86,84,90,"Flood 1.jpg","pic"
"976","6754212bee2fa6f30842fb86",88,90,78,68,100,"Fireworks 6.jpg","pic"
"977","5d697ea28572fc000126b779",4,23,11,3,8,"Destruction 2.jpg","pic"
"978","5d697ea28572fc000126b779",4,20,2,3,21,"Dirt 1.jpg","pic"
"979","5d697ea28572fc000126b779",2,2,3,2,50,"Garbage dump 1.jpg","pic"
"980","5d697ea28572fc000126b779",82,55,24,85,84,"Lake 12.jpg","pic"
"981","5d697ea28572fc000126b779",97,100,0,47,85,"Snow 1.jpg","pic"
"982","5d697ea28572fc000126b779",3,1,4,2,2,"Ferret 1.jpg","pic"
"983","5d697ea28572fc000126b779",2,43,4,2,3,"Fire 10.jpg","pic"
"984","5d697ea28572fc000126b779",97,84,21,89,92,"Clean 1.jpg","pic"
"985","5d697ea28572fc000126b779",98,70,4,99,97,"Rainbow 2.jpg","pic"
"986","5d697ea28572fc000126b779",24,51,2,48,68,"Rocks 1.jpg","pic"
"987","5d697ea28572fc000126b779",4,18,16,7,20,"Prison 2.jpg","pic"
"988","5d697ea28572fc000126b779",99,67,0,98,95,"Beach 1.jpg","pic"
"989","5d697ea28572fc000126b779",6,47,3,3,96,"Heart 3.jpg","pic"
"990","5d697ea28572fc000126b779",84,99,2,53,83,"Fireworks 6.jpg","pic"
"991","5d697ea28572fc000126b779",3,6,7,4,5,"Flood 1.jpg","pic"
"992","5d697ea28572fc000126b779",1,1,6,4,2,"Toilet 4.jpg","pic"
"993","663dff19b292e4e2c5c11a1b",25,25,24,20,25,"Destruction 2.jpg","pic"
"994","663dff19b292e4e2c5c11a1b",89,45,56,56,80,"Rainbow 2.jpg","pic"
"995","663dff19b292e4e2c5c11a1b",21,14,10,16,14,"Garbage dump 1.jpg","pic"
"996","663dff19b292e4e2c5c11a1b",6,13,25,12,11,"Ferret 1.jpg","pic"
"997","663dff19b292e4e2c5c11a1b",53,39,38,36,66,"Rocks 1.jpg","pic"
"998","663dff19b292e4e2c5c11a1b",13,12,10,15,10,"Dirt 1.jpg","pic"
"999","663dff19b292e4e2c5c11a1b",5,6,8,7,8,"Prison 2.jpg","pic"
"1000","663dff19b292e4e2c5c11a1b",7,7,19,6,7,"Fire 10.jpg","pic"
"1001","663dff19b292e4e2c5c11a1b",49,58,48,66,35,"Fireworks 6.jpg","pic"
"1002","663dff19b292e4e2c5c11a1b",2,10,0,0,0,"Clean 1.jpg","pic"
"1003","663dff19b292e4e2c5c11a1b",100,100,100,100,100,"Beach 1.jpg","pic"
"1004","663dff19b292e4e2c5c11a1b",31,36,21,32,45,"Heart 3.jpg","pic"
"1005","663dff19b292e4e2c5c11a1b",0,0,0,0,0,"Flood 1.jpg","pic"
"1006","663dff19b292e4e2c5c11a1b",20,36,18,23,28,"Snow 1.jpg","pic"
"1007","663dff19b292e4e2c5c11a1b",0,0,0,0,0,"Toilet 4.jpg","pic"
"1008","663dff19b292e4e2c5c11a1b",90,86,72,75,41,"Lake 12.jpg","pic"
"1009","67001b28a9974a03b6ffec54",0,0,0,0,40,"Prison 2.jpg","pic"
"1010","67001b28a9974a03b6ffec54",20,0,0,0,65,"Ferret 1.jpg","pic"
"1011","67001b28a9974a03b6ffec54",5,50,0,5,90,"Snow 1.jpg","pic"
"1012","67001b28a9974a03b6ffec54",0,0,0,0,80,"Fireworks 6.jpg","pic"
"1013","67001b28a9974a03b6ffec54",0,0,0,0,65,"Clean 1.jpg","pic"
"1014","67001b28a9974a03b6ffec54",5,0,0,1,80,"Rocks 1.jpg","pic"
"1015","67001b28a9974a03b6ffec54",5,50,0,0,90,"Lake 12.jpg","pic"
"1016","67001b28a9974a03b6ffec54",0,0,0,0,50,"Garbage dump 1.jpg","pic"
"1017","67001b28a9974a03b6ffec54",10,0,0,0,50,"Beach 1.jpg","pic"
"1018","67001b28a9974a03b6ffec54",0,0,0,0,30,"Flood 1.jpg","pic"
"1019","67001b28a9974a03b6ffec54",0,0,0,0,0,"Destruction 2.jpg","pic"
"1020","67001b28a9974a03b6ffec54",0,0,0,0,50,"Heart 3.jpg","pic"
"1021","67001b28a9974a03b6ffec54",5,0,0,0,20,"Fire 10.jpg","pic"
"1022","67001b28a9974a03b6ffec54",0,0,0,0,50,"Dirt 1.jpg","pic"
"1023","67001b28a9974a03b6ffec54",0,0,0,0,10,"Toilet 4.jpg","pic"
"1024","67001b28a9974a03b6ffec54",15,75,10,5,80,"Rainbow 2.jpg","pic"
"1025","5db0a97f127d4000117cdfa0",2,2,2,1,2,"Dirt 1.jpg","pic"
"1026","5db0a97f127d4000117cdfa0",3,36,0,0,55,"Heart 3.jpg","pic"
"1027","5db0a97f127d4000117cdfa0",0,0,0,0,0,"Destruction 2.jpg","pic"
"1028","5db0a97f127d4000117cdfa0",1,0,0,0,0,"Fire 10.jpg","pic"
"1029","5db0a97f127d4000117cdfa0",67,60,51,50,75,"Beach 1.jpg","pic"
"1030","5db0a97f127d4000117cdfa0",50,77,49,35,68,"Rainbow 2.jpg","pic"
"1031","5db0a97f127d4000117cdfa0",50,50,0,16,52,"Clean 1.jpg","pic"
"1032","5db0a97f127d4000117cdfa0",50,51,41,32,55,"Lake 12.jpg","pic"
"1033","5db0a97f127d4000117cdfa0",50,50,0,0,51,"Rocks 1.jpg","pic"
"1034","5db0a97f127d4000117cdfa0",0,0,0,0,0,"Flood 1.jpg","pic"
"1035","5db0a97f127d4000117cdfa0",22,51,0,0,50,"Snow 1.jpg","pic"
"1036","5db0a97f127d4000117cdfa0",0,0,0,0,0,"Garbage dump 1.jpg","pic"
"1037","5db0a97f127d4000117cdfa0",51,50,71,55,35,"Fireworks 6.jpg","pic"
"1038","5db0a97f127d4000117cdfa0",0,0,0,0,0,"Prison 2.jpg","pic"
"1039","5db0a97f127d4000117cdfa0",0,0,0,0,0,"Toilet 4.jpg","pic"
"1040","5db0a97f127d4000117cdfa0",0,0,0,0,0,"Ferret 1.jpg","pic"
"1041","56d39b96da2aaa000dab6178",20,9,34,5,20,"Ferret 1.jpg","pic"
"1042","56d39b96da2aaa000dab6178",8,6,36,5,10,"Toilet 4.jpg","pic"
"1043","56d39b96da2aaa000dab6178",58,71,63,58,74,"Beach 1.jpg","pic"
"1044","56d39b96da2aaa000dab6178",45,38,44,42,45,"Fireworks 6.jpg","pic"
"1045","56d39b96da2aaa000dab6178",6,5,4,2,7,"Prison 2.jpg","pic"
"1046","56d39b96da2aaa000dab6178",30,56,3,28,55,"Snow 1.jpg","pic"
"1047","56d39b96da2aaa000dab6178",48,45,8,47,54,"Rocks 1.jpg","pic"
"1048","56d39b96da2aaa000dab6178",12,7,65,6,11,"Fire 10.jpg","pic"
"1049","56d39b96da2aaa000dab6178",58,61,21,50,61,"Heart 3.jpg","pic"
"1050","56d39b96da2aaa000dab6178",5,4,37,3,8,"Garbage dump 1.jpg","pic"
"1051","56d39b96da2aaa000dab6178",42,39,32,30,45,"Clean 1.jpg","pic"
"1052","56d39b96da2aaa000dab6178",79,81,81,77,79,"Lake 12.jpg","pic"
"1053","56d39b96da2aaa000dab6178",5,7,32,6,7,"Destruction 2.jpg","pic"
"1054","56d39b96da2aaa000dab6178",2,4,43,6,6,"Flood 1.jpg","pic"
"1055","56d39b96da2aaa000dab6178",76,67,61,64,71,"Rainbow 2.jpg","pic"
"1056","56d39b96da2aaa000dab6178",11,41,3,3,30,"Dirt 1.jpg","pic"
"1057","67296c945c2b23b3b4f9d079",0,0,0,0,0,"Flood 1.jpg","pic"
"1058","67296c945c2b23b3b4f9d079",0,0,0,0,0,"Garbage dump 1.jpg","pic"
"1059","67296c945c2b23b3b4f9d079",0,1,0,0,1,"Rainbow 2.jpg","pic"
"1060","67296c945c2b23b3b4f9d079",0,0,0,0,0,"Toilet 4.jpg","pic"
"1061","67296c945c2b23b3b4f9d079",0,0,0,0,0,"Destruction 2.jpg","pic"
"1062","67296c945c2b23b3b4f9d079",64,29,32,73,24,"Snow 1.jpg","pic"
"1063","67296c945c2b23b3b4f9d079",73,41,0,22,29,"Heart 3.jpg","pic"
"1064","67296c945c2b23b3b4f9d079",75,0,75,66,0,"Fireworks 6.jpg","pic"
"1065","67296c945c2b23b3b4f9d079",64,72,50,42,83,"Clean 1.jpg","pic"
"1066","67296c945c2b23b3b4f9d079",81,62,29,64,66,"Lake 12.jpg","pic"
"1067","67296c945c2b23b3b4f9d079",0,0,0,0,10,"Dirt 1.jpg","pic"
"1068","67296c945c2b23b3b4f9d079",0,0,0,0,0,"Ferret 1.jpg","pic"
"1069","67296c945c2b23b3b4f9d079",0,0,0,0,0,"Prison 2.jpg","pic"
"1070","67296c945c2b23b3b4f9d079",0,0,0,0,0,"Rocks 1.jpg","pic"
"1071","67296c945c2b23b3b4f9d079",6,22,10,10,11,"Fire 10.jpg","pic"
"1072","67296c945c2b23b3b4f9d079",87,81,62,88,70,"Beach 1.jpg","pic"
"1073","5d0d16d991270800010b7dd7",21,50,14,38,43,"Clean 1.jpg","pic"
"1074","5d0d16d991270800010b7dd7",14,24,27,17,33,"Heart 3.jpg","pic"
"1075","5d0d16d991270800010b7dd7",4,4,3,6,3,"Dirt 1.jpg","pic"
"1076","5d0d16d991270800010b7dd7",5,3,31,1,4,"Flood 1.jpg","pic"
"1077","5d0d16d991270800010b7dd7",17,91,20,41,82,"Snow 1.jpg","pic"
"1078","5d0d16d991270800010b7dd7",20,8,3,8,2,"Fireworks 6.jpg","pic"
"1079","5d0d16d991270800010b7dd7",5,5,45,4,0,"Fire 10.jpg","pic"
"1080","5d0d16d991270800010b7dd7",6,4,11,4,17,"Garbage dump 1.jpg","pic"
"1081","5d0d16d991270800010b7dd7",6,1,7,5,3,"Destruction 2.jpg","pic"
"1082","5d0d16d991270800010b7dd7",82,90,13,34,93,"Beach 1.jpg","pic"
"1083","5d0d16d991270800010b7dd7",3,1,6,3,5,"Prison 2.jpg","pic"
"1084","5d0d16d991270800010b7dd7",35,67,18,41,75,"Lake 12.jpg","pic"
"1085","5d0d16d991270800010b7dd7",6,39,9,3,41,"Rocks 1.jpg","pic"
"1086","5d0d16d991270800010b7dd7",29,66,70,34,26,"Ferret 1.jpg","pic"
"1087","5d0d16d991270800010b7dd7",83,88,86,80,82,"Rainbow 2.jpg","pic"
"1088","5d0d16d991270800010b7dd7",19,10,26,18,37,"Toilet 4.jpg","pic"
"1089","650b03136ab3d4c832d98b71",0,0,0,0,25,"Snow 1.jpg","pic"
"1090","650b03136ab3d4c832d98b71",0,0,0,0,0,"Garbage dump 1.jpg","pic"
"1091","650b03136ab3d4c832d98b71",0,0,0,0,0,"Fire 10.jpg","pic"
"1092","650b03136ab3d4c832d98b71",0,0,0,0,0,"Clean 1.jpg","pic"
"1093","650b03136ab3d4c832d98b71",0,0,0,0,75,"Dirt 1.jpg","pic"
"1094","650b03136ab3d4c832d98b71",25,31,22,41,47,"Fireworks 6.jpg","pic"
"1095","650b03136ab3d4c832d98b71",0,0,0,0,0,"Prison 2.jpg","pic"
"1096","650b03136ab3d4c832d98b71",45,51,30,31,73,"Beach 1.jpg","pic"
"1097","650b03136ab3d4c832d98b71",0,0,0,0,0,"Toilet 4.jpg","pic"
"1098","650b03136ab3d4c832d98b71",0,0,0,0,20,"Heart 3.jpg","pic"
"1099","650b03136ab3d4c832d98b71",0,0,0,0,0,"Ferret 1.jpg","pic"
"1100","650b03136ab3d4c832d98b71",61,50,15,32,81,"Rainbow 2.jpg","pic"
"1101","650b03136ab3d4c832d98b71",74,64,32,37,77,"Lake 12.jpg","pic"
"1102","650b03136ab3d4c832d98b71",0,0,0,0,0,"Destruction 2.jpg","pic"
"1103","650b03136ab3d4c832d98b71",0,0,0,0,0,"Flood 1.jpg","pic"
"1104","650b03136ab3d4c832d98b71",16,20,8,12,55,"Rocks 1.jpg","pic"
"1105","66c3f9c82a62ec48ab383e47",89,91,64,88,82,"Clean 1.jpg","pic"
"1106","66c3f9c82a62ec48ab383e47",13,74,80,65,81,"Heart 3.jpg","pic"
"1107","66c3f9c82a62ec48ab383e47",77,92,84,84,71,"Beach 1.jpg","pic"
"1108","66c3f9c82a62ec48ab383e47",8,16,21,18,17,"Garbage dump 1.jpg","pic"
"1109","66c3f9c82a62ec48ab383e47",10,27,59,17,27,"Dirt 1.jpg","pic"
"1110","66c3f9c82a62ec48ab383e47",8,26,23,18,24,"Prison 2.jpg","pic"
"1111","66c3f9c82a62ec48ab383e47",11,12,19,19,13,"Destruction 2.jpg","pic"
"1112","66c3f9c82a62ec48ab383e47",95,100,99,96,95,"Rainbow 2.jpg","pic"
"1113","66c3f9c82a62ec48ab383e47",94,92,84,86,96,"Lake 12.jpg","pic"
"1114","66c3f9c82a62ec48ab383e47",0,13,12,10,8,"Fire 10.jpg","pic"
"1115","66c3f9c82a62ec48ab383e47",81,84,56,83,71,"Fireworks 6.jpg","pic"
"1116","66c3f9c82a62ec48ab383e47",4,20,7,12,19,"Ferret 1.jpg","pic"
"1117","66c3f9c82a62ec48ab383e47",1,18,10,9,4,"Toilet 4.jpg","pic"
"1118","66c3f9c82a62ec48ab383e47",95,91,84,81,95,"Rocks 1.jpg","pic"
"1119","66c3f9c82a62ec48ab383e47",4,12,12,20,11,"Flood 1.jpg","pic"
"1120","66c3f9c82a62ec48ab383e47",95,97,88,86,85,"Snow 1.jpg","pic"
"1121","5981b8259c83ca00012bddcb",64,78,61,88,92,"Lake 12.jpg","pic"
"1122","5981b8259c83ca00012bddcb",0,3,3,9,9,"Flood 1.jpg","pic"
"1123","5981b8259c83ca00012bddcb",30,56,22,67,55,"Snow 1.jpg","pic"
"1124","5981b8259c83ca00012bddcb",2,3,4,5,24,"Garbage dump 1.jpg","pic"
"1125","5981b8259c83ca00012bddcb",19,14,0,61,67,"Rocks 1.jpg","pic"
"1126","5981b8259c83ca00012bddcb",8,19,0,25,36,"Toilet 4.jpg","pic"
"1127","5981b8259c83ca00012bddcb",4,15,8,12,12,"Fire 10.jpg","pic"
"1128","5981b8259c83ca00012bddcb",33,62,10,75,74,"Heart 3.jpg","pic"
"1129","5981b8259c83ca00012bddcb",58,71,36,82,79,"Rainbow 2.jpg","pic"
"1130","5981b8259c83ca00012bddcb",61,72,25,75,66,"Clean 1.jpg","pic"
"1131","5981b8259c83ca00012bddcb",0,0,6,6,4,"Destruction 2.jpg","pic"
"1132","5981b8259c83ca00012bddcb",0,3,0,4,14,"Prison 2.jpg","pic"
"1133","5981b8259c83ca00012bddcb",0,0,3,3,9,"Ferret 1.jpg","pic"
"1134","5981b8259c83ca00012bddcb",51,51,0,52,62,"Dirt 1.jpg","pic"
"1135","5981b8259c83ca00012bddcb",67,51,29,64,76,"Beach 1.jpg","pic"
"1136","5981b8259c83ca00012bddcb",65,61,33,77,58,"Fireworks 6.jpg","pic"
"1137","67ef2077db9c1beab477cbed",5,8,11,6,10,"Destruction 2.jpg","pic"
"1138","67ef2077db9c1beab477cbed",11,19,17,19,13,"Dirt 1.jpg","pic"
"1139","67ef2077db9c1beab477cbed",95,85,91,87,77,"Rainbow 2.jpg","pic"
"1140","67ef2077db9c1beab477cbed",91,79,90,74,90,"Clean 1.jpg","pic"
"1141","67ef2077db9c1beab477cbed",94,92,79,81,86,"Heart 3.jpg","pic"
"1142","67ef2077db9c1beab477cbed",2,14,9,11,10,"Fire 10.jpg","pic"
"1143","67ef2077db9c1beab477cbed",13,15,32,19,19,"Prison 2.jpg","pic"
"1144","67ef2077db9c1beab477cbed",19,21,30,29,27,"Garbage dump 1.jpg","pic"
"1145","67ef2077db9c1beab477cbed",94,94,93,88,98,"Lake 12.jpg","pic"
"1146","67ef2077db9c1beab477cbed",100,100,76,95,91,"Snow 1.jpg","pic"
"1147","67ef2077db9c1beab477cbed",0,10,7,0,9,"Flood 1.jpg","pic"
"1148","67ef2077db9c1beab477cbed",95,97,96,100,84,"Fireworks 6.jpg","pic"
"1149","67ef2077db9c1beab477cbed",88,92,82,82,90,"Rocks 1.jpg","pic"
"1150","67ef2077db9c1beab477cbed",19,16,11,8,21,"Ferret 1.jpg","pic"
"1151","67ef2077db9c1beab477cbed",13,20,12,9,17,"Toilet 4.jpg","pic"
"1152","67ef2077db9c1beab477cbed",94,90,91,85,98,"Beach 1.jpg","pic"
"1153","63174b4e900ff6c7b0444f29",1,0,7,0,0,"Destruction 2.jpg","pic"
"1154","63174b4e900ff6c7b0444f29",46,65,6,24,82,"Rainbow 2.jpg","pic"
"1155","63174b4e900ff6c7b0444f29",0,0,5,0,3,"Heart 3.jpg","pic"
"1156","63174b4e900ff6c7b0444f29",50,51,86,42,22,"Fireworks 6.jpg","pic"
"1157","63174b4e900ff6c7b0444f29",61,86,0,51,87,"Beach 1.jpg","pic"
"1158","63174b4e900ff6c7b0444f29",6,11,0,15,46,"Rocks 1.jpg","pic"
"1159","63174b4e900ff6c7b0444f29",0,0,19,0,0,"Prison 2.jpg","pic"
"1160","63174b4e900ff6c7b0444f29",0,0,6,0,0,"Ferret 1.jpg","pic"
"1161","63174b4e900ff6c7b0444f29",6,10,1,3,53,"Snow 1.jpg","pic"
"1162","63174b4e900ff6c7b0444f29",53,58,10,50,85,"Lake 12.jpg","pic"
"1163","63174b4e900ff6c7b0444f29",0,0,11,0,0,"Dirt 1.jpg","pic"
"1164","63174b4e900ff6c7b0444f29",0,0,6,0,0,"Flood 1.jpg","pic"
"1165","63174b4e900ff6c7b0444f29",0,0,8,0,0,"Toilet 4.jpg","pic"
"1166","63174b4e900ff6c7b0444f29",0,0,0,0,0,"Garbage dump 1.jpg","pic"
"1167","63174b4e900ff6c7b0444f29",51,73,10,36,74,"Clean 1.jpg","pic"
"1168","63174b4e900ff6c7b0444f29",0,0,0,0,0,"Fire 10.jpg","pic"
"1169","56e6a66af6ed900006a5867c",10,10,29,11,17,"Heart 3.jpg","pic"
"1170","56e6a66af6ed900006a5867c",19,7,9,7,15,"Flood 1.jpg","pic"
"1171","56e6a66af6ed900006a5867c",12,9,14,5,9,"Prison 2.jpg","pic"
"1172","56e6a66af6ed900006a5867c",49,43,6,27,84,"Rocks 1.jpg","pic"
"1173","56e6a66af6ed900006a5867c",62,55,36,37,73,"Snow 1.jpg","pic"
"1174","56e6a66af6ed900006a5867c",15,11,4,7,74,"Dirt 1.jpg","pic"
"1175","56e6a66af6ed900006a5867c",65,86,57,53,94,"Lake 12.jpg","pic"
"1176","56e6a66af6ed900006a5867c",9,4,55,3,7,"Ferret 1.jpg","pic"
"1177","56e6a66af6ed900006a5867c",13,4,36,4,10,"Toilet 4.jpg","pic"
"1178","56e6a66af6ed900006a5867c",8,3,45,0,7,"Fire 10.jpg","pic"
"1179","56e6a66af6ed900006a5867c",69,73,66,88,83,"Rainbow 2.jpg","pic"
"1180","56e6a66af6ed900006a5867c",48,43,6,39,89,"Clean 1.jpg","pic"
"1181","56e6a66af6ed900006a5867c",0,9,32,10,10,"Garbage dump 1.jpg","pic"
"1182","56e6a66af6ed900006a5867c",5,4,36,3,1,"Destruction 2.jpg","pic"
"1183","56e6a66af6ed900006a5867c",70,62,73,75,64,"Fireworks 6.jpg","pic"
"1184","56e6a66af6ed900006a5867c",76,73,0,59,96,"Beach 1.jpg","pic"
"1185","55bb9ae7fdf99b26d27fda01",16,19,15,14,19,"Fire 10.jpg","pic"
"1186","55bb9ae7fdf99b26d27fda01",46,57,31,53,69,"Rocks 1.jpg","pic"
"1187","55bb9ae7fdf99b26d27fda01",8,15,21,18,14,"Dirt 1.jpg","pic"
"1188","55bb9ae7fdf99b26d27fda01",70,23,76,19,26,"Fireworks 6.jpg","pic"
"1189","55bb9ae7fdf99b26d27fda01",7,8,10,7,10,"Flood 1.jpg","pic"
"1190","55bb9ae7fdf99b26d27fda01",68,70,67,69,52,"Rainbow 2.jpg","pic"
"1191","55bb9ae7fdf99b26d27fda01",15,25,19,23,48,"Heart 3.jpg","pic"
"1192","55bb9ae7fdf99b26d27fda01",15,60,52,67,75,"Beach 1.jpg","pic"
"1193","55bb9ae7fdf99b26d27fda01",69,69,25,72,82,"Clean 1.jpg","pic"
"1194","55bb9ae7fdf99b26d27fda01",11,21,19,17,26,"Toilet 4.jpg","pic"
"1195","55bb9ae7fdf99b26d27fda01",13,60,14,12,22,"Garbage dump 1.jpg","pic"
"1196","55bb9ae7fdf99b26d27fda01",84,82,19,92,72,"Lake 12.jpg","pic"
"1197","55bb9ae7fdf99b26d27fda01",37,55,21,42,48,"Snow 1.jpg","pic"
"1198","55bb9ae7fdf99b26d27fda01",9,10,13,9,21,"Destruction 2.jpg","pic"
"1199","55bb9ae7fdf99b26d27fda01",8,18,22,19,47,"Ferret 1.jpg","pic"
"1200","55bb9ae7fdf99b26d27fda01",8,14,15,12,19,"Prison 2.jpg","pic"
"1201","67e944da95c1ca7712027013",43,59,69,58,68,"Beach 1.jpg","pic"
"1202","67e944da95c1ca7712027013",56,92,78,57,63,"Rocks 1.jpg","pic"
"1203","67e944da95c1ca7712027013",67,64,82,70,91,"Clean 1.jpg","pic"
"1204","67e944da95c1ca7712027013",78,58,56,58,25,"Fire 10.jpg","pic"
"1205","67e944da95c1ca7712027013",80,66,85,75,75,"Toilet 4.jpg","pic"
"1206","67e944da95c1ca7712027013",75,57,78,76,77,"Prison 2.jpg","pic"
"1207","67e944da95c1ca7712027013",54,71,72,83,63,"Fireworks 6.jpg","pic"
"1208","67e944da95c1ca7712027013",62,76,60,76,70,"Ferret 1.jpg","pic"
"1209","67e944da95c1ca7712027013",71,79,85,87,59,"Garbage dump 1.jpg","pic"
"1210","67e944da95c1ca7712027013",69,77,52,87,72,"Rainbow 2.jpg","pic"
"1211","67e944da95c1ca7712027013",67,75,78,86,66,"Dirt 1.jpg","pic"
"1212","67e944da95c1ca7712027013",84,81,68,86,71,"Heart 3.jpg","pic"
"1213","67e944da95c1ca7712027013",69,84,80,87,14,"Lake 12.jpg","pic"
"1214","67e944da95c1ca7712027013",81,88,89,94,84,"Snow 1.jpg","pic"
"1215","67e944da95c1ca7712027013",73,10,88,83,87,"Destruction 2.jpg","pic"
"1216","67e944da95c1ca7712027013",82,89,85,92,25,"Flood 1.jpg","pic"
"1217","66b504cd131c63b36b682b8d",0,0,0,5,0,"Ferret 1.jpg","pic"
"1218","66b504cd131c63b36b682b8d",0,0,0,0,0,"Fire 10.jpg","pic"
"1219","66b504cd131c63b36b682b8d",0,0,0,0,0,"Flood 1.jpg","pic"
"1220","66b504cd131c63b36b682b8d",0,0,0,0,0,"Toilet 4.jpg","pic"
"1221","66b504cd131c63b36b682b8d",23,41,5,19,0,"Rocks 1.jpg","pic"
"1222","66b504cd131c63b36b682b8d",0,0,0,0,0,"Prison 2.jpg","pic"
"1223","66b504cd131c63b36b682b8d",0,0,0,0,0,"Dirt 1.jpg","pic"
"1224","66b504cd131c63b36b682b8d",0,0,0,0,0,"Destruction 2.jpg","pic"
"1225","66b504cd131c63b36b682b8d",6,17,0,11,27,"Clean 1.jpg","pic"
"1226","66b504cd131c63b36b682b8d",0,0,0,0,0,"Garbage dump 1.jpg","pic"
"1227","66b504cd131c63b36b682b8d",0,5,0,0,0,"Fireworks 6.jpg","pic"
"1228","66b504cd131c63b36b682b8d",50,51,13,10,54,"Beach 1.jpg","pic"
"1229","66b504cd131c63b36b682b8d",30,28,7,16,56,"Heart 3.jpg","pic"
"1230","66b504cd131c63b36b682b8d",0,0,0,0,0,"Snow 1.jpg","pic"
"1231","66b504cd131c63b36b682b8d",19,46,9,8,65,"Lake 12.jpg","pic"
"1232","66b504cd131c63b36b682b8d",51,72,20,17,74,"Rainbow 2.jpg","pic"
"1233","65c12e15de9c876d82fcd335",100,100,91,100,42,"Fireworks 6.jpg","pic"
"1234","65c12e15de9c876d82fcd335",100,100,51,81,100,"Clean 1.jpg","pic"
"1235","65c12e15de9c876d82fcd335",0,0,0,0,0,"Toilet 4.jpg","pic"
"1236","65c12e15de9c876d82fcd335",0,0,0,0,0,"Fire 10.jpg","pic"
"1237","65c12e15de9c876d82fcd335",100,100,100,100,100,"Beach 1.jpg","pic"
"1238","65c12e15de9c876d82fcd335",0,0,0,0,0,"Ferret 1.jpg","pic"
"1239","65c12e15de9c876d82fcd335",6,29,29,33,7,"Rocks 1.jpg","pic"
"1240","65c12e15de9c876d82fcd335",0,0,0,0,0,"Garbage dump 1.jpg","pic"
"1241","65c12e15de9c876d82fcd335",0,0,0,0,0,"Destruction 2.jpg","pic"
"1242","65c12e15de9c876d82fcd335",65,36,39,41,26,"Snow 1.jpg","pic"
"1243","65c12e15de9c876d82fcd335",0,0,0,0,0,"Flood 1.jpg","pic"
"1244","65c12e15de9c876d82fcd335",100,100,79,100,100,"Lake 12.jpg","pic"
"1245","65c12e15de9c876d82fcd335",100,100,67,70,100,"Rainbow 2.jpg","pic"
"1246","65c12e15de9c876d82fcd335",0,0,0,0,0,"Prison 2.jpg","pic"
"1247","65c12e15de9c876d82fcd335",0,0,0,0,0,"Dirt 1.jpg","pic"
"1248","65c12e15de9c876d82fcd335",43,25,19,29,41,"Heart 3.jpg","pic"
"1249","5e9a2251a69f690b9cc31ede",15,2,17,2,0,"Fireworks 6.jpg","pic"
"1250","5e9a2251a69f690b9cc31ede",48,36,33,37,46,"Snow 1.jpg","pic"
"1251","5e9a2251a69f690b9cc31ede",16,42,0,0,87,"Rocks 1.jpg","pic"
"1252","5e9a2251a69f690b9cc31ede",0,0,2,1,0,"Garbage dump 1.jpg","pic"
"1253","5e9a2251a69f690b9cc31ede",48,60,55,52,58,"Beach 1.jpg","pic"
"1254","5e9a2251a69f690b9cc31ede",0,1,0,2,10,"Dirt 1.jpg","pic"
"1255","5e9a2251a69f690b9cc31ede",78,79,15,79,69,"Rainbow 2.jpg","pic"
"1256","5e9a2251a69f690b9cc31ede",57,44,0,46,45,"Clean 1.jpg","pic"
"1257","5e9a2251a69f690b9cc31ede",1,4,13,2,1,"Ferret 1.jpg","pic"
"1258","5e9a2251a69f690b9cc31ede",1,1,1,2,2,"Flood 1.jpg","pic"
"1259","5e9a2251a69f690b9cc31ede",17,1,3,2,2,"Toilet 4.jpg","pic"
"1260","5e9a2251a69f690b9cc31ede",12,31,0,20,54,"Heart 3.jpg","pic"
"1261","5e9a2251a69f690b9cc31ede",4,0,1,1,0,"Prison 2.jpg","pic"
"1262","5e9a2251a69f690b9cc31ede",93,81,60,86,92,"Lake 12.jpg","pic"
"1263","5e9a2251a69f690b9cc31ede",1,1,2,1,1,"Fire 10.jpg","pic"
"1264","5e9a2251a69f690b9cc31ede",1,1,1,3,0,"Destruction 2.jpg","pic"
"1265","5b9efb73d1ff7a00013bfe84",0,0,0,0,0,"Flood 1.jpg","pic"
"1266","5b9efb73d1ff7a00013bfe84",0,0,0,0,7,"Prison 2.jpg","pic"
"1267","5b9efb73d1ff7a00013bfe84",0,1,0,0,15,"Lake 12.jpg","pic"
"1268","5b9efb73d1ff7a00013bfe84",0,0,0,0,0,"Garbage dump 1.jpg","pic"
"1269","5b9efb73d1ff7a00013bfe84",8,0,5,0,0,"Destruction 2.jpg","pic"
"1270","5b9efb73d1ff7a00013bfe84",1,8,0,0,17,"Dirt 1.jpg","pic"
"1271","5b9efb73d1ff7a00013bfe84",1,0,50,0,0,"Toilet 4.jpg","pic"
"1272","5b9efb73d1ff7a00013bfe84",16,10,17,3,39,"Beach 1.jpg","pic"
"1273","5b9efb73d1ff7a00013bfe84",13,23,22,0,0,"Ferret 1.jpg","pic"
"1274","5b9efb73d1ff7a00013bfe84",16,24,0,1,49,"Rainbow 2.jpg","pic"
"1275","5b9efb73d1ff7a00013bfe84",0,0,33,0,0,"Fireworks 6.jpg","pic"
"1276","5b9efb73d1ff7a00013bfe84",1,11,0,0,37,"Rocks 1.jpg","pic"
"1277","5b9efb73d1ff7a00013bfe84",11,11,0,5,54,"Clean 1.jpg","pic"
"1278","5b9efb73d1ff7a00013bfe84",0,19,0,0,37,"Snow 1.jpg","pic"
"1279","5b9efb73d1ff7a00013bfe84",0,5,0,0,12,"Heart 3.jpg","pic"
"1280","5b9efb73d1ff7a00013bfe84",5,21,0,0,37,"Fire 10.jpg","pic"
"1281","677c358117d1ac70048fd3c6",75,71,50,74,77,"Snow 1.jpg","pic"
"1282","677c358117d1ac70048fd3c6",47,77,73,43,73,"Flood 1.jpg","pic"
"1283","677c358117d1ac70048fd3c6",65,67,69,60,69,"Clean 1.jpg","pic"
"1284","677c358117d1ac70048fd3c6",30,43,40,47,32,"Prison 2.jpg","pic"
"1285","677c358117d1ac70048fd3c6",66,66,67,68,65,"Beach 1.jpg","pic"
"1286","677c358117d1ac70048fd3c6",34,45,38,20,47,"Destruction 2.jpg","pic"
"1287","677c358117d1ac70048fd3c6",69,62,64,64,67,"Rocks 1.jpg","pic"
"1288","677c358117d1ac70048fd3c6",68,69,52,73,67,"Rainbow 2.jpg","pic"
"1289","677c358117d1ac70048fd3c6",77,73,76,78,32,"Fireworks 6.jpg","pic"
"1290","677c358117d1ac70048fd3c6",53,46,60,24,36,"Fire 10.jpg","pic"
"1291","677c358117d1ac70048fd3c6",42,61,32,41,34,"Garbage dump 1.jpg","pic"
"1292","677c358117d1ac70048fd3c6",50,50,25,50,48,"Heart 3.jpg","pic"
"1293","677c358117d1ac70048fd3c6",93,29,36,29,52,"Toilet 4.jpg","pic"
"1294","677c358117d1ac70048fd3c6",34,34,77,14,22,"Ferret 1.jpg","pic"
"1295","677c358117d1ac70048fd3c6",71,70,53,69,78,"Lake 12.jpg","pic"
"1296","677c358117d1ac70048fd3c6",52,61,45,46,42,"Dirt 1.jpg","pic"
"1297","67e73cc7cf25bb683f36f62c",67,69,69,72,66,"Toilet 4.jpg","pic"
"1298","67e73cc7cf25bb683f36f62c",59,69,56,67,68,"Rocks 1.jpg","pic"
"1299","67e73cc7cf25bb683f36f62c",54,60,70,57,65,"Clean 1.jpg","pic"
"1300","67e73cc7cf25bb683f36f62c",61,70,69,65,66,"Lake 12.jpg","pic"
"1301","67e73cc7cf25bb683f36f62c",62,55,20,36,63,"Destruction 2.jpg","pic"
"1302","67e73cc7cf25bb683f36f62c",15,24,46,31,25,"Snow 1.jpg","pic"
"1303","67e73cc7cf25bb683f36f62c",80,79,84,72,78,"Fire 10.jpg","pic"
"1304","67e73cc7cf25bb683f36f62c",97,100,97,91,99,"Beach 1.jpg","pic"
"1305","67e73cc7cf25bb683f36f62c",58,62,58,61,3,"Heart 3.jpg","pic"
"1306","67e73cc7cf25bb683f36f62c",60,61,64,60,60,"Rainbow 2.jpg","pic"
"1307","67e73cc7cf25bb683f36f62c",18,2,1,1,4,"Garbage dump 1.jpg","pic"
"1308","67e73cc7cf25bb683f36f62c",75,78,67,68,58,"Flood 1.jpg","pic"
"1309","67e73cc7cf25bb683f36f62c",24,27,10,29,7,"Prison 2.jpg","pic"
"1310","67e73cc7cf25bb683f36f62c",73,90,83,82,22,"Fireworks 6.jpg","pic"
"1311","67e73cc7cf25bb683f36f62c",12,2,25,26,21,"Ferret 1.jpg","pic"
"1312","67e73cc7cf25bb683f36f62c",1,2,14,3,14,"Dirt 1.jpg","pic"
"1313","676334ae578dda6ef33f5886",19,0,50,0,0,"Ferret 1.jpg","pic"
"1314","676334ae578dda6ef33f5886",99,100,100,100,87,"Fire 10.jpg","pic"
"1315","676334ae578dda6ef33f5886",100,100,85,100,77,"Beach 1.jpg","pic"
"1316","676334ae578dda6ef33f5886",100,95,86,94,68,"Lake 12.jpg","pic"
"1317","676334ae578dda6ef33f5886",89,84,92,91,80,"Flood 1.jpg","pic"
"1318","676334ae578dda6ef33f5886",50,10,49,42,47,"Snow 1.jpg","pic"
"1319","676334ae578dda6ef33f5886",81,49,51,53,47,"Fireworks 6.jpg","pic"
"1320","676334ae578dda6ef33f5886",95,92,78,92,86,"Rainbow 2.jpg","pic"
"1321","676334ae578dda6ef33f5886",76,100,70,100,57,"Heart 3.jpg","pic"
"1322","676334ae578dda6ef33f5886",100,100,86,100,85,"Destruction 2.jpg","pic"
"1323","676334ae578dda6ef33f5886",0,0,0,0,1,"Garbage dump 1.jpg","pic"
"1324","676334ae578dda6ef33f5886",50,49,49,51,49,"Prison 2.jpg","pic"
"1325","676334ae578dda6ef33f5886",5,0,16,0,9,"Toilet 4.jpg","pic"
"1326","676334ae578dda6ef33f5886",70,75,61,78,59,"Clean 1.jpg","pic"
"1327","676334ae578dda6ef33f5886",0,64,74,66,73,"Dirt 1.jpg","pic"
"1328","676334ae578dda6ef33f5886",0,10,49,95,45,"Rocks 1.jpg","pic"
"1329","63268ad93b6ecc1acf782a21",0,0,0,0,67,"Rocks 1.jpg","pic"
"1330","63268ad93b6ecc1acf782a21",0,0,0,0,54,"Toilet 4.jpg","pic"
"1331","63268ad93b6ecc1acf782a21",0,0,0,0,0,"Dirt 1.jpg","pic"
"1332","63268ad93b6ecc1acf782a21",0,0,0,0,0,"Ferret 1.jpg","pic"
"1333","63268ad93b6ecc1acf782a21",49,52,22,57,76,"Lake 12.jpg","pic"
"1334","63268ad93b6ecc1acf782a21",0,0,0,0,0,"Snow 1.jpg","pic"
"1335","63268ad93b6ecc1acf782a21",42,54,31,48,83,"Fireworks 6.jpg","pic"
"1336","63268ad93b6ecc1acf782a21",14,31,0,12,76,"Clean 1.jpg","pic"
"1337","63268ad93b6ecc1acf782a21",0,22,0,0,26,"Heart 3.jpg","pic"
"1338","63268ad93b6ecc1acf782a21",0,0,0,0,0,"Garbage dump 1.jpg","pic"
"1339","63268ad93b6ecc1acf782a21",0,0,0,0,12,"Fire 10.jpg","pic"
"1340","63268ad93b6ecc1acf782a21",44,51,18,56,86,"Rainbow 2.jpg","pic"
"1341","63268ad93b6ecc1acf782a21",0,0,0,0,0,"Destruction 2.jpg","pic"
"1342","63268ad93b6ecc1acf782a21",0,0,0,0,0,"Flood 1.jpg","pic"
"1343","63268ad93b6ecc1acf782a21",0,0,0,0,0,"Prison 2.jpg","pic"
"1344","63268ad93b6ecc1acf782a21",72,61,68,68,94,"Beach 1.jpg","pic"
"1345","663e4e95e7e0acca1b1cd005",0,0,1,0,1,"Garbage dump 1.jpg","pic"
"1346","663e4e95e7e0acca1b1cd005",0,0,0,0,0,"Ferret 1.jpg","pic"
"1347","663e4e95e7e0acca1b1cd005",94,100,60,100,100,"Rainbow 2.jpg","pic"
"1348","663e4e95e7e0acca1b1cd005",7,12,19,11,12,"Lake 12.jpg","pic"
"1349","663e4e95e7e0acca1b1cd005",45,71,0,58,100,"Clean 1.jpg","pic"
"1350","663e4e95e7e0acca1b1cd005",0,0,0,0,0,"Toilet 4.jpg","pic"
"1351","663e4e95e7e0acca1b1cd005",0,0,0,0,0,"Fire 10.jpg","pic"
"1352","663e4e95e7e0acca1b1cd005",57,66,46,43,0,"Fireworks 6.jpg","pic"
"1353","663e4e95e7e0acca1b1cd005",0,100,3,100,100,"Beach 1.jpg","pic"
"1354","663e4e95e7e0acca1b1cd005",0,0,0,0,36,"Flood 1.jpg","pic"
"1355","663e4e95e7e0acca1b1cd005",0,0,0,0,0,"Destruction 2.jpg","pic"
"1356","663e4e95e7e0acca1b1cd005",28,0,7,0,17,"Prison 2.jpg","pic"
"1357","663e4e95e7e0acca1b1cd005",0,0,0,0,44,"Rocks 1.jpg","pic"
"1358","663e4e95e7e0acca1b1cd005",0,1,1,0,1,"Snow 1.jpg","pic"
"1359","663e4e95e7e0acca1b1cd005",0,17,34,0,43,"Heart 3.jpg","pic"
"1360","663e4e95e7e0acca1b1cd005",0,0,0,0,0,"Dirt 1.jpg","pic"
"1361","671d5f4c6dae15f98003d7b2",60,50,70,60,80,"Lake 12.jpg","pic"
"1362","671d5f4c6dae15f98003d7b2",87,83,88,72,90,"Clean 1.jpg","pic"
"1363","671d5f4c6dae15f98003d7b2",22,95,75,82,98,"Dirt 1.jpg","pic"
"1364","671d5f4c6dae15f98003d7b2",2,2,2,4,2,"Garbage dump 1.jpg","pic"
"1365","671d5f4c6dae15f98003d7b2",100,97,98,96,95,"Fireworks 6.jpg","pic"
"1366","671d5f4c6dae15f98003d7b2",86,86,47,74,75,"Rainbow 2.jpg","pic"
"1367","671d5f4c6dae15f98003d7b2",82,80,62,94,37,"Heart 3.jpg","pic"
"1368","671d5f4c6dae15f98003d7b2",90,91,88,96,82,"Fire 10.jpg","pic"
"1369","671d5f4c6dae15f98003d7b2",48,90,94,86,85,"Snow 1.jpg","pic"
"1370","671d5f4c6dae15f98003d7b2",0,1,0,0,0,"Flood 1.jpg","pic"
"1371","671d5f4c6dae15f98003d7b2",47,0,4,0,3,"Rocks 1.jpg","pic"
"1372","671d5f4c6dae15f98003d7b2",1,0,3,1,2,"Destruction 2.jpg","pic"
"1373","671d5f4c6dae15f98003d7b2",93,95,66,87,78,"Beach 1.jpg","pic"
"1374","671d5f4c6dae15f98003d7b2",3,4,1,4,1,"Ferret 1.jpg","pic"
"1375","671d5f4c6dae15f98003d7b2",1,1,0,2,4,"Prison 2.jpg","pic"
"1376","671d5f4c6dae15f98003d7b2",96,87,74,87,84,"Toilet 4.jpg","pic"
"1377","6824fd5f12b792fdaec9b2be",70,98,78,84,97,"Heart 3.jpg","pic"
"1378","6824fd5f12b792fdaec9b2be",46,62,58,30,38,"Flood 1.jpg","pic"
"1379","6824fd5f12b792fdaec9b2be",49,59,60,63,94,"Rocks 1.jpg","pic"
"1380","6824fd5f12b792fdaec9b2be",93,100,100,82,100,"Rainbow 2.jpg","pic"
"1381","6824fd5f12b792fdaec9b2be",66,100,69,80,100,"Snow 1.jpg","pic"
"1382","6824fd5f12b792fdaec9b2be",100,100,100,100,100,"Fireworks 6.jpg","pic"
"1383","6824fd5f12b792fdaec9b2be",24,10,16,29,62,"Toilet 4.jpg","pic"
"1384","6824fd5f12b792fdaec9b2be",46,64,42,36,49,"Dirt 1.jpg","pic"
"1385","6824fd5f12b792fdaec9b2be",5,12,0,0,0,"Garbage dump 1.jpg","pic"
"1386","6824fd5f12b792fdaec9b2be",83,100,100,95,100,"Beach 1.jpg","pic"
"1387","6824fd5f12b792fdaec9b2be",20,17,8,11,0,"Ferret 1.jpg","pic"
"1388","6824fd5f12b792fdaec9b2be",0,0,0,0,0,"Destruction 2.jpg","pic"
"1389","6824fd5f12b792fdaec9b2be",0,43,0,0,3,"Prison 2.jpg","pic"
"1390","6824fd5f12b792fdaec9b2be",100,100,77,100,100,"Clean 1.jpg","pic"
"1391","6824fd5f12b792fdaec9b2be",0,13,0,0,0,"Fire 10.jpg","pic"
"1392","6824fd5f12b792fdaec9b2be",50,100,67,66,100,"Lake 12.jpg","pic"
"1393","66293a86e40515e886439323",0,0,1,0,2,"Flood 1.jpg","pic"
"1394","66293a86e40515e886439323",0,0,0,0,0,"Fireworks 6.jpg","pic"
"1395","66293a86e40515e886439323",0,0,0,0,0,"Garbage dump 1.jpg","pic"
"1396","66293a86e40515e886439323",0,0,0,0,0,"Prison 2.jpg","pic"
"1397","66293a86e40515e886439323",72,74,32,52,53,"Rocks 1.jpg","pic"
"1398","66293a86e40515e886439323",89,74,31,47,68,"Rainbow 2.jpg","pic"
"1399","66293a86e40515e886439323",0,0,0,0,0,"Ferret 1.jpg","pic"
"1400","66293a86e40515e886439323",31,32,0,19,37,"Heart 3.jpg","pic"
"1401","66293a86e40515e886439323",0,0,0,14,0,"Toilet 4.jpg","pic"
"1402","66293a86e40515e886439323",66,80,27,28,73,"Lake 12.jpg","pic"
"1403","66293a86e40515e886439323",0,0,0,0,0,"Beach 1.jpg","pic"
"1404","66293a86e40515e886439323",0,0,0,0,0,"Dirt 1.jpg","pic"
"1405","66293a86e40515e886439323",0,0,0,0,21,"Clean 1.jpg","pic"
"1406","66293a86e40515e886439323",0,0,0,0,0,"Destruction 2.jpg","pic"
"1407","66293a86e40515e886439323",0,0,0,0,0,"Fire 10.jpg","pic"
"1408","66293a86e40515e886439323",0,0,0,0,52,"Snow 1.jpg","pic"
"1409","62b20c0065e9809e66d13fa5",27,48,9,0,54,"Flood 1.jpg","pic"
"1410","62b20c0065e9809e66d13fa5",65,84,25,35,70,"Heart 3.jpg","pic"
"1411","62b20c0065e9809e66d13fa5",84,91,68,53,84,"Rainbow 2.jpg","pic"
"1412","62b20c0065e9809e66d13fa5",12,42,7,0,51,"Toilet 4.jpg","pic"
"1413","62b20c0065e9809e66d13fa5",85,80,70,65,75,"Beach 1.jpg","pic"
"1414","62b20c0065e9809e66d13fa5",30,75,19,15,70,"Rocks 1.jpg","pic"
"1415","62b20c0065e9809e66d13fa5",40,74,10,35,90,"Clean 1.jpg","pic"
"1416","62b20c0065e9809e66d13fa5",10,10,0,0,5,"Dirt 1.jpg","pic"
"1417","62b20c0065e9809e66d13fa5",0,0,0,0,11,"Destruction 2.jpg","pic"
"1418","62b20c0065e9809e66d13fa5",90,100,100,81,16,"Fireworks 6.jpg","pic"
"1419","62b20c0065e9809e66d13fa5",31,52,0,0,79,"Snow 1.jpg","pic"
"1420","62b20c0065e9809e66d13fa5",0,11,0,0,19,"Garbage dump 1.jpg","pic"
"1421","62b20c0065e9809e66d13fa5",71,85,50,45,75,"Lake 12.jpg","pic"
"1422","62b20c0065e9809e66d13fa5",0,0,0,0,0,"Prison 2.jpg","pic"
"1423","62b20c0065e9809e66d13fa5",15,30,27,0,15,"Ferret 1.jpg","pic"
"1424","62b20c0065e9809e66d13fa5",0,0,0,0,0,"Fire 10.jpg","pic"
"1425","67f2fbc77b115d1edb94ef11",81,77,86,69,61,"Lake 12.jpg","pic"
"1426","67f2fbc77b115d1edb94ef11",69,73,85,86,72,"Fire 10.jpg","pic"
"1427","67f2fbc77b115d1edb94ef11",18,25,22,6,18,"Destruction 2.jpg","pic"
"1428","67f2fbc77b115d1edb94ef11",59,74,57,63,76,"Heart 3.jpg","pic"
"1429","67f2fbc77b115d1edb94ef11",87,64,73,79,85,"Beach 1.jpg","pic"
"1430","67f2fbc77b115d1edb94ef11",80,70,74,84,84,"Rocks 1.jpg","pic"
"1431","67f2fbc77b115d1edb94ef11",78,66,70,78,84,"Snow 1.jpg","pic"
"1432","67f2fbc77b115d1edb94ef11",15,20,40,31,20,"Dirt 1.jpg","pic"
"1433","67f2fbc77b115d1edb94ef11",46,47,50,26,26,"Garbage dump 1.jpg","pic"
"1434","67f2fbc77b115d1edb94ef11",24,33,34,14,77,"Clean 1.jpg","pic"
"1435","67f2fbc77b115d1edb94ef11",78,57,67,69,85,"Rainbow 2.jpg","pic"
"1436","67f2fbc77b115d1edb94ef11",14,12,17,23,12,"Flood 1.jpg","pic"
"1437","67f2fbc77b115d1edb94ef11",62,18,41,40,67,"Prison 2.jpg","pic"
"1438","67f2fbc77b115d1edb94ef11",33,27,33,35,72,"Fireworks 6.jpg","pic"
"1439","67f2fbc77b115d1edb94ef11",28,11,4,21,17,"Toilet 4.jpg","pic"
"1440","67f2fbc77b115d1edb94ef11",20,31,40,14,25,"Ferret 1.jpg","pic"
"1441","5a443812817d1800018d1179",6,1,1,1,6,"Clean 1.jpg","pic"
"1442","5a443812817d1800018d1179",1,1,0,1,2,"Rocks 1.jpg","pic"
"1443","5a443812817d1800018d1179",1,0,0,1,2,"Snow 1.jpg","pic"
"1444","5a443812817d1800018d1179",1,1,0,1,2,"Ferret 1.jpg","pic"
"1445","5a443812817d1800018d1179",12,4,6,8,7,"Fireworks 6.jpg","pic"
"1446","5a443812817d1800018d1179",1,1,1,1,2,"Dirt 1.jpg","pic"
"1447","5a443812817d1800018d1179",4,6,2,8,7,"Lake 12.jpg","pic"
"1448","5a443812817d1800018d1179",1,0,0,1,1,"Prison 2.jpg","pic"
"1449","5a443812817d1800018d1179",1,0,0,1,2,"Destruction 2.jpg","pic"
"1450","5a443812817d1800018d1179",0,1,3,1,2,"Garbage dump 1.jpg","pic"
"1451","5a443812817d1800018d1179",0,1,2,1,1,"Fire 10.jpg","pic"
"1452","5a443812817d1800018d1179",0,0,0,0,0,"Heart 3.jpg","pic"
"1453","5a443812817d1800018d1179",0,0,0,1,0,"Toilet 4.jpg","pic"
"1454","5a443812817d1800018d1179",0,0,3,1,2,"Flood 1.jpg","pic"
"1455","5a443812817d1800018d1179",11,14,5,11,22,"Rainbow 2.jpg","pic"
"1456","5a443812817d1800018d1179",15,14,10,12,15,"Beach 1.jpg","pic"
"1457","6407946a4bb4212372843398",30,25,20,25,75,"Rainbow 2.jpg","pic"
"1458","6407946a4bb4212372843398",10,0,0,0,40,"Snow 1.jpg","pic"
"1459","6407946a4bb4212372843398",0,0,0,0,100,"Clean 1.jpg","pic"
"1460","6407946a4bb4212372843398",0,0,0,0,10,"Prison 2.jpg","pic"
"1461","6407946a4bb4212372843398",0,0,0,0,10,"Toilet 4.jpg","pic"
"1462","6407946a4bb4212372843398",30,0,35,30,50,"Garbage dump 1.jpg","pic"
"1463","6407946a4bb4212372843398",0,0,0,0,0,"Ferret 1.jpg","pic"
"1464","6407946a4bb4212372843398",45,0,30,20,60,"Fireworks 6.jpg","pic"
"1465","6407946a4bb4212372843398",60,20,25,60,75,"Rocks 1.jpg","pic"
"1466","6407946a4bb4212372843398",0,0,0,0,0,"Destruction 2.jpg","pic"
"1467","6407946a4bb4212372843398",0,0,0,0,0,"Flood 1.jpg","pic"
"1468","6407946a4bb4212372843398",5,0,0,0,0,"Heart 3.jpg","pic"
"1469","6407946a4bb4212372843398",20,0,0,20,40,"Beach 1.jpg","pic"
"1470","6407946a4bb4212372843398",90,55,55,90,90,"Lake 12.jpg","pic"
"1471","6407946a4bb4212372843398",0,0,0,0,0,"Dirt 1.jpg","pic"
"1472","6407946a4bb4212372843398",0,0,0,0,0,"Fire 10.jpg","pic"
"1473","63f82a4ff43ec144ca3622a8",52,0,51,51,50,"Heart 3.jpg","pic"
"1474","63f82a4ff43ec144ca3622a8",52,50,48,52,49,"Prison 2.jpg","pic"
"1475","63f82a4ff43ec144ca3622a8",49,52,52,55,47,"Dirt 1.jpg","pic"
"1476","63f82a4ff43ec144ca3622a8",56,55,51,56,51,"Rainbow 2.jpg","pic"
"1477","63f82a4ff43ec144ca3622a8",50,53,51,50,49,"Ferret 1.jpg","pic"
"1478","63f82a4ff43ec144ca3622a8",51,53,49,53,51,"Lake 12.jpg","pic"
"1479","63f82a4ff43ec144ca3622a8",53,53,50,53,52,"Flood 1.jpg","pic"
"1480","63f82a4ff43ec144ca3622a8",50,50,53,50,50,"Beach 1.jpg","pic"
"1481","63f82a4ff43ec144ca3622a8",50,50,46,51,46,"Fire 10.jpg","pic"
"1482","63f82a4ff43ec144ca3622a8",54,54,54,53,53,"Clean 1.jpg","pic"
"1483","63f82a4ff43ec144ca3622a8",37,44,48,30,36,"Destruction 2.jpg","pic"
"1484","63f82a4ff43ec144ca3622a8",52,55,56,55,53,"Toilet 4.jpg","pic"
"1485","63f82a4ff43ec144ca3622a8",50,50,51,50,50,"Garbage dump 1.jpg","pic"
"1486","63f82a4ff43ec144ca3622a8",50,50,51,51,51,"Snow 1.jpg","pic"
"1487","63f82a4ff43ec144ca3622a8",51,53,51,52,52,"Fireworks 6.jpg","pic"
"1488","63f82a4ff43ec144ca3622a8",51,56,52,55,55,"Rocks 1.jpg","pic"
"1489","615ddab1e4f013092538b6c5",75,41,73,76,30,"Fireworks 6.jpg","pic"
"1490","615ddab1e4f013092538b6c5",56,46,22,48,48,"Rocks 1.jpg","pic"
"1491","615ddab1e4f013092538b6c5",10,14,10,12,51,"Dirt 1.jpg","pic"
"1492","615ddab1e4f013092538b6c5",3,8,5,8,10,"Toilet 4.jpg","pic"
"1493","615ddab1e4f013092538b6c5",31,27,47,43,53,"Snow 1.jpg","pic"
"1494","615ddab1e4f013092538b6c5",4,5,34,3,3,"Destruction 2.jpg","pic"
"1495","615ddab1e4f013092538b6c5",3,4,11,2,8,"Prison 2.jpg","pic"
"1496","615ddab1e4f013092538b6c5",69,43,76,57,63,"Beach 1.jpg","pic"
"1497","615ddab1e4f013092538b6c5",7,0,39,2,6,"Ferret 1.jpg","pic"
"1498","615ddab1e4f013092538b6c5",58,42,16,24,59,"Rainbow 2.jpg","pic"
"1499","615ddab1e4f013092538b6c5",7,4,11,3,31,"Garbage dump 1.jpg","pic"
"1500","615ddab1e4f013092538b6c5",67,24,59,36,58,"Lake 12.jpg","pic"
"1501","615ddab1e4f013092538b6c5",30,27,3,27,72,"Heart 3.jpg","pic"
"1502","615ddab1e4f013092538b6c5",2,3,86,1,0,"Fire 10.jpg","pic"
"1503","615ddab1e4f013092538b6c5",36,53,14,56,57,"Clean 1.jpg","pic"
"1504","615ddab1e4f013092538b6c5",2,3,55,0,2,"Flood 1.jpg","pic"
"1505","57656f6c2bfddf000125cce5",67,73,46,68,82,"Beach 1.jpg","pic"
"1506","57656f6c2bfddf000125cce5",72,72,59,71,64,"Snow 1.jpg","pic"
"1507","57656f6c2bfddf000125cce5",68,81,57,75,19,"Fireworks 6.jpg","pic"
"1508","57656f6c2bfddf000125cce5",83,89,65,85,74,"Lake 12.jpg","pic"
"1509","57656f6c2bfddf000125cce5",27,42,28,18,29,"Destruction 2.jpg","pic"
"1510","57656f6c2bfddf000125cce5",34,45,7,26,21,"Prison 2.jpg","pic"
"1511","57656f6c2bfddf000125cce5",84,82,51,68,86,"Clean 1.jpg","pic"
"1512","57656f6c2bfddf000125cce5",35,25,62,20,15,"Toilet 4.jpg","pic"
"1513","57656f6c2bfddf000125cce5",24,42,69,26,18,"Fire 10.jpg","pic"
"1514","57656f6c2bfddf000125cce5",34,34,41,43,28,"Dirt 1.jpg","pic"
"1515","57656f6c2bfddf000125cce5",36,35,72,27,9,"Ferret 1.jpg","pic"
"1516","57656f6c2bfddf000125cce5",81,89,56,80,86,"Rocks 1.jpg","pic"
"1517","57656f6c2bfddf000125cce5",72,70,65,73,85,"Heart 3.jpg","pic"
"1518","57656f6c2bfddf000125cce5",82,91,51,85,87,"Rainbow 2.jpg","pic"
"1519","57656f6c2bfddf000125cce5",46,64,60,20,45,"Flood 1.jpg","pic"
"1520","57656f6c2bfddf000125cce5",13,29,45,36,23,"Garbage dump 1.jpg","pic"
"1521","667c66be2cfdb420fd63f2c9",17,19,32,5,0,"Fire 10.jpg","pic"
"1522","667c66be2cfdb420fd63f2c9",0,0,0,0,0,"Dirt 1.jpg","pic"
"1523","667c66be2cfdb420fd63f2c9",0,0,0,0,0,"Prison 2.jpg","pic"
"1524","667c66be2cfdb420fd63f2c9",0,0,29,0,0,"Flood 1.jpg","pic"
"1525","667c66be2cfdb420fd63f2c9",83,76,77,79,91,"Lake 12.jpg","pic"
"1526","667c66be2cfdb420fd63f2c9",0,0,26,0,0,"Destruction 2.jpg","pic"
"1527","667c66be2cfdb420fd63f2c9",0,0,0,0,0,"Toilet 4.jpg","pic"
"1528","667c66be2cfdb420fd63f2c9",69,28,46,28,60,"Heart 3.jpg","pic"
"1529","667c66be2cfdb420fd63f2c9",64,21,0,32,74,"Rocks 1.jpg","pic"
"1530","667c66be2cfdb420fd63f2c9",0,0,47,0,0,"Ferret 1.jpg","pic"
"1531","667c66be2cfdb420fd63f2c9",62,67,63,77,82,"Rainbow 2.jpg","pic"
"1532","667c66be2cfdb420fd63f2c9",0,0,0,0,0,"Snow 1.jpg","pic"
"1533","667c66be2cfdb420fd63f2c9",93,63,70,80,94,"Beach 1.jpg","pic"
"1534","667c66be2cfdb420fd63f2c9",73,25,76,48,53,"Fireworks 6.jpg","pic"
"1535","667c66be2cfdb420fd63f2c9",79,59,71,76,88,"Clean 1.jpg","pic"
"1536","667c66be2cfdb420fd63f2c9",0,0,0,0,0,"Garbage dump 1.jpg","pic"
"1537","5ca3ccae7958d0001689df68",0,0,0,0,0,"Snow 1.jpg","pic"
"1538","5ca3ccae7958d0001689df68",1,1,1,1,1,"Toilet 4.jpg","pic"
"1539","5ca3ccae7958d0001689df68",0,0,0,0,0,"Dirt 1.jpg","pic"
"1540","5ca3ccae7958d0001689df68",0,11,0,0,53,"Heart 3.jpg","pic"
"1541","5ca3ccae7958d0001689df68",0,0,0,0,0,"Lake 12.jpg","pic"
"1542","5ca3ccae7958d0001689df68",21,80,2,32,91,"Rocks 1.jpg","pic"
"1543","5ca3ccae7958d0001689df68",0,0,0,0,0,"Rainbow 2.jpg","pic"
"1544","5ca3ccae7958d0001689df68",100,100,73,100,100,"Beach 1.jpg","pic"
"1545","5ca3ccae7958d0001689df68",0,0,0,0,0,"Clean 1.jpg","pic"
"1546","5ca3ccae7958d0001689df68",1,0,0,0,0,"Destruction 2.jpg","pic"
"1547","5ca3ccae7958d0001689df68",0,0,0,0,0,"Flood 1.jpg","pic"
"1548","5ca3ccae7958d0001689df68",1,0,0,0,2,"Fireworks 6.jpg","pic"
"1549","5ca3ccae7958d0001689df68",0,0,0,0,0,"Ferret 1.jpg","pic"
"1550","5ca3ccae7958d0001689df68",0,0,0,0,0,"Prison 2.jpg","pic"
"1551","5ca3ccae7958d0001689df68",0,0,0,0,0,"Garbage dump 1.jpg","pic"
"1552","5ca3ccae7958d0001689df68",0,0,0,0,0,"Fire 10.jpg","pic"
"1553","651c18b7be672ec76e5f6860",6,12,32,4,20,"Ferret 1.jpg","pic"
"1554","651c18b7be672ec76e5f6860",46,52,39,26,54,"Lake 12.jpg","pic"
"1555","651c18b7be672ec76e5f6860",5,5,3,6,19,"Heart 3.jpg","pic"
"1556","651c18b7be672ec76e5f6860",20,50,19,19,52,"Rocks 1.jpg","pic"
"1557","651c18b7be672ec76e5f6860",3,4,23,2,4,"Flood 1.jpg","pic"
"1558","651c18b7be672ec76e5f6860",48,66,19,50,74,"Beach 1.jpg","pic"
"1559","651c18b7be672ec76e5f6860",3,4,4,2,3,"Garbage dump 1.jpg","pic"
"1560","651c18b7be672ec76e5f6860",65,67,2,49,61,"Rainbow 2.jpg","pic"
"1561","651c18b7be672ec76e5f6860",1,5,51,2,2,"Destruction 2.jpg","pic"
"1562","651c18b7be672ec76e5f6860",2,3,22,1,3,"Prison 2.jpg","pic"
"1563","651c18b7be672ec76e5f6860",1,2,4,1,12,"Dirt 1.jpg","pic"
"1564","651c18b7be672ec76e5f6860",1,3,32,1,2,"Toilet 4.jpg","pic"
"1565","651c18b7be672ec76e5f6860",3,2,32,2,2,"Fire 10.jpg","pic"
"1566","651c18b7be672ec76e5f6860",3,55,1,22,54,"Clean 1.jpg","pic"
"1567","651c18b7be672ec76e5f6860",61,59,67,62,37,"Fireworks 6.jpg","pic"
"1568","651c18b7be672ec76e5f6860",33,52,5,16,67,"Snow 1.jpg","pic"
"1569","6544ff9e0fb2eaaf83e2de5c",0,1,0,1,31,"Prison 2.jpg","pic"
"1570","6544ff9e0fb2eaaf83e2de5c",1,0,0,0,4,"Destruction 2.jpg","pic"
"1571","6544ff9e0fb2eaaf83e2de5c",0,0,0,0,3,"Garbage dump 1.jpg","pic"
"1572","6544ff9e0fb2eaaf83e2de5c",0,0,0,0,0,"Ferret 1.jpg","pic"
"1573","6544ff9e0fb2eaaf83e2de5c",52,50,34,50,56,"Lake 12.jpg","pic"
"1574","6544ff9e0fb2eaaf83e2de5c",92,88,85,83,92,"Rainbow 2.jpg","pic"
"1575","6544ff9e0fb2eaaf83e2de5c",94,90,94,90,95,"Clean 1.jpg","pic"
"1576","6544ff9e0fb2eaaf83e2de5c",0,0,1,0,6,"Toilet 4.jpg","pic"
"1577","6544ff9e0fb2eaaf83e2de5c",8,13,0,8,12,"Snow 1.jpg","pic"
"1578","6544ff9e0fb2eaaf83e2de5c",87,84,87,90,85,"Fireworks 6.jpg","pic"
"1579","6544ff9e0fb2eaaf83e2de5c",100,100,93,100,100,"Beach 1.jpg","pic"
"1580","6544ff9e0fb2eaaf83e2de5c",0,0,0,0,8,"Fire 10.jpg","pic"
"1581","6544ff9e0fb2eaaf83e2de5c",0,0,0,0,5,"Heart 3.jpg","pic"
"1582","6544ff9e0fb2eaaf83e2de5c",8,0,1,0,2,"Dirt 1.jpg","pic"
"1583","6544ff9e0fb2eaaf83e2de5c",0,0,0,0,5,"Flood 1.jpg","pic"
"1584","6544ff9e0fb2eaaf83e2de5c",8,9,7,9,8,"Rocks 1.jpg","pic"
"1585","6942e57738f4e53ee0c5442b",84,81,20,84,100,"Snow 1.jpg","pic"
"1586","6942e57738f4e53ee0c5442b",48,72,23,53,97,"Rocks 1.jpg","pic"
"1587","6942e57738f4e53ee0c5442b",4,5,3,3,41,"Prison 2.jpg","pic"
"1588","6942e57738f4e53ee0c5442b",50,20,14,21,31,"Toilet 4.jpg","pic"
"1589","6942e57738f4e53ee0c5442b",59,11,50,23,10,"Ferret 1.jpg","pic"
"1590","6942e57738f4e53ee0c5442b",50,76,42,74,81,"Heart 3.jpg","pic"
"1591","6942e57738f4e53ee0c5442b",97,98,100,100,98,"Beach 1.jpg","pic"
"1592","6942e57738f4e53ee0c5442b",52,85,32,67,100,"Fire 10.jpg","pic"
"1593","6942e57738f4e53ee0c5442b",83,83,98,94,36,"Fireworks 6.jpg","pic"
"1594","6942e57738f4e53ee0c5442b",72,95,72,78,100,"Lake 12.jpg","pic"
"1595","6942e57738f4e53ee0c5442b",0,2,0,0,0,"Garbage dump 1.jpg","pic"
"1596","6942e57738f4e53ee0c5442b",63,85,70,67,100,"Clean 1.jpg","pic"
"1597","6942e57738f4e53ee0c5442b",0,0,0,0,0,"Destruction 2.jpg","pic"
"1598","6942e57738f4e53ee0c5442b",85,96,71,99,90,"Rainbow 2.jpg","pic"
"1599","6942e57738f4e53ee0c5442b",16,43,3,7,28,"Dirt 1.jpg","pic"
"1600","6942e57738f4e53ee0c5442b",4,3,2,2,10,"Flood 1.jpg","pic"
"1601","665e0d4039fbf0b54bab1900",100,100,100,100,100,"Snow 1.jpg","pic"
"1602","665e0d4039fbf0b54bab1900",100,100,100,100,100,"Fireworks 6.jpg","pic"
"1603","665e0d4039fbf0b54bab1900",100,100,100,100,100,"Beach 1.jpg","pic"
"1604","665e0d4039fbf0b54bab1900",50,50,40,50,100,"Clean 1.jpg","pic"
"1605","665e0d4039fbf0b54bab1900",100,100,100,100,100,"Flood 1.jpg","pic"
"1606","665e0d4039fbf0b54bab1900",100,100,100,100,100,"Rainbow 2.jpg","pic"
"1607","665e0d4039fbf0b54bab1900",30,0,0,30,100,"Ferret 1.jpg","pic"
"1608","665e0d4039fbf0b54bab1900",0,0,0,0,0,"Destruction 2.jpg","pic"
"1609","665e0d4039fbf0b54bab1900",0,0,0,0,0,"Fire 10.jpg","pic"
"1610","665e0d4039fbf0b54bab1900",65,50,50,50,70,"Rocks 1.jpg","pic"
"1611","665e0d4039fbf0b54bab1900",50,50,50,50,100,"Heart 3.jpg","pic"
"1612","665e0d4039fbf0b54bab1900",0,0,0,0,0,"Garbage dump 1.jpg","pic"
"1613","665e0d4039fbf0b54bab1900",0,0,0,0,0,"Prison 2.jpg","pic"
"1614","665e0d4039fbf0b54bab1900",50,50,50,50,59,"Dirt 1.jpg","pic"
"1615","665e0d4039fbf0b54bab1900",100,100,100,100,100,"Lake 12.jpg","pic"
"1616","665e0d4039fbf0b54bab1900",0,0,1,0,0,"Toilet 4.jpg","pic"
"1617","5e4e844553bc702cdf68404d",0,0,0,0,0,"Garbage dump 1.jpg","pic"
"1618","5e4e844553bc702cdf68404d",0,5,0,0,0,"Toilet 4.jpg","pic"
"1619","5e4e844553bc702cdf68404d",35,55,60,65,55,"Snow 1.jpg","pic"
"1620","5e4e844553bc702cdf68404d",75,55,40,70,35,"Fireworks 6.jpg","pic"
"1621","5e4e844553bc702cdf68404d",30,60,15,10,65,"Beach 1.jpg","pic"
"1622","5e4e844553bc702cdf68404d",0,0,0,0,25,"Dirt 1.jpg","pic"
"1623","5e4e844553bc702cdf68404d",0,0,0,0,0,"Destruction 2.jpg","pic"
"1624","5e4e844553bc702cdf68404d",20,55,20,30,45,"Lake 12.jpg","pic"
"1625","5e4e844553bc702cdf68404d",0,10,0,0,15,"Heart 3.jpg","pic"
"1626","5e4e844553bc702cdf68404d",45,65,15,35,55,"Clean 1.jpg","pic"
"1627","5e4e844553bc702cdf68404d",0,0,0,0,0,"Fire 10.jpg","pic"
"1628","5e4e844553bc702cdf68404d",0,0,0,0,0,"Flood 1.jpg","pic"
"1629","5e4e844553bc702cdf68404d",35,70,30,45,60,"Rocks 1.jpg","pic"
"1630","5e4e844553bc702cdf68404d",0,0,0,0,0,"Prison 2.jpg","pic"
"1631","5e4e844553bc702cdf68404d",55,60,30,55,25,"Rainbow 2.jpg","pic"
"1632","5e4e844553bc702cdf68404d",0,25,5,0,0,"Ferret 1.jpg","pic"
"1633","5e954b384491ad117052cd48",50,80,5,50,85,"Lake 12.jpg","pic"
"1634","5e954b384491ad117052cd48",0,0,0,0,0,"Toilet 4.jpg","pic"
"1635","5e954b384491ad117052cd48",0,40,0,0,50,"Rocks 1.jpg","pic"
"1636","5e954b384491ad117052cd48",0,0,0,0,0,"Garbage dump 1.jpg","pic"
"1637","5e954b384491ad117052cd48",75,90,50,80,90,"Rainbow 2.jpg","pic"
"1638","5e954b384491ad117052cd48",0,0,0,0,0,"Ferret 1.jpg","pic"
"1639","5e954b384491ad117052cd48",65,90,60,50,100,"Snow 1.jpg","pic"
"1640","5e954b384491ad117052cd48",80,100,50,80,100,"Clean 1.jpg","pic"
"1641","5e954b384491ad117052cd48",0,0,0,0,0,"Flood 1.jpg","pic"
"1642","5e954b384491ad117052cd48",0,0,0,0,0,"Destruction 2.jpg","pic"
"1643","5e954b384491ad117052cd48",0,0,0,0,0,"Fire 10.jpg","pic"
"1644","5e954b384491ad117052cd48",0,0,0,0,0,"Dirt 1.jpg","pic"
"1645","5e954b384491ad117052cd48",20,45,0,15,80,"Heart 3.jpg","pic"
"1646","5e954b384491ad117052cd48",0,0,0,0,0,"Prison 2.jpg","pic"
"1647","5e954b384491ad117052cd48",80,50,85,80,0,"Fireworks 6.jpg","pic"
"1648","5e954b384491ad117052cd48",50,75,25,50,85,"Beach 1.jpg","pic"
"1649","64d52f6f30852f26223d1e84",50,50,10,10,50,"Rainbow 2.jpg","pic"
"1650","64d52f6f30852f26223d1e84",0,43,0,0,0,"Prison 2.jpg","pic"
"1651","64d52f6f30852f26223d1e84",23,21,53,0,0,"Garbage dump 1.jpg","pic"
"1652","64d52f6f30852f26223d1e84",0,0,0,0,0,"Toilet 4.jpg","pic"
"1653","64d52f6f30852f26223d1e84",9,36,0,0,67,"Snow 1.jpg","pic"
"1654","64d52f6f30852f26223d1e84",0,18,0,0,10,"Clean 1.jpg","pic"
"1655","64d52f6f30852f26223d1e84",45,52,37,3,59,"Lake 12.jpg","pic"
"1656","64d52f6f30852f26223d1e84",0,0,6,0,0,"Ferret 1.jpg","pic"
"1657","64d52f6f30852f26223d1e84",12,23,26,0,0,"Fireworks 6.jpg","pic"
"1658","64d52f6f30852f26223d1e84",0,12,0,0,7,"Flood 1.jpg","pic"
"1659","64d52f6f30852f26223d1e84",0,27,0,0,20,"Rocks 1.jpg","pic"
"1660","64d52f6f30852f26223d1e84",21,36,18,11,29,"Beach 1.jpg","pic"
"1661","64d52f6f30852f26223d1e84",0,0,0,0,0,"Fire 10.jpg","pic"
"1662","64d52f6f30852f26223d1e84",0,15,0,0,0,"Destruction 2.jpg","pic"
"1663","64d52f6f30852f26223d1e84",18,32,0,0,23,"Heart 3.jpg","pic"
"1664","64d52f6f30852f26223d1e84",0,0,0,0,0,"Dirt 1.jpg","pic"
"1665","632b3017a1169b3aa44c0d66",6,21,20,8,19,"Flood 1.jpg","pic"
"1666","632b3017a1169b3aa44c0d66",74,83,68,68,87,"Snow 1.jpg","pic"
"1667","632b3017a1169b3aa44c0d66",70,71,57,38,75,"Clean 1.jpg","pic"
"1668","632b3017a1169b3aa44c0d66",9,4,0,4,0,"Prison 2.jpg","pic"
"1669","632b3017a1169b3aa44c0d66",79,80,74,71,94,"Rainbow 2.jpg","pic"
"1670","632b3017a1169b3aa44c0d66",55,47,10,23,30,"Dirt 1.jpg","pic"
"1671","632b3017a1169b3aa44c0d66",15,29,18,3,7,"Ferret 1.jpg","pic"
"1672","632b3017a1169b3aa44c0d66",100,85,88,72,100,"Lake 12.jpg","pic"
"1673","632b3017a1169b3aa44c0d66",15,0,0,0,0,"Toilet 4.jpg","pic"
"1674","632b3017a1169b3aa44c0d66",82,77,80,63,71,"Beach 1.jpg","pic"
"1675","632b3017a1169b3aa44c0d66",24,42,19,41,58,"Fire 10.jpg","pic"
"1676","632b3017a1169b3aa44c0d66",62,78,61,68,73,"Garbage dump 1.jpg","pic"
"1677","632b3017a1169b3aa44c0d66",37,63,41,54,57,"Heart 3.jpg","pic"
"1678","632b3017a1169b3aa44c0d66",24,53,25,49,43,"Destruction 2.jpg","pic"
"1679","632b3017a1169b3aa44c0d66",85,94,88,80,95,"Fireworks 6.jpg","pic"
"1680","632b3017a1169b3aa44c0d66",63,41,14,27,72,"Rocks 1.jpg","pic"
"1681","670ff2e18c2f93beac6a6a72",0,0,0,0,64,"Rocks 1.jpg","pic"
"1682","670ff2e18c2f93beac6a6a72",0,14,55,59,0,"Ferret 1.jpg","pic"
"1683","670ff2e18c2f93beac6a6a72",0,0,0,0,0,"Destruction 2.jpg","pic"
"1684","670ff2e18c2f93beac6a6a72",0,58,83,93,29,"Clean 1.jpg","pic"
"1685","670ff2e18c2f93beac6a6a72",0,0,0,0,0,"Dirt 1.jpg","pic"
"1686","670ff2e18c2f93beac6a6a72",76,27,75,64,55,"Fireworks 6.jpg","pic"
"1687","670ff2e18c2f93beac6a6a72",24,33,52,0,31,"Garbage dump 1.jpg","pic"
"1688","670ff2e18c2f93beac6a6a72",0,26,0,0,48,"Snow 1.jpg","pic"
"1689","670ff2e18c2f93beac6a6a72",0,0,11,0,0,"Toilet 4.jpg","pic"
"1690","670ff2e18c2f93beac6a6a72",0,0,52,0,0,"Fire 10.jpg","pic"
"1691","670ff2e18c2f93beac6a6a72",2,0,0,0,0,"Flood 1.jpg","pic"
"1692","670ff2e18c2f93beac6a6a72",100,100,0,35,100,"Lake 12.jpg","pic"
"1693","670ff2e18c2f93beac6a6a72",0,0,0,0,0,"Prison 2.jpg","pic"
"1694","670ff2e18c2f93beac6a6a72",52,0,0,0,39,"Heart 3.jpg","pic"
"1695","670ff2e18c2f93beac6a6a72",100,100,55,100,100,"Beach 1.jpg","pic"
"1696","670ff2e18c2f93beac6a6a72",71,66,41,77,72,"Rainbow 2.jpg","pic"
"1697","629e1738fcc7d0b6acfe5280",45,32,51,42,42,"Fire 10.jpg","pic"
"1698","629e1738fcc7d0b6acfe5280",0,0,51,0,0,"Destruction 2.jpg","pic"
"1699","629e1738fcc7d0b6acfe5280",100,96,70,100,100,"Rainbow 2.jpg","pic"
"1700","629e1738fcc7d0b6acfe5280",48,26,47,43,47,"Snow 1.jpg","pic"
"1701","629e1738fcc7d0b6acfe5280",41,33,33,25,35,"Rocks 1.jpg","pic"
"1702","629e1738fcc7d0b6acfe5280",25,35,73,0,21,"Ferret 1.jpg","pic"
"1703","629e1738fcc7d0b6acfe5280",43,37,55,9,66,"Dirt 1.jpg","pic"
"1704","629e1738fcc7d0b6acfe5280",0,0,48,0,0,"Toilet 4.jpg","pic"
"1705","629e1738fcc7d0b6acfe5280",79,71,84,100,55,"Beach 1.jpg","pic"
"1706","629e1738fcc7d0b6acfe5280",0,0,71,0,0,"Flood 1.jpg","pic"
"1707","629e1738fcc7d0b6acfe5280",63,50,100,52,46,"Lake 12.jpg","pic"
"1708","629e1738fcc7d0b6acfe5280",49,51,44,52,90,"Clean 1.jpg","pic"
"1709","629e1738fcc7d0b6acfe5280",48,61,50,10,49,"Garbage dump 1.jpg","pic"
"1710","629e1738fcc7d0b6acfe5280",47,53,69,51,47,"Heart 3.jpg","pic"
"1711","629e1738fcc7d0b6acfe5280",100,92,98,92,21,"Fireworks 6.jpg","pic"
"1712","629e1738fcc7d0b6acfe5280",0,0,77,0,0,"Prison 2.jpg","pic"
"1713","665e26502758155528c8793e",80,85,94,88,92,"Beach 1.jpg","pic"
"1714","665e26502758155528c8793e",5,32,31,17,11,"Prison 2.jpg","pic"
"1715","665e26502758155528c8793e",26,18,57,17,19,"Fire 10.jpg","pic"
"1716","665e26502758155528c8793e",13,14,74,9,10,"Destruction 2.jpg","pic"
"1717","665e26502758155528c8793e",23,34,52,22,17,"Garbage dump 1.jpg","pic"
"1718","665e26502758155528c8793e",41,48,21,18,48,"Rocks 1.jpg","pic"
"1719","665e26502758155528c8793e",34,24,72,19,35,"Flood 1.jpg","pic"
"1720","665e26502758155528c8793e",39,33,23,35,76,"Dirt 1.jpg","pic"
"1721","665e26502758155528c8793e",32,15,65,19,7,"Ferret 1.jpg","pic"
"1722","665e26502758155528c8793e",95,85,91,89,85,"Lake 12.jpg","pic"
"1723","665e26502758155528c8793e",79,88,64,91,91,"Clean 1.jpg","pic"
"1724","665e26502758155528c8793e",31,84,23,29,80,"Snow 1.jpg","pic"
"1725","665e26502758155528c8793e",49,58,13,54,70,"Heart 3.jpg","pic"
"1726","665e26502758155528c8793e",95,95,61,93,95,"Rainbow 2.jpg","pic"
"1727","665e26502758155528c8793e",97,78,96,96,56,"Fireworks 6.jpg","pic"
"1728","665e26502758155528c8793e",20,17,44,8,39,"Toilet 4.jpg","pic"
"1729","64551d250ef342507eb0edf9",2,49,0,13,54,"Rainbow 2.jpg","pic"
"1730","64551d250ef342507eb0edf9",6,7,11,7,21,"Clean 1.jpg","pic"
"1731","64551d250ef342507eb0edf9",5,6,6,6,66,"Beach 1.jpg","pic"
"1732","64551d250ef342507eb0edf9",0,6,5,13,5,"Ferret 1.jpg","pic"
"1733","64551d250ef342507eb0edf9",6,30,3,11,34,"Prison 2.jpg","pic"
"1734","64551d250ef342507eb0edf9",5,4,5,7,6,"Garbage dump 1.jpg","pic"
"1735","64551d250ef342507eb0edf9",7,8,11,6,15,"Heart 3.jpg","pic"
"1736","64551d250ef342507eb0edf9",10,22,11,11,43,"Lake 12.jpg","pic"
"1737","64551d250ef342507eb0edf9",40,37,31,53,15,"Flood 1.jpg","pic"
"1738","64551d250ef342507eb0edf9",48,18,8,52,18,"Fireworks 6.jpg","pic"
"1739","64551d250ef342507eb0edf9",6,11,23,23,24,"Toilet 4.jpg","pic"
"1740","64551d250ef342507eb0edf9",7,7,10,22,11,"Dirt 1.jpg","pic"
"1741","64551d250ef342507eb0edf9",12,9,13,22,17,"Rocks 1.jpg","pic"
"1742","64551d250ef342507eb0edf9",10,6,6,7,9,"Destruction 2.jpg","pic"
"1743","64551d250ef342507eb0edf9",14,4,5,7,0,"Fire 10.jpg","pic"
"1744","64551d250ef342507eb0edf9",11,16,0,14,19,"Snow 1.jpg","pic"
"1745","673cc0c935b49103f2be1e27",5,10,0,0,30,"Clean 1.jpg","pic"
"1746","673cc0c935b49103f2be1e27",15,0,25,10,10,"Fireworks 6.jpg","pic"
"1747","673cc0c935b49103f2be1e27",0,0,0,0,0,"Flood 1.jpg","pic"
"1748","673cc0c935b49103f2be1e27",0,0,0,0,0,"Ferret 1.jpg","pic"
"1749","673cc0c935b49103f2be1e27",15,10,10,5,25,"Rocks 1.jpg","pic"
"1750","673cc0c935b49103f2be1e27",0,0,0,0,0,"Garbage dump 1.jpg","pic"
"1751","673cc0c935b49103f2be1e27",0,0,0,0,10,"Snow 1.jpg","pic"
"1752","673cc0c935b49103f2be1e27",0,0,0,0,0,"Destruction 2.jpg","pic"
"1753","673cc0c935b49103f2be1e27",10,0,0,0,15,"Rainbow 2.jpg","pic"
"1754","673cc0c935b49103f2be1e27",10,15,0,0,20,"Heart 3.jpg","pic"
"1755","673cc0c935b49103f2be1e27",0,0,0,0,0,"Fire 10.jpg","pic"
"1756","673cc0c935b49103f2be1e27",0,0,0,0,0,"Prison 2.jpg","pic"
"1757","673cc0c935b49103f2be1e27",0,0,0,0,0,"Dirt 1.jpg","pic"
"1758","673cc0c935b49103f2be1e27",0,0,0,0,0,"Toilet 4.jpg","pic"
"1759","673cc0c935b49103f2be1e27",25,40,15,15,40,"Beach 1.jpg","pic"
"1760","673cc0c935b49103f2be1e27",25,30,15,15,50,"Lake 12.jpg","pic"
"1761","655b6a0d11066d07716ab0b5",0,0,0,0,0,"Ferret 1.jpg","pic"
"1762","655b6a0d11066d07716ab0b5",0,0,0,0,0,"Toilet 4.jpg","pic"
"1763","655b6a0d11066d07716ab0b5",0,0,0,0,0,"Flood 1.jpg","pic"
"1764","655b6a0d11066d07716ab0b5",0,0,0,0,0,"Fire 10.jpg","pic"
"1765","655b6a0d11066d07716ab0b5",0,0,0,0,7,"Rainbow 2.jpg","pic"
"1766","655b6a0d11066d07716ab0b5",0,0,0,0,0,"Snow 1.jpg","pic"
"1767","655b6a0d11066d07716ab0b5",0,0,0,0,6,"Lake 12.jpg","pic"
"1768","655b6a0d11066d07716ab0b5",0,0,0,0,3,"Rocks 1.jpg","pic"
"1769","655b6a0d11066d07716ab0b5",0,0,0,0,0,"Clean 1.jpg","pic"
"1770","655b6a0d11066d07716ab0b5",0,0,0,0,0,"Prison 2.jpg","pic"
"1771","655b6a0d11066d07716ab0b5",0,0,0,0,0,"Fireworks 6.jpg","pic"
"1772","655b6a0d11066d07716ab0b5",0,0,0,0,0,"Dirt 1.jpg","pic"
"1773","655b6a0d11066d07716ab0b5",0,0,0,0,6,"Beach 1.jpg","pic"
"1774","655b6a0d11066d07716ab0b5",0,0,0,0,0,"Garbage dump 1.jpg","pic"
"1775","655b6a0d11066d07716ab0b5",0,0,0,0,0,"Destruction 2.jpg","pic"
"1776","655b6a0d11066d07716ab0b5",0,0,0,0,0,"Heart 3.jpg","pic"
"1777","63d2a4b549eb02187fd40092",81,93,28,31,85,"Lake 12.jpg","pic"
"1778","63d2a4b549eb02187fd40092",15,20,5,5,63,"Snow 1.jpg","pic"
"1779","63d2a4b549eb02187fd40092",83,90,73,74,54,"Fireworks 6.jpg","pic"
"1780","63d2a4b549eb02187fd40092",0,0,0,0,19,"Toilet 4.jpg","pic"
"1781","63d2a4b549eb02187fd40092",0,12,0,0,50,"Prison 2.jpg","pic"
"1782","63d2a4b549eb02187fd40092",70,70,12,6,76,"Heart 3.jpg","pic"
"1783","63d2a4b549eb02187fd40092",74,82,8,15,82,"Rocks 1.jpg","pic"
"1784","63d2a4b549eb02187fd40092",0,2,0,0,0,"Ferret 1.jpg","pic"
"1785","63d2a4b549eb02187fd40092",0,0,0,0,14,"Garbage dump 1.jpg","pic"
"1786","63d2a4b549eb02187fd40092",0,0,0,0,49,"Flood 1.jpg","pic"
"1787","63d2a4b549eb02187fd40092",94,100,69,80,100,"Beach 1.jpg","pic"
"1788","63d2a4b549eb02187fd40092",63,87,10,40,85,"Rainbow 2.jpg","pic"
"1789","63d2a4b549eb02187fd40092",0,0,0,0,0,"Fire 10.jpg","pic"
"1790","63d2a4b549eb02187fd40092",0,0,0,0,4,"Destruction 2.jpg","pic"
"1791","63d2a4b549eb02187fd40092",77,84,5,11,90,"Clean 1.jpg","pic"
"1792","63d2a4b549eb02187fd40092",0,4,0,0,59,"Dirt 1.jpg","pic"
"1793","63b18d94775ad4aad221103c",20,18,0,1,56,"Dirt 1.jpg","pic"
"1794","63b18d94775ad4aad221103c",98,98,88,95,99,"Heart 3.jpg","pic"
"1795","63b18d94775ad4aad221103c",68,0,0,0,0,"Toilet 4.jpg","pic"
"1796","63b18d94775ad4aad221103c",0,0,0,0,0,"Flood 1.jpg","pic"
"1797","63b18d94775ad4aad221103c",99,100,100,89,100,"Fire 10.jpg","pic"
"1798","63b18d94775ad4aad221103c",100,100,100,100,0,"Lake 12.jpg","pic"
"1799","63b18d94775ad4aad221103c",64,89,86,100,0,"Snow 1.jpg","pic"
"1800","63b18d94775ad4aad221103c",0,0,0,0,26,"Ferret 1.jpg","pic"
"1801","63b18d94775ad4aad221103c",100,100,100,100,81,"Clean 1.jpg","pic"
"1802","63b18d94775ad4aad221103c",72,70,31,13,58,"Rainbow 2.jpg","pic"
"1803","63b18d94775ad4aad221103c",100,100,100,100,100,"Beach 1.jpg","pic"
"1804","63b18d94775ad4aad221103c",100,100,100,100,70,"Fireworks 6.jpg","pic"
"1805","63b18d94775ad4aad221103c",0,0,0,0,0,"Destruction 2.jpg","pic"
"1806","63b18d94775ad4aad221103c",75,100,100,69,99,"Rocks 1.jpg","pic"
"1807","63b18d94775ad4aad221103c",0,0,0,0,25,"Garbage dump 1.jpg","pic"
"1808","63b18d94775ad4aad221103c",0,17,0,1,49,"Prison 2.jpg","pic"
"1809","67ddd68976b22b18710b9fdb",83,53,55,53,56,"Lake 12.jpg","pic"
"1810","67ddd68976b22b18710b9fdb",4,3,2,1,0,"Dirt 1.jpg","pic"
"1811","67ddd68976b22b18710b9fdb",99,99,98,97,98,"Rocks 1.jpg","pic"
"1812","67ddd68976b22b18710b9fdb",94,86,92,87,97,"Destruction 2.jpg","pic"
"1813","67ddd68976b22b18710b9fdb",2,3,2,2,3,"Fire 10.jpg","pic"
"1814","67ddd68976b22b18710b9fdb",0,0,1,0,3,"Flood 1.jpg","pic"
"1815","67ddd68976b22b18710b9fdb",97,91,100,100,100,"Beach 1.jpg","pic"
"1816","67ddd68976b22b18710b9fdb",7,2,0,0,3,"Snow 1.jpg","pic"
"1817","67ddd68976b22b18710b9fdb",0,0,0,0,0,"Rainbow 2.jpg","pic"
"1818","67ddd68976b22b18710b9fdb",0,0,0,0,0,"Heart 3.jpg","pic"
"1819","67ddd68976b22b18710b9fdb",0,0,0,0,0,"Ferret 1.jpg","pic"
"1820","67ddd68976b22b18710b9fdb",0,0,0,0,0,"Clean 1.jpg","pic"
"1821","67ddd68976b22b18710b9fdb",0,0,0,0,0,"Toilet 4.jpg","pic"
"1822","67ddd68976b22b18710b9fdb",0,0,0,0,0,"Fireworks 6.jpg","pic"
"1823","67ddd68976b22b18710b9fdb",0,0,0,0,0,"Garbage dump 1.jpg","pic"
"1824","67ddd68976b22b18710b9fdb",0,0,0,0,1,"Prison 2.jpg","pic"
"1825","69419e9576aea13f332266ff",11,9,0,6,8,"Snow 1.jpg","pic"
"1826","69419e9576aea13f332266ff",0,0,0,0,0,"Garbage dump 1.jpg","pic"
"1827","69419e9576aea13f332266ff",61,71,41,53,91,"Clean 1.jpg","pic"
"1828","69419e9576aea13f332266ff",7,0,0,0,0,"Dirt 1.jpg","pic"
"1829","69419e9576aea13f332266ff",0,0,0,0,0,"Destruction 2.jpg","pic"
"1830","69419e9576aea13f332266ff",0,0,0,0,0,"Flood 1.jpg","pic"
"1831","69419e9576aea13f332266ff",0,0,0,0,0,"Prison 2.jpg","pic"
"1832","69419e9576aea13f332266ff",94,93,83,92,98,"Beach 1.jpg","pic"
"1833","69419e9576aea13f332266ff",94,91,92,89,96,"Lake 12.jpg","pic"
"1834","69419e9576aea13f332266ff",70,81,18,63,73,"Rocks 1.jpg","pic"
"1835","69419e9576aea13f332266ff",8,3,0,6,6,"Toilet 4.jpg","pic"
"1836","69419e9576aea13f332266ff",90,86,59,80,90,"Heart 3.jpg","pic"
"1837","69419e9576aea13f332266ff",99,93,98,92,93,"Fireworks 6.jpg","pic"
"1838","69419e9576aea13f332266ff",94,97,87,99,95,"Rainbow 2.jpg","pic"
"1839","69419e9576aea13f332266ff",8,17,16,31,10,"Ferret 1.jpg","pic"
"1840","69419e9576aea13f332266ff",69,92,74,79,92,"Fire 10.jpg","pic"
"1841","67469dde494c2b78202fc16e",0,0,0,0,0,"Fire 10.jpg","pic"
"1842","67469dde494c2b78202fc16e",74,53,29,70,68,"Rocks 1.jpg","pic"
"1843","67469dde494c2b78202fc16e",0,0,0,0,0,"Toilet 4.jpg","pic"
"1844","67469dde494c2b78202fc16e",0,0,0,0,0,"Prison 2.jpg","pic"
"1845","67469dde494c2b78202fc16e",0,0,0,0,0,"Dirt 1.jpg","pic"
"1846","67469dde494c2b78202fc16e",65,75,0,30,90,"Rainbow 2.jpg","pic"
"1847","67469dde494c2b78202fc16e",66,52,0,10,50,"Heart 3.jpg","pic"
"1848","67469dde494c2b78202fc16e",50,50,23,50,50,"Snow 1.jpg","pic"
"1849","67469dde494c2b78202fc16e",47,52,22,53,100,"Clean 1.jpg","pic"
"1850","67469dde494c2b78202fc16e",0,0,0,0,0,"Ferret 1.jpg","pic"
"1851","67469dde494c2b78202fc16e",100,100,51,75,100,"Beach 1.jpg","pic"
"1852","67469dde494c2b78202fc16e",48,58,42,33,55,"Fireworks 6.jpg","pic"
"1853","67469dde494c2b78202fc16e",0,0,0,0,0,"Flood 1.jpg","pic"
"1854","67469dde494c2b78202fc16e",0,0,0,0,0,"Garbage dump 1.jpg","pic"
"1855","67469dde494c2b78202fc16e",0,0,0,0,0,"Destruction 2.jpg","pic"
"1856","67469dde494c2b78202fc16e",100,100,65,86,100,"Lake 12.jpg","pic"
"1857","6760853e178af224e611e496",90,90,60,80,85,"Beach 1.jpg","pic"
"1858","6760853e178af224e611e496",60,70,70,80,65,"Rocks 1.jpg","pic"
"1859","6760853e178af224e611e496",90,60,70,70,75,"Lake 12.jpg","pic"
"1860","6760853e178af224e611e496",0,0,0,0,0,"Flood 1.jpg","pic"
"1861","6760853e178af224e611e496",90,95,70,95,60,"Fireworks 6.jpg","pic"
"1862","6760853e178af224e611e496",0,0,0,0,0,"Toilet 4.jpg","pic"
"1863","6760853e178af224e611e496",0,0,0,0,0,"Garbage dump 1.jpg","pic"
"1864","6760853e178af224e611e496",0,0,0,0,0,"Fire 10.jpg","pic"
"1865","6760853e178af224e611e496",80,95,90,95,90,"Snow 1.jpg","pic"
"1866","6760853e178af224e611e496",0,0,0,0,0,"Dirt 1.jpg","pic"
"1867","6760853e178af224e611e496",95,95,95,95,90,"Rainbow 2.jpg","pic"
"1868","6760853e178af224e611e496",0,0,0,0,0,"Destruction 2.jpg","pic"
"1869","6760853e178af224e611e496",0,0,0,0,0,"Prison 2.jpg","pic"
"1870","6760853e178af224e611e496",85,90,95,95,90,"Clean 1.jpg","pic"
"1871","6760853e178af224e611e496",100,90,60,95,80,"Heart 3.jpg","pic"
"1872","6760853e178af224e611e496",0,0,20,0,0,"Ferret 1.jpg","pic"
"1873","67dfd2986014ad9eaa886f26",52,69,60,51,62,"Flood 1.jpg","pic"
"1874","67dfd2986014ad9eaa886f26",69,78,79,76,80,"Heart 3.jpg","pic"
"1875","67dfd2986014ad9eaa886f26",63,53,51,53,70,"Snow 1.jpg","pic"
"1876","67dfd2986014ad9eaa886f26",77,85,73,83,73,"Garbage dump 1.jpg","pic"
"1877","67dfd2986014ad9eaa886f26",61,71,70,72,69,"Dirt 1.jpg","pic"
"1878","67dfd2986014ad9eaa886f26",82,76,66,79,72,"Ferret 1.jpg","pic"
"1879","67dfd2986014ad9eaa886f26",83,77,80,79,80,"Fire 10.jpg","pic"
"1880","67dfd2986014ad9eaa886f26",68,72,78,51,78,"Clean 1.jpg","pic"
"1881","67dfd2986014ad9eaa886f26",0,0,0,0,24,"Destruction 2.jpg","pic"
"1882","67dfd2986014ad9eaa886f26",64,75,73,75,67,"Lake 12.jpg","pic"
"1883","67dfd2986014ad9eaa886f26",57,44,45,57,50,"Rocks 1.jpg","pic"
"1884","67dfd2986014ad9eaa886f26",53,59,59,57,0,"Beach 1.jpg","pic"
"1885","67dfd2986014ad9eaa886f26",0,0,0,0,0,"Toilet 4.jpg","pic"
"1886","67dfd2986014ad9eaa886f26",67,64,53,70,51,"Fireworks 6.jpg","pic"
"1887","67dfd2986014ad9eaa886f26",0,0,0,0,0,"Rainbow 2.jpg","pic"
"1888","67dfd2986014ad9eaa886f26",0,0,0,0,47,"Prison 2.jpg","pic"
"1889","67d9625169884c7fdecaf0a6",46,69,51,56,62,"Dirt 1.jpg","pic"
"1890","67d9625169884c7fdecaf0a6",54,65,42,49,66,"Garbage dump 1.jpg","pic"
"1891","67d9625169884c7fdecaf0a6",53,35,46,36,65,"Fire 10.jpg","pic"
"1892","67d9625169884c7fdecaf0a6",72,73,42,45,20,"Rocks 1.jpg","pic"
"1893","67d9625169884c7fdecaf0a6",80,63,5,65,69,"Destruction 2.jpg","pic"
"1894","67d9625169884c7fdecaf0a6",74,42,58,27,52,"Ferret 1.jpg","pic"
"1895","67d9625169884c7fdecaf0a6",70,64,69,42,75,"Rainbow 2.jpg","pic"
"1896","67d9625169884c7fdecaf0a6",75,63,45,40,66,"Prison 2.jpg","pic"
"1897","67d9625169884c7fdecaf0a6",61,33,62,28,46,"Clean 1.jpg","pic"
"1898","67d9625169884c7fdecaf0a6",23,21,44,22,54,"Snow 1.jpg","pic"
"1899","67d9625169884c7fdecaf0a6",51,23,47,25,76,"Beach 1.jpg","pic"
"1900","67d9625169884c7fdecaf0a6",20,44,29,45,74,"Fireworks 6.jpg","pic"
"1901","67d9625169884c7fdecaf0a6",26,57,39,16,60,"Toilet 4.jpg","pic"
"1902","67d9625169884c7fdecaf0a6",19,51,19,23,38,"Flood 1.jpg","pic"
"1903","67d9625169884c7fdecaf0a6",37,58,26,37,68,"Lake 12.jpg","pic"
"1904","67d9625169884c7fdecaf0a6",41,39,20,31,60,"Heart 3.jpg","pic"
"1905","5bbf523d83f9790001ce549a",0,0,0,0,0,"Dirt 1.jpg","pic"
"1906","5bbf523d83f9790001ce549a",100,100,100,100,100,"Beach 1.jpg","pic"
"1907","5bbf523d83f9790001ce549a",39,86,0,29,99,"Snow 1.jpg","pic"
"1908","5bbf523d83f9790001ce549a",67,100,0,64,100,"Rainbow 2.jpg","pic"
"1909","5bbf523d83f9790001ce549a",0,0,0,0,0,"Heart 3.jpg","pic"
"1910","5bbf523d83f9790001ce549a",100,100,65,77,100,"Lake 12.jpg","pic"
"1911","5bbf523d83f9790001ce549a",100,100,100,100,39,"Fireworks 6.jpg","pic"
"1912","5bbf523d83f9790001ce549a",0,0,0,0,0,"Fire 10.jpg","pic"
"1913","5bbf523d83f9790001ce549a",0,0,0,0,0,"Destruction 2.jpg","pic"
"1914","5bbf523d83f9790001ce549a",0,0,0,0,0,"Toilet 4.jpg","pic"
"1915","5bbf523d83f9790001ce549a",76,100,0,24,100,"Rocks 1.jpg","pic"
"1916","5bbf523d83f9790001ce549a",100,100,34,66,100,"Clean 1.jpg","pic"
"1917","5bbf523d83f9790001ce549a",0,0,39,0,0,"Ferret 1.jpg","pic"
"1918","5bbf523d83f9790001ce549a",0,0,0,0,0,"Prison 2.jpg","pic"
"1919","5bbf523d83f9790001ce549a",0,0,59,0,0,"Flood 1.jpg","pic"
"1920","5bbf523d83f9790001ce549a",0,0,0,0,0,"Garbage dump 1.jpg","pic"
"1921","675a2ef45fbe0cc52b8403ae",88,60,72,69,25,"Beach 1.jpg","pic"
"1922","675a2ef45fbe0cc52b8403ae",65,63,41,54,68,"Prison 2.jpg","pic"
"1923","675a2ef45fbe0cc52b8403ae",70,45,33,56,63,"Lake 12.jpg","pic"
"1924","675a2ef45fbe0cc52b8403ae",81,36,62,46,38,"Clean 1.jpg","pic"
"1925","675a2ef45fbe0cc52b8403ae",59,55,64,65,26,"Fireworks 6.jpg","pic"
"1926","675a2ef45fbe0cc52b8403ae",79,74,45,70,69,"Garbage dump 1.jpg","pic"
"1927","675a2ef45fbe0cc52b8403ae",82,36,72,62,29,"Heart 3.jpg","pic"
"1928","675a2ef45fbe0cc52b8403ae",74,74,70,67,25,"Rainbow 2.jpg","pic"
"1929","675a2ef45fbe0cc52b8403ae",27,19,25,20,16,"Flood 1.jpg","pic"
"1930","675a2ef45fbe0cc52b8403ae",40,39,37,47,35,"Fire 10.jpg","pic"
"1931","675a2ef45fbe0cc52b8403ae",77,63,82,45,50,"Destruction 2.jpg","pic"
"1932","675a2ef45fbe0cc52b8403ae",80,81,82,70,80,"Ferret 1.jpg","pic"
"1933","675a2ef45fbe0cc52b8403ae",78,74,54,48,88,"Rocks 1.jpg","pic"
"1934","675a2ef45fbe0cc52b8403ae",74,79,66,76,74,"Snow 1.jpg","pic"
"1935","675a2ef45fbe0cc52b8403ae",77,36,73,59,49,"Dirt 1.jpg","pic"
"1936","675a2ef45fbe0cc52b8403ae",72,76,81,87,41,"Toilet 4.jpg","pic"
"1937","6941b8c9dd38cb0309c3280f",71,79,36,66,96,"Clean 1.jpg","pic"
"1938","6941b8c9dd38cb0309c3280f",38,58,26,20,97,"Rocks 1.jpg","pic"
"1939","6941b8c9dd38cb0309c3280f",100,100,39,100,100,"Lake 12.jpg","pic"
"1940","6941b8c9dd38cb0309c3280f",0,0,0,0,0,"Ferret 1.jpg","pic"
"1941","6941b8c9dd38cb0309c3280f",0,0,0,0,0,"Fire 10.jpg","pic"
"1942","6941b8c9dd38cb0309c3280f",100,100,30,100,100,"Rainbow 2.jpg","pic"
"1943","6941b8c9dd38cb0309c3280f",0,0,0,0,0,"Flood 1.jpg","pic"
"1944","6941b8c9dd38cb0309c3280f",0,0,0,0,0,"Prison 2.jpg","pic"
"1945","6941b8c9dd38cb0309c3280f",0,0,0,0,0,"Dirt 1.jpg","pic"
"1946","6941b8c9dd38cb0309c3280f",0,0,0,0,0,"Destruction 2.jpg","pic"
"1947","6941b8c9dd38cb0309c3280f",100,47,35,71,32,"Snow 1.jpg","pic"
"1948","6941b8c9dd38cb0309c3280f",100,100,100,100,0,"Fireworks 6.jpg","pic"
"1949","6941b8c9dd38cb0309c3280f",0,0,0,0,0,"Garbage dump 1.jpg","pic"
"1950","6941b8c9dd38cb0309c3280f",81,68,0,33,70,"Heart 3.jpg","pic"
"1951","6941b8c9dd38cb0309c3280f",0,0,0,0,0,"Toilet 4.jpg","pic"
"1952","6941b8c9dd38cb0309c3280f",100,100,44,100,100,"Beach 1.jpg","pic"
"1953","67911b9be5af0ac0763a28c7",28,41,26,19,38,"Heart 3.jpg","pic"
"1954","67911b9be5af0ac0763a28c7",0,8,1,1,0,"Garbage dump 1.jpg","pic"
"1955","67911b9be5af0ac0763a28c7",0,0,0,0,2,"Toilet 4.jpg","pic"
"1956","67911b9be5af0ac0763a28c7",54,63,38,68,65,"Rocks 1.jpg","pic"
"1957","67911b9be5af0ac0763a28c7",53,63,44,70,66,"Snow 1.jpg","pic"
"1958","67911b9be5af0ac0763a28c7",0,0,1,0,0,"Destruction 2.jpg","pic"
"1959","67911b9be5af0ac0763a28c7",0,0,0,0,0,"Prison 2.jpg","pic"
"1960","67911b9be5af0ac0763a28c7",69,65,86,87,26,"Fireworks 6.jpg","pic"
"1961","67911b9be5af0ac0763a28c7",0,0,0,0,0,"Dirt 1.jpg","pic"
"1962","67911b9be5af0ac0763a28c7",96,83,81,92,75,"Rainbow 2.jpg","pic"
"1963","67911b9be5af0ac0763a28c7",92,92,91,97,99,"Beach 1.jpg","pic"
"1964","67911b9be5af0ac0763a28c7",71,80,60,65,95,"Lake 12.jpg","pic"
"1965","67911b9be5af0ac0763a28c7",0,0,1,0,0,"Ferret 1.jpg","pic"
"1966","67911b9be5af0ac0763a28c7",68,84,87,84,81,"Clean 1.jpg","pic"
"1967","67911b9be5af0ac0763a28c7",0,0,0,0,0,"Flood 1.jpg","pic"
"1968","67911b9be5af0ac0763a28c7",0,0,8,0,0,"Fire 10.jpg","pic"
"1969","5d9d2e421af9ed0011c31894",1,1,0,1,1,"Garbage dump 1.jpg","pic"
"1970","5d9d2e421af9ed0011c31894",0,0,0,0,0,"Prison 2.jpg","pic"
"1971","5d9d2e421af9ed0011c31894",24,2,1,1,77,"Snow 1.jpg","pic"
"1972","5d9d2e421af9ed0011c31894",1,37,0,0,15,"Rocks 1.jpg","pic"
"1973","5d9d2e421af9ed0011c31894",72,50,20,35,97,"Rainbow 2.jpg","pic"
"1974","5d9d2e421af9ed0011c31894",0,0,1,0,26,"Toilet 4.jpg","pic"
"1975","5d9d2e421af9ed0011c31894",8,50,1,0,52,"Heart 3.jpg","pic"
"1976","5d9d2e421af9ed0011c31894",0,0,0,0,14,"Flood 1.jpg","pic"
"1977","5d9d2e421af9ed0011c31894",0,11,0,0,1,"Dirt 1.jpg","pic"
"1978","5d9d2e421af9ed0011c31894",0,0,0,0,0,"Ferret 1.jpg","pic"
"1979","5d9d2e421af9ed0011c31894",68,80,24,16,72,"Fireworks 6.jpg","pic"
"1980","5d9d2e421af9ed0011c31894",24,49,20,17,93,"Clean 1.jpg","pic"
"1981","5d9d2e421af9ed0011c31894",41,75,13,32,53,"Lake 12.jpg","pic"
"1982","5d9d2e421af9ed0011c31894",68,81,22,34,97,"Beach 1.jpg","pic"
"1983","5d9d2e421af9ed0011c31894",1,0,1,1,0,"Fire 10.jpg","pic"
"1984","5d9d2e421af9ed0011c31894",0,0,0,0,0,"Destruction 2.jpg","pic"
"1985","564e93659b124900127eb55b",68,86,63,50,85,"Heart 3.jpg","pic"
"1986","564e93659b124900127eb55b",68,86,46,38,84,"Rocks 1.jpg","pic"
"1987","564e93659b124900127eb55b",0,0,0,0,0,"Flood 1.jpg","pic"
"1988","564e93659b124900127eb55b",38,39,0,38,32,"Snow 1.jpg","pic"
"1989","564e93659b124900127eb55b",86,91,79,85,100,"Clean 1.jpg","pic"
"1990","564e93659b124900127eb55b",82,100,51,100,84,"Beach 1.jpg","pic"
"1991","564e93659b124900127eb55b",0,0,8,0,0,"Ferret 1.jpg","pic"
"1992","564e93659b124900127eb55b",83,92,65,88,78,"Rainbow 2.jpg","pic"
"1993","564e93659b124900127eb55b",0,0,0,0,0,"Toilet 4.jpg","pic"
"1994","564e93659b124900127eb55b",0,0,0,0,0,"Prison 2.jpg","pic"
"1995","564e93659b124900127eb55b",0,1,0,1,0,"Dirt 1.jpg","pic"
"1996","564e93659b124900127eb55b",88,99,83,100,76,"Lake 12.jpg","pic"
"1997","564e93659b124900127eb55b",0,0,0,0,0,"Destruction 2.jpg","pic"
"1998","564e93659b124900127eb55b",0,0,0,0,0,"Fire 10.jpg","pic"
"1999","564e93659b124900127eb55b",0,0,0,0,0,"Garbage dump 1.jpg","pic"
"2000","564e93659b124900127eb55b",0,0,0,0,4,"Fireworks 6.jpg","pic"
"2001","67dd4210d92f4c3aac8d944c",94,90,88,86,89,"Heart 3.jpg","pic"
"2002","67dd4210d92f4c3aac8d944c",91,88,90,87,92,"Rocks 1.jpg","pic"
"2003","67dd4210d92f4c3aac8d944c",91,95,91,92,93,"Fireworks 6.jpg","pic"
"2004","67dd4210d92f4c3aac8d944c",87,85,91,87,93,"Destruction 2.jpg","pic"
"2005","67dd4210d92f4c3aac8d944c",88,84,83,87,78,"Beach 1.jpg","pic"
"2006","67dd4210d92f4c3aac8d944c",88,85,90,85,91,"Ferret 1.jpg","pic"
"2007","67dd4210d92f4c3aac8d944c",89,74,81,67,87,"Prison 2.jpg","pic"
"2008","67dd4210d92f4c3aac8d944c",86,82,88,81,86,"Lake 12.jpg","pic"
"2009","67dd4210d92f4c3aac8d944c",88,91,92,91,94,"Rainbow 2.jpg","pic"
"2010","67dd4210d92f4c3aac8d944c",97,92,62,91,94,"Garbage dump 1.jpg","pic"
"2011","67dd4210d92f4c3aac8d944c",85,85,89,84,86,"Flood 1.jpg","pic"
"2012","67dd4210d92f4c3aac8d944c",90,88,88,90,91,"Toilet 4.jpg","pic"
"2013","67dd4210d92f4c3aac8d944c",84,89,91,88,83,"Clean 1.jpg","pic"
"2014","67dd4210d92f4c3aac8d944c",83,89,87,86,88,"Dirt 1.jpg","pic"
"2015","67dd4210d92f4c3aac8d944c",94,85,90,85,97,"Snow 1.jpg","pic"
"2016","67dd4210d92f4c3aac8d944c",89,91,85,90,95,"Fire 10.jpg","pic"
"2017","674cb1e5dd135ab435dece3f",15,15,8,0,16,"Dirt 1.jpg","pic"
"2018","674cb1e5dd135ab435dece3f",19,7,3,9,8,"Flood 1.jpg","pic"
"2019","674cb1e5dd135ab435dece3f",3,2,33,2,1,"Ferret 1.jpg","pic"
"2020","674cb1e5dd135ab435dece3f",6,1,43,2,3,"Destruction 2.jpg","pic"
"2021","674cb1e5dd135ab435dece3f",33,18,48,27,0,"Lake 12.jpg","pic"
"2022","674cb1e5dd135ab435dece3f",27,31,16,19,22,"Fireworks 6.jpg","pic"
"2023","674cb1e5dd135ab435dece3f",16,9,14,16,15,"Beach 1.jpg","pic"
"2024","674cb1e5dd135ab435dece3f",56,4,39,20,26,"Rainbow 2.jpg","pic"
"2025","674cb1e5dd135ab435dece3f",23,23,25,12,34,"Rocks 1.jpg","pic"
"2026","674cb1e5dd135ab435dece3f",3,2,42,3,1,"Fire 10.jpg","pic"
"2027","674cb1e5dd135ab435dece3f",11,24,29,2,0,"Heart 3.jpg","pic"
"2028","674cb1e5dd135ab435dece3f",11,27,35,1,12,"Garbage dump 1.jpg","pic"
"2029","674cb1e5dd135ab435dece3f",17,39,35,22,35,"Clean 1.jpg","pic"
"2030","674cb1e5dd135ab435dece3f",19,46,3,6,38,"Snow 1.jpg","pic"
"2031","674cb1e5dd135ab435dece3f",3,9,48,2,2,"Prison 2.jpg","pic"
"2032","674cb1e5dd135ab435dece3f",17,2,28,3,1,"Toilet 4.jpg","pic"
"2033","668bf688d58206e61f399a88",50,40,47,50,46,"Heart 3.jpg","pic"
"2034","668bf688d58206e61f399a88",20,29,30,13,29,"Ferret 1.jpg","pic"
"2035","668bf688d58206e61f399a88",14,4,4,3,2,"Destruction 2.jpg","pic"
"2036","668bf688d58206e61f399a88",51,4,12,6,14,"Dirt 1.jpg","pic"
"2037","668bf688d58206e61f399a88",84,90,89,87,84,"Rocks 1.jpg","pic"
"2038","668bf688d58206e61f399a88",99,98,98,97,98,"Fireworks 6.jpg","pic"
"2039","668bf688d58206e61f399a88",61,91,64,40,93,"Snow 1.jpg","pic"
"2040","668bf688d58206e61f399a88",7,4,3,2,12,"Garbage dump 1.jpg","pic"
"2041","668bf688d58206e61f399a88",17,6,11,3,5,"Toilet 4.jpg","pic"
"2042","668bf688d58206e61f399a88",25,24,25,14,16,"Flood 1.jpg","pic"
"2043","668bf688d58206e61f399a88",2,3,3,3,3,"Prison 2.jpg","pic"
"2044","668bf688d58206e61f399a88",72,87,91,88,90,"Clean 1.jpg","pic"
"2045","668bf688d58206e61f399a88",98,99,99,98,98,"Beach 1.jpg","pic"
"2046","668bf688d58206e61f399a88",4,3,3,2,10,"Fire 10.jpg","pic"
"2047","668bf688d58206e61f399a88",48,50,49,50,49,"Lake 12.jpg","pic"
"2048","668bf688d58206e61f399a88",98,96,98,98,96,"Rainbow 2.jpg","pic"
"2049","6287f4819c5fc8c4d48cc885",0,0,0,0,0,"Destruction 2.jpg","pic"
"2050","6287f4819c5fc8c4d48cc885",0,0,0,0,0,"Prison 2.jpg","pic"
"2051","6287f4819c5fc8c4d48cc885",83,94,38,56,85,"Snow 1.jpg","pic"
"2052","6287f4819c5fc8c4d48cc885",42,72,6,0,81,"Rocks 1.jpg","pic"
"2053","6287f4819c5fc8c4d48cc885",52,80,10,65,90,"Clean 1.jpg","pic"
"2054","6287f4819c5fc8c4d48cc885",68,68,4,50,86,"Heart 3.jpg","pic"
"2055","6287f4819c5fc8c4d48cc885",0,0,0,0,0,"Toilet 4.jpg","pic"
"2056","6287f4819c5fc8c4d48cc885",0,0,10,0,0,"Ferret 1.jpg","pic"
"2057","6287f4819c5fc8c4d48cc885",0,0,0,0,0,"Fire 10.jpg","pic"
"2058","6287f4819c5fc8c4d48cc885",0,0,0,0,0,"Garbage dump 1.jpg","pic"
"2059","6287f4819c5fc8c4d48cc885",70,51,0,53,28,"Rainbow 2.jpg","pic"
"2060","6287f4819c5fc8c4d48cc885",69,93,53,61,81,"Lake 12.jpg","pic"
"2061","6287f4819c5fc8c4d48cc885",0,0,0,0,0,"Flood 1.jpg","pic"
"2062","6287f4819c5fc8c4d48cc885",76,61,64,75,50,"Fireworks 6.jpg","pic"
"2063","6287f4819c5fc8c4d48cc885",40,31,0,12,33,"Beach 1.jpg","pic"
"2064","6287f4819c5fc8c4d48cc885",0,0,0,0,0,"Dirt 1.jpg","pic"
"2065","67cb4f07e42b150f96dc180b",79,93,94,100,90,"Rainbow 2.jpg","pic"
"2066","67cb4f07e42b150f96dc180b",84,97,87,54,26,"Snow 1.jpg","pic"
"2067","67cb4f07e42b150f96dc180b",85,97,98,96,88,"Fireworks 6.jpg","pic"
"2068","67cb4f07e42b150f96dc180b",91,89,82,90,51,"Fire 10.jpg","pic"
"2069","67cb4f07e42b150f96dc180b",66,98,93,98,99,"Rocks 1.jpg","pic"
"2070","67cb4f07e42b150f96dc180b",92,88,97,83,95,"Destruction 2.jpg","pic"
"2071","67cb4f07e42b150f96dc180b",76,71,90,74,78,"Flood 1.jpg","pic"
"2072","67cb4f07e42b150f96dc180b",97,96,94,96,94,"Ferret 1.jpg","pic"
"2073","67cb4f07e42b150f96dc180b",92,55,72,86,88,"Garbage dump 1.jpg","pic"
"2074","67cb4f07e42b150f96dc180b",98,98,86,87,97,"Lake 12.jpg","pic"
"2075","67cb4f07e42b150f96dc180b",89,95,95,90,96,"Heart 3.jpg","pic"
"2076","67cb4f07e42b150f96dc180b",99,97,92,97,75,"Dirt 1.jpg","pic"
"2077","67cb4f07e42b150f96dc180b",84,85,90,99,78,"Toilet 4.jpg","pic"
"2078","67cb4f07e42b150f96dc180b",98,97,76,63,96,"Clean 1.jpg","pic"
"2079","67cb4f07e42b150f96dc180b",87,90,90,97,93,"Beach 1.jpg","pic"
"2080","67cb4f07e42b150f96dc180b",97,100,90,97,70,"Prison 2.jpg","pic"
"2081","63ae31ff5c725a41082afc56",7,17,8,14,5,"Toilet 4.jpg","pic"
"2082","63ae31ff5c725a41082afc56",8,8,12,5,13,"Snow 1.jpg","pic"
"2083","63ae31ff5c725a41082afc56",94,85,80,85,76,"Beach 1.jpg","pic"
"2084","63ae31ff5c725a41082afc56",79,70,52,73,63,"Rocks 1.jpg","pic"
"2085","63ae31ff5c725a41082afc56",10,11,14,12,12,"Garbage dump 1.jpg","pic"
"2086","63ae31ff5c725a41082afc56",9,10,11,8,6,"Flood 1.jpg","pic"
"2087","63ae31ff5c725a41082afc56",47,51,50,51,50,"Fire 10.jpg","pic"
"2088","63ae31ff5c725a41082afc56",88,74,81,73,83,"Clean 1.jpg","pic"
"2089","63ae31ff5c725a41082afc56",6,0,9,0,10,"Destruction 2.jpg","pic"
"2090","63ae31ff5c725a41082afc56",48,51,48,20,42,"Heart 3.jpg","pic"
"2091","63ae31ff5c725a41082afc56",86,71,89,81,82,"Lake 12.jpg","pic"
"2092","63ae31ff5c725a41082afc56",9,8,8,8,6,"Ferret 1.jpg","pic"
"2093","63ae31ff5c725a41082afc56",89,88,88,82,92,"Fireworks 6.jpg","pic"
"2094","63ae31ff5c725a41082afc56",12,13,6,18,8,"Dirt 1.jpg","pic"
"2095","63ae31ff5c725a41082afc56",17,6,12,14,13,"Prison 2.jpg","pic"
"2096","63ae31ff5c725a41082afc56",97,80,73,78,78,"Rainbow 2.jpg","pic"
"2097","67463480327b48a3f1380669",84,25,53,64,49,"Rocks 1.jpg","pic"
"2098","67463480327b48a3f1380669",52,52,67,49,58,"Lake 12.jpg","pic"
"2099","67463480327b48a3f1380669",30,5,2,21,28,"Flood 1.jpg","pic"
"2100","67463480327b48a3f1380669",32,34,34,4,34,"Fire 10.jpg","pic"
"2101","67463480327b48a3f1380669",29,33,14,24,34,"Clean 1.jpg","pic"
"2102","67463480327b48a3f1380669",79,59,62,3,39,"Rainbow 2.jpg","pic"
"2103","67463480327b48a3f1380669",1,7,4,6,2,"Prison 2.jpg","pic"
"2104","67463480327b48a3f1380669",1,1,0,1,0,"Destruction 2.jpg","pic"
"2105","67463480327b48a3f1380669",1,1,2,2,2,"Garbage dump 1.jpg","pic"
"2106","67463480327b48a3f1380669",19,19,24,20,84,"Beach 1.jpg","pic"
"2107","67463480327b48a3f1380669",3,1,1,1,1,"Toilet 4.jpg","pic"
"2108","67463480327b48a3f1380669",1,2,0,2,1,"Dirt 1.jpg","pic"
"2109","67463480327b48a3f1380669",0,0,0,0,0,"Ferret 1.jpg","pic"
"2110","67463480327b48a3f1380669",3,2,4,2,2,"Fireworks 6.jpg","pic"
"2111","67463480327b48a3f1380669",87,47,59,55,73,"Snow 1.jpg","pic"
"2112","67463480327b48a3f1380669",2,20,1,2,27,"Heart 3.jpg","pic"
"2113","66240955715b3b45903381ed",30,10,12,11,35,"Heart 3.jpg","pic"
"2114","66240955715b3b45903381ed",10,5,3,0,15,"Clean 1.jpg","pic"
"2115","66240955715b3b45903381ed",0,0,4,0,5,"Toilet 4.jpg","pic"
"2116","66240955715b3b45903381ed",12,7,5,10,7,"Rainbow 2.jpg","pic"
"2117","66240955715b3b45903381ed",0,0,5,0,3,"Prison 2.jpg","pic"
"2118","66240955715b3b45903381ed",0,6,5,0,20,"Dirt 1.jpg","pic"
"2119","66240955715b3b45903381ed",10,0,11,0,11,"Garbage dump 1.jpg","pic"
"2120","66240955715b3b45903381ed",29,26,18,15,18,"Rocks 1.jpg","pic"
"2121","66240955715b3b45903381ed",5,0,20,0,12,"Fire 10.jpg","pic"
"2122","66240955715b3b45903381ed",27,13,24,18,10,"Fireworks 6.jpg","pic"
"2123","66240955715b3b45903381ed",30,11,30,14,8,"Snow 1.jpg","pic"
"2124","66240955715b3b45903381ed",0,0,12,0,0,"Destruction 2.jpg","pic"
"2125","66240955715b3b45903381ed",22,15,18,15,14,"Lake 12.jpg","pic"
"2126","66240955715b3b45903381ed",6,0,19,0,5,"Ferret 1.jpg","pic"
"2127","66240955715b3b45903381ed",32,24,16,14,16,"Beach 1.jpg","pic"
"2128","66240955715b3b45903381ed",0,0,17,0,5,"Flood 1.jpg","pic"
"2129","672c74f54295206bddb0146a",0,0,0,0,0,"Garbage dump 1.jpg","pic"
"2130","672c74f54295206bddb0146a",65,20,30,45,0,"Fireworks 6.jpg","pic"
"2131","672c74f54295206bddb0146a",0,0,0,0,45,"Dirt 1.jpg","pic"
"2132","672c74f54295206bddb0146a",0,0,0,0,0,"Beach 1.jpg","pic"
"2133","672c74f54295206bddb0146a",75,85,0,0,50,"Rocks 1.jpg","pic"
"2134","672c74f54295206bddb0146a",0,0,0,0,0,"Flood 1.jpg","pic"
"2135","672c74f54295206bddb0146a",0,0,0,0,0,"Destruction 2.jpg","pic"
"2136","672c74f54295206bddb0146a",85,50,0,90,100,"Snow 1.jpg","pic"
"2137","672c74f54295206bddb0146a",0,10,0,0,10,"Clean 1.jpg","pic"
"2138","672c74f54295206bddb0146a",25,35,0,0,50,"Fire 10.jpg","pic"
"2139","672c74f54295206bddb0146a",5,0,0,0,0,"Heart 3.jpg","pic"
"2140","672c74f54295206bddb0146a",0,0,0,0,0,"Prison 2.jpg","pic"
"2141","672c74f54295206bddb0146a",0,0,0,0,0,"Toilet 4.jpg","pic"
"2142","672c74f54295206bddb0146a",20,0,0,0,15,"Lake 12.jpg","pic"
"2143","672c74f54295206bddb0146a",0,0,0,0,0,"Ferret 1.jpg","pic"
"2144","672c74f54295206bddb0146a",80,100,40,85,30,"Rainbow 2.jpg","pic"
"2145","67e406244bfad9999a051c1e",91,94,91,88,7,"Dirt 1.jpg","pic"
"2146","67e406244bfad9999a051c1e",90,93,86,91,87,"Beach 1.jpg","pic"
"2147","67e406244bfad9999a051c1e",89,92,87,93,84,"Heart 3.jpg","pic"
"2148","67e406244bfad9999a051c1e",92,91,90,91,89,"Ferret 1.jpg","pic"
"2149","67e406244bfad9999a051c1e",75,91,87,83,77,"Snow 1.jpg","pic"
"2150","67e406244bfad9999a051c1e",90,90,90,91,89,"Toilet 4.jpg","pic"
"2151","67e406244bfad9999a051c1e",91,87,89,87,92,"Prison 2.jpg","pic"
"2152","67e406244bfad9999a051c1e",83,87,85,85,92,"Garbage dump 1.jpg","pic"
"2153","67e406244bfad9999a051c1e",87,89,91,80,92,"Rainbow 2.jpg","pic"
"2154","67e406244bfad9999a051c1e",95,99,94,96,96,"Rocks 1.jpg","pic"
"2155","67e406244bfad9999a051c1e",92,90,91,88,90,"Fire 10.jpg","pic"
"2156","67e406244bfad9999a051c1e",69,91,87,93,38,"Clean 1.jpg","pic"
"2157","67e406244bfad9999a051c1e",83,78,84,80,87,"Flood 1.jpg","pic"
"2158","67e406244bfad9999a051c1e",89,94,94,92,93,"Lake 12.jpg","pic"
"2159","67e406244bfad9999a051c1e",82,87,88,84,91,"Fireworks 6.jpg","pic"
"2160","67e406244bfad9999a051c1e",85,93,90,89,94,"Destruction 2.jpg","pic"
"2161","67dd40b531ab9c33ff61e98e",88,92,93,93,91,"Rocks 1.jpg","pic"
"2162","67dd40b531ab9c33ff61e98e",91,93,93,92,93,"Destruction 2.jpg","pic"
"2163","67dd40b531ab9c33ff61e98e",88,93,96,94,95,"Fire 10.jpg","pic"
"2164","67dd40b531ab9c33ff61e98e",94,90,91,91,95,"Ferret 1.jpg","pic"
"2165","67dd40b531ab9c33ff61e98e",92,90,92,90,94,"Dirt 1.jpg","pic"
"2166","67dd40b531ab9c33ff61e98e",87,92,89,90,89,"Clean 1.jpg","pic"
"2167","67dd40b531ab9c33ff61e98e",95,94,91,86,92,"Garbage dump 1.jpg","pic"
"2168","67dd40b531ab9c33ff61e98e",92,88,94,79,88,"Lake 12.jpg","pic"
"2169","67dd40b531ab9c33ff61e98e",94,87,90,19,94,"Beach 1.jpg","pic"
"2170","67dd40b531ab9c33ff61e98e",88,91,92,88,100,"Heart 3.jpg","pic"
"2171","67dd40b531ab9c33ff61e98e",90,93,94,93,96,"Fireworks 6.jpg","pic"
"2172","67dd40b531ab9c33ff61e98e",90,93,95,94,95,"Flood 1.jpg","pic"
"2173","67dd40b531ab9c33ff61e98e",91,86,86,86,94,"Prison 2.jpg","pic"
"2174","67dd40b531ab9c33ff61e98e",93,94,94,96,95,"Rainbow 2.jpg","pic"
"2175","67dd40b531ab9c33ff61e98e",90,93,91,86,93,"Toilet 4.jpg","pic"
"2176","67dd40b531ab9c33ff61e98e",88,91,89,88,99,"Snow 1.jpg","pic"
"2177","69455d744f6c8f2faec72b92",74,76,88,60,57,"Rainbow 2.jpg","pic"
"2178","69455d744f6c8f2faec72b92",52,31,15,44,59,"Lake 12.jpg","pic"
"2179","69455d744f6c8f2faec72b92",50,47,53,63,59,"Clean 1.jpg","pic"
"2180","69455d744f6c8f2faec72b92",36,61,51,35,59,"Fire 10.jpg","pic"
"2181","69455d744f6c8f2faec72b92",4,12,9,6,9,"Flood 1.jpg","pic"
"2182","69455d744f6c8f2faec72b92",50,17,42,15,22,"Dirt 1.jpg","pic"
"2183","69455d744f6c8f2faec72b92",20,21,29,13,20,"Heart 3.jpg","pic"
"2184","69455d744f6c8f2faec72b92",72,49,80,60,30,"Toilet 4.jpg","pic"
"2185","69455d744f6c8f2faec72b92",38,45,75,54,19,"Ferret 1.jpg","pic"
"2186","69455d744f6c8f2faec72b92",65,79,60,77,77,"Snow 1.jpg","pic"
"2187","69455d744f6c8f2faec72b92",6,10,12,6,5,"Garbage dump 1.jpg","pic"
"2188","69455d744f6c8f2faec72b92",39,27,70,49,27,"Fireworks 6.jpg","pic"
"2189","69455d744f6c8f2faec72b92",68,77,81,46,28,"Prison 2.jpg","pic"
"2190","69455d744f6c8f2faec72b92",30,11,10,15,21,"Destruction 2.jpg","pic"
"2191","69455d744f6c8f2faec72b92",80,79,86,80,61,"Beach 1.jpg","pic"
"2192","69455d744f6c8f2faec72b92",59,69,76,58,89,"Rocks 1.jpg","pic"
"2193","663a5db9ced6c4bf9bd77d3e",100,100,57,95,100,"Rainbow 2.jpg","pic"
"2194","663a5db9ced6c4bf9bd77d3e",0,0,0,0,0,"Destruction 2.jpg","pic"
"2195","663a5db9ced6c4bf9bd77d3e",81,100,57,47,100,"Snow 1.jpg","pic"
"2196","663a5db9ced6c4bf9bd77d3e",57,49,72,51,73,"Beach 1.jpg","pic"
"2197","663a5db9ced6c4bf9bd77d3e",11,28,45,39,0,"Fireworks 6.jpg","pic"
"2198","663a5db9ced6c4bf9bd77d3e",100,99,89,98,100,"Lake 12.jpg","pic"
"2199","663a5db9ced6c4bf9bd77d3e",0,0,0,0,0,"Prison 2.jpg","pic"
"2200","663a5db9ced6c4bf9bd77d3e",0,0,0,0,0,"Flood 1.jpg","pic"
"2201","663a5db9ced6c4bf9bd77d3e",6,0,0,0,11,"Fire 10.jpg","pic"
"2202","663a5db9ced6c4bf9bd77d3e",0,0,0,0,0,"Toilet 4.jpg","pic"
"2203","663a5db9ced6c4bf9bd77d3e",24,0,0,0,0,"Ferret 1.jpg","pic"
"2204","663a5db9ced6c4bf9bd77d3e",69,99,39,44,100,"Clean 1.jpg","pic"
"2205","663a5db9ced6c4bf9bd77d3e",0,0,0,0,0,"Garbage dump 1.jpg","pic"
"2206","663a5db9ced6c4bf9bd77d3e",86,94,49,38,80,"Heart 3.jpg","pic"
"2207","663a5db9ced6c4bf9bd77d3e",46,82,68,82,71,"Rocks 1.jpg","pic"
"2208","663a5db9ced6c4bf9bd77d3e",0,0,0,0,0,"Dirt 1.jpg","pic"
"2209","60fdd5214fe9e80b975361bd",7,13,9,30,8,"Ferret 1.jpg","pic"
"2210","60fdd5214fe9e80b975361bd",77,63,66,70,49,"Fireworks 6.jpg","pic"
"2211","60fdd5214fe9e80b975361bd",10,12,13,15,10,"Fire 10.jpg","pic"
"2212","60fdd5214fe9e80b975361bd",84,98,86,99,94,"Beach 1.jpg","pic"
"2213","60fdd5214fe9e80b975361bd",3,3,4,4,4,"Prison 2.jpg","pic"
"2214","60fdd5214fe9e80b975361bd",65,37,5,4,98,"Clean 1.jpg","pic"
"2215","60fdd5214fe9e80b975361bd",79,27,57,46,37,"Heart 3.jpg","pic"
"2216","60fdd5214fe9e80b975361bd",15,12,10,2,11,"Dirt 1.jpg","pic"
"2217","60fdd5214fe9e80b975361bd",83,51,85,58,84,"Lake 12.jpg","pic"
"2218","60fdd5214fe9e80b975361bd",66,76,59,80,52,"Rainbow 2.jpg","pic"
"2219","60fdd5214fe9e80b975361bd",21,19,8,24,8,"Garbage dump 1.jpg","pic"
"2220","60fdd5214fe9e80b975361bd",5,80,10,84,85,"Rocks 1.jpg","pic"
"2221","60fdd5214fe9e80b975361bd",4,18,6,19,4,"Destruction 2.jpg","pic"
"2222","60fdd5214fe9e80b975361bd",4,7,3,24,3,"Toilet 4.jpg","pic"
"2223","60fdd5214fe9e80b975361bd",65,70,42,90,52,"Snow 1.jpg","pic"
"2224","60fdd5214fe9e80b975361bd",4,7,10,9,10,"Flood 1.jpg","pic"
"2225","60f6ce6de6cf393bcde0c14d",0,0,0,0,24,"Garbage dump 1.jpg","pic"
"2226","60f6ce6de6cf393bcde0c14d",92,85,12,81,100,"Heart 3.jpg","pic"
"2227","60f6ce6de6cf393bcde0c14d",0,0,0,0,0,"Prison 2.jpg","pic"
"2228","60f6ce6de6cf393bcde0c14d",76,75,52,66,87,"Beach 1.jpg","pic"
"2229","60f6ce6de6cf393bcde0c14d",79,100,50,100,83,"Snow 1.jpg","pic"
"2230","60f6ce6de6cf393bcde0c14d",63,84,0,69,83,"Rocks 1.jpg","pic"
"2231","60f6ce6de6cf393bcde0c14d",100,100,100,100,100,"Rainbow 2.jpg","pic"
"2232","60f6ce6de6cf393bcde0c14d",1,0,82,0,0,"Destruction 2.jpg","pic"
"2233","60f6ce6de6cf393bcde0c14d",100,100,42,100,100,"Lake 12.jpg","pic"
"2234","60f6ce6de6cf393bcde0c14d",98,100,89,100,75,"Fireworks 6.jpg","pic"
"2235","60f6ce6de6cf393bcde0c14d",1,6,24,6,43,"Flood 1.jpg","pic"
"2236","60f6ce6de6cf393bcde0c14d",53,47,16,49,55,"Clean 1.jpg","pic"
"2237","60f6ce6de6cf393bcde0c14d",0,4,47,0,0,"Ferret 1.jpg","pic"
"2238","60f6ce6de6cf393bcde0c14d",0,12,0,2,0,"Toilet 4.jpg","pic"
"2239","60f6ce6de6cf393bcde0c14d",50,52,0,50,49,"Dirt 1.jpg","pic"
"2240","60f6ce6de6cf393bcde0c14d",4,0,4,1,3,"Fire 10.jpg","pic"
"2241","66c39523c807184f4582c50a",100,100,100,100,0,"Fireworks 6.jpg","pic"
"2242","66c39523c807184f4582c50a",0,0,0,0,0,"Dirt 1.jpg","pic"
"2243","66c39523c807184f4582c50a",100,100,75,100,100,"Beach 1.jpg","pic"
"2244","66c39523c807184f4582c50a",0,0,0,0,0,"Destruction 2.jpg","pic"
"2245","66c39523c807184f4582c50a",0,0,0,0,0,"Toilet 4.jpg","pic"
"2246","66c39523c807184f4582c50a",0,0,0,0,0,"Flood 1.jpg","pic"
"2247","66c39523c807184f4582c50a",0,0,0,0,0,"Ferret 1.jpg","pic"
"2248","66c39523c807184f4582c50a",100,100,35,100,100,"Rainbow 2.jpg","pic"
"2249","66c39523c807184f4582c50a",0,0,0,0,0,"Prison 2.jpg","pic"
"2250","66c39523c807184f4582c50a",0,0,0,0,35,"Rocks 1.jpg","pic"
"2251","66c39523c807184f4582c50a",0,0,0,0,0,"Snow 1.jpg","pic"
"2252","66c39523c807184f4582c50a",0,0,0,0,0,"Garbage dump 1.jpg","pic"
"2253","66c39523c807184f4582c50a",80,100,0,20,100,"Clean 1.jpg","pic"
"2254","66c39523c807184f4582c50a",60,30,0,10,60,"Heart 3.jpg","pic"
"2255","66c39523c807184f4582c50a",0,0,0,0,0,"Fire 10.jpg","pic"
"2256","66c39523c807184f4582c50a",100,100,0,85,80,"Lake 12.jpg","pic"
"2257","67164c92298409e37c670b3d",13,62,0,0,62,"Fire 10.jpg","pic"
"2258","67164c92298409e37c670b3d",100,100,46,100,100,"Snow 1.jpg","pic"
"2259","67164c92298409e37c670b3d",100,100,0,42,55,"Rainbow 2.jpg","pic"
"2260","67164c92298409e37c670b3d",0,0,0,0,0,"Prison 2.jpg","pic"
"2261","67164c92298409e37c670b3d",0,0,0,0,0,"Garbage dump 1.jpg","pic"
"2262","67164c92298409e37c670b3d",84,48,0,64,54,"Heart 3.jpg","pic"
"2263","67164c92298409e37c670b3d",0,0,0,0,0,"Flood 1.jpg","pic"
"2264","67164c92298409e37c670b3d",0,0,0,0,0,"Toilet 4.jpg","pic"
"2265","67164c92298409e37c670b3d",100,100,100,0,100,"Beach 1.jpg","pic"
"2266","67164c92298409e37c670b3d",100,100,50,100,100,"Lake 12.jpg","pic"
"2267","67164c92298409e37c670b3d",100,100,100,100,100,"Fireworks 6.jpg","pic"
"2268","67164c92298409e37c670b3d",0,0,0,0,0,"Destruction 2.jpg","pic"
"2269","67164c92298409e37c670b3d",13,14,0,4,10,"Rocks 1.jpg","pic"
"2270","67164c92298409e37c670b3d",15,0,0,0,0,"Ferret 1.jpg","pic"
"2271","67164c92298409e37c670b3d",78,100,16,63,100,"Clean 1.jpg","pic"
"2272","67164c92298409e37c670b3d",0,0,0,0,0,"Dirt 1.jpg","pic"
"2273","66ec318029fc5a15efe40c57",45,40,0,0,50,"Garbage dump 1.jpg","pic"
"2274","66ec318029fc5a15efe40c57",55,45,0,0,55,"Rainbow 2.jpg","pic"
"2275","66ec318029fc5a15efe40c57",50,45,0,0,50,"Dirt 1.jpg","pic"
"2276","66ec318029fc5a15efe40c57",40,40,0,0,50,"Toilet 4.jpg","pic"
"2277","66ec318029fc5a15efe40c57",50,45,3,3,46,"Lake 12.jpg","pic"
"2278","66ec318029fc5a15efe40c57",50,50,2,1,50,"Snow 1.jpg","pic"
"2279","66ec318029fc5a15efe40c57",50,50,0,0,50,"Heart 3.jpg","pic"
"2280","66ec318029fc5a15efe40c57",40,35,3,0,45,"Ferret 1.jpg","pic"
"2281","66ec318029fc5a15efe40c57",40,40,0,0,40,"Prison 2.jpg","pic"
"2282","66ec318029fc5a15efe40c57",50,45,4,2,45,"Fireworks 6.jpg","pic"
"2283","66ec318029fc5a15efe40c57",40,35,0,0,40,"Flood 1.jpg","pic"
"2284","66ec318029fc5a15efe40c57",50,50,0,0,50,"Rocks 1.jpg","pic"
"2285","66ec318029fc5a15efe40c57",40,40,1,0,37,"Fire 10.jpg","pic"
"2286","66ec318029fc5a15efe40c57",40,35,0,0,45,"Clean 1.jpg","pic"
"2287","66ec318029fc5a15efe40c57",40,30,1,0,35,"Destruction 2.jpg","pic"
"2288","66ec318029fc5a15efe40c57",50,40,2,1,50,"Beach 1.jpg","pic"
"2289","6810cb4c7a4dd46a3c6ede04",79,86,90,84,87,"Clean 1.jpg","pic"
"2290","6810cb4c7a4dd46a3c6ede04",82,82,75,86,80,"Lake 12.jpg","pic"
"2291","6810cb4c7a4dd46a3c6ede04",82,88,84,79,85,"Flood 1.jpg","pic"
"2292","6810cb4c7a4dd46a3c6ede04",94,80,84,72,96,"Fire 10.jpg","pic"
"2293","6810cb4c7a4dd46a3c6ede04",100,93,86,72,90,"Snow 1.jpg","pic"
"2294","6810cb4c7a4dd46a3c6ede04",97,82,87,94,93,"Destruction 2.jpg","pic"
"2295","6810cb4c7a4dd46a3c6ede04",94,90,85,82,96,"Fireworks 6.jpg","pic"
"2296","6810cb4c7a4dd46a3c6ede04",86,79,74,74,88,"Rainbow 2.jpg","pic"
"2297","6810cb4c7a4dd46a3c6ede04",59,70,83,82,74,"Rocks 1.jpg","pic"
"2298","6810cb4c7a4dd46a3c6ede04",13,46,19,82,0,"Prison 2.jpg","pic"
"2299","6810cb4c7a4dd46a3c6ede04",88,70,87,69,78,"Garbage dump 1.jpg","pic"
"2300","6810cb4c7a4dd46a3c6ede04",84,74,84,72,18,"Toilet 4.jpg","pic"
"2301","6810cb4c7a4dd46a3c6ede04",28,78,78,78,84,"Dirt 1.jpg","pic"
"2302","6810cb4c7a4dd46a3c6ede04",4,5,3,1,6,"Ferret 1.jpg","pic"
"2303","6810cb4c7a4dd46a3c6ede04",96,81,86,76,88,"Heart 3.jpg","pic"
"2304","6810cb4c7a4dd46a3c6ede04",82,77,88,75,92,"Beach 1.jpg","pic"
"2305","67f2ecf2ef369d872787cfb8",54,39,33,39,61,"Rocks 1.jpg","pic"
"2306","67f2ecf2ef369d872787cfb8",20,8,45,17,18,"Destruction 2.jpg","pic"
"2307","67f2ecf2ef369d872787cfb8",21,45,6,27,27,"Fire 10.jpg","pic"
"2308","67f2ecf2ef369d872787cfb8",19,21,6,18,41,"Fireworks 6.jpg","pic"
"2309","67f2ecf2ef369d872787cfb8",84,35,25,30,60,"Prison 2.jpg","pic"
"2310","67f2ecf2ef369d872787cfb8",2,15,3,9,3,"Toilet 4.jpg","pic"
"2311","67f2ecf2ef369d872787cfb8",98,93,98,90,87,"Beach 1.jpg","pic"
"2312","67f2ecf2ef369d872787cfb8",40,7,44,11,8,"Snow 1.jpg","pic"
"2313","67f2ecf2ef369d872787cfb8",57,10,34,45,44,"Lake 12.jpg","pic"
"2314","67f2ecf2ef369d872787cfb8",30,4,16,23,33,"Dirt 1.jpg","pic"
"2315","67f2ecf2ef369d872787cfb8",98,99,98,98,22,"Rainbow 2.jpg","pic"
"2316","67f2ecf2ef369d872787cfb8",99,2,26,63,48,"Flood 1.jpg","pic"
"2317","67f2ecf2ef369d872787cfb8",33,100,39,87,80,"Clean 1.jpg","pic"
"2318","67f2ecf2ef369d872787cfb8",87,2,97,97,6,"Garbage dump 1.jpg","pic"
"2319","67f2ecf2ef369d872787cfb8",17,9,30,15,6,"Ferret 1.jpg","pic"
"2320","67f2ecf2ef369d872787cfb8",100,100,100,100,16,"Heart 3.jpg","pic"
"2321","66e5cf7a11cb28aa31d19da8",8,17,0,0,15,"Garbage dump 1.jpg","pic"
"2322","66e5cf7a11cb28aa31d19da8",19,32,18,19,67,"Lake 12.jpg","pic"
"2323","66e5cf7a11cb28aa31d19da8",9,14,11,11,34,"Heart 3.jpg","pic"
"2324","66e5cf7a11cb28aa31d19da8",0,5,4,0,6,"Prison 2.jpg","pic"
"2325","66e5cf7a11cb28aa31d19da8",12,23,12,18,43,"Rocks 1.jpg","pic"
"2326","66e5cf7a11cb28aa31d19da8",4,0,0,0,5,"Toilet 4.jpg","pic"
"2327","66e5cf7a11cb28aa31d19da8",12,23,10,11,9,"Snow 1.jpg","pic"
"2328","66e5cf7a11cb28aa31d19da8",0,0,4,0,4,"Fire 10.jpg","pic"
"2329","66e5cf7a11cb28aa31d19da8",6,9,8,12,17,"Fireworks 6.jpg","pic"
"2330","66e5cf7a11cb28aa31d19da8",13,29,12,18,40,"Clean 1.jpg","pic"
"2331","66e5cf7a11cb28aa31d19da8",25,39,19,35,68,"Beach 1.jpg","pic"
"2332","66e5cf7a11cb28aa31d19da8",0,0,4,0,1,"Flood 1.jpg","pic"
"2333","66e5cf7a11cb28aa31d19da8",49,49,25,41,73,"Rainbow 2.jpg","pic"
"2334","66e5cf7a11cb28aa31d19da8",21,22,5,9,20,"Dirt 1.jpg","pic"
"2335","66e5cf7a11cb28aa31d19da8",4,5,4,0,8,"Ferret 1.jpg","pic"
"2336","66e5cf7a11cb28aa31d19da8",0,3,3,0,8,"Destruction 2.jpg","pic"
"2337","660c9fe7b2e6bf22bcc608b1",8,3,14,9,29,"Garbage dump 1.jpg","pic"
"2338","660c9fe7b2e6bf22bcc608b1",10,14,12,3,13,"Toilet 4.jpg","pic"
"2339","660c9fe7b2e6bf22bcc608b1",5,8,14,17,12,"Ferret 1.jpg","pic"
"2340","660c9fe7b2e6bf22bcc608b1",6,93,94,97,93,"Fireworks 6.jpg","pic"
"2341","660c9fe7b2e6bf22bcc608b1",65,97,83,72,89,"Lake 12.jpg","pic"
"2342","660c9fe7b2e6bf22bcc608b1",75,86,57,49,60,"Beach 1.jpg","pic"
"2343","660c9fe7b2e6bf22bcc608b1",39,46,30,44,48,"Heart 3.jpg","pic"
"2344","660c9fe7b2e6bf22bcc608b1",46,73,89,84,87,"Rocks 1.jpg","pic"
"2345","660c9fe7b2e6bf22bcc608b1",14,41,26,23,25,"Snow 1.jpg","pic"
"2346","660c9fe7b2e6bf22bcc608b1",1,11,3,33,5,"Flood 1.jpg","pic"
"2347","660c9fe7b2e6bf22bcc608b1",10,7,5,27,5,"Dirt 1.jpg","pic"
"2348","660c9fe7b2e6bf22bcc608b1",78,81,58,45,85,"Rainbow 2.jpg","pic"
"2349","660c9fe7b2e6bf22bcc608b1",75,47,82,55,88,"Fire 10.jpg","pic"
"2350","660c9fe7b2e6bf22bcc608b1",5,17,19,20,17,"Destruction 2.jpg","pic"
"2351","660c9fe7b2e6bf22bcc608b1",0,10,7,17,5,"Prison 2.jpg","pic"
"2352","660c9fe7b2e6bf22bcc608b1",95,85,100,100,100,"Clean 1.jpg","pic"
"2353","60dc4e2299f89a7ca94b2c91",0,0,13,0,0,"Destruction 2.jpg","pic"
"2354","60dc4e2299f89a7ca94b2c91",100,100,100,100,76,"Lake 12.jpg","pic"
"2355","60dc4e2299f89a7ca94b2c91",0,0,25,0,0,"Fire 10.jpg","pic"
"2356","60dc4e2299f89a7ca94b2c91",0,0,12,0,0,"Flood 1.jpg","pic"
"2357","60dc4e2299f89a7ca94b2c91",0,0,0,0,0,"Ferret 1.jpg","pic"
"2358","60dc4e2299f89a7ca94b2c91",50,49,23,49,51,"Snow 1.jpg","pic"
"2359","60dc4e2299f89a7ca94b2c91",71,72,68,73,68,"Rainbow 2.jpg","pic"
"2360","60dc4e2299f89a7ca94b2c91",48,47,47,22,47,"Heart 3.jpg","pic"
"2361","60dc4e2299f89a7ca94b2c91",0,0,0,0,0,"Dirt 1.jpg","pic"
"2362","60dc4e2299f89a7ca94b2c91",79,81,78,75,74,"Rocks 1.jpg","pic"
"2363","60dc4e2299f89a7ca94b2c91",0,0,0,0,0,"Garbage dump 1.jpg","pic"
"2364","60dc4e2299f89a7ca94b2c91",0,0,0,0,42,"Prison 2.jpg","pic"
"2365","60dc4e2299f89a7ca94b2c91",20,45,46,18,51,"Clean 1.jpg","pic"
"2366","60dc4e2299f89a7ca94b2c91",10,7,12,0,11,"Toilet 4.jpg","pic"
"2367","60dc4e2299f89a7ca94b2c91",60,62,58,54,58,"Beach 1.jpg","pic"
"2368","60dc4e2299f89a7ca94b2c91",77,84,80,83,84,"Fireworks 6.jpg","pic"
"2369","694362776ee0b39779195255",0,0,0,0,0,"Dirt 1.jpg","pic"
"2370","694362776ee0b39779195255",0,0,0,0,0,"Fire 10.jpg","pic"
"2371","694362776ee0b39779195255",0,0,0,0,0,"Garbage dump 1.jpg","pic"
"2372","694362776ee0b39779195255",0,0,0,0,0,"Destruction 2.jpg","pic"
"2373","694362776ee0b39779195255",89,88,65,85,89,"Lake 12.jpg","pic"
"2374","694362776ee0b39779195255",0,0,0,0,0,"Clean 1.jpg","pic"
"2375","694362776ee0b39779195255",0,0,0,0,0,"Toilet 4.jpg","pic"
"2376","694362776ee0b39779195255",0,0,0,0,0,"Ferret 1.jpg","pic"
"2377","694362776ee0b39779195255",0,0,0,0,0,"Flood 1.jpg","pic"
"2378","694362776ee0b39779195255",84,80,87,88,31,"Fireworks 6.jpg","pic"
"2379","694362776ee0b39779195255",47,78,18,68,62,"Heart 3.jpg","pic"
"2380","694362776ee0b39779195255",85,69,52,61,93,"Beach 1.jpg","pic"
"2381","694362776ee0b39779195255",70,69,48,87,81,"Rainbow 2.jpg","pic"
"2382","694362776ee0b39779195255",0,28,0,0,25,"Rocks 1.jpg","pic"
"2383","694362776ee0b39779195255",28,81,0,10,64,"Snow 1.jpg","pic"
"2384","694362776ee0b39779195255",0,0,0,0,0,"Prison 2.jpg","pic"
"2385","682498beb28b43fa10e34496",56,52,44,58,61,"Destruction 2.jpg","pic"
"2386","682498beb28b43fa10e34496",61,65,67,76,72,"Heart 3.jpg","pic"
"2387","682498beb28b43fa10e34496",74,77,69,87,77,"Snow 1.jpg","pic"
"2388","682498beb28b43fa10e34496",42,66,64,76,62,"Prison 2.jpg","pic"
"2389","682498beb28b43fa10e34496",53,67,67,64,77,"Garbage dump 1.jpg","pic"
"2390","682498beb28b43fa10e34496",59,74,67,77,66,"Lake 12.jpg","pic"
"2391","682498beb28b43fa10e34496",66,70,71,68,66,"Fire 10.jpg","pic"
"2392","682498beb28b43fa10e34496",70,69,67,77,75,"Dirt 1.jpg","pic"
"2393","682498beb28b43fa10e34496",55,93,84,89,79,"Beach 1.jpg","pic"
"2394","682498beb28b43fa10e34496",64,77,77,68,75,"Clean 1.jpg","pic"
"2395","682498beb28b43fa10e34496",68,77,81,72,74,"Fireworks 6.jpg","pic"
"2396","682498beb28b43fa10e34496",2,80,75,77,69,"Rocks 1.jpg","pic"
"2397","682498beb28b43fa10e34496",72,80,75,80,71,"Toilet 4.jpg","pic"
"2398","682498beb28b43fa10e34496",69,78,71,78,71,"Flood 1.jpg","pic"
"2399","682498beb28b43fa10e34496",75,80,83,78,83,"Rainbow 2.jpg","pic"
"2400","682498beb28b43fa10e34496",31,41,46,50,62,"Ferret 1.jpg","pic"
"2401","663d78724bf4501737f36653",41,39,53,52,57,"Rainbow 2.jpg","pic"
"2402","663d78724bf4501737f36653",9,11,20,11,25,"Prison 2.jpg","pic"
"2403","663d78724bf4501737f36653",26,23,20,21,37,"Garbage dump 1.jpg","pic"
"2404","663d78724bf4501737f36653",62,42,62,47,48,"Beach 1.jpg","pic"
"2405","663d78724bf4501737f36653",38,41,21,37,55,"Rocks 1.jpg","pic"
"2406","663d78724bf4501737f36653",45,49,32,48,58,"Snow 1.jpg","pic"
"2407","663d78724bf4501737f36653",50,50,50,50,50,"Fireworks 6.jpg","pic"
"2408","663d78724bf4501737f36653",55,50,75,50,63,"Lake 12.jpg","pic"
"2409","663d78724bf4501737f36653",38,24,32,35,31,"Heart 3.jpg","pic"
"2410","663d78724bf4501737f36653",9,12,29,9,20,"Fire 10.jpg","pic"
"2411","663d78724bf4501737f36653",16,20,46,20,21,"Flood 1.jpg","pic"
"2412","663d78724bf4501737f36653",42,52,46,53,53,"Toilet 4.jpg","pic"
"2413","663d78724bf4501737f36653",24,19,21,10,22,"Dirt 1.jpg","pic"
"2414","663d78724bf4501737f36653",21,6,11,7,5,"Ferret 1.jpg","pic"
"2415","663d78724bf4501737f36653",13,5,6,3,32,"Clean 1.jpg","pic"
"2416","663d78724bf4501737f36653",4,5,5,6,4,"Destruction 2.jpg","pic"
"2417","6631b0ab30153f0b76483e0a",81,55,82,81,70,"Heart 3.jpg","pic"
"2418","6631b0ab30153f0b76483e0a",1,8,6,7,4,"Ferret 1.jpg","pic"
"2419","6631b0ab30153f0b76483e0a",71,93,42,51,91,"Clean 1.jpg","pic"
"2420","6631b0ab30153f0b76483e0a",7,2,2,5,0,"Dirt 1.jpg","pic"
"2421","6631b0ab30153f0b76483e0a",77,81,41,49,80,"Snow 1.jpg","pic"
"2422","6631b0ab30153f0b76483e0a",96,82,88,93,88,"Rainbow 2.jpg","pic"
"2423","6631b0ab30153f0b76483e0a",98,97,89,98,94,"Lake 12.jpg","pic"
"2424","6631b0ab30153f0b76483e0a",4,3,5,2,2,"Toilet 4.jpg","pic"
"2425","6631b0ab30153f0b76483e0a",79,83,64,86,92,"Rocks 1.jpg","pic"
"2426","6631b0ab30153f0b76483e0a",89,75,96,95,54,"Fireworks 6.jpg","pic"
"2427","6631b0ab30153f0b76483e0a",0,0,0,0,0,"Destruction 2.jpg","pic"
"2428","6631b0ab30153f0b76483e0a",0,0,0,0,0,"Prison 2.jpg","pic"
"2429","6631b0ab30153f0b76483e0a",0,0,0,0,0,"Fire 10.jpg","pic"
"2430","6631b0ab30153f0b76483e0a",0,0,0,0,0,"Flood 1.jpg","pic"
"2431","6631b0ab30153f0b76483e0a",0,0,0,0,0,"Garbage dump 1.jpg","pic"
"2432","6631b0ab30153f0b76483e0a",100,100,100,100,100,"Beach 1.jpg","pic"
"2433","675b6faf10ae4b79d1d6455e",84,55,78,85,38,"Heart 3.jpg","pic"
"2434","675b6faf10ae4b79d1d6455e",74,62,43,79,63,"Fireworks 6.jpg","pic"
"2435","675b6faf10ae4b79d1d6455e",60,60,58,38,46,"Rocks 1.jpg","pic"
"2436","675b6faf10ae4b79d1d6455e",82,38,73,75,67,"Beach 1.jpg","pic"
"2437","675b6faf10ae4b79d1d6455e",72,65,72,58,35,"Snow 1.jpg","pic"
"2438","675b6faf10ae4b79d1d6455e",36,39,40,76,69,"Rainbow 2.jpg","pic"
"2439","675b6faf10ae4b79d1d6455e",39,31,67,34,36,"Flood 1.jpg","pic"
"2440","675b6faf10ae4b79d1d6455e",78,58,65,77,39,"Lake 12.jpg","pic"
"2441","675b6faf10ae4b79d1d6455e",68,63,39,42,74,"Dirt 1.jpg","pic"
"2442","675b6faf10ae4b79d1d6455e",81,53,47,56,66,"Toilet 4.jpg","pic"
"2443","675b6faf10ae4b79d1d6455e",76,63,74,42,38,"Prison 2.jpg","pic"
"2444","675b6faf10ae4b79d1d6455e",36,45,50,74,73,"Fire 10.jpg","pic"
"2445","675b6faf10ae4b79d1d6455e",78,74,73,52,41,"Destruction 2.jpg","pic"
"2446","675b6faf10ae4b79d1d6455e",64,61,42,69,68,"Ferret 1.jpg","pic"
"2447","675b6faf10ae4b79d1d6455e",75,37,33,69,46,"Garbage dump 1.jpg","pic"
"2448","675b6faf10ae4b79d1d6455e",78,58,60,34,51,"Clean 1.jpg","pic"
"2449","67e1dc9c35b6facf1079fb30",5,2,0,3,16,"Ferret 1.jpg","pic"
"2450","67e1dc9c35b6facf1079fb30",30,89,40,30,90,"Rocks 1.jpg","pic"
"2451","67e1dc9c35b6facf1079fb30",0,65,0,0,89,"Clean 1.jpg","pic"
"2452","67e1dc9c35b6facf1079fb30",0,63,0,0,89,"Snow 1.jpg","pic"
"2453","67e1dc9c35b6facf1079fb30",83,95,35,71,92,"Lake 12.jpg","pic"
"2454","67e1dc9c35b6facf1079fb30",0,0,0,0,0,"Destruction 2.jpg","pic"
"2455","67e1dc9c35b6facf1079fb30",6,0,0,0,0,"Toilet 4.jpg","pic"
"2456","67e1dc9c35b6facf1079fb30",92,95,80,69,100,"Beach 1.jpg","pic"
"2457","67e1dc9c35b6facf1079fb30",0,0,0,0,0,"Fire 10.jpg","pic"
"2458","67e1dc9c35b6facf1079fb30",7,0,0,0,0,"Flood 1.jpg","pic"
"2459","67e1dc9c35b6facf1079fb30",0,2,0,0,0,"Prison 2.jpg","pic"
"2460","67e1dc9c35b6facf1079fb30",23,62,0,30,88,"Heart 3.jpg","pic"
"2461","67e1dc9c35b6facf1079fb30",4,0,0,0,0,"Garbage dump 1.jpg","pic"
"2462","67e1dc9c35b6facf1079fb30",0,0,0,0,0,"Dirt 1.jpg","pic"
"2463","67e1dc9c35b6facf1079fb30",86,89,98,86,53,"Fireworks 6.jpg","pic"
"2464","67e1dc9c35b6facf1079fb30",77,89,35,64,60,"Rainbow 2.jpg","pic"
"2465","66465704f0921cfc20ba6e57",46,48,48,52,43,"Rocks 1.jpg","pic"
"2466","66465704f0921cfc20ba6e57",46,50,49,52,47,"Heart 3.jpg","pic"
"2467","66465704f0921cfc20ba6e57",16,28,48,16,47,"Flood 1.jpg","pic"
"2468","66465704f0921cfc20ba6e57",27,32,33,9,28,"Destruction 2.jpg","pic"
"2469","66465704f0921cfc20ba6e57",50,34,40,37,53,"Snow 1.jpg","pic"
"2470","66465704f0921cfc20ba6e57",43,41,36,46,42,"Clean 1.jpg","pic"
"2471","66465704f0921cfc20ba6e57",44,55,42,55,41,"Garbage dump 1.jpg","pic"
"2472","66465704f0921cfc20ba6e57",38,38,35,44,39,"Fire 10.jpg","pic"
"2473","66465704f0921cfc20ba6e57",82,63,77,75,56,"Fireworks 6.jpg","pic"
"2474","66465704f0921cfc20ba6e57",46,54,59,52,50,"Rainbow 2.jpg","pic"
"2475","66465704f0921cfc20ba6e57",61,59,65,59,59,"Dirt 1.jpg","pic"
"2476","66465704f0921cfc20ba6e57",9,8,14,2,16,"Toilet 4.jpg","pic"
"2477","66465704f0921cfc20ba6e57",69,77,79,72,75,"Beach 1.jpg","pic"
"2478","66465704f0921cfc20ba6e57",71,60,66,63,54,"Lake 12.jpg","pic"
"2479","66465704f0921cfc20ba6e57",63,74,74,66,60,"Ferret 1.jpg","pic"
"2480","66465704f0921cfc20ba6e57",71,76,79,78,69,"Prison 2.jpg","pic"
"2481","67c78fbc58d20f4b7fe41479",53,54,96,63,97,"Clean 1.jpg","pic"
"2482","67c78fbc58d20f4b7fe41479",38,65,49,54,52,"Garbage dump 1.jpg","pic"
"2483","67c78fbc58d20f4b7fe41479",30,93,60,41,100,"Snow 1.jpg","pic"
"2484","67c78fbc58d20f4b7fe41479",83,84,82,70,97,"Rainbow 2.jpg","pic"
"2485","67c78fbc58d20f4b7fe41479",12,62,21,54,59,"Toilet 4.jpg","pic"
"2486","67c78fbc58d20f4b7fe41479",10,21,16,12,38,"Destruction 2.jpg","pic"
"2487","67c78fbc58d20f4b7fe41479",20,33,33,27,23,"Prison 2.jpg","pic"
"2488","67c78fbc58d20f4b7fe41479",47,91,62,54,90,"Rocks 1.jpg","pic"
"2489","67c78fbc58d20f4b7fe41479",75,58,86,68,26,"Ferret 1.jpg","pic"
"2490","67c78fbc58d20f4b7fe41479",41,66,44,51,98,"Lake 12.jpg","pic"
"2491","67c78fbc58d20f4b7fe41479",10,54,47,35,51,"Flood 1.jpg","pic"
"2492","67c78fbc58d20f4b7fe41479",24,43,48,53,71,"Dirt 1.jpg","pic"
"2493","67c78fbc58d20f4b7fe41479",41,83,49,47,95,"Heart 3.jpg","pic"
"2494","67c78fbc58d20f4b7fe41479",40,35,57,38,90,"Beach 1.jpg","pic"
"2495","67c78fbc58d20f4b7fe41479",6,9,11,2,0,"Fire 10.jpg","pic"
"2496","67c78fbc58d20f4b7fe41479",20,29,80,34,51,"Fireworks 6.jpg","pic"
"2497","6633ee8ca35ae4b909110ee3",0,0,0,0,0,"Toilet 4.jpg","pic"
"2498","6633ee8ca35ae4b909110ee3",25,5,50,48,10,"Fireworks 6.jpg","pic"
"2499","6633ee8ca35ae4b909110ee3",0,0,10,10,10,"Heart 3.jpg","pic"
"2500","6633ee8ca35ae4b909110ee3",0,0,0,0,0,"Flood 1.jpg","pic"
"2501","6633ee8ca35ae4b909110ee3",0,0,0,0,0,"Dirt 1.jpg","pic"
"2502","6633ee8ca35ae4b909110ee3",5,5,0,0,10,"Clean 1.jpg","pic"
"2503","6633ee8ca35ae4b909110ee3",20,20,20,0,0,"Destruction 2.jpg","pic"
"2504","6633ee8ca35ae4b909110ee3",0,0,0,0,0,"Prison 2.jpg","pic"
"2505","6633ee8ca35ae4b909110ee3",25,10,50,15,0,"Garbage dump 1.jpg","pic"
"2506","6633ee8ca35ae4b909110ee3",25,0,0,0,50,"Beach 1.jpg","pic"
"2507","6633ee8ca35ae4b909110ee3",0,0,5,0,0,"Fire 10.jpg","pic"
"2508","6633ee8ca35ae4b909110ee3",50,65,60,65,10,"Rocks 1.jpg","pic"
"2509","6633ee8ca35ae4b909110ee3",10,50,50,50,50,"Snow 1.jpg","pic"
"2510","6633ee8ca35ae4b909110ee3",50,50,50,50,50,"Rainbow 2.jpg","pic"
"2511","6633ee8ca35ae4b909110ee3",50,50,75,50,50,"Lake 12.jpg","pic"
"2512","6633ee8ca35ae4b909110ee3",20,0,10,20,0,"Ferret 1.jpg","pic"
"2513","60ca4cfb5c287146cad0695a",86,100,83,100,100,"Rainbow 2.jpg","pic"
"2514","60ca4cfb5c287146cad0695a",0,0,1,0,0,"Toilet 4.jpg","pic"
"2515","60ca4cfb5c287146cad0695a",7,7,0,7,3,"Dirt 1.jpg","pic"
"2516","60ca4cfb5c287146cad0695a",8,0,0,0,2,"Prison 2.jpg","pic"
"2517","60ca4cfb5c287146cad0695a",58,59,58,54,64,"Rocks 1.jpg","pic"
"2518","60ca4cfb5c287146cad0695a",96,100,100,100,96,"Lake 12.jpg","pic"
"2519","60ca4cfb5c287146cad0695a",0,0,4,0,14,"Destruction 2.jpg","pic"
"2520","60ca4cfb5c287146cad0695a",51,49,50,34,53,"Heart 3.jpg","pic"
"2521","60ca4cfb5c287146cad0695a",87,86,78,86,94,"Clean 1.jpg","pic"
"2522","60ca4cfb5c287146cad0695a",0,0,0,0,0,"Garbage dump 1.jpg","pic"
"2523","60ca4cfb5c287146cad0695a",0,0,0,0,0,"Flood 1.jpg","pic"
"2524","60ca4cfb5c287146cad0695a",7,0,6,0,5,"Ferret 1.jpg","pic"
"2525","60ca4cfb5c287146cad0695a",100,100,100,100,100,"Beach 1.jpg","pic"
"2526","60ca4cfb5c287146cad0695a",91,93,100,93,88,"Fireworks 6.jpg","pic"
"2527","60ca4cfb5c287146cad0695a",76,75,61,67,80,"Snow 1.jpg","pic"
"2528","60ca4cfb5c287146cad0695a",0,1,0,0,5,"Fire 10.jpg","pic"
"2529","67ac95764f3091a540c69b5b",10,70,5,10,65,"Rainbow 2.jpg","pic"
"2530","67ac95764f3091a540c69b5b",10,40,5,0,30,"Garbage dump 1.jpg","pic"
"2531","67ac95764f3091a540c69b5b",10,40,10,5,35,"Fireworks 6.jpg","pic"
"2532","67ac95764f3091a540c69b5b",10,75,5,0,60,"Heart 3.jpg","pic"
"2533","67ac95764f3091a540c69b5b",5,45,5,0,50,"Snow 1.jpg","pic"
"2534","67ac95764f3091a540c69b5b",20,70,10,5,60,"Beach 1.jpg","pic"
"2535","67ac95764f3091a540c69b5b",0,40,10,0,30,"Toilet 4.jpg","pic"
"2536","67ac95764f3091a540c69b5b",0,25,0,0,30,"Dirt 1.jpg","pic"
"2537","67ac95764f3091a540c69b5b",12,50,0,0,60,"Fire 10.jpg","pic"
"2538","67ac95764f3091a540c69b5b",25,80,15,5,70,"Lake 12.jpg","pic"
"2539","67ac95764f3091a540c69b5b",0,30,0,0,60,"Flood 1.jpg","pic"
"2540","67ac95764f3091a540c69b5b",14,70,24,4,70,"Clean 1.jpg","pic"
"2541","67ac95764f3091a540c69b5b",0,18,0,0,30,"Destruction 2.jpg","pic"
"2542","67ac95764f3091a540c69b5b",29,69,7,0,53,"Rocks 1.jpg","pic"
"2543","67ac95764f3091a540c69b5b",20,40,10,3,24,"Ferret 1.jpg","pic"
"2544","67ac95764f3091a540c69b5b",9,49,0,0,34,"Prison 2.jpg","pic"
"2545","67f1b8abe144ffdfc27d371a",98,96,99,100,99,"Heart 3.jpg","pic"
"2546","67f1b8abe144ffdfc27d371a",0,4,1,3,1,"Toilet 4.jpg","pic"
"2547","67f1b8abe144ffdfc27d371a",96,98,97,100,100,"Rainbow 2.jpg","pic"
"2548","67f1b8abe144ffdfc27d371a",100,100,100,100,100,"Fireworks 6.jpg","pic"
"2549","67f1b8abe144ffdfc27d371a",100,98,99,100,100,"Lake 12.jpg","pic"
"2550","67f1b8abe144ffdfc27d371a",98,97,99,95,99,"Beach 1.jpg","pic"
"2551","67f1b8abe144ffdfc27d371a",94,83,40,21,98,"Snow 1.jpg","pic"
"2552","67f1b8abe144ffdfc27d371a",100,100,99,0,100,"Dirt 1.jpg","pic"
"2553","67f1b8abe144ffdfc27d371a",1,0,1,0,0,"Destruction 2.jpg","pic"
"2554","67f1b8abe144ffdfc27d371a",98,98,99,99,98,"Rocks 1.jpg","pic"
"2555","67f1b8abe144ffdfc27d371a",3,3,1,1,0,"Garbage dump 1.jpg","pic"
"2556","67f1b8abe144ffdfc27d371a",2,1,0,0,1,"Flood 1.jpg","pic"
"2557","67f1b8abe144ffdfc27d371a",0,0,0,0,0,"Fire 10.jpg","pic"
"2558","67f1b8abe144ffdfc27d371a",23,17,25,16,22,"Ferret 1.jpg","pic"
"2559","67f1b8abe144ffdfc27d371a",29,26,35,29,29,"Prison 2.jpg","pic"
"2560","67f1b8abe144ffdfc27d371a",96,100,100,96,100,"Clean 1.jpg","pic"
"2561","67624c835727c93b1676104a",20,7,0,6,30,"Rocks 1.jpg","pic"
"2562","67624c835727c93b1676104a",0,0,0,10,1,"Prison 2.jpg","pic"
"2563","67624c835727c93b1676104a",36,20,23,23,28,"Fire 10.jpg","pic"
"2564","67624c835727c93b1676104a",61,64,39,49,41,"Heart 3.jpg","pic"
"2565","67624c835727c93b1676104a",30,30,23,24,74,"Clean 1.jpg","pic"
"2566","67624c835727c93b1676104a",24,22,9,16,27,"Fireworks 6.jpg","pic"
"2567","67624c835727c93b1676104a",0,2,0,0,0,"Garbage dump 1.jpg","pic"
"2568","67624c835727c93b1676104a",22,10,10,16,25,"Ferret 1.jpg","pic"
"2569","67624c835727c93b1676104a",19,54,24,29,18,"Dirt 1.jpg","pic"
"2570","67624c835727c93b1676104a",0,0,0,1,0,"Toilet 4.jpg","pic"
"2571","67624c835727c93b1676104a",35,40,15,0,55,"Destruction 2.jpg","pic"
"2572","67624c835727c93b1676104a",70,87,11,56,100,"Snow 1.jpg","pic"
"2573","67624c835727c93b1676104a",32,8,24,17,28,"Rainbow 2.jpg","pic"
"2574","67624c835727c93b1676104a",75,100,35,100,100,"Beach 1.jpg","pic"
"2575","67624c835727c93b1676104a",36,27,14,13,34,"Flood 1.jpg","pic"
"2576","67624c835727c93b1676104a",11,36,34,29,23,"Lake 12.jpg","pic"
"2577","67f308952524e8b1d811964c",60,70,50,30,60,"Lake 12.jpg","pic"
"2578","67f308952524e8b1d811964c",70,100,100,80,60,"Beach 1.jpg","pic"
"2579","67f308952524e8b1d811964c",1,0,1,0,1,"Fire 10.jpg","pic"
"2580","67f308952524e8b1d811964c",50,20,60,0,50,"Rocks 1.jpg","pic"
"2581","67f308952524e8b1d811964c",40,30,0,50,30,"Snow 1.jpg","pic"
"2582","67f308952524e8b1d811964c",50,40,100,50,100,"Fireworks 6.jpg","pic"
"2583","67f308952524e8b1d811964c",0,50,0,40,0,"Garbage dump 1.jpg","pic"
"2584","67f308952524e8b1d811964c",50,3,0,0,0,"Heart 3.jpg","pic"
"2585","67f308952524e8b1d811964c",0,0,0,0,40,"Ferret 1.jpg","pic"
"2586","67f308952524e8b1d811964c",0,0,0,0,0,"Dirt 1.jpg","pic"
"2587","67f308952524e8b1d811964c",0,0,0,0,0,"Toilet 4.jpg","pic"
"2588","67f308952524e8b1d811964c",4,60,0,19,0,"Prison 2.jpg","pic"
"2589","67f308952524e8b1d811964c",0,30,0,0,0,"Destruction 2.jpg","pic"
"2590","67f308952524e8b1d811964c",100,100,100,100,100,"Clean 1.jpg","pic"
"2591","67f308952524e8b1d811964c",100,100,100,100,100,"Rainbow 2.jpg","pic"
"2592","67f308952524e8b1d811964c",0,60,0,0,50,"Flood 1.jpg","pic"
"2593","62c84ca82b03c9aedbca4a2a",0,0,0,0,0,"Toilet 4.jpg","pic"
"2594","62c84ca82b03c9aedbca4a2a",85,100,50,50,100,"Lake 12.jpg","pic"
"2595","62c84ca82b03c9aedbca4a2a",50,50,0,50,30,"Rocks 1.jpg","pic"
"2596","62c84ca82b03c9aedbca4a2a",50,100,50,50,50,"Fire 10.jpg","pic"
"2597","62c84ca82b03c9aedbca4a2a",0,0,0,0,0,"Garbage dump 1.jpg","pic"
"2598","62c84ca82b03c9aedbca4a2a",50,50,0,20,50,"Heart 3.jpg","pic"
"2599","62c84ca82b03c9aedbca4a2a",50,100,0,70,100,"Rainbow 2.jpg","pic"
"2600","62c84ca82b03c9aedbca4a2a",0,0,0,0,0,"Ferret 1.jpg","pic"
"2601","62c84ca82b03c9aedbca4a2a",0,0,0,0,0,"Prison 2.jpg","pic"
"2602","62c84ca82b03c9aedbca4a2a",100,100,50,100,100,"Snow 1.jpg","pic"
"2603","62c84ca82b03c9aedbca4a2a",0,0,0,0,0,"Destruction 2.jpg","pic"
"2604","62c84ca82b03c9aedbca4a2a",100,100,70,100,100,"Beach 1.jpg","pic"
"2605","62c84ca82b03c9aedbca4a2a",0,0,0,0,0,"Dirt 1.jpg","pic"
"2606","62c84ca82b03c9aedbca4a2a",100,100,0,50,100,"Clean 1.jpg","pic"
"2607","62c84ca82b03c9aedbca4a2a",50,100,80,100,20,"Fireworks 6.jpg","pic"
"2608","62c84ca82b03c9aedbca4a2a",0,0,0,0,0,"Flood 1.jpg","pic"
"2609","66294149f5c3cf16d5ebfd5e",76,86,9,69,76,"Rainbow 2.jpg","pic"
"2610","66294149f5c3cf16d5ebfd5e",15,24,19,20,18,"Clean 1.jpg","pic"
"2611","66294149f5c3cf16d5ebfd5e",11,14,13,11,7,"Flood 1.jpg","pic"
"2612","66294149f5c3cf16d5ebfd5e",11,21,16,16,18,"Prison 2.jpg","pic"
"2613","66294149f5c3cf16d5ebfd5e",18,14,19,13,19,"Toilet 4.jpg","pic"
"2614","66294149f5c3cf16d5ebfd5e",66,84,15,76,78,"Lake 12.jpg","pic"
"2615","66294149f5c3cf16d5ebfd5e",72,63,55,43,77,"Rocks 1.jpg","pic"
"2616","66294149f5c3cf16d5ebfd5e",16,17,23,19,20,"Ferret 1.jpg","pic"
"2617","66294149f5c3cf16d5ebfd5e",57,66,20,22,65,"Fireworks 6.jpg","pic"
"2618","66294149f5c3cf16d5ebfd5e",2,6,11,5,10,"Fire 10.jpg","pic"
"2619","66294149f5c3cf16d5ebfd5e",1,15,6,7,4,"Destruction 2.jpg","pic"
"2620","66294149f5c3cf16d5ebfd5e",2,3,9,4,2,"Garbage dump 1.jpg","pic"
"2621","66294149f5c3cf16d5ebfd5e",15,18,20,3,17,"Dirt 1.jpg","pic"
"2622","66294149f5c3cf16d5ebfd5e",26,26,14,9,3,"Snow 1.jpg","pic"
"2623","66294149f5c3cf16d5ebfd5e",97,72,86,71,81,"Beach 1.jpg","pic"
"2624","66294149f5c3cf16d5ebfd5e",13,22,10,4,8,"Heart 3.jpg","pic"
"2625","65a7027c88eae2b9a68ae596",67,57,22,46,68,"Fire 10.jpg","pic"
"2626","65a7027c88eae2b9a68ae596",86,63,92,87,1,"Fireworks 6.jpg","pic"
"2627","65a7027c88eae2b9a68ae596",3,3,2,2,1,"Prison 2.jpg","pic"
"2628","65a7027c88eae2b9a68ae596",1,0,0,0,0,"Toilet 4.jpg","pic"
"2629","65a7027c88eae2b9a68ae596",0,0,9,0,0,"Destruction 2.jpg","pic"
"2630","65a7027c88eae2b9a68ae596",88,80,79,76,77,"Lake 12.jpg","pic"
"2631","65a7027c88eae2b9a68ae596",69,79,84,73,61,"Rocks 1.jpg","pic"
"2632","65a7027c88eae2b9a68ae596",78,72,48,80,95,"Clean 1.jpg","pic"
"2633","65a7027c88eae2b9a68ae596",93,92,90,97,87,"Rainbow 2.jpg","pic"
"2634","65a7027c88eae2b9a68ae596",93,88,76,93,84,"Beach 1.jpg","pic"
"2635","65a7027c88eae2b9a68ae596",0,0,7,0,0,"Flood 1.jpg","pic"
"2636","65a7027c88eae2b9a68ae596",92,77,72,94,81,"Snow 1.jpg","pic"
"2637","65a7027c88eae2b9a68ae596",1,0,13,0,0,"Ferret 1.jpg","pic"
"2638","65a7027c88eae2b9a68ae596",0,0,0,0,0,"Garbage dump 1.jpg","pic"
"2639","65a7027c88eae2b9a68ae596",77,82,67,86,80,"Heart 3.jpg","pic"
"2640","65a7027c88eae2b9a68ae596",0,0,0,0,0,"Dirt 1.jpg","pic"
"2641","66c4f3cb14cbfc4db836bd4e",5,6,3,4,3,"Prison 2.jpg","pic"
"2642","66c4f3cb14cbfc4db836bd4e",98,98,97,98,97,"Lake 12.jpg","pic"
"2643","66c4f3cb14cbfc4db836bd4e",97,97,98,97,98,"Beach 1.jpg","pic"
"2644","66c4f3cb14cbfc4db836bd4e",2,2,2,7,1,"Destruction 2.jpg","pic"
"2645","66c4f3cb14cbfc4db836bd4e",2,1,0,2,1,"Fire 10.jpg","pic"
"2646","66c4f3cb14cbfc4db836bd4e",2,2,2,2,1,"Dirt 1.jpg","pic"
"2647","66c4f3cb14cbfc4db836bd4e",97,98,98,98,98,"Rocks 1.jpg","pic"
"2648","66c4f3cb14cbfc4db836bd4e",3,3,3,1,2,"Flood 1.jpg","pic"
"2649","66c4f3cb14cbfc4db836bd4e",91,96,95,95,93,"Fireworks 6.jpg","pic"
"2650","66c4f3cb14cbfc4db836bd4e",6,1,3,3,3,"Toilet 4.jpg","pic"
"2651","66c4f3cb14cbfc4db836bd4e",5,4,3,5,2,"Ferret 1.jpg","pic"
"2652","66c4f3cb14cbfc4db836bd4e",65,64,14,61,48,"Heart 3.jpg","pic"
"2653","66c4f3cb14cbfc4db836bd4e",1,4,3,2,1,"Garbage dump 1.jpg","pic"
"2654","66c4f3cb14cbfc4db836bd4e",94,1,98,96,95,"Clean 1.jpg","pic"
"2655","66c4f3cb14cbfc4db836bd4e",49,82,2,79,88,"Snow 1.jpg","pic"
"2656","66c4f3cb14cbfc4db836bd4e",96,97,95,97,96,"Rainbow 2.jpg","pic"
"2657","67f1f1d53b5c101545b04cfc",0,0,0,0,0,"Fire 10.jpg","pic"
"2658","67f1f1d53b5c101545b04cfc",76,90,65,100,97,"Beach 1.jpg","pic"
"2659","67f1f1d53b5c101545b04cfc",0,0,0,0,0,"Dirt 1.jpg","pic"
"2660","67f1f1d53b5c101545b04cfc",69,100,73,67,50,"Clean 1.jpg","pic"
"2661","67f1f1d53b5c101545b04cfc",0,0,0,0,0,"Toilet 4.jpg","pic"
"2662","67f1f1d53b5c101545b04cfc",100,100,100,100,100,"Fireworks 6.jpg","pic"
"2663","67f1f1d53b5c101545b04cfc",79,83,59,60,100,"Heart 3.jpg","pic"
"2664","67f1f1d53b5c101545b04cfc",0,0,0,0,0,"Garbage dump 1.jpg","pic"
"2665","67f1f1d53b5c101545b04cfc",0,0,0,0,0,"Rocks 1.jpg","pic"
"2666","67f1f1d53b5c101545b04cfc",0,0,0,0,0,"Flood 1.jpg","pic"
"2667","67f1f1d53b5c101545b04cfc",100,84,60,100,100,"Rainbow 2.jpg","pic"
"2668","67f1f1d53b5c101545b04cfc",0,1,0,0,0,"Prison 2.jpg","pic"
"2669","67f1f1d53b5c101545b04cfc",23,0,1,0,16,"Snow 1.jpg","pic"
"2670","67f1f1d53b5c101545b04cfc",0,0,0,0,0,"Ferret 1.jpg","pic"
"2671","67f1f1d53b5c101545b04cfc",0,0,0,0,0,"Destruction 2.jpg","pic"
"2672","67f1f1d53b5c101545b04cfc",100,98,70,52,100,"Lake 12.jpg","pic"
"2673","6276d97e209059496d37bf74",7,24,48,3,27,"Prison 2.jpg","pic"
"2674","6276d97e209059496d37bf74",0,11,50,1,16,"Destruction 2.jpg","pic"
"2675","6276d97e209059496d37bf74",98,58,90,91,29,"Fireworks 6.jpg","pic"
"2676","6276d97e209059496d37bf74",98,84,2,96,100,"Beach 1.jpg","pic"
"2677","6276d97e209059496d37bf74",14,26,51,19,13,"Snow 1.jpg","pic"
"2678","6276d97e209059496d37bf74",9,52,3,12,71,"Dirt 1.jpg","pic"
"2679","6276d97e209059496d37bf74",7,10,72,1,15,"Garbage dump 1.jpg","pic"
"2680","6276d97e209059496d37bf74",48,75,1,34,85,"Rocks 1.jpg","pic"
"2681","6276d97e209059496d37bf74",86,97,29,83,96,"Clean 1.jpg","pic"
"2682","6276d97e209059496d37bf74",97,85,19,100,74,"Lake 12.jpg","pic"
"2683","6276d97e209059496d37bf74",100,100,13,100,100,"Rainbow 2.jpg","pic"
"2684","6276d97e209059496d37bf74",68,86,30,64,75,"Heart 3.jpg","pic"
"2685","6276d97e209059496d37bf74",0,0,100,0,0,"Fire 10.jpg","pic"
"2686","6276d97e209059496d37bf74",0,0,78,0,0,"Flood 1.jpg","pic"
"2687","6276d97e209059496d37bf74",7,3,86,0,0,"Ferret 1.jpg","pic"
"2688","6276d97e209059496d37bf74",0,17,70,0,0,"Toilet 4.jpg","pic"
"2689","6706af217ea3142dd07d1e83",67,66,76,68,78,"Destruction 2.jpg","pic"
"2690","6706af217ea3142dd07d1e83",58,80,70,64,64,"Rainbow 2.jpg","pic"
"2691","6706af217ea3142dd07d1e83",18,69,75,82,74,"Snow 1.jpg","pic"
"2692","6706af217ea3142dd07d1e83",88,89,84,87,84,"Flood 1.jpg","pic"
"2693","6706af217ea3142dd07d1e83",92,90,84,80,91,"Ferret 1.jpg","pic"
"2694","6706af217ea3142dd07d1e83",100,81,79,83,90,"Fireworks 6.jpg","pic"
"2695","6706af217ea3142dd07d1e83",88,91,90,89,90,"Lake 12.jpg","pic"
"2696","6706af217ea3142dd07d1e83",79,97,95,78,98,"Clean 1.jpg","pic"
"2697","6706af217ea3142dd07d1e83",85,81,84,75,89,"Fire 10.jpg","pic"
"2698","6706af217ea3142dd07d1e83",88,75,82,91,68,"Rocks 1.jpg","pic"
"2699","6706af217ea3142dd07d1e83",78,86,69,76,48,"Dirt 1.jpg","pic"
"2700","6706af217ea3142dd07d1e83",95,85,82,79,83,"Garbage dump 1.jpg","pic"
"2701","6706af217ea3142dd07d1e83",75,77,80,79,73,"Heart 3.jpg","pic"
"2702","6706af217ea3142dd07d1e83",78,79,79,64,81,"Toilet 4.jpg","pic"
"2703","6706af217ea3142dd07d1e83",89,78,71,71,79,"Prison 2.jpg","pic"
"2704","6706af217ea3142dd07d1e83",90,74,72,76,88,"Beach 1.jpg","pic"
"2705","667ab64e047d4032dcc8be52",14,20,3,5,64,"Dirt 1.jpg","pic"
"2706","667ab64e047d4032dcc8be52",3,38,3,0,20,"Garbage dump 1.jpg","pic"
"2707","667ab64e047d4032dcc8be52",3,4,2,2,6,"Toilet 4.jpg","pic"
"2708","667ab64e047d4032dcc8be52",82,66,80,82,33,"Fireworks 6.jpg","pic"
"2709","667ab64e047d4032dcc8be52",93,90,35,90,66,"Rainbow 2.jpg","pic"
"2710","667ab64e047d4032dcc8be52",3,0,33,3,5,"Flood 1.jpg","pic"
"2711","667ab64e047d4032dcc8be52",2,0,32,0,5,"Prison 2.jpg","pic"
"2712","667ab64e047d4032dcc8be52",60,64,38,35,76,"Rocks 1.jpg","pic"
"2713","667ab64e047d4032dcc8be52",55,45,19,29,71,"Heart 3.jpg","pic"
"2714","667ab64e047d4032dcc8be52",85,73,13,50,84,"Clean 1.jpg","pic"
"2715","667ab64e047d4032dcc8be52",0,9,47,0,7,"Destruction 2.jpg","pic"
"2716","667ab64e047d4032dcc8be52",78,95,47,67,96,"Snow 1.jpg","pic"
"2717","667ab64e047d4032dcc8be52",0,0,56,0,0,"Fire 10.jpg","pic"
"2718","667ab64e047d4032dcc8be52",0,10,41,0,7,"Ferret 1.jpg","pic"
"2719","667ab64e047d4032dcc8be52",91,97,47,73,93,"Beach 1.jpg","pic"
"2720","667ab64e047d4032dcc8be52",93,84,85,100,62,"Lake 12.jpg","pic"
"2721","63bc9e8cd8106f8d94c636d4",0,60,8,28,69,"Lake 12.jpg","pic"
"2722","63bc9e8cd8106f8d94c636d4",10,7,4,0,26,"Prison 2.jpg","pic"
"2723","63bc9e8cd8106f8d94c636d4",9,0,9,1,11,"Destruction 2.jpg","pic"
"2724","63bc9e8cd8106f8d94c636d4",43,79,50,68,46,"Snow 1.jpg","pic"
"2725","63bc9e8cd8106f8d94c636d4",1,0,0,0,0,"Toilet 4.jpg","pic"
"2726","63bc9e8cd8106f8d94c636d4",0,0,0,0,0,"Heart 3.jpg","pic"
"2727","63bc9e8cd8106f8d94c636d4",4,5,1,0,14,"Flood 1.jpg","pic"
"2728","63bc9e8cd8106f8d94c636d4",55,66,11,27,52,"Rainbow 2.jpg","pic"
"2729","63bc9e8cd8106f8d94c636d4",28,15,35,18,22,"Beach 1.jpg","pic"
"2730","63bc9e8cd8106f8d94c636d4",0,0,0,0,0,"Dirt 1.jpg","pic"
"2731","63bc9e8cd8106f8d94c636d4",0,24,30,3,0,"Fire 10.jpg","pic"
"2732","63bc9e8cd8106f8d94c636d4",39,62,4,34,59,"Clean 1.jpg","pic"
"2733","63bc9e8cd8106f8d94c636d4",0,0,19,0,0,"Ferret 1.jpg","pic"
"2734","63bc9e8cd8106f8d94c636d4",47,61,68,58,15,"Fireworks 6.jpg","pic"
"2735","63bc9e8cd8106f8d94c636d4",30,52,1,15,50,"Rocks 1.jpg","pic"
"2736","63bc9e8cd8106f8d94c636d4",0,0,3,0,0,"Garbage dump 1.jpg","pic"
"2737","67e40bab848c22a30914c34c",0,0,0,0,0,"Garbage dump 1.jpg","pic"
"2738","67e40bab848c22a30914c34c",0,0,5,2,0,"Ferret 1.jpg","pic"
"2739","67e40bab848c22a30914c34c",77,100,57,100,56,"Destruction 2.jpg","pic"
"2740","67e40bab848c22a30914c34c",53,66,50,49,56,"Beach 1.jpg","pic"
"2741","67e40bab848c22a30914c34c",66,69,64,56,44,"Prison 2.jpg","pic"
"2742","67e40bab848c22a30914c34c",63,63,57,50,48,"Rocks 1.jpg","pic"
"2743","67e40bab848c22a30914c34c",52,57,61,63,51,"Fireworks 6.jpg","pic"
"2744","67e40bab848c22a30914c34c",50,64,50,93,70,"Lake 12.jpg","pic"
"2745","67e40bab848c22a30914c34c",55,74,50,62,56,"Toilet 4.jpg","pic"
"2746","67e40bab848c22a30914c34c",0,0,0,0,0,"Dirt 1.jpg","pic"
"2747","67e40bab848c22a30914c34c",0,0,0,0,0,"Fire 10.jpg","pic"
"2748","67e40bab848c22a30914c34c",2,55,50,55,57,"Heart 3.jpg","pic"
"2749","67e40bab848c22a30914c34c",50,65,50,44,58,"Snow 1.jpg","pic"
"2750","67e40bab848c22a30914c34c",60,61,65,47,77,"Clean 1.jpg","pic"
"2751","67e40bab848c22a30914c34c",98,100,100,100,99,"Rainbow 2.jpg","pic"
"2752","67e40bab848c22a30914c34c",0,2,6,0,0,"Flood 1.jpg","pic"
"2753","673bc7364722159a7c678802",71,58,52,80,72,"Fireworks 6.jpg","pic"
"2754","673bc7364722159a7c678802",51,25,22,40,38,"Snow 1.jpg","pic"
"2755","673bc7364722159a7c678802",0,0,0,0,0,"Toilet 4.jpg","pic"
"2756","673bc7364722159a7c678802",0,0,0,0,0,"Dirt 1.jpg","pic"
"2757","673bc7364722159a7c678802",0,0,0,0,0,"Prison 2.jpg","pic"
"2758","673bc7364722159a7c678802",0,0,0,4,0,"Destruction 2.jpg","pic"
"2759","673bc7364722159a7c678802",19,17,27,6,13,"Rainbow 2.jpg","pic"
"2760","673bc7364722159a7c678802",2,36,28,33,10,"Ferret 1.jpg","pic"
"2761","673bc7364722159a7c678802",59,67,59,65,80,"Lake 12.jpg","pic"
"2762","673bc7364722159a7c678802",98,79,91,99,80,"Beach 1.jpg","pic"
"2763","673bc7364722159a7c678802",4,3,11,9,4,"Flood 1.jpg","pic"
"2764","673bc7364722159a7c678802",4,3,0,5,5,"Garbage dump 1.jpg","pic"
"2765","673bc7364722159a7c678802",58,67,52,76,75,"Fire 10.jpg","pic"
"2766","673bc7364722159a7c678802",65,22,32,27,32,"Rocks 1.jpg","pic"
"2767","673bc7364722159a7c678802",3,5,8,3,6,"Clean 1.jpg","pic"
"2768","673bc7364722159a7c678802",77,65,84,58,72,"Heart 3.jpg","pic"
"2769","66b01097e95b0626c2cd7b5c",15,0,0,0,0,"Fire 10.jpg","pic"
"2770","66b01097e95b0626c2cd7b5c",50,50,0,50,70,"Heart 3.jpg","pic"
"2771","66b01097e95b0626c2cd7b5c",25,0,19,0,0,"Flood 1.jpg","pic"
"2772","66b01097e95b0626c2cd7b5c",40,35,25,0,25,"Lake 12.jpg","pic"
"2773","66b01097e95b0626c2cd7b5c",0,0,0,0,0,"Destruction 2.jpg","pic"
"2774","66b01097e95b0626c2cd7b5c",80,100,100,100,100,"Beach 1.jpg","pic"
"2775","66b01097e95b0626c2cd7b5c",20,40,0,0,70,"Snow 1.jpg","pic"
"2776","66b01097e95b0626c2cd7b5c",0,0,0,0,0,"Toilet 4.jpg","pic"
"2777","66b01097e95b0626c2cd7b5c",100,100,65,100,100,"Rocks 1.jpg","pic"
"2778","66b01097e95b0626c2cd7b5c",100,100,100,100,100,"Rainbow 2.jpg","pic"
"2779","66b01097e95b0626c2cd7b5c",0,35,0,0,0,"Prison 2.jpg","pic"
"2780","66b01097e95b0626c2cd7b5c",0,20,0,0,0,"Garbage dump 1.jpg","pic"
"2781","66b01097e95b0626c2cd7b5c",0,25,0,0,50,"Dirt 1.jpg","pic"
"2782","66b01097e95b0626c2cd7b5c",0,10,10,0,0,"Ferret 1.jpg","pic"
"2783","66b01097e95b0626c2cd7b5c",100,100,65,100,0,"Fireworks 6.jpg","pic"
"2784","66b01097e95b0626c2cd7b5c",75,100,55,71,100,"Clean 1.jpg","pic"
"2785","675b6bf5887bccb7fad6c44d",53,69,70,66,68,"Dirt 1.jpg","pic"
"2786","675b6bf5887bccb7fad6c44d",32,39,41,39,35,"Heart 3.jpg","pic"
"2787","675b6bf5887bccb7fad6c44d",62,72,83,77,84,"Rocks 1.jpg","pic"
"2788","675b6bf5887bccb7fad6c44d",100,94,97,97,96,"Fireworks 6.jpg","pic"
"2789","675b6bf5887bccb7fad6c44d",79,62,88,63,91,"Beach 1.jpg","pic"
"2790","675b6bf5887bccb7fad6c44d",1,0,0,0,0,"Clean 1.jpg","pic"
"2791","675b6bf5887bccb7fad6c44d",0,0,0,0,0,"Prison 2.jpg","pic"
"2792","675b6bf5887bccb7fad6c44d",0,0,0,0,0,"Ferret 1.jpg","pic"
"2793","675b6bf5887bccb7fad6c44d",0,0,0,0,0,"Flood 1.jpg","pic"
"2794","675b6bf5887bccb7fad6c44d",86,70,70,70,70,"Rainbow 2.jpg","pic"
"2795","675b6bf5887bccb7fad6c44d",30,40,40,40,41,"Fire 10.jpg","pic"
"2796","675b6bf5887bccb7fad6c44d",46,62,60,63,61,"Destruction 2.jpg","pic"
"2797","675b6bf5887bccb7fad6c44d",0,0,0,0,0,"Snow 1.jpg","pic"
"2798","675b6bf5887bccb7fad6c44d",54,50,51,35,48,"Lake 12.jpg","pic"
"2799","675b6bf5887bccb7fad6c44d",0,0,0,0,0,"Toilet 4.jpg","pic"
"2800","675b6bf5887bccb7fad6c44d",0,0,0,0,0,"Garbage dump 1.jpg","pic"
"2801","67294473dbb580a0ca93f60f",3,2,2,4,2,"Prison 2.jpg","pic"
"2802","67294473dbb580a0ca93f60f",99,90,89,98,99,"Rainbow 2.jpg","pic"
"2803","67294473dbb580a0ca93f60f",80,88,71,91,85,"Heart 3.jpg","pic"
"2804","67294473dbb580a0ca93f60f",3,2,2,3,2,"Garbage dump 1.jpg","pic"
"2805","67294473dbb580a0ca93f60f",52,52,21,53,63,"Dirt 1.jpg","pic"
"2806","67294473dbb580a0ca93f60f",2,2,3,3,3,"Fire 10.jpg","pic"
"2807","67294473dbb580a0ca93f60f",90,96,55,93,97,"Lake 12.jpg","pic"
"2808","67294473dbb580a0ca93f60f",83,91,61,86,86,"Rocks 1.jpg","pic"
"2809","67294473dbb580a0ca93f60f",1,2,2,1,1,"Flood 1.jpg","pic"
"2810","67294473dbb580a0ca93f60f",51,46,38,68,15,"Toilet 4.jpg","pic"
"2811","67294473dbb580a0ca93f60f",88,98,96,93,46,"Fireworks 6.jpg","pic"
"2812","67294473dbb580a0ca93f60f",81,85,78,73,93,"Snow 1.jpg","pic"
"2813","67294473dbb580a0ca93f60f",92,89,92,93,88,"Clean 1.jpg","pic"
"2814","67294473dbb580a0ca93f60f",97,97,85,92,94,"Beach 1.jpg","pic"
"2815","67294473dbb580a0ca93f60f",35,26,24,22,10,"Ferret 1.jpg","pic"
"2816","67294473dbb580a0ca93f60f",2,3,12,1,1,"Destruction 2.jpg","pic"
"2817","5bf408f7f35e0c000101693a",0,1,0,0,30,"Toilet 4.jpg","pic"
"2818","5bf408f7f35e0c000101693a",0,1,2,1,45,"Ferret 1.jpg","pic"
"2819","5bf408f7f35e0c000101693a",0,0,0,0,14,"Garbage dump 1.jpg","pic"
"2820","5bf408f7f35e0c000101693a",0,0,0,0,5,"Prison 2.jpg","pic"
"2821","5bf408f7f35e0c000101693a",65,87,91,92,49,"Fireworks 6.jpg","pic"
"2822","5bf408f7f35e0c000101693a",8,51,26,27,100,"Heart 3.jpg","pic"
"2823","5bf408f7f35e0c000101693a",0,0,0,0,5,"Dirt 1.jpg","pic"
"2824","5bf408f7f35e0c000101693a",0,0,2,0,1,"Flood 1.jpg","pic"
"2825","5bf408f7f35e0c000101693a",50,37,54,32,99,"Clean 1.jpg","pic"
"2826","5bf408f7f35e0c000101693a",0,0,0,0,0,"Destruction 2.jpg","pic"
"2827","5bf408f7f35e0c000101693a",0,0,0,0,0,"Fire 10.jpg","pic"
"2828","5bf408f7f35e0c000101693a",63,93,84,91,98,"Lake 12.jpg","pic"
"2829","5bf408f7f35e0c000101693a",99,98,99,99,99,"Beach 1.jpg","pic"
"2830","5bf408f7f35e0c000101693a",76,89,51,86,100,"Snow 1.jpg","pic"
"2831","5bf408f7f35e0c000101693a",97,96,98,98,99,"Rainbow 2.jpg","pic"
"2832","5bf408f7f35e0c000101693a",31,51,55,48,98,"Rocks 1.jpg","pic"
"2833","639b9ab341f4429b1b3c06a2",43,62,11,20,66,"Beach 1.jpg","pic"
"2834","639b9ab341f4429b1b3c06a2",39,63,4,4,43,"Heart 3.jpg","pic"
"2835","639b9ab341f4429b1b3c06a2",51,55,0,9,64,"Clean 1.jpg","pic"
"2836","639b9ab341f4429b1b3c06a2",32,4,0,0,11,"Toilet 4.jpg","pic"
"2837","639b9ab341f4429b1b3c06a2",45,47,10,24,29,"Fireworks 6.jpg","pic"
"2838","639b9ab341f4429b1b3c06a2",37,39,0,1,20,"Prison 2.jpg","pic"
"2839","639b9ab341f4429b1b3c06a2",60,62,6,9,58,"Rocks 1.jpg","pic"
"2840","639b9ab341f4429b1b3c06a2",15,10,4,0,21,"Destruction 2.jpg","pic"
"2841","639b9ab341f4429b1b3c06a2",29,24,0,0,30,"Ferret 1.jpg","pic"
"2842","639b9ab341f4429b1b3c06a2",36,21,3,0,35,"Fire 10.jpg","pic"
"2843","639b9ab341f4429b1b3c06a2",29,19,3,0,28,"Garbage dump 1.jpg","pic"
"2844","639b9ab341f4429b1b3c06a2",62,73,15,23,67,"Lake 12.jpg","pic"
"2845","639b9ab341f4429b1b3c06a2",60,71,11,16,73,"Rainbow 2.jpg","pic"
"2846","639b9ab341f4429b1b3c06a2",39,20,0,0,36,"Snow 1.jpg","pic"
"2847","639b9ab341f4429b1b3c06a2",16,0,0,0,26,"Dirt 1.jpg","pic"
"2848","639b9ab341f4429b1b3c06a2",17,12,0,0,21,"Flood 1.jpg","pic"
"2849","6766ddcb03bbfa66fafb36a8",50,16,13,36,51,"Toilet 4.jpg","pic"
"2850","6766ddcb03bbfa66fafb36a8",46,15,36,21,61,"Garbage dump 1.jpg","pic"
"2851","6766ddcb03bbfa66fafb36a8",49,24,20,23,51,"Dirt 1.jpg","pic"
"2852","6766ddcb03bbfa66fafb36a8",44,19,18,28,55,"Heart 3.jpg","pic"
"2853","6766ddcb03bbfa66fafb36a8",20,24,8,3,38,"Prison 2.jpg","pic"
"2854","6766ddcb03bbfa66fafb36a8",45,20,3,15,51,"Rainbow 2.jpg","pic"
"2855","6766ddcb03bbfa66fafb36a8",28,20,1,12,28,"Destruction 2.jpg","pic"
"2856","6766ddcb03bbfa66fafb36a8",40,31,8,26,48,"Clean 1.jpg","pic"
"2857","6766ddcb03bbfa66fafb36a8",57,43,15,39,71,"Rocks 1.jpg","pic"
"2858","6766ddcb03bbfa66fafb36a8",17,10,0,13,33,"Ferret 1.jpg","pic"
"2859","6766ddcb03bbfa66fafb36a8",43,21,7,23,54,"Fire 10.jpg","pic"
"2860","6766ddcb03bbfa66fafb36a8",68,50,50,51,82,"Beach 1.jpg","pic"
"2861","6766ddcb03bbfa66fafb36a8",40,26,15,25,49,"Lake 12.jpg","pic"
"2862","6766ddcb03bbfa66fafb36a8",13,13,0,8,27,"Flood 1.jpg","pic"
"2863","6766ddcb03bbfa66fafb36a8",32,18,11,12,37,"Fireworks 6.jpg","pic"
"2864","6766ddcb03bbfa66fafb36a8",38,11,4,13,51,"Snow 1.jpg","pic"
"2865","59f22a9fd6380600018b2929",5,21,0,0,65,"Clean 1.jpg","pic"
"2866","59f22a9fd6380600018b2929",0,0,2,0,0,"Rocks 1.jpg","pic"
"2867","59f22a9fd6380600018b2929",0,0,0,0,0,"Prison 2.jpg","pic"
"2868","59f22a9fd6380600018b2929",0,6,0,0,0,"Heart 3.jpg","pic"
"2869","59f22a9fd6380600018b2929",11,39,0,31,50,"Rainbow 2.jpg","pic"
"2870","59f22a9fd6380600018b2929",0,0,0,0,0,"Fire 10.jpg","pic"
"2871","59f22a9fd6380600018b2929",54,0,27,46,46,"Snow 1.jpg","pic"
"2872","59f22a9fd6380600018b2929",0,0,0,0,0,"Destruction 2.jpg","pic"
"2873","59f22a9fd6380600018b2929",0,0,0,0,0,"Dirt 1.jpg","pic"
"2874","59f22a9fd6380600018b2929",66,62,65,75,65,"Fireworks 6.jpg","pic"
"2875","59f22a9fd6380600018b2929",0,0,0,0,0,"Garbage dump 1.jpg","pic"
"2876","59f22a9fd6380600018b2929",26,98,0,56,100,"Lake 12.jpg","pic"
"2877","59f22a9fd6380600018b2929",99,98,99,98,100,"Beach 1.jpg","pic"
"2878","59f22a9fd6380600018b2929",0,0,0,0,0,"Flood 1.jpg","pic"
"2879","59f22a9fd6380600018b2929",0,0,0,0,0,"Toilet 4.jpg","pic"
"2880","59f22a9fd6380600018b2929",0,0,0,0,0,"Ferret 1.jpg","pic"
"2881","6754246c81ce61cb6ffe887f",81,81,82,86,80,"Rocks 1.jpg","pic"
"2882","6754246c81ce61cb6ffe887f",90,96,91,92,96,"Beach 1.jpg","pic"
"2883","6754246c81ce61cb6ffe887f",13,26,16,22,9,"Flood 1.jpg","pic"
"2884","6754246c81ce61cb6ffe887f",10,6,11,11,16,"Prison 2.jpg","pic"
"2885","6754246c81ce61cb6ffe887f",11,7,10,8,3,"Fire 10.jpg","pic"
"2886","6754246c81ce61cb6ffe887f",70,63,80,61,90,"Rainbow 2.jpg","pic"
"2887","6754246c81ce61cb6ffe887f",51,56,54,49,64,"Heart 3.jpg","pic"
"2888","6754246c81ce61cb6ffe887f",64,76,84,75,88,"Fireworks 6.jpg","pic"
"2889","6754246c81ce61cb6ffe887f",55,49,54,51,51,"Snow 1.jpg","pic"
"2890","6754246c81ce61cb6ffe887f",2,0,2,6,0,"Toilet 4.jpg","pic"
"2891","6754246c81ce61cb6ffe887f",10,5,3,1,3,"Destruction 2.jpg","pic"
"2892","6754246c81ce61cb6ffe887f",40,14,15,8,22,"Garbage dump 1.jpg","pic"
"2893","6754246c81ce61cb6ffe887f",18,10,6,7,7,"Ferret 1.jpg","pic"
"2894","6754246c81ce61cb6ffe887f",74,85,91,74,86,"Clean 1.jpg","pic"
"2895","6754246c81ce61cb6ffe887f",58,80,69,74,57,"Lake 12.jpg","pic"
"2896","6754246c81ce61cb6ffe887f",17,10,11,7,7,"Dirt 1.jpg","pic"
"2897","67e2ed15da79347d97d600c6",95,89,84,94,94,"Toilet 4.jpg","pic"
"2898","67e2ed15da79347d97d600c6",83,100,94,97,95,"Snow 1.jpg","pic"
"2899","67e2ed15da79347d97d600c6",91,80,88,95,96,"Fireworks 6.jpg","pic"
"2900","67e2ed15da79347d97d600c6",76,85,82,75,36,"Garbage dump 1.jpg","pic"
"2901","67e2ed15da79347d97d600c6",91,96,90,93,81,"Dirt 1.jpg","pic"
"2902","67e2ed15da79347d97d600c6",80,81,89,87,73,"Beach 1.jpg","pic"
"2903","67e2ed15da79347d97d600c6",80,90,86,94,87,"Clean 1.jpg","pic"
"2904","67e2ed15da79347d97d600c6",92,97,91,88,88,"Flood 1.jpg","pic"
"2905","67e2ed15da79347d97d600c6",69,89,91,80,90,"Heart 3.jpg","pic"
"2906","67e2ed15da79347d97d600c6",94,81,95,77,100,"Destruction 2.jpg","pic"
"2907","67e2ed15da79347d97d600c6",60,97,97,92,97,"Prison 2.jpg","pic"
"2908","67e2ed15da79347d97d600c6",86,84,87,72,90,"Fire 10.jpg","pic"
"2909","67e2ed15da79347d97d600c6",100,96,97,100,99,"Rocks 1.jpg","pic"
"2910","67e2ed15da79347d97d600c6",99,92,98,66,97,"Ferret 1.jpg","pic"
"2911","67e2ed15da79347d97d600c6",100,90,92,93,98,"Lake 12.jpg","pic"
"2912","67e2ed15da79347d97d600c6",94,90,93,78,99,"Rainbow 2.jpg","pic"
"2913","65b1193868f3449f46325ea8",82,90,86,93,96,"Lake 12.jpg","pic"
"2914","65b1193868f3449f46325ea8",78,91,87,81,96,"Snow 1.jpg","pic"
"2915","65b1193868f3449f46325ea8",96,92,98,91,88,"Toilet 4.jpg","pic"
"2916","65b1193868f3449f46325ea8",79,88,89,82,98,"Rainbow 2.jpg","pic"
"2917","65b1193868f3449f46325ea8",73,94,96,97,92,"Heart 3.jpg","pic"
"2918","65b1193868f3449f46325ea8",60,86,95,87,83,"Destruction 2.jpg","pic"
"2919","65b1193868f3449f46325ea8",79,93,90,93,91,"Fire 10.jpg","pic"
"2920","65b1193868f3449f46325ea8",88,81,95,89,91,"Garbage dump 1.jpg","pic"
"2921","65b1193868f3449f46325ea8",86,95,89,86,92,"Flood 1.jpg","pic"
"2922","65b1193868f3449f46325ea8",99,95,95,95,95,"Dirt 1.jpg","pic"
"2923","65b1193868f3449f46325ea8",86,87,77,87,88,"Rocks 1.jpg","pic"
"2924","65b1193868f3449f46325ea8",90,93,93,81,87,"Beach 1.jpg","pic"
"2925","65b1193868f3449f46325ea8",100,98,97,100,99,"Prison 2.jpg","pic"
"2926","65b1193868f3449f46325ea8",97,92,99,100,100,"Clean 1.jpg","pic"
"2927","65b1193868f3449f46325ea8",91,92,93,92,90,"Fireworks 6.jpg","pic"
"2928","65b1193868f3449f46325ea8",92,90,97,90,91,"Ferret 1.jpg","pic"
"2929","614ba174b4090c0f7ed64278",13,29,17,14,39,"Dirt 1.jpg","pic"
"2930","614ba174b4090c0f7ed64278",13,23,25,9,19,"Destruction 2.jpg","pic"
"2931","614ba174b4090c0f7ed64278",76,51,75,73,34,"Fireworks 6.jpg","pic"
"2932","614ba174b4090c0f7ed64278",27,27,40,52,24,"Prison 2.jpg","pic"
"2933","614ba174b4090c0f7ed64278",47,72,51,55,60,"Rocks 1.jpg","pic"
"2934","614ba174b4090c0f7ed64278",65,56,74,74,64,"Toilet 4.jpg","pic"
"2935","614ba174b4090c0f7ed64278",22,30,53,55,35,"Rainbow 2.jpg","pic"
"2936","614ba174b4090c0f7ed64278",92,84,72,72,84,"Lake 12.jpg","pic"
"2937","614ba174b4090c0f7ed64278",78,43,76,71,35,"Beach 1.jpg","pic"
"2938","614ba174b4090c0f7ed64278",81,88,75,70,85,"Heart 3.jpg","pic"
"2939","614ba174b4090c0f7ed64278",30,32,68,61,32,"Fire 10.jpg","pic"
"2940","614ba174b4090c0f7ed64278",46,65,75,73,25,"Flood 1.jpg","pic"
"2941","614ba174b4090c0f7ed64278",59,55,50,40,31,"Snow 1.jpg","pic"
"2942","614ba174b4090c0f7ed64278",15,29,18,20,27,"Garbage dump 1.jpg","pic"
"2943","614ba174b4090c0f7ed64278",31,75,52,52,70,"Clean 1.jpg","pic"
"2944","614ba174b4090c0f7ed64278",31,64,31,26,66,"Ferret 1.jpg","pic"
"2945","69417b79c252f58b79bf6754",24,0,22,11,13,"Fireworks 6.jpg","pic"
"2946","69417b79c252f58b79bf6754",0,0,0,0,0,"Prison 2.jpg","pic"
"2947","69417b79c252f58b79bf6754",0,0,0,0,0,"Flood 1.jpg","pic"
"2948","69417b79c252f58b79bf6754",32,56,54,41,56,"Snow 1.jpg","pic"
"2949","69417b79c252f58b79bf6754",8,6,18,28,38,"Lake 12.jpg","pic"
"2950","69417b79c252f58b79bf6754",0,0,9,0,0,"Ferret 1.jpg","pic"
"2951","69417b79c252f58b79bf6754",0,0,0,0,8,"Dirt 1.jpg","pic"
"2952","69417b79c252f58b79bf6754",0,0,0,0,0,"Toilet 4.jpg","pic"
"2953","69417b79c252f58b79bf6754",0,0,0,0,0,"Garbage dump 1.jpg","pic"
"2954","69417b79c252f58b79bf6754",23,16,15,7,23,"Rainbow 2.jpg","pic"
"2955","69417b79c252f58b79bf6754",33,41,36,41,52,"Beach 1.jpg","pic"
"2956","69417b79c252f58b79bf6754",7,0,0,0,0,"Fire 10.jpg","pic"
"2957","69417b79c252f58b79bf6754",0,0,0,0,0,"Destruction 2.jpg","pic"
"2958","69417b79c252f58b79bf6754",24,27,13,21,30,"Rocks 1.jpg","pic"
"2959","69417b79c252f58b79bf6754",16,23,0,25,34,"Clean 1.jpg","pic"
"2960","69417b79c252f58b79bf6754",31,21,7,21,59,"Heart 3.jpg","pic"
"2961","6712fe1173dfa2bfa2d6294b",6,9,10,0,18,"Fire 10.jpg","pic"
"2962","6712fe1173dfa2bfa2d6294b",18,0,35,0,15,"Ferret 1.jpg","pic"
"2963","6712fe1173dfa2bfa2d6294b",72,85,60,67,80,"Heart 3.jpg","pic"
"2964","6712fe1173dfa2bfa2d6294b",0,0,0,0,0,"Flood 1.jpg","pic"
"2965","6712fe1173dfa2bfa2d6294b",100,87,88,92,100,"Beach 1.jpg","pic"
"2966","6712fe1173dfa2bfa2d6294b",83,80,78,81,89,"Rocks 1.jpg","pic"
"2967","6712fe1173dfa2bfa2d6294b",86,87,79,88,90,"Lake 12.jpg","pic"
"2968","6712fe1173dfa2bfa2d6294b",0,0,7,0,5,"Dirt 1.jpg","pic"
"2969","6712fe1173dfa2bfa2d6294b",76,85,81,91,70,"Snow 1.jpg","pic"
"2970","6712fe1173dfa2bfa2d6294b",0,0,0,0,0,"Prison 2.jpg","pic"
"2971","6712fe1173dfa2bfa2d6294b",29,26,21,13,29,"Garbage dump 1.jpg","pic"
"2972","6712fe1173dfa2bfa2d6294b",100,100,95,100,90,"Fireworks 6.jpg","pic"
"2973","6712fe1173dfa2bfa2d6294b",17,16,15,22,19,"Toilet 4.jpg","pic"
"2974","6712fe1173dfa2bfa2d6294b",100,100,91,100,100,"Rainbow 2.jpg","pic"
"2975","6712fe1173dfa2bfa2d6294b",0,0,0,0,0,"Destruction 2.jpg","pic"
"2976","6712fe1173dfa2bfa2d6294b",23,40,10,43,41,"Clean 1.jpg","pic"
"2977","67dd46602623d4bf857f7fa2",77,65,61,68,67,"Flood 1.jpg","pic"
"2978","67dd46602623d4bf857f7fa2",43,60,57,64,57,"Fireworks 6.jpg","pic"
"2979","67dd46602623d4bf857f7fa2",44,68,51,53,67,"Dirt 1.jpg","pic"
"2980","67dd46602623d4bf857f7fa2",56,40,40,33,57,"Heart 3.jpg","pic"
"2981","67dd46602623d4bf857f7fa2",66,78,84,54,69,"Lake 12.jpg","pic"
"2982","67dd46602623d4bf857f7fa2",98,100,66,100,80,"Beach 1.jpg","pic"
"2983","67dd46602623d4bf857f7fa2",0,0,0,0,0,"Fire 10.jpg","pic"
"2984","67dd46602623d4bf857f7fa2",100,64,51,100,82,"Garbage dump 1.jpg","pic"
"2985","67dd46602623d4bf857f7fa2",56,69,64,73,72,"Toilet 4.jpg","pic"
"2986","67dd46602623d4bf857f7fa2",0,5,0,4,2,"Prison 2.jpg","pic"
"2987","67dd46602623d4bf857f7fa2",55,41,44,48,41,"Snow 1.jpg","pic"
"2988","67dd46602623d4bf857f7fa2",0,0,0,0,0,"Destruction 2.jpg","pic"
"2989","67dd46602623d4bf857f7fa2",96,100,100,78,100,"Rainbow 2.jpg","pic"
"2990","67dd46602623d4bf857f7fa2",72,100,100,100,100,"Clean 1.jpg","pic"
"2991","67dd46602623d4bf857f7fa2",82,94,74,74,75,"Rocks 1.jpg","pic"
"2992","67dd46602623d4bf857f7fa2",99,96,100,100,100,"Ferret 1.jpg","pic"
"2993","6701e7c8b53a034b66f93fd8",2,18,1,0,17,"Dirt 1.jpg","pic"
"2994","6701e7c8b53a034b66f93fd8",0,0,0,0,0,"Prison 2.jpg","pic"
"2995","6701e7c8b53a034b66f93fd8",0,0,0,0,0,"Fire 10.jpg","pic"
"2996","6701e7c8b53a034b66f93fd8",0,0,0,0,0,"Garbage dump 1.jpg","pic"
"2997","6701e7c8b53a034b66f93fd8",58,81,55,43,66,"Fireworks 6.jpg","pic"
"2998","6701e7c8b53a034b66f93fd8",0,0,0,0,0,"Flood 1.jpg","pic"
"2999","6701e7c8b53a034b66f93fd8",88,95,68,58,79,"Snow 1.jpg","pic"
"3000","6701e7c8b53a034b66f93fd8",0,0,0,0,0,"Destruction 2.jpg","pic"
"3001","6701e7c8b53a034b66f93fd8",46,75,27,17,81,"Rainbow 2.jpg","pic"
"3002","6701e7c8b53a034b66f93fd8",0,0,0,0,0,"Ferret 1.jpg","pic"
"3003","6701e7c8b53a034b66f93fd8",46,79,35,10,76,"Clean 1.jpg","pic"
"3004","6701e7c8b53a034b66f93fd8",93,97,81,67,100,"Beach 1.jpg","pic"
"3005","6701e7c8b53a034b66f93fd8",21,80,15,11,40,"Rocks 1.jpg","pic"
"3006","6701e7c8b53a034b66f93fd8",7,78,4,10,21,"Heart 3.jpg","pic"
"3007","6701e7c8b53a034b66f93fd8",0,4,0,0,0,"Toilet 4.jpg","pic"
"3008","6701e7c8b53a034b66f93fd8",94,99,86,65,90,"Lake 12.jpg","pic"
"3009","5ecd78784dc5af0d97078c8b",26,1,53,64,1,"Fireworks 6.jpg","pic"
"3010","5ecd78784dc5af0d97078c8b",88,0,15,31,66,"Rainbow 2.jpg","pic"
"3011","5ecd78784dc5af0d97078c8b",1,0,2,1,1,"Garbage dump 1.jpg","pic"
"3012","5ecd78784dc5af0d97078c8b",0,0,0,0,0,"Heart 3.jpg","pic"
"3013","5ecd78784dc5af0d97078c8b",0,0,0,0,0,"Flood 1.jpg","pic"
"3014","5ecd78784dc5af0d97078c8b",0,18,0,0,28,"Lake 12.jpg","pic"
"3015","5ecd78784dc5af0d97078c8b",0,0,0,0,0,"Snow 1.jpg","pic"
"3016","5ecd78784dc5af0d97078c8b",0,0,0,0,0,"Destruction 2.jpg","pic"
"3017","5ecd78784dc5af0d97078c8b",0,19,0,0,74,"Clean 1.jpg","pic"
"3018","5ecd78784dc5af0d97078c8b",99,66,0,0,96,"Beach 1.jpg","pic"
"3019","5ecd78784dc5af0d97078c8b",0,0,0,0,0,"Fire 10.jpg","pic"
"3020","5ecd78784dc5af0d97078c8b",0,0,0,0,0,"Rocks 1.jpg","pic"
"3021","5ecd78784dc5af0d97078c8b",0,1,1,0,1,"Ferret 1.jpg","pic"
"3022","5ecd78784dc5af0d97078c8b",0,0,0,0,0,"Prison 2.jpg","pic"
"3023","5ecd78784dc5af0d97078c8b",0,0,0,0,0,"Toilet 4.jpg","pic"
"3024","5ecd78784dc5af0d97078c8b",0,0,0,0,0,"Dirt 1.jpg","pic"
"3025","5ed9c3054268815691ed0e2c",55,66,35,24,59,"Rocks 1.jpg","pic"
"3026","5ed9c3054268815691ed0e2c",65,64,35,52,64,"Rainbow 2.jpg","pic"
"3027","5ed9c3054268815691ed0e2c",12,8,8,3,8,"Toilet 4.jpg","pic"
"3028","5ed9c3054268815691ed0e2c",12,9,11,12,11,"Ferret 1.jpg","pic"
"3029","5ed9c3054268815691ed0e2c",27,47,24,18,52,"Heart 3.jpg","pic"
"3030","5ed9c3054268815691ed0e2c",2,8,1,8,4,"Garbage dump 1.jpg","pic"
"3031","5ed9c3054268815691ed0e2c",1,5,10,4,8,"Flood 1.jpg","pic"
"3032","5ed9c3054268815691ed0e2c",39,59,31,23,61,"Lake 12.jpg","pic"
"3033","5ed9c3054268815691ed0e2c",9,4,3,0,6,"Fire 10.jpg","pic"
"3034","5ed9c3054268815691ed0e2c",3,1,1,0,1,"Prison 2.jpg","pic"
"3035","5ed9c3054268815691ed0e2c",2,2,0,0,2,"Destruction 2.jpg","pic"
"3036","5ed9c3054268815691ed0e2c",10,3,2,6,23,"Dirt 1.jpg","pic"
"3037","5ed9c3054268815691ed0e2c",40,60,36,35,58,"Fireworks 6.jpg","pic"
"3038","5ed9c3054268815691ed0e2c",25,55,18,16,58,"Snow 1.jpg","pic"
"3039","5ed9c3054268815691ed0e2c",40,60,31,30,75,"Beach 1.jpg","pic"
"3040","5ed9c3054268815691ed0e2c",37,60,25,25,70,"Clean 1.jpg","pic"
"3041","63ed78d1217e614a3c6b392e",100,100,100,100,100,"Rocks 1.jpg","pic"
"3042","63ed78d1217e614a3c6b392e",0,0,0,0,0,"Destruction 2.jpg","pic"
"3043","63ed78d1217e614a3c6b392e",47,47,45,50,47,"Prison 2.jpg","pic"
"3044","63ed78d1217e614a3c6b392e",17,18,18,19,19,"Ferret 1.jpg","pic"
"3045","63ed78d1217e614a3c6b392e",100,100,100,100,100,"Rainbow 2.jpg","pic"
"3046","63ed78d1217e614a3c6b392e",17,17,14,15,14,"Clean 1.jpg","pic"
"3047","63ed78d1217e614a3c6b392e",87,74,67,79,56,"Snow 1.jpg","pic"
"3048","63ed78d1217e614a3c6b392e",0,0,0,0,16,"Fire 10.jpg","pic"
"3049","63ed78d1217e614a3c6b392e",100,100,100,100,100,"Beach 1.jpg","pic"
"3050","63ed78d1217e614a3c6b392e",100,100,100,100,100,"Heart 3.jpg","pic"
"3051","63ed78d1217e614a3c6b392e",100,100,100,100,100,"Fireworks 6.jpg","pic"
"3052","63ed78d1217e614a3c6b392e",0,0,0,0,48,"Flood 1.jpg","pic"
"3053","63ed78d1217e614a3c6b392e",41,56,66,49,46,"Toilet 4.jpg","pic"
"3054","63ed78d1217e614a3c6b392e",95,100,100,100,100,"Dirt 1.jpg","pic"
"3055","63ed78d1217e614a3c6b392e",100,100,100,100,100,"Lake 12.jpg","pic"
"3056","63ed78d1217e614a3c6b392e",50,14,50,22,50,"Garbage dump 1.jpg","pic"
"3057","66d7a4ca0fcf61aba9eb9328",0,17,13,11,24,"Toilet 4.jpg","pic"
"3058","66d7a4ca0fcf61aba9eb9328",13,23,12,14,19,"Fire 10.jpg","pic"
"3059","66d7a4ca0fcf61aba9eb9328",79,93,77,84,90,"Snow 1.jpg","pic"
"3060","66d7a4ca0fcf61aba9eb9328",9,21,21,74,12,"Ferret 1.jpg","pic"
"3061","66d7a4ca0fcf61aba9eb9328",6,19,19,15,17,"Flood 1.jpg","pic"
"3062","66d7a4ca0fcf61aba9eb9328",84,91,84,83,91,"Rainbow 2.jpg","pic"
"3063","66d7a4ca0fcf61aba9eb9328",12,25,19,19,26,"Destruction 2.jpg","pic"
"3064","66d7a4ca0fcf61aba9eb9328",83,96,86,87,93,"Fireworks 6.jpg","pic"
"3065","66d7a4ca0fcf61aba9eb9328",73,93,89,87,95,"Lake 12.jpg","pic"
"3066","66d7a4ca0fcf61aba9eb9328",78,86,77,83,86,"Beach 1.jpg","pic"
"3067","66d7a4ca0fcf61aba9eb9328",75,86,73,73,87,"Clean 1.jpg","pic"
"3068","66d7a4ca0fcf61aba9eb9328",79,83,74,69,82,"Prison 2.jpg","pic"
"3069","66d7a4ca0fcf61aba9eb9328",12,27,30,16,17,"Dirt 1.jpg","pic"
"3070","66d7a4ca0fcf61aba9eb9328",83,79,72,75,86,"Rocks 1.jpg","pic"
"3071","66d7a4ca0fcf61aba9eb9328",77,85,82,83,85,"Heart 3.jpg","pic"
"3072","66d7a4ca0fcf61aba9eb9328",84,83,72,78,88,"Garbage dump 1.jpg","pic"
"3073","67bc755b022467c613763798",100,33,32,49,100,"Snow 1.jpg","pic"
"3074","67bc755b022467c613763798",1,3,0,3,14,"Flood 1.jpg","pic"
"3075","67bc755b022467c613763798",5,4,3,3,47,"Ferret 1.jpg","pic"
"3076","67bc755b022467c613763798",28,20,24,19,49,"Fireworks 6.jpg","pic"
"3077","67bc755b022467c613763798",91,94,96,77,40,"Destruction 2.jpg","pic"
"3078","67bc755b022467c613763798",77,78,50,83,31,"Prison 2.jpg","pic"
"3079","67bc755b022467c613763798",92,100,100,100,81,"Toilet 4.jpg","pic"
"3080","67bc755b022467c613763798",100,100,100,100,100,"Lake 12.jpg","pic"
"3081","67bc755b022467c613763798",100,100,100,100,100,"Rocks 1.jpg","pic"
"3082","67bc755b022467c613763798",100,100,100,0,100,"Heart 3.jpg","pic"
"3083","67bc755b022467c613763798",100,100,100,100,100,"Rainbow 2.jpg","pic"
"3084","67bc755b022467c613763798",12,23,15,18,25,"Dirt 1.jpg","pic"
"3085","67bc755b022467c613763798",100,100,100,100,100,"Beach 1.jpg","pic"
"3086","67bc755b022467c613763798",100,100,100,100,100,"Clean 1.jpg","pic"
"3087","67bc755b022467c613763798",44,15,13,16,3,"Garbage dump 1.jpg","pic"
"3088","67bc755b022467c613763798",50,0,0,0,37,"Fire 10.jpg","pic"
"3089","677aefb67112f646f3fc77f6",89,75,55,79,78,"Heart 3.jpg","pic"
"3090","677aefb67112f646f3fc77f6",27,24,20,22,28,"Fire 10.jpg","pic"
"3091","677aefb67112f646f3fc77f6",16,27,32,32,21,"Dirt 1.jpg","pic"
"3092","677aefb67112f646f3fc77f6",21,37,25,27,53,"Prison 2.jpg","pic"
"3093","677aefb67112f646f3fc77f6",85,82,89,72,78,"Lake 12.jpg","pic"
"3094","677aefb67112f646f3fc77f6",24,29,16,24,31,"Toilet 4.jpg","pic"
"3095","677aefb67112f646f3fc77f6",55,58,50,59,57,"Snow 1.jpg","pic"
"3096","677aefb67112f646f3fc77f6",33,39,18,24,9,"Ferret 1.jpg","pic"
"3097","677aefb67112f646f3fc77f6",79,84,75,75,88,"Rainbow 2.jpg","pic"
"3098","677aefb67112f646f3fc77f6",82,71,57,85,79,"Fireworks 6.jpg","pic"
"3099","677aefb67112f646f3fc77f6",34,38,28,28,36,"Garbage dump 1.jpg","pic"
"3100","677aefb67112f646f3fc77f6",71,72,71,80,82,"Clean 1.jpg","pic"
"3101","677aefb67112f646f3fc77f6",25,30,29,27,29,"Destruction 2.jpg","pic"
"3102","677aefb67112f646f3fc77f6",93,64,92,83,80,"Beach 1.jpg","pic"
"3103","677aefb67112f646f3fc77f6",23,28,37,31,17,"Flood 1.jpg","pic"
"3104","677aefb67112f646f3fc77f6",51,72,43,20,63,"Rocks 1.jpg","pic"
"3105","628deac8711dee5dbda650ae",0,0,0,0,0,"Prison 2.jpg","pic"
"3106","628deac8711dee5dbda650ae",0,0,0,0,0,"Fireworks 6.jpg","pic"
"3107","628deac8711dee5dbda650ae",0,0,0,0,6,"Snow 1.jpg","pic"
"3108","628deac8711dee5dbda650ae",0,0,0,0,4,"Heart 3.jpg","pic"
"3109","628deac8711dee5dbda650ae",0,5,0,0,0,"Lake 12.jpg","pic"
"3110","628deac8711dee5dbda650ae",0,0,0,0,0,"Beach 1.jpg","pic"
"3111","628deac8711dee5dbda650ae",0,0,0,0,0,"Fire 10.jpg","pic"
"3112","628deac8711dee5dbda650ae",0,0,0,0,0,"Ferret 1.jpg","pic"
"3113","628deac8711dee5dbda650ae",0,0,0,0,0,"Rainbow 2.jpg","pic"
"3114","628deac8711dee5dbda650ae",6,0,0,0,0,"Rocks 1.jpg","pic"
"3115","628deac8711dee5dbda650ae",0,0,0,0,0,"Garbage dump 1.jpg","pic"
"3116","628deac8711dee5dbda650ae",0,0,0,0,0,"Clean 1.jpg","pic"
"3117","628deac8711dee5dbda650ae",0,0,0,0,0,"Destruction 2.jpg","pic"
"3118","628deac8711dee5dbda650ae",4,0,0,0,0,"Toilet 4.jpg","pic"
"3119","628deac8711dee5dbda650ae",0,0,0,0,0,"Dirt 1.jpg","pic"
"3120","628deac8711dee5dbda650ae",0,0,0,0,0,"Flood 1.jpg","pic"
"3121","56588a127d69570012dfe00a",88,4,2,72,63,"Lake 12.jpg","pic"
"3122","56588a127d69570012dfe00a",6,2,2,3,2,"Flood 1.jpg","pic"
"3123","56588a127d69570012dfe00a",5,4,1,0,3,"Fire 10.jpg","pic"
"3124","56588a127d69570012dfe00a",2,2,1,0,3,"Rocks 1.jpg","pic"
"3125","56588a127d69570012dfe00a",2,2,2,1,3,"Dirt 1.jpg","pic"
"3126","56588a127d69570012dfe00a",2,2,1,2,1,"Heart 3.jpg","pic"
"3127","56588a127d69570012dfe00a",4,3,4,4,1,"Ferret 1.jpg","pic"
"3128","56588a127d69570012dfe00a",0,0,2,0,3,"Clean 1.jpg","pic"
"3129","56588a127d69570012dfe00a",2,1,2,3,2,"Prison 2.jpg","pic"
"3130","56588a127d69570012dfe00a",0,0,1,0,3,"Destruction 2.jpg","pic"
"3131","56588a127d69570012dfe00a",2,2,1,3,2,"Garbage dump 1.jpg","pic"
"3132","56588a127d69570012dfe00a",35,1,4,0,42,"Beach 1.jpg","pic"
"3133","56588a127d69570012dfe00a",4,0,4,5,2,"Rainbow 2.jpg","pic"
"3134","56588a127d69570012dfe00a",2,4,1,4,2,"Fireworks 6.jpg","pic"
"3135","56588a127d69570012dfe00a",5,0,2,2,6,"Toilet 4.jpg","pic"
"3136","56588a127d69570012dfe00a",2,2,1,2,0,"Snow 1.jpg","pic"
"3137","63eec085b1d2e79ac4fbbd78",30,56,53,51,65,"Clean 1.jpg","pic"
"3138","63eec085b1d2e79ac4fbbd78",24,30,29,22,35,"Prison 2.jpg","pic"
"3139","63eec085b1d2e79ac4fbbd78",45,43,14,25,32,"Dirt 1.jpg","pic"
"3140","63eec085b1d2e79ac4fbbd78",35,43,51,56,50,"Destruction 2.jpg","pic"
"3141","63eec085b1d2e79ac4fbbd78",40,52,53,56,49,"Ferret 1.jpg","pic"
"3142","63eec085b1d2e79ac4fbbd78",46,71,52,75,55,"Heart 3.jpg","pic"
"3143","63eec085b1d2e79ac4fbbd78",72,62,70,50,75,"Lake 12.jpg","pic"
"3144","63eec085b1d2e79ac4fbbd78",56,73,67,55,35,"Snow 1.jpg","pic"
"3145","63eec085b1d2e79ac4fbbd78",44,51,56,52,31,"Garbage dump 1.jpg","pic"
"3146","63eec085b1d2e79ac4fbbd78",54,68,47,65,62,"Fire 10.jpg","pic"
"3147","63eec085b1d2e79ac4fbbd78",13,11,10,10,11,"Toilet 4.jpg","pic"
"3148","63eec085b1d2e79ac4fbbd78",60,57,51,54,70,"Rainbow 2.jpg","pic"
"3149","63eec085b1d2e79ac4fbbd78",56,68,55,64,75,"Fireworks 6.jpg","pic"
"3150","63eec085b1d2e79ac4fbbd78",64,61,70,63,53,"Flood 1.jpg","pic"
"3151","63eec085b1d2e79ac4fbbd78",63,52,78,53,78,"Beach 1.jpg","pic"
"3152","63eec085b1d2e79ac4fbbd78",71,53,55,51,62,"Rocks 1.jpg","pic"
"3153","60463896f9a82809f6eda231",100,100,70,85,80,"Beach 1.jpg","pic"
"3154","60463896f9a82809f6eda231",0,0,0,0,20,"Fire 10.jpg","pic"
"3155","60463896f9a82809f6eda231",50,50,50,50,100,"Clean 1.jpg","pic"
"3156","60463896f9a82809f6eda231",50,75,50,75,100,"Rocks 1.jpg","pic"
"3157","60463896f9a82809f6eda231",100,100,100,100,50,"Fireworks 6.jpg","pic"
"3158","60463896f9a82809f6eda231",0,0,0,0,20,"Prison 2.jpg","pic"
"3159","60463896f9a82809f6eda231",100,100,80,100,85,"Rainbow 2.jpg","pic"
"3160","60463896f9a82809f6eda231",0,0,0,0,35,"Destruction 2.jpg","pic"
"3161","60463896f9a82809f6eda231",75,80,50,65,100,"Snow 1.jpg","pic"
"3162","60463896f9a82809f6eda231",50,35,50,30,50,"Dirt 1.jpg","pic"
"3163","60463896f9a82809f6eda231",25,25,20,20,50,"Garbage dump 1.jpg","pic"
"3164","60463896f9a82809f6eda231",100,100,70,100,100,"Lake 12.jpg","pic"
"3165","60463896f9a82809f6eda231",20,21,20,20,20,"Flood 1.jpg","pic"
"3166","60463896f9a82809f6eda231",30,35,24,24,40,"Ferret 1.jpg","pic"
"3167","60463896f9a82809f6eda231",25,20,20,20,50,"Toilet 4.jpg","pic"
"3168","60463896f9a82809f6eda231",50,50,50,50,100,"Heart 3.jpg","pic"
"3169","673e5a3412198a5e62837745",81,74,82,82,79,"Heart 3.jpg","pic"
"3170","673e5a3412198a5e62837745",75,86,84,83,81,"Flood 1.jpg","pic"
"3171","673e5a3412198a5e62837745",84,84,80,80,89,"Clean 1.jpg","pic"
"3172","673e5a3412198a5e62837745",88,82,82,89,85,"Dirt 1.jpg","pic"
"3173","673e5a3412198a5e62837745",90,82,81,88,73,"Lake 12.jpg","pic"
"3174","673e5a3412198a5e62837745",89,88,87,17,87,"Rocks 1.jpg","pic"
"3175","673e5a3412198a5e62837745",52,77,71,70,50,"Rainbow 2.jpg","pic"
"3176","673e5a3412198a5e62837745",79,82,86,85,86,"Beach 1.jpg","pic"
"3177","673e5a3412198a5e62837745",77,83,81,81,79,"Ferret 1.jpg","pic"
"3178","673e5a3412198a5e62837745",82,85,82,84,85,"Fireworks 6.jpg","pic"
"3179","673e5a3412198a5e62837745",77,85,81,78,86,"Prison 2.jpg","pic"
"3180","673e5a3412198a5e62837745",82,82,79,79,84,"Garbage dump 1.jpg","pic"
"3181","673e5a3412198a5e62837745",83,88,87,81,84,"Fire 10.jpg","pic"
"3182","673e5a3412198a5e62837745",86,87,89,85,82,"Toilet 4.jpg","pic"
"3183","673e5a3412198a5e62837745",78,81,76,84,78,"Snow 1.jpg","pic"
"3184","673e5a3412198a5e62837745",14,19,20,20,19,"Destruction 2.jpg","pic"
"3185","55b249bdfdf99b28e3c14b05",3,4,4,3,5,"Flood 1.jpg","pic"
"3186","55b249bdfdf99b28e3c14b05",98,97,95,98,95,"Heart 3.jpg","pic"
"3187","55b249bdfdf99b28e3c14b05",98,97,98,97,98,"Clean 1.jpg","pic"
"3188","55b249bdfdf99b28e3c14b05",97,98,100,98,96,"Fireworks 6.jpg","pic"
"3189","55b249bdfdf99b28e3c14b05",99,98,97,98,99,"Lake 12.jpg","pic"
"3190","55b249bdfdf99b28e3c14b05",2,2,3,1,1,"Ferret 1.jpg","pic"
"3191","55b249bdfdf99b28e3c14b05",3,4,3,2,1,"Destruction 2.jpg","pic"
"3192","55b249bdfdf99b28e3c14b05",3,2,0,1,3,"Rocks 1.jpg","pic"
"3193","55b249bdfdf99b28e3c14b05",3,2,1,1,4,"Prison 2.jpg","pic"
"3194","55b249bdfdf99b28e3c14b05",1,0,2,2,1,"Garbage dump 1.jpg","pic"
"3195","55b249bdfdf99b28e3c14b05",98,97,98,97,98,"Rainbow 2.jpg","pic"
"3196","55b249bdfdf99b28e3c14b05",98,95,96,96,95,"Beach 1.jpg","pic"
"3197","55b249bdfdf99b28e3c14b05",97,96,99,99,95,"Snow 1.jpg","pic"
"3198","55b249bdfdf99b28e3c14b05",1,1,3,2,0,"Dirt 1.jpg","pic"
"3199","55b249bdfdf99b28e3c14b05",98,98,97,97,98,"Fire 10.jpg","pic"
"3200","55b249bdfdf99b28e3c14b05",3,2,2,3,5,"Toilet 4.jpg","pic"
"3201","6266e63b82fa38e800e33a24",50,60,36,40,38,"Clean 1.jpg","pic"
"3202","6266e63b82fa38e800e33a24",0,8,33,3,20,"Ferret 1.jpg","pic"
"3203","6266e63b82fa38e800e33a24",24,23,6,37,72,"Lake 12.jpg","pic"
"3204","6266e63b82fa38e800e33a24",75,74,71,71,80,"Beach 1.jpg","pic"
"3205","6266e63b82fa38e800e33a24",2,10,13,6,7,"Toilet 4.jpg","pic"
"3206","6266e63b82fa38e800e33a24",0,0,26,0,2,"Flood 1.jpg","pic"
"3207","6266e63b82fa38e800e33a24",81,71,84,81,40,"Fireworks 6.jpg","pic"
"3208","6266e63b82fa38e800e33a24",0,4,52,2,6,"Prison 2.jpg","pic"
"3209","6266e63b82fa38e800e33a24",0,14,40,24,2,"Destruction 2.jpg","pic"
"3210","6266e63b82fa38e800e33a24",81,75,76,80,91,"Rainbow 2.jpg","pic"
"3211","6266e63b82fa38e800e33a24",50,50,42,30,64,"Snow 1.jpg","pic"
"3212","6266e63b82fa38e800e33a24",12,14,18,10,16,"Dirt 1.jpg","pic"
"3213","6266e63b82fa38e800e33a24",30,50,55,36,31,"Fire 10.jpg","pic"
"3214","6266e63b82fa38e800e33a24",0,0,24,0,0,"Garbage dump 1.jpg","pic"
"3215","6266e63b82fa38e800e33a24",82,74,84,73,71,"Rocks 1.jpg","pic"
"3216","6266e63b82fa38e800e33a24",50,58,50,50,74,"Heart 3.jpg","pic"
"3217","60c381c26357c51532f1b378",10,40,0,5,50,"Snow 1.jpg","pic"
"3218","60c381c26357c51532f1b378",50,50,0,36,35,"Lake 12.jpg","pic"
"3219","60c381c26357c51532f1b378",9,0,12,0,0,"Toilet 4.jpg","pic"
"3220","60c381c26357c51532f1b378",44,100,53,32,82,"Beach 1.jpg","pic"
"3221","60c381c26357c51532f1b378",0,9,0,0,44,"Dirt 1.jpg","pic"
"3222","60c381c26357c51532f1b378",36,50,22,19,56,"Fireworks 6.jpg","pic"
"3223","60c381c26357c51532f1b378",16,0,5,0,0,"Ferret 1.jpg","pic"
"3224","60c381c26357c51532f1b378",6,39,0,0,65,"Clean 1.jpg","pic"
"3225","60c381c26357c51532f1b378",5,23,4,0,23,"Fire 10.jpg","pic"
"3226","60c381c26357c51532f1b378",0,0,0,0,8,"Destruction 2.jpg","pic"
"3227","60c381c26357c51532f1b378",19,34,0,0,88,"Rocks 1.jpg","pic"
"3228","60c381c26357c51532f1b378",22,88,0,10,100,"Rainbow 2.jpg","pic"
"3229","60c381c26357c51532f1b378",0,0,0,0,34,"Prison 2.jpg","pic"
"3230","60c381c26357c51532f1b378",0,0,0,0,49,"Garbage dump 1.jpg","pic"
"3231","60c381c26357c51532f1b378",7,39,0,5,44,"Heart 3.jpg","pic"
"3232","60c381c26357c51532f1b378",0,0,0,0,23,"Flood 1.jpg","pic"
"3233","67d21364aa4dc87ecd8f3f1b",89,85,90,85,85,"Lake 12.jpg","pic"
"3234","67d21364aa4dc87ecd8f3f1b",40,40,35,55,97,"Ferret 1.jpg","pic"
"3235","67d21364aa4dc87ecd8f3f1b",35,25,35,35,30,"Clean 1.jpg","pic"
"3236","67d21364aa4dc87ecd8f3f1b",20,25,15,35,25,"Rocks 1.jpg","pic"
"3237","67d21364aa4dc87ecd8f3f1b",30,15,15,30,25,"Prison 2.jpg","pic"
"3238","67d21364aa4dc87ecd8f3f1b",35,30,40,50,35,"Fire 10.jpg","pic"
"3239","67d21364aa4dc87ecd8f3f1b",55,60,55,60,50,"Toilet 4.jpg","pic"
"3240","67d21364aa4dc87ecd8f3f1b",50,35,55,45,45,"Snow 1.jpg","pic"
"3241","67d21364aa4dc87ecd8f3f1b",30,55,45,55,45,"Rainbow 2.jpg","pic"
"3242","67d21364aa4dc87ecd8f3f1b",45,40,44,50,45,"Garbage dump 1.jpg","pic"
"3243","67d21364aa4dc87ecd8f3f1b",45,25,50,50,35,"Dirt 1.jpg","pic"
"3244","67d21364aa4dc87ecd8f3f1b",25,55,45,45,20,"Beach 1.jpg","pic"
"3245","67d21364aa4dc87ecd8f3f1b",50,50,55,55,35,"Destruction 2.jpg","pic"
"3246","67d21364aa4dc87ecd8f3f1b",50,50,55,65,50,"Flood 1.jpg","pic"
"3247","67d21364aa4dc87ecd8f3f1b",80,50,50,70,65,"Heart 3.jpg","pic"
"3248","67d21364aa4dc87ecd8f3f1b",100,100,100,100,90,"Fireworks 6.jpg","pic"
"3249","62dc4a5fef307ee53c61afcc",41,39,40,45,42,"Garbage dump 1.jpg","pic"
"3250","62dc4a5fef307ee53c61afcc",40,51,44,49,46,"Toilet 4.jpg","pic"
"3251","62dc4a5fef307ee53c61afcc",51,39,50,49,44,"Flood 1.jpg","pic"
"3252","62dc4a5fef307ee53c61afcc",50,52,32,53,54,"Fireworks 6.jpg","pic"
"3253","62dc4a5fef307ee53c61afcc",20,59,48,57,55,"Heart 3.jpg","pic"
"3254","62dc4a5fef307ee53c61afcc",57,47,33,56,56,"Rocks 1.jpg","pic"
"3255","62dc4a5fef307ee53c61afcc",50,56,19,55,55,"Snow 1.jpg","pic"
"3256","62dc4a5fef307ee53c61afcc",48,52,65,51,57,"Dirt 1.jpg","pic"
"3257","62dc4a5fef307ee53c61afcc",51,26,46,56,55,"Beach 1.jpg","pic"
"3258","62dc4a5fef307ee53c61afcc",55,53,29,52,52,"Rainbow 2.jpg","pic"
"3259","62dc4a5fef307ee53c61afcc",65,55,36,55,68,"Lake 12.jpg","pic"
"3260","62dc4a5fef307ee53c61afcc",48,52,34,58,50,"Prison 2.jpg","pic"
"3261","62dc4a5fef307ee53c61afcc",55,42,25,50,54,"Destruction 2.jpg","pic"
"3262","62dc4a5fef307ee53c61afcc",52,47,28,51,51,"Fire 10.jpg","pic"
"3263","62dc4a5fef307ee53c61afcc",53,54,27,52,55,"Clean 1.jpg","pic"
"3264","62dc4a5fef307ee53c61afcc",38,37,26,40,35,"Ferret 1.jpg","pic"
"3265","682c3f62f2680e9a67130379",100,100,100,98,100,"11_2.mp3","music"
"3266","682c3f62f2680e9a67130379",100,100,100,100,100,"6_10.mp3","music"
"3267","682c3f62f2680e9a67130379",100,98,99,100,98,"10_1.mp3","music"
"3268","682c3f62f2680e9a67130379",100,100,100,100,100,"4_1.mp3","music"
"3269","682c3f62f2680e9a67130379",81,72,81,80,77,"7_10.mp3","music"
"3270","682c3f62f2680e9a67130379",91,88,100,89,100,"10_2.mp3","music"
"3271","682c3f62f2680e9a67130379",70,68,97,54,97,"5_14.mp3","music"
"3272","682c3f62f2680e9a67130379",81,85,77,90,64,"2_1.mp3","music"
"3273","682c3f62f2680e9a67130379",88,66,66,67,90,"7_13.mp3","music"
"3274","682c3f62f2680e9a67130379",100,100,95,100,96,"12_2.mp3","music"
"3275","682c3f62f2680e9a67130379",77,78,72,51,74,"11_10.mp3","music"
"3276","682c3f62f2680e9a67130379",100,100,99,100,100,"4_2.mp3","music"
"3277","682c3f62f2680e9a67130379",99,100,100,98,97,"8_2.mp3","music"
"3278","682c3f62f2680e9a67130379",97,100,100,100,100,"11_11.mp3","music"
"3279","682c3f62f2680e9a67130379",99,89,89,96,97,"6_5.mp3","music"
"3280","682c3f62f2680e9a67130379",74,85,88,85,88,"3_1.mp3","music"
"3281","62a889993e01c9e01ee7066e",45,60,20,30,40,"4_1.mp3","music"
"3282","62a889993e01c9e01ee7066e",5,10,5,0,10,"6_5.mp3","music"
"3283","62a889993e01c9e01ee7066e",40,65,0,15,65,"4_2.mp3","music"
"3284","62a889993e01c9e01ee7066e",0,0,0,0,0,"7_10.mp3","music"
"3285","62a889993e01c9e01ee7066e",0,30,0,0,30,"2_1.mp3","music"
"3286","62a889993e01c9e01ee7066e",0,5,0,0,10,"3_1.mp3","music"
"3287","62a889993e01c9e01ee7066e",10,5,10,0,0,"6_10.mp3","music"
"3288","62a889993e01c9e01ee7066e",60,75,0,40,70,"12_2.mp3","music"
"3289","62a889993e01c9e01ee7066e",40,55,5,30,15,"10_2.mp3","music"
"3290","62a889993e01c9e01ee7066e",0,0,10,0,0,"11_10.mp3","music"
"3291","62a889993e01c9e01ee7066e",0,20,0,0,30,"5_14.mp3","music"
"3292","62a889993e01c9e01ee7066e",45,65,0,50,40,"10_1.mp3","music"
"3293","62a889993e01c9e01ee7066e",0,20,0,0,20,"11_2.mp3","music"
"3294","62a889993e01c9e01ee7066e",0,20,0,0,15,"7_13.mp3","music"
"3295","62a889993e01c9e01ee7066e",35,10,15,20,10,"8_2.mp3","music"
"3296","62a889993e01c9e01ee7066e",0,30,0,0,15,"11_11.mp3","music"
"3297","66f9a40196d53f05f2232cff",35,35,20,25,70,"2_1.mp3","music"
"3298","66f9a40196d53f05f2232cff",10,0,10,5,0,"6_10.mp3","music"
"3299","66f9a40196d53f05f2232cff",0,0,0,0,10,"3_1.mp3","music"
"3300","66f9a40196d53f05f2232cff",0,0,0,0,0,"7_10.mp3","music"
"3301","66f9a40196d53f05f2232cff",20,50,40,60,15,"8_2.mp3","music"
"3302","66f9a40196d53f05f2232cff",0,0,0,0,15,"5_14.mp3","music"
"3303","66f9a40196d53f05f2232cff",70,70,80,75,20,"10_1.mp3","music"
"3304","66f9a40196d53f05f2232cff",55,50,60,70,40,"11_2.mp3","music"
"3305","66f9a40196d53f05f2232cff",75,70,60,70,50,"10_2.mp3","music"
"3306","66f9a40196d53f05f2232cff",55,60,40,60,75,"12_2.mp3","music"
"3307","66f9a40196d53f05f2232cff",0,55,0,20,60,"7_13.mp3","music"
"3308","66f9a40196d53f05f2232cff",0,30,0,0,40,"11_11.mp3","music"
"3309","66f9a40196d53f05f2232cff",65,50,74,75,30,"6_5.mp3","music"
"3310","66f9a40196d53f05f2232cff",48,70,30,40,80,"4_2.mp3","music"
"3311","66f9a40196d53f05f2232cff",20,0,25,0,0,"11_10.mp3","music"
"3312","66f9a40196d53f05f2232cff",20,20,25,35,30,"4_1.mp3","music"
"3313","62d43cee3d60ac98c1dcacc8",0,50,0,0,75,"4_2.mp3","music"
"3314","62d43cee3d60ac98c1dcacc8",0,0,0,0,0,"11_10.mp3","music"
"3315","62d43cee3d60ac98c1dcacc8",0,0,0,0,50,"3_1.mp3","music"
"3316","62d43cee3d60ac98c1dcacc8",70,65,70,70,60,"11_2.mp3","music"
"3317","62d43cee3d60ac98c1dcacc8",50,65,35,50,75,"2_1.mp3","music"
"3318","62d43cee3d60ac98c1dcacc8",60,55,40,60,85,"10_1.mp3","music"
"3319","62d43cee3d60ac98c1dcacc8",80,75,85,80,25,"8_2.mp3","music"
"3320","62d43cee3d60ac98c1dcacc8",45,50,25,40,90,"12_2.mp3","music"
"3321","62d43cee3d60ac98c1dcacc8",0,0,0,0,30,"11_11.mp3","music"
"3322","62d43cee3d60ac98c1dcacc8",0,0,0,0,0,"7_10.mp3","music"
"3323","62d43cee3d60ac98c1dcacc8",15,10,15,15,40,"4_1.mp3","music"
"3324","62d43cee3d60ac98c1dcacc8",70,65,60,70,55,"10_2.mp3","music"
"3325","62d43cee3d60ac98c1dcacc8",0,0,0,0,0,"6_10.mp3","music"
"3326","62d43cee3d60ac98c1dcacc8",0,0,0,0,0,"5_14.mp3","music"
"3327","62d43cee3d60ac98c1dcacc8",0,0,0,0,0,"6_5.mp3","music"
"3328","62d43cee3d60ac98c1dcacc8",0,0,0,0,0,"7_13.mp3","music"
"3329","597761dfd5ddf60001d14b20",30,47,45,76,34,"4_1.mp3","music"
"3330","597761dfd5ddf60001d14b20",0,47,0,3,0,"11_2.mp3","music"
"3331","597761dfd5ddf60001d14b20",60,0,0,0,0,"2_1.mp3","music"
"3332","597761dfd5ddf60001d14b20",65,85,0,0,100,"3_1.mp3","music"
"3333","597761dfd5ddf60001d14b20",0,0,20,0,0,"7_10.mp3","music"
"3334","597761dfd5ddf60001d14b20",90,85,60,100,41,"8_2.mp3","music"
"3335","597761dfd5ddf60001d14b20",0,0,0,0,0,"6_10.mp3","music"
"3336","597761dfd5ddf60001d14b20",0,0,0,0,20,"4_2.mp3","music"
"3337","597761dfd5ddf60001d14b20",65,85,100,100,25,"6_5.mp3","music"
"3338","597761dfd5ddf60001d14b20",0,0,0,0,65,"7_13.mp3","music"
"3339","597761dfd5ddf60001d14b20",75,75,50,65,75,"10_2.mp3","music"
"3340","597761dfd5ddf60001d14b20",0,0,100,0,0,"11_10.mp3","music"
"3341","597761dfd5ddf60001d14b20",70,75,0,0,60,"10_1.mp3","music"
"3342","597761dfd5ddf60001d14b20",30,20,0,20,25,"11_11.mp3","music"
"3343","597761dfd5ddf60001d14b20",80,100,50,80,100,"12_2.mp3","music"
"3344","597761dfd5ddf60001d14b20",60,80,0,0,70,"5_14.mp3","music"
"3345","60dfa0f80964725cfdab1685",0,0,0,0,0,"5_14.mp3","music"
"3346","60dfa0f80964725cfdab1685",51,100,0,61,100,"11_11.mp3","music"
"3347","60dfa0f80964725cfdab1685",74,57,17,76,63,"10_1.mp3","music"
"3348","60dfa0f80964725cfdab1685",78,80,54,84,61,"8_2.mp3","music"
"3349","60dfa0f80964725cfdab1685",0,0,0,0,0,"4_2.mp3","music"
"3350","60dfa0f80964725cfdab1685",77,0,89,42,0,"11_10.mp3","music"
"3351","60dfa0f80964725cfdab1685",0,0,0,0,0,"7_10.mp3","music"
"3352","60dfa0f80964725cfdab1685",38,100,0,66,100,"2_1.mp3","music"
"3353","60dfa0f80964725cfdab1685",48,0,82,0,0,"6_10.mp3","music"
"3354","60dfa0f80964725cfdab1685",34,100,0,34,100,"7_13.mp3","music"
"3355","60dfa0f80964725cfdab1685",0,0,0,0,0,"11_2.mp3","music"
"3356","60dfa0f80964725cfdab1685",100,100,0,100,100,"12_2.mp3","music"
"3357","60dfa0f80964725cfdab1685",100,100,29,100,46,"4_1.mp3","music"
"3358","60dfa0f80964725cfdab1685",0,0,0,0,0,"3_1.mp3","music"
"3359","60dfa0f80964725cfdab1685",91,98,19,100,69,"10_2.mp3","music"
"3360","60dfa0f80964725cfdab1685",100,100,53,100,0,"6_5.mp3","music"
"3361","5c37aa8b832a8400010983b3",80,70,20,50,80,"4_1.mp3","music"
"3362","5c37aa8b832a8400010983b3",30,50,46,14,20,"6_10.mp3","music"
"3363","5c37aa8b832a8400010983b3",48,56,50,23,20,"11_10.mp3","music"
"3364","5c37aa8b832a8400010983b3",25,61,45,22,39,"11_2.mp3","music"
"3365","5c37aa8b832a8400010983b3",66,77,71,53,68,"10_2.mp3","music"
"3366","5c37aa8b832a8400010983b3",40,50,0,28,63,"3_1.mp3","music"
"3367","5c37aa8b832a8400010983b3",44,57,17,39,31,"10_1.mp3","music"
"3368","5c37aa8b832a8400010983b3",30,70,14,20,55,"4_2.mp3","music"
"3369","5c37aa8b832a8400010983b3",65,20,60,44,3,"6_5.mp3","music"
"3370","5c37aa8b832a8400010983b3",10,0,40,25,5,"8_2.mp3","music"
"3371","5c37aa8b832a8400010983b3",30,0,0,50,5,"7_13.mp3","music"
"3372","5c37aa8b832a8400010983b3",70,29,9,60,60,"12_2.mp3","music"
"3373","5c37aa8b832a8400010983b3",15,60,0,10,20,"2_1.mp3","music"
"3374","5c37aa8b832a8400010983b3",15,15,0,0,20,"11_11.mp3","music"
"3375","5c37aa8b832a8400010983b3",0,0,20,0,0,"7_10.mp3","music"
"3376","5c37aa8b832a8400010983b3",30,60,50,0,10,"5_14.mp3","music"
"3377","60abe580aa82f25a7acc9800",34,0,12,30,0,"8_2.mp3","music"
"3378","60abe580aa82f25a7acc9800",11,0,7,9,0,"10_2.mp3","music"
"3379","60abe580aa82f25a7acc9800",9,72,0,0,77,"2_1.mp3","music"
"3380","60abe580aa82f25a7acc9800",11,0,9,18,0,"4_1.mp3","music"
"3381","60abe580aa82f25a7acc9800",9,84,0,11,52,"10_1.mp3","music"
"3382","60abe580aa82f25a7acc9800",0,0,0,0,0,"11_2.mp3","music"
"3383","60abe580aa82f25a7acc9800",0,52,0,0,29,"4_2.mp3","music"
"3384","60abe580aa82f25a7acc9800",23,0,12,19,0,"6_10.mp3","music"
"3385","60abe580aa82f25a7acc9800",0,0,0,0,0,"7_10.mp3","music"
"3386","60abe580aa82f25a7acc9800",12,18,0,0,10,"11_10.mp3","music"
"3387","60abe580aa82f25a7acc9800",0,0,0,0,0,"11_11.mp3","music"
"3388","60abe580aa82f25a7acc9800",6,0,0,4,0,"6_5.mp3","music"
"3389","60abe580aa82f25a7acc9800",0,0,0,0,0,"3_1.mp3","music"
"3390","60abe580aa82f25a7acc9800",0,67,0,0,73,"7_13.mp3","music"
"3391","60abe580aa82f25a7acc9800",0,16,0,0,20,"12_2.mp3","music"
"3392","60abe580aa82f25a7acc9800",8,33,0,0,26,"5_14.mp3","music"
"3393","546ec14dfdf99b2bc7ebd032",89,85,64,70,77,"11_10.mp3","music"
"3394","546ec14dfdf99b2bc7ebd032",9,7,0,0,33,"3_1.mp3","music"
"3395","546ec14dfdf99b2bc7ebd032",3,14,0,0,65,"7_13.mp3","music"
"3396","546ec14dfdf99b2bc7ebd032",33,47,0,38,84,"12_2.mp3","music"
"3397","546ec14dfdf99b2bc7ebd032",35,34,13,45,71,"10_2.mp3","music"
"3398","546ec14dfdf99b2bc7ebd032",4,2,5,0,45,"5_14.mp3","music"
"3399","546ec14dfdf99b2bc7ebd032",18,24,8,10,60,"4_1.mp3","music"
"3400","546ec14dfdf99b2bc7ebd032",11,7,0,0,34,"11_11.mp3","music"
"3401","546ec14dfdf99b2bc7ebd032",0,0,21,0,16,"6_10.mp3","music"
"3402","546ec14dfdf99b2bc7ebd032",7,2,0,0,35,"4_2.mp3","music"
"3403","546ec14dfdf99b2bc7ebd032",57,57,47,50,61,"6_5.mp3","music"
"3404","546ec14dfdf99b2bc7ebd032",64,60,0,63,86,"10_1.mp3","music"
"3405","546ec14dfdf99b2bc7ebd032",40,39,31,43,66,"8_2.mp3","music"
"3406","546ec14dfdf99b2bc7ebd032",0,0,34,0,7,"7_10.mp3","music"
"3407","546ec14dfdf99b2bc7ebd032",0,6,0,0,31,"11_2.mp3","music"
"3408","546ec14dfdf99b2bc7ebd032",9,0,0,0,59,"2_1.mp3","music"
"3409","6785704c3b1ab8813a4958b0",0,0,0,0,0,"7_10.mp3","music"
"3410","6785704c3b1ab8813a4958b0",0,26,0,0,34,"2_1.mp3","music"
"3411","6785704c3b1ab8813a4958b0",7,17,0,0,21,"5_14.mp3","music"
"3412","6785704c3b1ab8813a4958b0",0,0,0,0,0,"11_11.mp3","music"
"3413","6785704c3b1ab8813a4958b0",22,47,0,8,30,"7_13.mp3","music"
"3414","6785704c3b1ab8813a4958b0",0,0,0,0,0,"6_10.mp3","music"
"3415","6785704c3b1ab8813a4958b0",0,0,0,0,0,"4_1.mp3","music"
"3416","6785704c3b1ab8813a4958b0",0,0,0,0,0,"10_2.mp3","music"
"3417","6785704c3b1ab8813a4958b0",12,19,5,0,9,"11_2.mp3","music"
"3418","6785704c3b1ab8813a4958b0",16,75,0,0,43,"10_1.mp3","music"
"3419","6785704c3b1ab8813a4958b0",0,0,0,0,0,"3_1.mp3","music"
"3420","6785704c3b1ab8813a4958b0",0,0,0,0,0,"11_10.mp3","music"
"3421","6785704c3b1ab8813a4958b0",8,36,0,0,17,"4_2.mp3","music"
"3422","6785704c3b1ab8813a4958b0",18,75,10,0,20,"12_2.mp3","music"
"3423","6785704c3b1ab8813a4958b0",0,0,0,0,0,"6_5.mp3","music"
"3424","6785704c3b1ab8813a4958b0",0,0,0,0,0,"8_2.mp3","music"
"3425","5c4723041fba0b0001fca7c3",36,45,28,23,43,"5_14.mp3","music"
"3426","5c4723041fba0b0001fca7c3",47,57,34,32,28,"11_10.mp3","music"
"3427","5c4723041fba0b0001fca7c3",49,44,51,51,43,"4_1.mp3","music"
"3428","5c4723041fba0b0001fca7c3",45,32,76,46,15,"6_5.mp3","music"
"3429","5c4723041fba0b0001fca7c3",40,58,13,45,54,"12_2.mp3","music"
"3430","5c4723041fba0b0001fca7c3",66,53,66,63,49,"8_2.mp3","music"
"3431","5c4723041fba0b0001fca7c3",8,11,43,5,3,"7_10.mp3","music"
"3432","5c4723041fba0b0001fca7c3",28,5,8,10,25,"7_13.mp3","music"
"3433","5c4723041fba0b0001fca7c3",0,6,3,5,0,"11_11.mp3","music"
"3434","5c4723041fba0b0001fca7c3",49,44,39,51,47,"10_1.mp3","music"
"3435","5c4723041fba0b0001fca7c3",26,31,30,15,3,"11_2.mp3","music"
"3436","5c4723041fba0b0001fca7c3",60,14,11,26,41,"2_1.mp3","music"
"3437","5c4723041fba0b0001fca7c3",11,2,33,0,3,"6_10.mp3","music"
"3438","5c4723041fba0b0001fca7c3",6,0,10,3,15,"3_1.mp3","music"
"3439","5c4723041fba0b0001fca7c3",47,5,2,9,39,"4_2.mp3","music"
"3440","5c4723041fba0b0001fca7c3",49,30,68,45,43,"10_2.mp3","music"
"3441","67d29a840debd6b228515177",70,90,80,98,77,"4_1.mp3","music"
"3442","67d29a840debd6b228515177",97,87,80,91,86,"10_2.mp3","music"
"3443","67d29a840debd6b228515177",0,0,0,4,0,"4_2.mp3","music"
"3444","67d29a840debd6b228515177",0,0,1,0,0,"5_14.mp3","music"
"3445","67d29a840debd6b228515177",0,0,0,0,0,"3_1.mp3","music"
"3446","67d29a840debd6b228515177",63,62,72,75,65,"12_2.mp3","music"
"3447","67d29a840debd6b228515177",0,0,0,0,0,"2_1.mp3","music"
"3448","67d29a840debd6b228515177",100,100,100,100,100,"10_1.mp3","music"
"3449","67d29a840debd6b228515177",0,0,0,0,0,"6_10.mp3","music"
"3450","67d29a840debd6b228515177",0,0,0,0,0,"7_13.mp3","music"
"3451","67d29a840debd6b228515177",0,0,0,0,0,"7_10.mp3","music"
"3452","67d29a840debd6b228515177",0,0,0,0,0,"11_2.mp3","music"
"3453","67d29a840debd6b228515177",0,41,0,0,0,"11_10.mp3","music"
"3454","67d29a840debd6b228515177",0,0,0,0,0,"8_2.mp3","music"
"3455","67d29a840debd6b228515177",0,0,0,0,0,"11_11.mp3","music"
"3456","67d29a840debd6b228515177",81,75,71,76,71,"6_5.mp3","music"
"3457","65bf9aeb592e888df327d648",26,31,0,0,45,"11_11.mp3","music"
"3458","65bf9aeb592e888df327d648",33,8,0,5,37,"10_1.mp3","music"
"3459","65bf9aeb592e888df327d648",0,32,0,0,28,"5_14.mp3","music"
"3460","65bf9aeb592e888df327d648",0,0,0,0,0,"7_10.mp3","music"
"3461","65bf9aeb592e888df327d648",0,0,0,0,0,"6_5.mp3","music"
"3462","65bf9aeb592e888df327d648",0,29,0,0,14,"12_2.mp3","music"
"3463","65bf9aeb592e888df327d648",0,0,0,0,0,"11_2.mp3","music"
"3464","65bf9aeb592e888df327d648",0,41,0,0,82,"4_2.mp3","music"
"3465","65bf9aeb592e888df327d648",0,61,0,0,49,"4_1.mp3","music"
"3466","65bf9aeb592e888df327d648",0,4,0,0,0,"6_10.mp3","music"
"3467","65bf9aeb592e888df327d648",0,41,0,0,0,"3_1.mp3","music"
"3468","65bf9aeb592e888df327d648",0,42,0,0,62,"11_10.mp3","music"
"3469","65bf9aeb592e888df327d648",0,0,0,0,0,"10_2.mp3","music"
"3470","65bf9aeb592e888df327d648",0,9,0,0,54,"7_13.mp3","music"
"3471","65bf9aeb592e888df327d648",0,0,0,0,0,"2_1.mp3","music"
"3472","65bf9aeb592e888df327d648",0,0,0,0,0,"8_2.mp3","music"
"3473","6548f960db60a00d76e92695",83,96,31,76,98,"3_1.mp3","music"
"3474","6548f960db60a00d76e92695",42,64,78,43,58,"7_10.mp3","music"
"3475","6548f960db60a00d76e92695",19,33,23,23,49,"11_2.mp3","music"
"3476","6548f960db60a00d76e92695",35,27,64,32,30,"6_5.mp3","music"
"3477","6548f960db60a00d76e92695",34,62,46,44,64,"12_2.mp3","music"
"3478","6548f960db60a00d76e92695",21,45,67,20,18,"6_10.mp3","music"
"3479","6548f960db60a00d76e92695",58,67,54,64,72,"11_11.mp3","music"
"3480","6548f960db60a00d76e92695",28,77,78,18,78,"2_1.mp3","music"
"3481","6548f960db60a00d76e92695",67,78,81,79,80,"4_1.mp3","music"
"3482","6548f960db60a00d76e92695",79,77,86,91,88,"10_1.mp3","music"
"3483","6548f960db60a00d76e92695",41,79,100,67,22,"11_10.mp3","music"
"3484","6548f960db60a00d76e92695",81,81,75,71,92,"5_14.mp3","music"
"3485","6548f960db60a00d76e92695",72,78,49,78,79,"7_13.mp3","music"
"3486","6548f960db60a00d76e92695",31,60,67,14,59,"4_2.mp3","music"
"3487","6548f960db60a00d76e92695",65,81,65,70,74,"10_2.mp3","music"
"3488","6548f960db60a00d76e92695",91,100,78,85,100,"8_2.mp3","music"
"3489","66f8522292767238ed42ebbd",57,60,50,52,73,"11_11.mp3","music"
"3490","66f8522292767238ed42ebbd",50,60,63,59,77,"11_2.mp3","music"
"3491","66f8522292767238ed42ebbd",49,54,34,48,59,"5_14.mp3","music"
"3492","66f8522292767238ed42ebbd",66,66,58,62,70,"10_1.mp3","music"
"3493","66f8522292767238ed42ebbd",57,53,58,47,57,"6_10.mp3","music"
"3494","66f8522292767238ed42ebbd",56,62,39,54,69,"4_2.mp3","music"
"3495","66f8522292767238ed42ebbd",62,57,47,46,67,"4_1.mp3","music"
"3496","66f8522292767238ed42ebbd",46,51,35,49,57,"2_1.mp3","music"
"3497","66f8522292767238ed42ebbd",64,60,65,54,73,"8_2.mp3","music"
"3498","66f8522292767238ed42ebbd",62,64,58,60,63,"10_2.mp3","music"
"3499","66f8522292767238ed42ebbd",32,33,38,33,43,"7_10.mp3","music"
"3500","66f8522292767238ed42ebbd",46,51,37,48,57,"12_2.mp3","music"
"3501","66f8522292767238ed42ebbd",73,62,61,58,69,"6_5.mp3","music"
"3502","66f8522292767238ed42ebbd",40,44,31,39,52,"7_13.mp3","music"
"3503","66f8522292767238ed42ebbd",41,49,51,41,50,"11_10.mp3","music"
"3504","66f8522292767238ed42ebbd",43,45,27,39,52,"3_1.mp3","music"
"3505","674f97fef70c3dd15d138c3e",0,52,0,37,70,"11_11.mp3","music"
"3506","674f97fef70c3dd15d138c3e",0,0,0,0,73,"3_1.mp3","music"
"3507","674f97fef70c3dd15d138c3e",81,80,30,80,100,"12_2.mp3","music"
"3508","674f97fef70c3dd15d138c3e",100,80,76,80,75,"10_2.mp3","music"
"3509","674f97fef70c3dd15d138c3e",76,80,80,80,80,"6_5.mp3","music"
"3510","674f97fef70c3dd15d138c3e",51,30,0,30,80,"7_13.mp3","music"
"3511","674f97fef70c3dd15d138c3e",0,70,0,25,50,"4_2.mp3","music"
"3512","674f97fef70c3dd15d138c3e",76,80,60,80,89,"8_2.mp3","music"
"3513","674f97fef70c3dd15d138c3e",30,50,84,29,30,"6_10.mp3","music"
"3514","674f97fef70c3dd15d138c3e",0,0,0,0,0,"7_10.mp3","music"
"3515","674f97fef70c3dd15d138c3e",0,0,0,0,0,"11_2.mp3","music"
"3516","674f97fef70c3dd15d138c3e",61,81,40,81,82,"4_1.mp3","music"
"3517","674f97fef70c3dd15d138c3e",0,0,0,0,30,"5_14.mp3","music"
"3518","674f97fef70c3dd15d138c3e",82,71,70,70,68,"10_1.mp3","music"
"3519","674f97fef70c3dd15d138c3e",66,32,15,29,83,"2_1.mp3","music"
"3520","674f97fef70c3dd15d138c3e",25,99,100,38,50,"11_10.mp3","music"
"3521","655386dc470f6217a78fec03",29,66,0,30,64,"12_2.mp3","music"
"3522","655386dc470f6217a78fec03",23,15,68,78,33,"8_2.mp3","music"
"3523","655386dc470f6217a78fec03",6,4,0,3,80,"3_1.mp3","music"
"3524","655386dc470f6217a78fec03",0,11,1,2,44,"4_2.mp3","music"
"3525","655386dc470f6217a78fec03",53,17,41,67,30,"10_2.mp3","music"
"3526","655386dc470f6217a78fec03",18,24,1,3,78,"10_1.mp3","music"
"3527","655386dc470f6217a78fec03",33,19,38,93,75,"6_5.mp3","music"
"3528","655386dc470f6217a78fec03",34,29,17,2,78,"11_2.mp3","music"
"3529","655386dc470f6217a78fec03",35,43,15,20,52,"2_1.mp3","music"
"3530","655386dc470f6217a78fec03",12,3,22,0,10,"6_10.mp3","music"
"3531","655386dc470f6217a78fec03",2,74,3,0,17,"11_11.mp3","music"
"3532","655386dc470f6217a78fec03",8,19,8,7,27,"7_10.mp3","music"
"3533","655386dc470f6217a78fec03",22,50,0,19,74,"5_14.mp3","music"
"3534","655386dc470f6217a78fec03",2,42,3,10,79,"11_10.mp3","music"
"3535","655386dc470f6217a78fec03",74,74,11,7,87,"4_1.mp3","music"
"3536","655386dc470f6217a78fec03",30,20,0,0,85,"7_13.mp3","music"
"3537","5d1acc6eb0c5a8001786de55",0,0,31,0,32,"7_13.mp3","music"
"3538","5d1acc6eb0c5a8001786de55",31,5,23,13,8,"8_2.mp3","music"
"3539","5d1acc6eb0c5a8001786de55",0,0,14,0,8,"4_1.mp3","music"
"3540","5d1acc6eb0c5a8001786de55",0,0,0,0,0,"10_1.mp3","music"
"3541","5d1acc6eb0c5a8001786de55",12,0,0,0,14,"5_14.mp3","music"
"3542","5d1acc6eb0c5a8001786de55",0,0,37,20,0,"6_10.mp3","music"
"3543","5d1acc6eb0c5a8001786de55",0,0,0,0,0,"4_2.mp3","music"
"3544","5d1acc6eb0c5a8001786de55",0,0,0,0,0,"12_2.mp3","music"
"3545","5d1acc6eb0c5a8001786de55",0,0,6,0,0,"11_10.mp3","music"
"3546","5d1acc6eb0c5a8001786de55",0,17,48,8,0,"11_2.mp3","music"
"3547","5d1acc6eb0c5a8001786de55",0,0,0,0,2,"3_1.mp3","music"
"3548","5d1acc6eb0c5a8001786de55",0,0,28,0,0,"7_10.mp3","music"
"3549","5d1acc6eb0c5a8001786de55",0,0,0,16,21,"11_11.mp3","music"
"3550","5d1acc6eb0c5a8001786de55",11,16,54,4,8,"6_5.mp3","music"
"3551","5d1acc6eb0c5a8001786de55",9,0,0,4,5,"10_2.mp3","music"
"3552","5d1acc6eb0c5a8001786de55",0,0,0,0,14,"2_1.mp3","music"
"3553","672268205351c30413c9837e",100,100,100,100,100,"8_2.mp3","music"
"3554","672268205351c30413c9837e",100,100,65,100,100,"10_1.mp3","music"
"3555","672268205351c30413c9837e",13,23,93,22,7,"11_10.mp3","music"
"3556","672268205351c30413c9837e",9,2,6,0,24,"11_2.mp3","music"
"3557","672268205351c30413c9837e",10,11,0,5,39,"2_1.mp3","music"
"3558","672268205351c30413c9837e",15,18,0,14,15,"4_2.mp3","music"
"3559","672268205351c30413c9837e",0,2,0,0,6,"11_11.mp3","music"
"3560","672268205351c30413c9837e",0,0,40,6,6,"6_5.mp3","music"
"3561","672268205351c30413c9837e",0,0,25,0,0,"6_10.mp3","music"
"3562","672268205351c30413c9837e",93,86,97,96,51,"10_2.mp3","music"
"3563","672268205351c30413c9837e",0,0,17,0,0,"7_10.mp3","music"
"3564","672268205351c30413c9837e",0,0,0,0,0,"7_13.mp3","music"
"3565","672268205351c30413c9837e",6,0,0,0,20,"5_14.mp3","music"
"3566","672268205351c30413c9837e",94,77,82,89,79,"4_1.mp3","music"
"3567","672268205351c30413c9837e",0,0,0,0,0,"3_1.mp3","music"
"3568","672268205351c30413c9837e",93,88,46,94,95,"12_2.mp3","music"
"3569","58f90ebc3f4fef000199e2fd",0,0,0,0,0,"7_10.mp3","music"
"3570","58f90ebc3f4fef000199e2fd",0,0,0,0,0,"12_2.mp3","music"
"3571","58f90ebc3f4fef000199e2fd",0,0,0,0,0,"7_13.mp3","music"
"3572","58f90ebc3f4fef000199e2fd",0,0,0,0,0,"11_11.mp3","music"
"3573","58f90ebc3f4fef000199e2fd",0,0,70,0,0,"6_5.mp3","music"
"3574","58f90ebc3f4fef000199e2fd",0,0,0,0,0,"5_14.mp3","music"
"3575","58f90ebc3f4fef000199e2fd",0,8,76,0,12,"10_2.mp3","music"
"3576","58f90ebc3f4fef000199e2fd",0,0,24,0,0,"4_1.mp3","music"
"3577","58f90ebc3f4fef000199e2fd",0,0,12,0,0,"11_2.mp3","music"
"3578","58f90ebc3f4fef000199e2fd",0,0,0,0,0,"2_1.mp3","music"
"3579","58f90ebc3f4fef000199e2fd",0,0,36,0,0,"8_2.mp3","music"
"3580","58f90ebc3f4fef000199e2fd",0,0,20,0,0,"11_10.mp3","music"
"3581","58f90ebc3f4fef000199e2fd",0,0,0,0,0,"4_2.mp3","music"
"3582","58f90ebc3f4fef000199e2fd",0,0,0,0,0,"3_1.mp3","music"
"3583","58f90ebc3f4fef000199e2fd",0,0,0,0,3,"10_1.mp3","music"
"3584","58f90ebc3f4fef000199e2fd",0,0,42,0,0,"6_10.mp3","music"
"3585","6761134a283b8ace0b1e0345",49,49,76,69,24,"8_2.mp3","music"
"3586","6761134a283b8ace0b1e0345",24,20,7,17,60,"11_2.mp3","music"
"3587","6761134a283b8ace0b1e0345",49,66,3,83,78,"12_2.mp3","music"
"3588","6761134a283b8ace0b1e0345",12,16,32,3,1,"6_10.mp3","music"
"3589","6761134a283b8ace0b1e0345",18,24,1,3,34,"2_1.mp3","music"
"3590","6761134a283b8ace0b1e0345",0,17,0,1,24,"5_14.mp3","music"
"3591","6761134a283b8ace0b1e0345",1,26,68,4,1,"11_10.mp3","music"
"3592","6761134a283b8ace0b1e0345",35,35,80,27,5,"10_2.mp3","music"
"3593","6761134a283b8ace0b1e0345",5,1,2,1,50,"7_13.mp3","music"
"3594","6761134a283b8ace0b1e0345",1,72,0,15,76,"10_1.mp3","music"
"3595","6761134a283b8ace0b1e0345",1,35,0,3,76,"4_2.mp3","music"
"3596","6761134a283b8ace0b1e0345",0,14,1,1,47,"11_11.mp3","music"
"3597","6761134a283b8ace0b1e0345",25,34,33,32,2,"4_1.mp3","music"
"3598","6761134a283b8ace0b1e0345",2,2,32,0,0,"7_10.mp3","music"
"3599","6761134a283b8ace0b1e0345",49,27,71,52,0,"6_5.mp3","music"
"3600","6761134a283b8ace0b1e0345",3,20,3,2,39,"3_1.mp3","music"
"3601","662d7fba32d6a738b194d893",10,7,8,6,5,"6_10.mp3","music"
"3602","662d7fba32d6a738b194d893",1,6,0,3,7,"11_2.mp3","music"
"3603","662d7fba32d6a738b194d893",29,55,22,45,58,"4_1.mp3","music"
"3604","662d7fba32d6a738b194d893",17,30,26,21,46,"10_1.mp3","music"
"3605","662d7fba32d6a738b194d893",6,10,4,7,15,"4_2.mp3","music"
"3606","662d7fba32d6a738b194d893",19,19,14,11,19,"11_11.mp3","music"
"3607","662d7fba32d6a738b194d893",1,10,3,1,17,"3_1.mp3","music"
"3608","662d7fba32d6a738b194d893",0,3,3,0,0,"7_10.mp3","music"
"3609","662d7fba32d6a738b194d893",5,4,2,4,13,"5_14.mp3","music"
"3610","662d7fba32d6a738b194d893",53,35,45,37,40,"10_2.mp3","music"
"3611","662d7fba32d6a738b194d893",46,35,45,38,34,"8_2.mp3","music"
"3612","662d7fba32d6a738b194d893",9,12,15,4,10,"11_10.mp3","music"
"3613","662d7fba32d6a738b194d893",8,6,8,4,20,"2_1.mp3","music"
"3614","662d7fba32d6a738b194d893",33,30,26,21,40,"12_2.mp3","music"
"3615","662d7fba32d6a738b194d893",7,10,9,4,15,"7_13.mp3","music"
"3616","662d7fba32d6a738b194d893",23,34,40,30,24,"6_5.mp3","music"
"3617","64b3ebc9ad6778799f835dcb",0,0,0,0,0,"7_10.mp3","music"
"3618","64b3ebc9ad6778799f835dcb",55,100,0,27,52,"7_13.mp3","music"
"3619","64b3ebc9ad6778799f835dcb",100,35,100,100,0,"6_5.mp3","music"
"3620","64b3ebc9ad6778799f835dcb",60,48,100,74,0,"6_10.mp3","music"
"3621","64b3ebc9ad6778799f835dcb",0,0,0,0,0,"11_10.mp3","music"
"3622","64b3ebc9ad6778799f835dcb",0,0,0,0,0,"5_14.mp3","music"
"3623","64b3ebc9ad6778799f835dcb",52,100,87,100,97,"12_2.mp3","music"
"3624","64b3ebc9ad6778799f835dcb",56,100,55,76,81,"10_1.mp3","music"
"3625","64b3ebc9ad6778799f835dcb",0,0,0,0,0,"2_1.mp3","music"
"3626","64b3ebc9ad6778799f835dcb",80,6,91,50,0,"10_2.mp3","music"
"3627","64b3ebc9ad6778799f835dcb",0,0,0,0,12,"11_11.mp3","music"
"3628","64b3ebc9ad6778799f835dcb",0,20,0,11,37,"4_2.mp3","music"
"3629","64b3ebc9ad6778799f835dcb",100,0,55,74,100,"3_1.mp3","music"
"3630","64b3ebc9ad6778799f835dcb",100,100,100,100,34,"8_2.mp3","music"
"3631","64b3ebc9ad6778799f835dcb",100,100,100,100,0,"4_1.mp3","music"
"3632","64b3ebc9ad6778799f835dcb",55,100,32,56,43,"11_2.mp3","music"
"3633","57dd186e6598aa0001992616",55,42,38,40,57,"7_10.mp3","music"
"3634","57dd186e6598aa0001992616",42,54,8,29,54,"7_13.mp3","music"
"3635","57dd186e6598aa0001992616",79,57,81,78,29,"6_5.mp3","music"
"3636","57dd186e6598aa0001992616",41,23,70,31,14,"11_10.mp3","music"
"3637","57dd186e6598aa0001992616",19,20,4,27,73,"3_1.mp3","music"
"3638","57dd186e6598aa0001992616",34,9,23,37,49,"8_2.mp3","music"
"3639","57dd186e6598aa0001992616",58,52,5,33,51,"11_11.mp3","music"
"3640","57dd186e6598aa0001992616",70,73,8,50,84,"12_2.mp3","music"
"3641","57dd186e6598aa0001992616",55,77,39,61,70,"4_1.mp3","music"
"3642","57dd186e6598aa0001992616",56,53,69,42,23,"10_2.mp3","music"
"3643","57dd186e6598aa0001992616",39,26,15,25,47,"5_14.mp3","music"
"3644","57dd186e6598aa0001992616",27,39,7,26,57,"2_1.mp3","music"
"3645","57dd186e6598aa0001992616",58,69,28,41,65,"10_1.mp3","music"
"3646","57dd186e6598aa0001992616",82,72,78,72,16,"11_2.mp3","music"
"3647","57dd186e6598aa0001992616",27,9,84,35,7,"6_10.mp3","music"
"3648","57dd186e6598aa0001992616",67,55,11,43,78,"4_2.mp3","music"
"3649","6944131af019fea3b689eb5f",70,75,65,75,70,"2_1.mp3","music"
"3650","6944131af019fea3b689eb5f",80,82,72,90,78,"4_1.mp3","music"
"3651","6944131af019fea3b689eb5f",85,84,80,89,90,"10_1.mp3","music"
"3652","6944131af019fea3b689eb5f",44,0,0,0,35,"11_2.mp3","music"
"3653","6944131af019fea3b689eb5f",35,0,50,55,25,"6_10.mp3","music"
"3654","6944131af019fea3b689eb5f",20,0,0,0,20,"5_14.mp3","music"
"3655","6944131af019fea3b689eb5f",0,0,0,4,20,"4_2.mp3","music"
"3656","6944131af019fea3b689eb5f",0,0,0,0,35,"3_1.mp3","music"
"3657","6944131af019fea3b689eb5f",0,0,0,0,40,"7_13.mp3","music"
"3658","6944131af019fea3b689eb5f",79,75,70,80,65,"12_2.mp3","music"
"3659","6944131af019fea3b689eb5f",35,5,0,10,15,"11_11.mp3","music"
"3660","6944131af019fea3b689eb5f",0,0,0,0,0,"7_10.mp3","music"
"3661","6944131af019fea3b689eb5f",63,68,65,72,60,"10_2.mp3","music"
"3662","6944131af019fea3b689eb5f",70,0,80,75,45,"11_10.mp3","music"
"3663","6944131af019fea3b689eb5f",54,55,60,50,60,"8_2.mp3","music"
"3664","6944131af019fea3b689eb5f",50,50,68,50,44,"6_5.mp3","music"
"3665","612517df29cd32c6632b4a44",0,0,0,0,0,"7_10.mp3","music"
"3666","612517df29cd32c6632b4a44",45,61,11,78,77,"12_2.mp3","music"
"3667","612517df29cd32c6632b4a44",38,48,71,62,37,"6_5.mp3","music"
"3668","612517df29cd32c6632b4a44",19,67,11,68,44,"4_1.mp3","music"
"3669","612517df29cd32c6632b4a44",26,55,0,32,53,"11_11.mp3","music"
"3670","612517df29cd32c6632b4a44",33,80,12,70,83,"4_2.mp3","music"
"3671","612517df29cd32c6632b4a44",53,82,41,82,85,"10_1.mp3","music"
"3672","612517df29cd32c6632b4a44",10,13,8,21,58,"7_13.mp3","music"
"3673","612517df29cd32c6632b4a44",9,22,87,38,31,"6_10.mp3","music"
"3674","612517df29cd32c6632b4a44",2,0,21,0,3,"11_2.mp3","music"
"3675","612517df29cd32c6632b4a44",0,0,28,0,0,"11_10.mp3","music"
"3676","612517df29cd32c6632b4a44",44,78,57,78,83,"10_2.mp3","music"
"3677","612517df29cd32c6632b4a44",16,28,12,19,39,"5_14.mp3","music"
"3678","612517df29cd32c6632b4a44",45,54,19,42,73,"2_1.mp3","music"
"3679","612517df29cd32c6632b4a44",24,50,77,66,55,"8_2.mp3","music"
"3680","612517df29cd32c6632b4a44",13,37,0,28,43,"3_1.mp3","music"
"3681","64345edc0fd9813bdd9ef181",100,100,100,100,100,"6_5.mp3","music"
"3682","64345edc0fd9813bdd9ef181",100,100,100,100,100,"6_10.mp3","music"
"3683","64345edc0fd9813bdd9ef181",100,100,100,100,100,"4_1.mp3","music"
"3684","64345edc0fd9813bdd9ef181",100,100,50,100,100,"8_2.mp3","music"
"3685","64345edc0fd9813bdd9ef181",100,100,100,100,50,"11_10.mp3","music"
"3686","64345edc0fd9813bdd9ef181",100,100,50,100,100,"12_2.mp3","music"
"3687","64345edc0fd9813bdd9ef181",100,100,50,100,100,"5_14.mp3","music"
"3688","64345edc0fd9813bdd9ef181",100,100,50,100,100,"2_1.mp3","music"
"3689","64345edc0fd9813bdd9ef181",100,100,50,100,100,"10_1.mp3","music"
"3690","64345edc0fd9813bdd9ef181",100,100,49,100,100,"3_1.mp3","music"
"3691","64345edc0fd9813bdd9ef181",100,100,50,100,100,"7_13.mp3","music"
"3692","64345edc0fd9813bdd9ef181",100,100,100,100,100,"10_2.mp3","music"
"3693","64345edc0fd9813bdd9ef181",100,100,0,100,100,"11_11.mp3","music"
"3694","64345edc0fd9813bdd9ef181",0,0,0,0,0,"7_10.mp3","music"
"3695","64345edc0fd9813bdd9ef181",100,100,50,100,100,"4_2.mp3","music"
"3696","64345edc0fd9813bdd9ef181",50,50,0,50,50,"11_2.mp3","music"
"3697","6682fbc595609e3f88048a53",57,50,63,72,63,"7_10.mp3","music"
"3698","6682fbc595609e3f88048a53",68,50,51,76,73,"10_1.mp3","music"
"3699","6682fbc595609e3f88048a53",68,79,83,81,67,"11_2.mp3","music"
"3700","6682fbc595609e3f88048a53",51,50,50,60,70,"10_2.mp3","music"
"3701","6682fbc595609e3f88048a53",50,50,50,50,60,"6_10.mp3","music"
"3702","6682fbc595609e3f88048a53",60,72,75,69,50,"6_5.mp3","music"
"3703","6682fbc595609e3f88048a53",50,50,50,50,57,"4_1.mp3","music"
"3704","6682fbc595609e3f88048a53",53,50,50,50,56,"11_11.mp3","music"
"3705","6682fbc595609e3f88048a53",50,50,50,50,61,"3_1.mp3","music"
"3706","6682fbc595609e3f88048a53",50,50,50,50,63,"7_13.mp3","music"
"3707","6682fbc595609e3f88048a53",50,50,50,50,58,"4_2.mp3","music"
"3708","6682fbc595609e3f88048a53",54,50,65,50,50,"11_10.mp3","music"
"3709","6682fbc595609e3f88048a53",50,50,50,50,54,"12_2.mp3","music"
"3710","6682fbc595609e3f88048a53",50,50,50,50,50,"2_1.mp3","music"
"3711","6682fbc595609e3f88048a53",50,50,53,50,50,"8_2.mp3","music"
"3712","6682fbc595609e3f88048a53",50,50,50,50,57,"5_14.mp3","music"
"3713","67cb51b23d74b436185a20eb",98,97,100,99,98,"5_14.mp3","music"
"3714","67cb51b23d74b436185a20eb",100,72,50,60,72,"6_10.mp3","music"
"3715","67cb51b23d74b436185a20eb",98,74,81,94,39,"8_2.mp3","music"
"3716","67cb51b23d74b436185a20eb",83,97,80,98,71,"11_10.mp3","music"
"3717","67cb51b23d74b436185a20eb",86,72,77,84,77,"6_5.mp3","music"
"3718","67cb51b23d74b436185a20eb",75,70,65,80,72,"3_1.mp3","music"
"3719","67cb51b23d74b436185a20eb",73,64,71,76,63,"4_2.mp3","music"
"3720","67cb51b23d74b436185a20eb",44,71,67,67,58,"4_1.mp3","music"
"3721","67cb51b23d74b436185a20eb",45,33,32,38,50,"10_2.mp3","music"
"3722","67cb51b23d74b436185a20eb",54,74,46,74,63,"11_2.mp3","music"
"3723","67cb51b23d74b436185a20eb",63,66,61,41,63,"7_10.mp3","music"
"3724","67cb51b23d74b436185a20eb",59,65,55,64,61,"7_13.mp3","music"
"3725","67cb51b23d74b436185a20eb",37,50,47,38,48,"11_11.mp3","music"
"3726","67cb51b23d74b436185a20eb",49,47,47,27,50,"12_2.mp3","music"
"3727","67cb51b23d74b436185a20eb",63,62,43,57,39,"2_1.mp3","music"
"3728","67cb51b23d74b436185a20eb",46,37,37,29,9,"10_1.mp3","music"
"3729","65ccfdf16bdcab83d5bd1163",78,31,66,54,42,"10_2.mp3","music"
"3730","65ccfdf16bdcab83d5bd1163",30,27,39,1,7,"11_10.mp3","music"
"3731","65ccfdf16bdcab83d5bd1163",14,1,66,0,19,"6_5.mp3","music"
"3732","65ccfdf16bdcab83d5bd1163",10,24,0,0,28,"4_2.mp3","music"
"3733","65ccfdf16bdcab83d5bd1163",15,6,0,0,35,"2_1.mp3","music"
"3734","65ccfdf16bdcab83d5bd1163",0,0,38,0,0,"7_10.mp3","music"
"3735","65ccfdf16bdcab83d5bd1163",7,0,13,0,1,"5_14.mp3","music"
"3736","65ccfdf16bdcab83d5bd1163",5,3,20,2,3,"8_2.mp3","music"
"3737","65ccfdf16bdcab83d5bd1163",5,5,0,7,15,"3_1.mp3","music"
"3738","65ccfdf16bdcab83d5bd1163",17,13,13,3,20,"10_1.mp3","music"
"3739","65ccfdf16bdcab83d5bd1163",29,7,26,12,16,"4_1.mp3","music"
"3740","65ccfdf16bdcab83d5bd1163",5,11,3,2,27,"7_13.mp3","music"
"3741","65ccfdf16bdcab83d5bd1163",23,17,3,13,14,"12_2.mp3","music"
"3742","65ccfdf16bdcab83d5bd1163",5,3,29,2,1,"6_10.mp3","music"
"3743","65ccfdf16bdcab83d5bd1163",3,3,18,0,0,"11_2.mp3","music"
"3744","65ccfdf16bdcab83d5bd1163",7,12,0,0,13,"11_11.mp3","music"
"3745","63474e67a5fd298c6103c409",14,51,84,8,38,"7_10.mp3","music"
"3746","63474e67a5fd298c6103c409",39,37,16,22,80,"2_1.mp3","music"
"3747","63474e67a5fd298c6103c409",15,6,70,16,10,"10_2.mp3","music"
"3748","63474e67a5fd298c6103c409",52,24,19,27,47,"3_1.mp3","music"
"3749","63474e67a5fd298c6103c409",29,28,19,25,29,"11_11.mp3","music"
"3750","63474e67a5fd298c6103c409",49,64,89,37,67,"11_10.mp3","music"
"3751","63474e67a5fd298c6103c409",11,14,71,10,28,"11_2.mp3","music"
"3752","63474e67a5fd298c6103c409",33,32,57,14,27,"6_5.mp3","music"
"3753","63474e67a5fd298c6103c409",55,50,56,44,33,"8_2.mp3","music"
"3754","63474e67a5fd298c6103c409",29,37,30,53,55,"5_14.mp3","music"
"3755","63474e67a5fd298c6103c409",76,44,60,58,42,"4_1.mp3","music"
"3756","63474e67a5fd298c6103c409",20,30,67,19,45,"6_10.mp3","music"
"3757","63474e67a5fd298c6103c409",74,65,67,45,52,"12_2.mp3","music"
"3758","63474e67a5fd298c6103c409",82,63,28,46,71,"10_1.mp3","music"
"3759","63474e67a5fd298c6103c409",46,20,29,34,57,"4_2.mp3","music"
"3760","63474e67a5fd298c6103c409",49,35,56,47,35,"7_13.mp3","music"
"3761","65e375588229327640a29ad9",19,59,0,0,67,"5_14.mp3","music"
"3762","65e375588229327640a29ad9",35,30,40,40,17,"8_2.mp3","music"
"3763","65e375588229327640a29ad9",2,40,3,20,30,"2_1.mp3","music"
"3764","65e375588229327640a29ad9",1,1,1,0,3,"3_1.mp3","music"
"3765","65e375588229327640a29ad9",0,0,64,0,0,"6_10.mp3","music"
"3766","65e375588229327640a29ad9",61,91,0,0,100,"12_2.mp3","music"
"3767","65e375588229327640a29ad9",18,4,34,9,5,"4_1.mp3","music"
"3768","65e375588229327640a29ad9",1,0,63,0,0,"11_2.mp3","music"
"3769","65e375588229327640a29ad9",0,0,84,0,0,"11_10.mp3","music"
"3770","65e375588229327640a29ad9",34,27,53,65,18,"10_2.mp3","music"
"3771","65e375588229327640a29ad9",0,5,0,0,32,"7_13.mp3","music"
"3772","65e375588229327640a29ad9",0,0,68,0,0,"6_5.mp3","music"
"3773","65e375588229327640a29ad9",0,0,14,0,3,"4_2.mp3","music"
"3774","65e375588229327640a29ad9",0,0,14,0,0,"7_10.mp3","music"
"3775","65e375588229327640a29ad9",9,29,14,13,37,"11_11.mp3","music"
"3776","65e375588229327640a29ad9",38,35,9,0,45,"10_1.mp3","music"
"3777","580cab86b869700001d71628",3,81,0,2,97,"12_2.mp3","music"
"3778","580cab86b869700001d71628",7,52,56,20,25,"4_1.mp3","music"
"3779","580cab86b869700001d71628",5,3,63,6,24,"7_13.mp3","music"
"3780","580cab86b869700001d71628",51,17,52,52,4,"10_2.mp3","music"
"3781","580cab86b869700001d71628",24,23,1,0,96,"3_1.mp3","music"
"3782","580cab86b869700001d71628",12,30,48,2,35,"11_11.mp3","music"
"3783","580cab86b869700001d71628",8,1,7,0,63,"4_2.mp3","music"
"3784","580cab86b869700001d71628",1,2,64,2,2,"11_10.mp3","music"
"3785","580cab86b869700001d71628",3,2,97,2,3,"6_5.mp3","music"
"3786","580cab86b869700001d71628",6,36,28,23,64,"10_1.mp3","music"
"3787","580cab86b869700001d71628",17,15,26,42,40,"8_2.mp3","music"
"3788","580cab86b869700001d71628",17,11,88,1,1,"7_10.mp3","music"
"3789","580cab86b869700001d71628",0,33,53,2,28,"11_2.mp3","music"
"3790","580cab86b869700001d71628",1,1,2,1,99,"5_14.mp3","music"
"3791","580cab86b869700001d71628",52,2,77,3,18,"6_10.mp3","music"
"3792","580cab86b869700001d71628",1,2,50,0,28,"2_1.mp3","music"
"3793","67ed8001c2b6765fa734649d",61,37,40,44,45,"8_2.mp3","music"
"3794","67ed8001c2b6765fa734649d",24,15,3,9,33,"11_10.mp3","music"
"3795","67ed8001c2b6765fa734649d",40,49,79,47,97,"7_13.mp3","music"
"3796","67ed8001c2b6765fa734649d",31,26,26,32,26,"11_11.mp3","music"
"3797","67ed8001c2b6765fa734649d",47,53,54,49,65,"4_2.mp3","music"
"3798","67ed8001c2b6765fa734649d",9,19,11,13,17,"7_10.mp3","music"
"3799","67ed8001c2b6765fa734649d",38,35,43,39,30,"10_2.mp3","music"
"3800","67ed8001c2b6765fa734649d",47,54,45,56,41,"3_1.mp3","music"
"3801","67ed8001c2b6765fa734649d",33,54,50,51,61,"10_1.mp3","music"
"3802","67ed8001c2b6765fa734649d",49,48,45,48,48,"5_14.mp3","music"
"3803","67ed8001c2b6765fa734649d",46,42,47,45,53,"2_1.mp3","music"
"3804","67ed8001c2b6765fa734649d",23,65,71,65,77,"4_1.mp3","music"
"3805","67ed8001c2b6765fa734649d",42,41,28,37,50,"6_10.mp3","music"
"3806","67ed8001c2b6765fa734649d",41,54,65,56,71,"12_2.mp3","music"
"3807","67ed8001c2b6765fa734649d",51,36,51,40,51,"11_2.mp3","music"
"3808","67ed8001c2b6765fa734649d",37,67,63,52,81,"6_5.mp3","music"
"3809","69416ab139b4b8d585aa4848",0,0,46,0,0,"11_10.mp3","music"
"3810","69416ab139b4b8d585aa4848",0,51,0,0,73,"5_14.mp3","music"
"3811","69416ab139b4b8d585aa4848",86,78,100,87,9,"6_5.mp3","music"
"3812","69416ab139b4b8d585aa4848",0,0,21,0,0,"6_10.mp3","music"
"3813","69416ab139b4b8d585aa4848",0,0,0,0,23,"4_2.mp3","music"
"3814","69416ab139b4b8d585aa4848",0,0,0,0,0,"11_2.mp3","music"
"3815","69416ab139b4b8d585aa4848",100,68,100,100,0,"10_2.mp3","music"
"3816","69416ab139b4b8d585aa4848",8,89,0,0,23,"11_11.mp3","music"
"3817","69416ab139b4b8d585aa4848",100,77,0,100,36,"10_1.mp3","music"
"3818","69416ab139b4b8d585aa4848",0,0,0,0,0,"3_1.mp3","music"
"3819","69416ab139b4b8d585aa4848",0,14,0,0,62,"2_1.mp3","music"
"3820","69416ab139b4b8d585aa4848",0,0,0,0,25,"7_13.mp3","music"
"3821","69416ab139b4b8d585aa4848",50,33,0,0,0,"12_2.mp3","music"
"3822","69416ab139b4b8d585aa4848",100,12,96,100,8,"4_1.mp3","music"
"3823","69416ab139b4b8d585aa4848",79,100,100,100,0,"8_2.mp3","music"
"3824","69416ab139b4b8d585aa4848",0,0,26,0,0,"7_10.mp3","music"
"3825","559347f6fdf99b790feb6435",32,42,4,34,24,"4_2.mp3","music"
"3826","559347f6fdf99b790feb6435",69,65,39,65,46,"12_2.mp3","music"
"3827","559347f6fdf99b790feb6435",31,43,34,35,41,"11_11.mp3","music"
"3828","559347f6fdf99b790feb6435",26,28,10,31,33,"5_14.mp3","music"
"3829","559347f6fdf99b790feb6435",0,0,31,0,9,"7_10.mp3","music"
"3830","559347f6fdf99b790feb6435",4,11,4,10,51,"3_1.mp3","music"
"3831","559347f6fdf99b790feb6435",57,49,50,50,6,"8_2.mp3","music"
"3832","559347f6fdf99b790feb6435",41,53,74,43,10,"11_10.mp3","music"
"3833","559347f6fdf99b790feb6435",58,63,63,59,18,"6_5.mp3","music"
"3834","559347f6fdf99b790feb6435",60,48,37,56,63,"2_1.mp3","music"
"3835","559347f6fdf99b790feb6435",67,63,51,76,32,"4_1.mp3","music"
"3836","559347f6fdf99b790feb6435",20,23,29,4,15,"6_10.mp3","music"
"3837","559347f6fdf99b790feb6435",55,61,13,59,77,"7_13.mp3","music"
"3838","559347f6fdf99b790feb6435",73,56,39,54,56,"10_1.mp3","music"
"3839","559347f6fdf99b790feb6435",77,71,72,71,33,"10_2.mp3","music"
"3840","559347f6fdf99b790feb6435",51,46,54,43,13,"11_2.mp3","music"
"3841","61350714824fe9ef61afde03",64,40,49,44,25,"4_1.mp3","music"
"3842","61350714824fe9ef61afde03",57,19,0,26,23,"12_2.mp3","music"
"3843","61350714824fe9ef61afde03",44,38,0,28,25,"11_11.mp3","music"
"3844","61350714824fe9ef61afde03",10,0,0,0,0,"4_2.mp3","music"
"3845","61350714824fe9ef61afde03",68,28,47,73,31,"8_2.mp3","music"
"3846","61350714824fe9ef61afde03",0,0,0,0,0,"7_10.mp3","music"
"3847","61350714824fe9ef61afde03",0,0,0,0,0,"6_5.mp3","music"
"3848","61350714824fe9ef61afde03",0,0,0,0,0,"2_1.mp3","music"
"3849","61350714824fe9ef61afde03",45,0,50,16,0,"11_2.mp3","music"
"3850","61350714824fe9ef61afde03",82,50,51,49,51,"10_2.mp3","music"
"3851","61350714824fe9ef61afde03",0,0,0,0,0,"5_14.mp3","music"
"3852","61350714824fe9ef61afde03",0,0,61,0,0,"6_10.mp3","music"
"3853","61350714824fe9ef61afde03",75,49,78,26,0,"10_1.mp3","music"
"3854","61350714824fe9ef61afde03",0,0,0,0,0,"11_10.mp3","music"
"3855","61350714824fe9ef61afde03",0,51,0,0,75,"7_13.mp3","music"
"3856","61350714824fe9ef61afde03",0,0,0,0,0,"3_1.mp3","music"
"3857","669fdf35b877ffb7641b412e",0,0,0,0,27,"7_10.mp3","music"
"3858","669fdf35b877ffb7641b412e",47,0,100,0,100,"8_2.mp3","music"
"3859","669fdf35b877ffb7641b412e",100,100,100,100,56,"6_10.mp3","music"
"3860","669fdf35b877ffb7641b412e",0,39,52,38,52,"11_2.mp3","music"
"3861","669fdf35b877ffb7641b412e",100,0,0,9,100,"12_2.mp3","music"
"3862","669fdf35b877ffb7641b412e",100,46,100,45,100,"4_1.mp3","music"
"3863","669fdf35b877ffb7641b412e",49,100,0,2,100,"3_1.mp3","music"
"3864","669fdf35b877ffb7641b412e",0,0,0,0,0,"6_5.mp3","music"
"3865","669fdf35b877ffb7641b412e",100,100,0,0,100,"2_1.mp3","music"
"3866","669fdf35b877ffb7641b412e",0,100,0,0,100,"5_14.mp3","music"
"3867","669fdf35b877ffb7641b412e",54,0,23,0,0,"10_2.mp3","music"
"3868","669fdf35b877ffb7641b412e",0,100,100,0,63,"11_10.mp3","music"
"3869","669fdf35b877ffb7641b412e",93,100,100,51,100,"10_1.mp3","music"
"3870","669fdf35b877ffb7641b412e",0,100,44,0,100,"11_11.mp3","music"
"3871","669fdf35b877ffb7641b412e",80,100,100,100,100,"7_13.mp3","music"
"3872","669fdf35b877ffb7641b412e",0,100,50,0,92,"4_2.mp3","music"
"3873","666883e7cd549b6798159085",15,20,25,30,0,"11_10.mp3","music"
"3874","666883e7cd549b6798159085",5,10,20,0,0,"7_10.mp3","music"
"3875","666883e7cd549b6798159085",20,10,5,30,9,"6_5.mp3","music"
"3876","666883e7cd549b6798159085",10,16,0,30,20,"2_1.mp3","music"
"3877","666883e7cd549b6798159085",0,0,0,0,25,"7_13.mp3","music"
"3878","666883e7cd549b6798159085",20,20,15,20,0,"8_2.mp3","music"
"3879","666883e7cd549b6798159085",0,15,0,0,30,"11_11.mp3","music"
"3880","666883e7cd549b6798159085",10,15,5,9,0,"4_1.mp3","music"
"3881","666883e7cd549b6798159085",10,10,10,10,0,"10_2.mp3","music"
"3882","666883e7cd549b6798159085",0,21,0,0,20,"3_1.mp3","music"
"3883","666883e7cd549b6798159085",0,11,10,0,10,"11_2.mp3","music"
"3884","666883e7cd549b6798159085",0,15,0,0,25,"12_2.mp3","music"
"3885","666883e7cd549b6798159085",5,21,0,0,15,"4_2.mp3","music"
"3886","666883e7cd549b6798159085",0,20,0,0,25,"5_14.mp3","music"
"3887","666883e7cd549b6798159085",10,35,0,0,30,"10_1.mp3","music"
"3888","666883e7cd549b6798159085",0,6,10,0,0,"6_10.mp3","music"
"3889","59948cbdcf1d1700016efa45",51,9,44,34,7,"6_5.mp3","music"
"3890","59948cbdcf1d1700016efa45",76,77,18,52,69,"10_1.mp3","music"
"3891","59948cbdcf1d1700016efa45",16,17,2,1,6,"4_1.mp3","music"
"3892","59948cbdcf1d1700016efa45",0,2,2,1,16,"5_14.mp3","music"
"3893","59948cbdcf1d1700016efa45",8,17,2,2,15,"4_2.mp3","music"
"3894","59948cbdcf1d1700016efa45",0,0,0,0,0,"7_10.mp3","music"
"3895","59948cbdcf1d1700016efa45",6,17,0,0,25,"3_1.mp3","music"
"3896","59948cbdcf1d1700016efa45",1,2,2,1,1,"11_11.mp3","music"
"3897","59948cbdcf1d1700016efa45",2,4,0,0,58,"7_13.mp3","music"
"3898","59948cbdcf1d1700016efa45",40,38,56,26,21,"8_2.mp3","music"
"3899","59948cbdcf1d1700016efa45",68,24,73,69,25,"10_2.mp3","music"
"3900","59948cbdcf1d1700016efa45",12,18,0,0,60,"2_1.mp3","music"
"3901","59948cbdcf1d1700016efa45",85,60,35,63,50,"12_2.mp3","music"
"3902","59948cbdcf1d1700016efa45",0,0,18,0,0,"11_10.mp3","music"
"3903","59948cbdcf1d1700016efa45",1,2,20,0,1,"6_10.mp3","music"
"3904","59948cbdcf1d1700016efa45",2,2,1,2,2,"11_2.mp3","music"
"3905","608bfa04767191aa4d57bfd8",0,0,0,5,47,"3_1.mp3","music"
"3906","608bfa04767191aa4d57bfd8",84,88,70,83,15,"10_2.mp3","music"
"3907","608bfa04767191aa4d57bfd8",37,19,67,9,9,"6_10.mp3","music"
"3908","608bfa04767191aa4d57bfd8",34,14,9,9,7,"4_2.mp3","music"
"3909","608bfa04767191aa4d57bfd8",72,59,89,75,1,"6_5.mp3","music"
"3910","608bfa04767191aa4d57bfd8",96,62,65,79,27,"8_2.mp3","music"
"3911","608bfa04767191aa4d57bfd8",2,12,11,4,7,"5_14.mp3","music"
"3912","608bfa04767191aa4d57bfd8",5,12,5,11,5,"11_11.mp3","music"
"3913","608bfa04767191aa4d57bfd8",82,80,66,76,78,"12_2.mp3","music"
"3914","608bfa04767191aa4d57bfd8",34,53,6,52,16,"11_2.mp3","music"
"3915","608bfa04767191aa4d57bfd8",14,12,9,5,18,"7_13.mp3","music"
"3916","608bfa04767191aa4d57bfd8",88,80,48,92,82,"10_1.mp3","music"
"3917","608bfa04767191aa4d57bfd8",16,8,9,7,12,"2_1.mp3","music"
"3918","608bfa04767191aa4d57bfd8",91,86,66,83,73,"4_1.mp3","music"
"3919","608bfa04767191aa4d57bfd8",7,10,6,15,7,"7_10.mp3","music"
"3920","608bfa04767191aa4d57bfd8",14,9,24,6,7,"11_10.mp3","music"
"3921","65e64c08cd1bf3d6ab957af7",0,0,17,14,0,"11_10.mp3","music"
"3922","65e64c08cd1bf3d6ab957af7",50,11,11,0,0,"10_2.mp3","music"
"3923","65e64c08cd1bf3d6ab957af7",0,0,0,0,0,"11_11.mp3","music"
"3924","65e64c08cd1bf3d6ab957af7",28,32,15,48,16,"8_2.mp3","music"
"3925","65e64c08cd1bf3d6ab957af7",0,0,21,0,0,"6_10.mp3","music"
"3926","65e64c08cd1bf3d6ab957af7",22,53,13,71,56,"12_2.mp3","music"
"3927","65e64c08cd1bf3d6ab957af7",0,32,0,29,28,"2_1.mp3","music"
"3928","65e64c08cd1bf3d6ab957af7",13,10,0,20,54,"7_13.mp3","music"
"3929","65e64c08cd1bf3d6ab957af7",0,0,20,0,0,"5_14.mp3","music"
"3930","65e64c08cd1bf3d6ab957af7",0,0,30,0,0,"11_2.mp3","music"
"3931","65e64c08cd1bf3d6ab957af7",0,13,0,0,37,"4_2.mp3","music"
"3932","65e64c08cd1bf3d6ab957af7",39,80,17,26,71,"10_1.mp3","music"
"3933","65e64c08cd1bf3d6ab957af7",0,0,0,0,0,"7_10.mp3","music"
"3934","65e64c08cd1bf3d6ab957af7",0,16,0,0,11,"3_1.mp3","music"
"3935","65e64c08cd1bf3d6ab957af7",0,0,0,0,0,"4_1.mp3","music"
"3936","65e64c08cd1bf3d6ab957af7",26,0,25,0,0,"6_5.mp3","music"
"3937","6637b21240220c2517fffa1a",4,28,6,1,1,"11_11.mp3","music"
"3938","6637b21240220c2517fffa1a",53,11,33,15,6,"10_2.mp3","music"
"3939","6637b21240220c2517fffa1a",0,11,8,0,26,"4_2.mp3","music"
"3940","6637b21240220c2517fffa1a",0,11,0,0,36,"3_1.mp3","music"
"3941","6637b21240220c2517fffa1a",12,52,5,11,28,"5_14.mp3","music"
"3942","6637b21240220c2517fffa1a",0,0,23,0,0,"11_10.mp3","music"
"3943","6637b21240220c2517fffa1a",5,18,7,4,0,"6_5.mp3","music"
"3944","6637b21240220c2517fffa1a",82,28,18,19,4,"10_1.mp3","music"
"3945","6637b21240220c2517fffa1a",31,7,31,21,0,"8_2.mp3","music"
"3946","6637b21240220c2517fffa1a",16,6,25,5,0,"4_1.mp3","music"
"3947","6637b21240220c2517fffa1a",20,15,1,50,33,"12_2.mp3","music"
"3948","6637b21240220c2517fffa1a",1,13,0,0,13,"7_13.mp3","music"
"3949","6637b21240220c2517fffa1a",0,0,0,0,0,"11_2.mp3","music"
"3950","6637b21240220c2517fffa1a",0,0,0,0,0,"7_10.mp3","music"
"3951","6637b21240220c2517fffa1a",29,25,0,15,9,"2_1.mp3","music"
"3952","6637b21240220c2517fffa1a",0,0,0,0,0,"6_10.mp3","music"
"3953","675df96b5f9fce8b022ec062",71,64,69,77,64,"10_1.mp3","music"
"3954","675df96b5f9fce8b022ec062",68,56,67,55,53,"4_1.mp3","music"
"3955","675df96b5f9fce8b022ec062",26,26,52,25,21,"11_10.mp3","music"
"3956","675df96b5f9fce8b022ec062",24,41,22,22,47,"4_2.mp3","music"
"3957","675df96b5f9fce8b022ec062",16,21,57,13,18,"7_10.mp3","music"
"3958","675df96b5f9fce8b022ec062",15,14,23,20,32,"5_14.mp3","music"
"3959","675df96b5f9fce8b022ec062",11,6,49,4,4,"6_10.mp3","music"
"3960","675df96b5f9fce8b022ec062",21,68,18,57,70,"3_1.mp3","music"
"3961","675df96b5f9fce8b022ec062",12,40,22,34,55,"12_2.mp3","music"
"3962","675df96b5f9fce8b022ec062",2,53,16,10,52,"11_11.mp3","music"
"3963","675df96b5f9fce8b022ec062",35,37,59,30,50,"8_2.mp3","music"
"3964","675df96b5f9fce8b022ec062",8,32,13,8,55,"7_13.mp3","music"
"3965","675df96b5f9fce8b022ec062",50,44,62,46,54,"10_2.mp3","music"
"3966","675df96b5f9fce8b022ec062",14,21,29,13,8,"6_5.mp3","music"
"3967","675df96b5f9fce8b022ec062",12,34,14,17,45,"2_1.mp3","music"
"3968","675df96b5f9fce8b022ec062",14,16,12,4,16,"11_2.mp3","music"
"3969","5bb10d4288f88d0001f3d151",76,68,74,78,32,"11_2.mp3","music"
"3970","5bb10d4288f88d0001f3d151",5,2,6,5,21,"11_11.mp3","music"
"3971","5bb10d4288f88d0001f3d151",2,1,75,1,2,"7_10.mp3","music"
"3972","5bb10d4288f88d0001f3d151",4,75,18,17,87,"4_2.mp3","music"
"3973","5bb10d4288f88d0001f3d151",33,48,19,2,79,"7_13.mp3","music"
"3974","5bb10d4288f88d0001f3d151",23,21,3,14,80,"2_1.mp3","music"
"3975","5bb10d4288f88d0001f3d151",42,63,55,41,3,"11_10.mp3","music"
"3976","5bb10d4288f88d0001f3d151",77,54,52,77,21,"10_2.mp3","music"
"3977","5bb10d4288f88d0001f3d151",3,2,4,2,46,"5_14.mp3","music"
"3978","5bb10d4288f88d0001f3d151",81,84,81,92,24,"6_5.mp3","music"
"3979","5bb10d4288f88d0001f3d151",58,66,73,69,27,"4_1.mp3","music"
"3980","5bb10d4288f88d0001f3d151",62,76,26,70,58,"10_1.mp3","music"
"3981","5bb10d4288f88d0001f3d151",87,73,74,95,31,"8_2.mp3","music"
"3982","5bb10d4288f88d0001f3d151",23,47,29,78,51,"12_2.mp3","music"
"3983","5bb10d4288f88d0001f3d151",3,4,97,2,0,"6_10.mp3","music"
"3984","5bb10d4288f88d0001f3d151",1,15,0,14,64,"3_1.mp3","music"
"3985","64d91e8194411a7a62506acc",9,9,8,6,43,"5_14.mp3","music"
"3986","64d91e8194411a7a62506acc",32,28,75,25,33,"6_5.mp3","music"
"3987","64d91e8194411a7a62506acc",6,10,4,6,55,"7_13.mp3","music"
"3988","64d91e8194411a7a62506acc",40,16,63,26,14,"4_1.mp3","music"
"3989","64d91e8194411a7a62506acc",80,96,8,87,90,"12_2.mp3","music"
"3990","64d91e8194411a7a62506acc",80,53,11,49,78,"2_1.mp3","music"
"3991","64d91e8194411a7a62506acc",8,9,9,7,8,"3_1.mp3","music"
"3992","64d91e8194411a7a62506acc",27,18,7,7,35,"4_2.mp3","music"
"3993","64d91e8194411a7a62506acc",4,4,62,8,4,"7_10.mp3","music"
"3994","64d91e8194411a7a62506acc",22,12,86,4,3,"11_10.mp3","music"
"3995","64d91e8194411a7a62506acc",16,19,10,11,23,"11_11.mp3","music"
"3996","64d91e8194411a7a62506acc",81,69,26,93,76,"10_1.mp3","music"
"3997","64d91e8194411a7a62506acc",30,21,10,14,40,"11_2.mp3","music"
"3998","64d91e8194411a7a62506acc",84,35,90,66,29,"10_2.mp3","music"
"3999","64d91e8194411a7a62506acc",54,33,82,23,7,"8_2.mp3","music"
"4000","64d91e8194411a7a62506acc",70,24,86,22,8,"6_10.mp3","music"
"4001","68423451060859f8ce31ee5a",70,69,94,85,81,"12_2.mp3","music"
"4002","68423451060859f8ce31ee5a",47,50,47,36,55,"7_13.mp3","music"
"4003","68423451060859f8ce31ee5a",58,54,39,42,54,"8_2.mp3","music"
"4004","68423451060859f8ce31ee5a",64,42,47,51,60,"4_2.mp3","music"
"4005","68423451060859f8ce31ee5a",73,69,72,57,44,"5_14.mp3","music"
"4006","68423451060859f8ce31ee5a",57,62,53,50,69,"2_1.mp3","music"
"4007","68423451060859f8ce31ee5a",10,67,62,65,43,"10_2.mp3","music"
"4008","68423451060859f8ce31ee5a",12,57,44,48,64,"11_2.mp3","music"
"4009","68423451060859f8ce31ee5a",64,69,79,74,74,"6_10.mp3","music"
"4010","68423451060859f8ce31ee5a",62,58,49,61,73,"3_1.mp3","music"
"4011","68423451060859f8ce31ee5a",63,57,62,70,41,"11_11.mp3","music"
"4012","68423451060859f8ce31ee5a",48,64,51,60,75,"6_5.mp3","music"
"4013","68423451060859f8ce31ee5a",63,68,74,54,64,"10_1.mp3","music"
"4014","68423451060859f8ce31ee5a",38,83,69,73,81,"4_1.mp3","music"
"4015","68423451060859f8ce31ee5a",48,67,66,75,78,"7_10.mp3","music"
"4016","68423451060859f8ce31ee5a",47,72,53,80,50,"11_10.mp3","music"
"4017","67d94f701307ac0887c44909",71,80,78,72,77,"10_2.mp3","music"
"4018","67d94f701307ac0887c44909",59,46,82,71,50,"11_10.mp3","music"
"4019","67d94f701307ac0887c44909",49,50,55,44,81,"11_11.mp3","music"
"4020","67d94f701307ac0887c44909",65,55,55,66,61,"5_14.mp3","music"
"4021","67d94f701307ac0887c44909",32,28,36,15,23,"3_1.mp3","music"
"4022","67d94f701307ac0887c44909",25,14,48,35,38,"12_2.mp3","music"
"4023","67d94f701307ac0887c44909",51,37,53,28,51,"6_5.mp3","music"
"4024","67d94f701307ac0887c44909",37,45,13,59,38,"7_10.mp3","music"
"4025","67d94f701307ac0887c44909",30,53,53,54,50,"6_10.mp3","music"
"4026","67d94f701307ac0887c44909",31,61,37,61,61,"11_2.mp3","music"
"4027","67d94f701307ac0887c44909",54,47,57,84,61,"4_2.mp3","music"
"4028","67d94f701307ac0887c44909",51,56,70,60,53,"8_2.mp3","music"
"4029","67d94f701307ac0887c44909",55,34,55,34,57,"7_13.mp3","music"
"4030","67d94f701307ac0887c44909",31,52,63,48,56,"2_1.mp3","music"
"4031","67d94f701307ac0887c44909",48,75,52,79,27,"10_1.mp3","music"
"4032","67d94f701307ac0887c44909",49,68,55,49,47,"4_1.mp3","music"
"4033","64275e53f51a5ed4f6b7d019",10,0,10,10,10,"6_5.mp3","music"
"4034","64275e53f51a5ed4f6b7d019",0,0,5,0,5,"11_2.mp3","music"
"4035","64275e53f51a5ed4f6b7d019",10,0,0,0,50,"11_11.mp3","music"
"4036","64275e53f51a5ed4f6b7d019",0,0,10,0,0,"7_10.mp3","music"
"4037","64275e53f51a5ed4f6b7d019",10,10,0,10,50,"7_13.mp3","music"
"4038","64275e53f51a5ed4f6b7d019",10,0,10,10,10,"4_1.mp3","music"
"4039","64275e53f51a5ed4f6b7d019",50,10,10,10,50,"12_2.mp3","music"
"4040","64275e53f51a5ed4f6b7d019",10,0,10,10,10,"10_2.mp3","music"
"4041","64275e53f51a5ed4f6b7d019",0,0,10,0,0,"6_10.mp3","music"
"4042","64275e53f51a5ed4f6b7d019",10,10,0,0,50,"2_1.mp3","music"
"4043","64275e53f51a5ed4f6b7d019",0,0,0,0,10,"5_14.mp3","music"
"4044","64275e53f51a5ed4f6b7d019",10,10,10,10,10,"10_1.mp3","music"
"4045","64275e53f51a5ed4f6b7d019",0,10,0,0,10,"4_2.mp3","music"
"4046","64275e53f51a5ed4f6b7d019",0,10,0,0,50,"3_1.mp3","music"
"4047","64275e53f51a5ed4f6b7d019",50,0,50,50,50,"11_10.mp3","music"
"4048","64275e53f51a5ed4f6b7d019",50,10,10,50,50,"8_2.mp3","music"
"4049","67e92dbd9199b830fbecdf2e",45,80,57,63,94,"10_1.mp3","music"
"4050","67e92dbd9199b830fbecdf2e",69,83,80,72,82,"10_2.mp3","music"
"4051","67e92dbd9199b830fbecdf2e",29,14,30,27,23,"7_10.mp3","music"
"4052","67e92dbd9199b830fbecdf2e",58,73,79,66,56,"6_10.mp3","music"
"4053","67e92dbd9199b830fbecdf2e",61,61,66,53,70,"12_2.mp3","music"
"4054","67e92dbd9199b830fbecdf2e",36,39,36,38,75,"5_14.mp3","music"
"4055","67e92dbd9199b830fbecdf2e",47,60,57,56,59,"8_2.mp3","music"
"4056","67e92dbd9199b830fbecdf2e",56,71,67,64,97,"2_1.mp3","music"
"4057","67e92dbd9199b830fbecdf2e",74,79,72,80,72,"4_1.mp3","music"
"4058","67e92dbd9199b830fbecdf2e",65,75,77,67,80,"4_2.mp3","music"
"4059","67e92dbd9199b830fbecdf2e",39,34,50,39,69,"11_11.mp3","music"
"4060","67e92dbd9199b830fbecdf2e",72,81,75,72,81,"6_5.mp3","music"
"4061","67e92dbd9199b830fbecdf2e",50,53,61,53,56,"3_1.mp3","music"
"4062","67e92dbd9199b830fbecdf2e",55,78,71,69,88,"11_2.mp3","music"
"4063","67e92dbd9199b830fbecdf2e",30,33,42,30,33,"11_10.mp3","music"
"4064","67e92dbd9199b830fbecdf2e",53,73,73,67,75,"7_13.mp3","music"
"4065","5c1655c7ad682500017070d2",57,65,0,25,73,"10_1.mp3","music"
"4066","5c1655c7ad682500017070d2",50,36,20,6,43,"6_10.mp3","music"
"4067","5c1655c7ad682500017070d2",53,48,0,5,61,"5_14.mp3","music"
"4068","5c1655c7ad682500017070d2",63,48,0,15,70,"4_2.mp3","music"
"4069","5c1655c7ad682500017070d2",55,56,0,17,59,"2_1.mp3","music"
"4070","5c1655c7ad682500017070d2",58,59,0,19,71,"12_2.mp3","music"
"4071","5c1655c7ad682500017070d2",63,62,0,19,74,"4_1.mp3","music"
"4072","5c1655c7ad682500017070d2",17,14,0,0,28,"7_10.mp3","music"
"4073","5c1655c7ad682500017070d2",54,52,0,13,64,"11_11.mp3","music"
"4074","5c1655c7ad682500017070d2",52,33,9,7,51,"6_5.mp3","music"
"4075","5c1655c7ad682500017070d2",68,52,0,10,67,"7_13.mp3","music"
"4076","5c1655c7ad682500017070d2",57,31,22,15,14,"11_10.mp3","music"
"4077","5c1655c7ad682500017070d2",59,50,20,23,29,"10_2.mp3","music"
"4078","5c1655c7ad682500017070d2",50,48,11,15,34,"11_2.mp3","music"
"4079","5c1655c7ad682500017070d2",51,34,9,9,49,"8_2.mp3","music"
"4080","5c1655c7ad682500017070d2",53,52,0,23,65,"3_1.mp3","music"
"4081","67104c7deff954cb22438402",40,36,39,27,0,"6_10.mp3","music"
"4082","67104c7deff954cb22438402",0,0,1,1,23,"3_1.mp3","music"
"4083","67104c7deff954cb22438402",75,57,23,78,68,"12_2.mp3","music"
"4084","67104c7deff954cb22438402",0,0,50,0,0,"7_10.mp3","music"
"4085","67104c7deff954cb22438402",46,0,36,30,56,"4_1.mp3","music"
"4086","67104c7deff954cb22438402",63,47,57,45,0,"6_5.mp3","music"
"4087","67104c7deff954cb22438402",62,20,30,11,0,"8_2.mp3","music"
"4088","67104c7deff954cb22438402",31,81,0,13,86,"10_1.mp3","music"
"4089","67104c7deff954cb22438402",0,0,0,11,31,"2_1.mp3","music"
"4090","67104c7deff954cb22438402",10,0,14,8,0,"11_2.mp3","music"
"4091","67104c7deff954cb22438402",23,0,25,11,5,"10_2.mp3","music"
"4092","67104c7deff954cb22438402",0,0,0,0,20,"11_11.mp3","music"
"4093","67104c7deff954cb22438402",31,56,62,37,0,"11_10.mp3","music"
"4094","67104c7deff954cb22438402",0,0,0,0,21,"7_13.mp3","music"
"4095","67104c7deff954cb22438402",2,0,0,0,40,"5_14.mp3","music"
"4096","67104c7deff954cb22438402",0,0,0,0,31,"4_2.mp3","music"
"4097","671acd4b14ebfd595a8b6c09",25,29,15,35,19,"11_11.mp3","music"
"4098","671acd4b14ebfd595a8b6c09",46,48,60,14,82,"4_2.mp3","music"
"4099","671acd4b14ebfd595a8b6c09",70,84,47,71,93,"12_2.mp3","music"
"4100","671acd4b14ebfd595a8b6c09",0,34,0,0,19,"6_10.mp3","music"
"4101","671acd4b14ebfd595a8b6c09",20,44,53,24,53,"6_5.mp3","music"
"4102","671acd4b14ebfd595a8b6c09",0,10,0,0,24,"11_10.mp3","music"
"4103","671acd4b14ebfd595a8b6c09",0,24,16,10,100,"10_1.mp3","music"
"4104","671acd4b14ebfd595a8b6c09",9,7,15,2,45,"10_2.mp3","music"
"4105","671acd4b14ebfd595a8b6c09",0,0,0,0,30,"3_1.mp3","music"
"4106","671acd4b14ebfd595a8b6c09",50,42,50,51,62,"7_13.mp3","music"
"4107","671acd4b14ebfd595a8b6c09",0,32,0,0,62,"2_1.mp3","music"
"4108","671acd4b14ebfd595a8b6c09",25,0,0,0,2,"11_2.mp3","music"
"4109","671acd4b14ebfd595a8b6c09",65,52,39,44,55,"4_1.mp3","music"
"4110","671acd4b14ebfd595a8b6c09",20,0,0,0,0,"7_10.mp3","music"
"4111","671acd4b14ebfd595a8b6c09",26,12,0,4,45,"8_2.mp3","music"
"4112","671acd4b14ebfd595a8b6c09",0,0,0,0,5,"5_14.mp3","music"
"4113","5e42f74f5b772a18434cabf7",0,10,0,0,72,"7_13.mp3","music"
"4114","5e42f74f5b772a18434cabf7",0,0,25,5,31,"4_1.mp3","music"
"4115","5e42f74f5b772a18434cabf7",51,21,25,55,0,"8_2.mp3","music"
"4116","5e42f74f5b772a18434cabf7",43,7,21,30,0,"6_10.mp3","music"
"4117","5e42f74f5b772a18434cabf7",51,48,20,52,0,"10_2.mp3","music"
"4118","5e42f74f5b772a18434cabf7",17,6,22,20,0,"6_5.mp3","music"
"4119","5e42f74f5b772a18434cabf7",0,0,20,0,0,"11_10.mp3","music"
"4120","5e42f74f5b772a18434cabf7",0,29,0,2,47,"12_2.mp3","music"
"4121","5e42f74f5b772a18434cabf7",0,8,0,0,24,"3_1.mp3","music"
"4122","5e42f74f5b772a18434cabf7",0,3,0,0,21,"4_2.mp3","music"
"4123","5e42f74f5b772a18434cabf7",0,5,0,0,41,"2_1.mp3","music"
"4124","5e42f74f5b772a18434cabf7",0,3,4,0,0,"11_2.mp3","music"
"4125","5e42f74f5b772a18434cabf7",48,51,3,54,14,"10_1.mp3","music"
"4126","5e42f74f5b772a18434cabf7",0,0,6,0,0,"7_10.mp3","music"
"4127","5e42f74f5b772a18434cabf7",0,0,0,0,15,"5_14.mp3","music"
"4128","5e42f74f5b772a18434cabf7",0,0,0,0,0,"11_11.mp3","music"
"4129","63026053812fe400f2929701",76,84,39,61,93,"11_11.mp3","music"
"4130","63026053812fe400f2929701",8,76,6,49,85,"7_13.mp3","music"
"4131","63026053812fe400f2929701",75,99,39,63,95,"10_1.mp3","music"
"4132","63026053812fe400f2929701",73,93,13,67,95,"10_2.mp3","music"
"4133","63026053812fe400f2929701",15,24,17,6,65,"4_2.mp3","music"
"4134","63026053812fe400f2929701",40,97,82,67,59,"11_10.mp3","music"
"4135","63026053812fe400f2929701",22,35,16,25,63,"11_2.mp3","music"
"4136","63026053812fe400f2929701",56,46,11,54,51,"8_2.mp3","music"
"4137","63026053812fe400f2929701",65,100,20,56,95,"12_2.mp3","music"
"4138","63026053812fe400f2929701",46,63,32,36,45,"4_1.mp3","music"
"4139","63026053812fe400f2929701",18,13,3,22,42,"5_14.mp3","music"
"4140","63026053812fe400f2929701",17,10,6,5,6,"6_10.mp3","music"
"4141","63026053812fe400f2929701",4,0,7,0,0,"7_10.mp3","music"
"4142","63026053812fe400f2929701",5,6,2,0,22,"3_1.mp3","music"
"4143","63026053812fe400f2929701",56,51,4,61,52,"6_5.mp3","music"
"4144","63026053812fe400f2929701",8,23,1,6,55,"2_1.mp3","music"
"4145","674c9df1e01bfe1baae76974",64,52,66,44,76,"12_2.mp3","music"
"4146","674c9df1e01bfe1baae76974",62,100,38,34,100,"3_1.mp3","music"
"4147","674c9df1e01bfe1baae76974",21,80,79,49,75,"10_1.mp3","music"
"4148","674c9df1e01bfe1baae76974",69,77,80,78,75,"2_1.mp3","music"
"4149","674c9df1e01bfe1baae76974",86,72,76,99,30,"6_10.mp3","music"
"4150","674c9df1e01bfe1baae76974",58,78,80,75,90,"11_10.mp3","music"
"4151","674c9df1e01bfe1baae76974",59,59,47,55,59,"6_5.mp3","music"
"4152","674c9df1e01bfe1baae76974",60,74,57,26,73,"8_2.mp3","music"
"4153","674c9df1e01bfe1baae76974",68,79,77,77,72,"11_2.mp3","music"
"4154","674c9df1e01bfe1baae76974",80,85,60,68,84,"7_13.mp3","music"
"4155","674c9df1e01bfe1baae76974",70,45,26,51,48,"7_10.mp3","music"
"4156","674c9df1e01bfe1baae76974",63,50,46,45,65,"11_11.mp3","music"
"4157","674c9df1e01bfe1baae76974",61,77,51,20,25,"10_2.mp3","music"
"4158","674c9df1e01bfe1baae76974",40,65,76,42,70,"5_14.mp3","music"
"4159","674c9df1e01bfe1baae76974",41,38,24,48,71,"4_2.mp3","music"
"4160","674c9df1e01bfe1baae76974",74,86,56,85,67,"4_1.mp3","music"
"4161","5ef3e3c01ece121907ee721a",49,51,17,35,41,"8_2.mp3","music"
"4162","5ef3e3c01ece121907ee721a",40,63,0,17,30,"6_5.mp3","music"
"4163","5ef3e3c01ece121907ee721a",0,0,0,0,0,"7_10.mp3","music"
"4164","5ef3e3c01ece121907ee721a",35,58,22,15,24,"10_2.mp3","music"
"4165","5ef3e3c01ece121907ee721a",0,68,0,17,31,"5_14.mp3","music"
"4166","5ef3e3c01ece121907ee721a",0,25,0,0,71,"2_1.mp3","music"
"4167","5ef3e3c01ece121907ee721a",0,38,0,7,21,"11_2.mp3","music"
"4168","5ef3e3c01ece121907ee721a",20,50,0,24,31,"10_1.mp3","music"
"4169","5ef3e3c01ece121907ee721a",0,0,0,0,0,"11_10.mp3","music"
"4170","5ef3e3c01ece121907ee721a",34,32,0,59,26,"4_1.mp3","music"
"4171","5ef3e3c01ece121907ee721a",0,43,0,0,27,"11_11.mp3","music"
"4172","5ef3e3c01ece121907ee721a",25,41,0,0,17,"12_2.mp3","music"
"4173","5ef3e3c01ece121907ee721a",0,0,0,0,27,"3_1.mp3","music"
"4174","5ef3e3c01ece121907ee721a",0,0,0,0,31,"7_13.mp3","music"
"4175","5ef3e3c01ece121907ee721a",69,0,0,15,0,"6_10.mp3","music"
"4176","5ef3e3c01ece121907ee721a",0,23,0,0,40,"4_2.mp3","music"
"4177","66699f85a69c5a20e26d0446",88,85,92,82,95,"5_14.mp3","music"
"4178","66699f85a69c5a20e26d0446",85,88,90,85,90,"12_2.mp3","music"
"4179","66699f85a69c5a20e26d0446",78,87,77,87,82,"11_2.mp3","music"
"4180","66699f85a69c5a20e26d0446",79,72,79,73,80,"8_2.mp3","music"
"4181","66699f85a69c5a20e26d0446",83,86,83,73,83,"2_1.mp3","music"
"4182","66699f85a69c5a20e26d0446",79,9,72,76,86,"10_2.mp3","music"
"4183","66699f85a69c5a20e26d0446",87,86,90,87,92,"7_13.mp3","music"
"4184","66699f85a69c5a20e26d0446",71,72,71,71,79,"7_10.mp3","music"
"4185","66699f85a69c5a20e26d0446",87,88,79,78,81,"11_11.mp3","music"
"4186","66699f85a69c5a20e26d0446",83,81,86,84,84,"10_1.mp3","music"
"4187","66699f85a69c5a20e26d0446",76,73,82,69,87,"3_1.mp3","music"
"4188","66699f85a69c5a20e26d0446",67,80,80,66,87,"4_2.mp3","music"
"4189","66699f85a69c5a20e26d0446",79,80,85,71,80,"4_1.mp3","music"
"4190","66699f85a69c5a20e26d0446",70,80,70,74,77,"11_10.mp3","music"
"4191","66699f85a69c5a20e26d0446",78,82,75,77,82,"6_10.mp3","music"
"4192","66699f85a69c5a20e26d0446",82,73,76,73,86,"6_5.mp3","music"
"4193","60bff9298f56d55c8ecd9adf",5,35,0,0,31,"6_10.mp3","music"
"4194","60bff9298f56d55c8ecd9adf",14,68,0,0,21,"6_5.mp3","music"
"4195","60bff9298f56d55c8ecd9adf",0,14,0,0,0,"11_2.mp3","music"
"4196","60bff9298f56d55c8ecd9adf",0,21,0,0,27,"11_11.mp3","music"
"4197","60bff9298f56d55c8ecd9adf",58,50,0,12,62,"2_1.mp3","music"
"4198","60bff9298f56d55c8ecd9adf",0,55,20,0,0,"7_10.mp3","music"
"4199","60bff9298f56d55c8ecd9adf",0,89,10,0,0,"11_10.mp3","music"
"4200","60bff9298f56d55c8ecd9adf",0,58,0,0,30,"10_1.mp3","music"
"4201","60bff9298f56d55c8ecd9adf",0,29,0,0,0,"3_1.mp3","music"
"4202","60bff9298f56d55c8ecd9adf",72,81,65,65,37,"8_2.mp3","music"
"4203","60bff9298f56d55c8ecd9adf",65,82,0,43,50,"4_1.mp3","music"
"4204","60bff9298f56d55c8ecd9adf",0,100,0,0,11,"5_14.mp3","music"
"4205","60bff9298f56d55c8ecd9adf",79,85,44,59,51,"10_2.mp3","music"
"4206","60bff9298f56d55c8ecd9adf",0,0,0,0,42,"4_2.mp3","music"
"4207","60bff9298f56d55c8ecd9adf",0,0,0,0,0,"7_13.mp3","music"
"4208","60bff9298f56d55c8ecd9adf",0,17,0,0,0,"12_2.mp3","music"
"4209","5f6b8930b9d9530b1b065360",0,0,38,0,0,"7_10.mp3","music"
"4210","5f6b8930b9d9530b1b065360",35,51,43,13,31,"8_2.mp3","music"
"4211","5f6b8930b9d9530b1b065360",25,41,57,22,28,"6_5.mp3","music"
"4212","5f6b8930b9d9530b1b065360",28,40,63,15,13,"11_10.mp3","music"
"4213","5f6b8930b9d9530b1b065360",0,0,0,0,13,"11_2.mp3","music"
"4214","5f6b8930b9d9530b1b065360",0,30,0,0,43,"4_2.mp3","music"
"4215","5f6b8930b9d9530b1b065360",3,13,0,0,23,"7_13.mp3","music"
"4216","5f6b8930b9d9530b1b065360",29,28,0,4,50,"2_1.mp3","music"
"4217","5f6b8930b9d9530b1b065360",0,26,7,0,13,"3_1.mp3","music"
"4218","5f6b8930b9d9530b1b065360",0,35,0,0,36,"11_11.mp3","music"
"4219","5f6b8930b9d9530b1b065360",18,38,31,0,24,"4_1.mp3","music"
"4220","5f6b8930b9d9530b1b065360",25,50,58,0,7,"6_10.mp3","music"
"4221","5f6b8930b9d9530b1b065360",11,38,33,0,8,"10_2.mp3","music"
"4222","5f6b8930b9d9530b1b065360",18,36,0,0,52,"12_2.mp3","music"
"4223","5f6b8930b9d9530b1b065360",0,7,0,0,10,"5_14.mp3","music"
"4224","5f6b8930b9d9530b1b065360",0,19,6,0,25,"10_1.mp3","music"
"4225","6754212bee2fa6f30842fb86",84,80,53,39,67,"10_2.mp3","music"
"4226","6754212bee2fa6f30842fb86",70,81,41,59,50,"7_10.mp3","music"
"4227","6754212bee2fa6f30842fb86",31,76,74,63,73,"10_1.mp3","music"
"4228","6754212bee2fa6f30842fb86",57,67,41,52,76,"7_13.mp3","music"
"4229","6754212bee2fa6f30842fb86",37,68,62,62,80,"2_1.mp3","music"
"4230","6754212bee2fa6f30842fb86",86,18,83,69,81,"8_2.mp3","music"
"4231","6754212bee2fa6f30842fb86",68,82,77,74,79,"4_2.mp3","music"
"4232","6754212bee2fa6f30842fb86",26,92,76,83,83,"6_5.mp3","music"
"4233","6754212bee2fa6f30842fb86",100,95,88,92,100,"12_2.mp3","music"
"4234","6754212bee2fa6f30842fb86",90,84,73,78,92,"3_1.mp3","music"
"4235","6754212bee2fa6f30842fb86",83,87,85,85,72,"5_14.mp3","music"
"4236","6754212bee2fa6f30842fb86",76,81,95,81,80,"4_1.mp3","music"
"4237","6754212bee2fa6f30842fb86",76,87,80,78,68,"11_11.mp3","music"
"4238","6754212bee2fa6f30842fb86",78,87,77,77,84,"11_2.mp3","music"
"4239","6754212bee2fa6f30842fb86",73,62,70,73,95,"11_10.mp3","music"
"4240","6754212bee2fa6f30842fb86",86,87,81,79,85,"6_10.mp3","music"
"4241","5d697ea28572fc000126b779",51,51,84,49,25,"6_10.mp3","music"
"4242","5d697ea28572fc000126b779",1,2,12,4,37,"11_2.mp3","music"
"4243","5d697ea28572fc000126b779",68,55,30,27,48,"8_2.mp3","music"
"4244","5d697ea28572fc000126b779",75,67,78,100,51,"6_5.mp3","music"
"4245","5d697ea28572fc000126b779",10,49,0,33,47,"5_14.mp3","music"
"4246","5d697ea28572fc000126b779",2,1,1,1,33,"7_13.mp3","music"
"4247","5d697ea28572fc000126b779",6,52,5,2,50,"4_2.mp3","music"
"4248","5d697ea28572fc000126b779",5,20,91,18,19,"11_10.mp3","music"
"4249","5d697ea28572fc000126b779",2,74,9,2,70,"11_11.mp3","music"
"4250","5d697ea28572fc000126b779",42,47,0,4,49,"10_1.mp3","music"
"4251","5d697ea28572fc000126b779",4,6,43,8,3,"7_10.mp3","music"
"4252","5d697ea28572fc000126b779",18,30,5,3,76,"2_1.mp3","music"
"4253","5d697ea28572fc000126b779",12,52,3,8,52,"12_2.mp3","music"
"4254","5d697ea28572fc000126b779",3,7,3,0,8,"3_1.mp3","music"
"4255","5d697ea28572fc000126b779",4,19,2,1,44,"10_2.mp3","music"
"4256","5d697ea28572fc000126b779",45,49,1,17,56,"4_1.mp3","music"
"4257","663dff19b292e4e2c5c11a1b",23,16,8,2,58,"7_13.mp3","music"
"4258","663dff19b292e4e2c5c11a1b",38,20,18,8,14,"6_5.mp3","music"
"4259","663dff19b292e4e2c5c11a1b",48,38,40,36,48,"10_1.mp3","music"
"4260","663dff19b292e4e2c5c11a1b",17,17,40,8,40,"11_10.mp3","music"
"4261","663dff19b292e4e2c5c11a1b",10,8,6,8,54,"11_11.mp3","music"
"4262","663dff19b292e4e2c5c11a1b",4,19,10,16,18,"4_2.mp3","music"
"4263","663dff19b292e4e2c5c11a1b",3,20,0,16,0,"6_10.mp3","music"
"4264","663dff19b292e4e2c5c11a1b",11,6,7,8,17,"10_2.mp3","music"
"4265","663dff19b292e4e2c5c11a1b",11,4,10,5,1,"11_2.mp3","music"
"4266","663dff19b292e4e2c5c11a1b",86,54,55,54,56,"8_2.mp3","music"
"4267","663dff19b292e4e2c5c11a1b",5,1,3,4,4,"5_14.mp3","music"
"4268","663dff19b292e4e2c5c11a1b",100,52,62,77,57,"12_2.mp3","music"
"4269","663dff19b292e4e2c5c11a1b",0,0,0,0,0,"7_10.mp3","music"
"4270","663dff19b292e4e2c5c11a1b",57,46,50,42,36,"4_1.mp3","music"
"4271","663dff19b292e4e2c5c11a1b",13,22,32,13,24,"3_1.mp3","music"
"4272","663dff19b292e4e2c5c11a1b",17,11,0,0,0,"2_1.mp3","music"
"4273","67001b28a9974a03b6ffec54",15,0,10,5,70,"12_2.mp3","music"
"4274","67001b28a9974a03b6ffec54",0,0,0,0,40,"7_10.mp3","music"
"4275","67001b28a9974a03b6ffec54",10,0,30,5,50,"10_2.mp3","music"
"4276","67001b28a9974a03b6ffec54",0,0,0,0,40,"3_1.mp3","music"
"4277","67001b28a9974a03b6ffec54",5,0,0,0,40,"4_2.mp3","music"
"4278","67001b28a9974a03b6ffec54",0,0,0,0,10,"11_2.mp3","music"
"4279","67001b28a9974a03b6ffec54",0,0,0,0,30,"5_14.mp3","music"
"4280","67001b28a9974a03b6ffec54",15,75,15,10,30,"6_5.mp3","music"
"4281","67001b28a9974a03b6ffec54",20,80,20,5,70,"8_2.mp3","music"
"4282","67001b28a9974a03b6ffec54",0,0,0,0,10,"4_1.mp3","music"
"4283","67001b28a9974a03b6ffec54",0,10,10,0,0,"6_10.mp3","music"
"4284","67001b28a9974a03b6ffec54",15,75,0,5,60,"10_1.mp3","music"
"4285","67001b28a9974a03b6ffec54",0,70,0,0,25,"7_13.mp3","music"
"4286","67001b28a9974a03b6ffec54",5,75,5,0,75,"2_1.mp3","music"
"4287","67001b28a9974a03b6ffec54",15,85,10,5,80,"11_10.mp3","music"
"4288","67001b28a9974a03b6ffec54",5,50,0,0,20,"11_11.mp3","music"
"4289","5db0a97f127d4000117cdfa0",0,0,1,1,1,"3_1.mp3","music"
"4290","5db0a97f127d4000117cdfa0",2,1,1,2,3,"11_11.mp3","music"
"4291","5db0a97f127d4000117cdfa0",0,0,0,0,0,"11_2.mp3","music"
"4292","5db0a97f127d4000117cdfa0",28,33,29,32,10,"4_1.mp3","music"
"4293","5db0a97f127d4000117cdfa0",1,14,0,6,19,"2_1.mp3","music"
"4294","5db0a97f127d4000117cdfa0",2,47,8,5,19,"7_10.mp3","music"
"4295","5db0a97f127d4000117cdfa0",0,0,0,0,0,"10_1.mp3","music"
"4296","5db0a97f127d4000117cdfa0",27,51,26,17,24,"6_5.mp3","music"
"4297","5db0a97f127d4000117cdfa0",0,47,25,0,11,"11_10.mp3","music"
"4298","5db0a97f127d4000117cdfa0",0,0,0,0,0,"10_2.mp3","music"
"4299","5db0a97f127d4000117cdfa0",0,0,0,0,0,"5_14.mp3","music"
"4300","5db0a97f127d4000117cdfa0",0,0,0,0,0,"4_2.mp3","music"
"4301","5db0a97f127d4000117cdfa0",16,46,2,0,20,"8_2.mp3","music"
"4302","5db0a97f127d4000117cdfa0",5,50,0,10,0,"6_10.mp3","music"
"4303","5db0a97f127d4000117cdfa0",0,0,0,0,0,"7_13.mp3","music"
"4304","5db0a97f127d4000117cdfa0",0,0,0,0,0,"12_2.mp3","music"
"4305","56d39b96da2aaa000dab6178",17,23,37,7,29,"6_10.mp3","music"
"4306","56d39b96da2aaa000dab6178",58,59,42,41,62,"2_1.mp3","music"
"4307","56d39b96da2aaa000dab6178",4,19,8,3,12,"11_11.mp3","music"
"4308","56d39b96da2aaa000dab6178",66,67,61,63,65,"8_2.mp3","music"
"4309","56d39b96da2aaa000dab6178",60,65,71,60,53,"4_1.mp3","music"
"4310","56d39b96da2aaa000dab6178",4,5,8,2,11,"3_1.mp3","music"
"4311","56d39b96da2aaa000dab6178",55,48,42,35,47,"10_1.mp3","music"
"4312","56d39b96da2aaa000dab6178",40,63,70,45,20,"10_2.mp3","music"
"4313","56d39b96da2aaa000dab6178",19,26,70,23,15,"11_10.mp3","music"
"4314","56d39b96da2aaa000dab6178",4,5,67,4,5,"7_10.mp3","music"
"4315","56d39b96da2aaa000dab6178",8,9,12,6,8,"4_2.mp3","music"
"4316","56d39b96da2aaa000dab6178",7,11,17,6,27,"5_14.mp3","music"
"4317","56d39b96da2aaa000dab6178",25,54,10,19,45,"7_13.mp3","music"
"4318","56d39b96da2aaa000dab6178",60,81,84,75,38,"6_5.mp3","music"
"4319","56d39b96da2aaa000dab6178",15,6,19,4,11,"11_2.mp3","music"
"4320","56d39b96da2aaa000dab6178",56,56,40,60,60,"12_2.mp3","music"
"4321","67296c945c2b23b3b4f9d079",0,43,1,7,69,"7_13.mp3","music"
"4322","67296c945c2b23b3b4f9d079",0,53,0,0,66,"4_2.mp3","music"
"4323","67296c945c2b23b3b4f9d079",85,72,85,86,49,"11_10.mp3","music"
"4324","67296c945c2b23b3b4f9d079",12,35,0,13,23,"2_1.mp3","music"
"4325","67296c945c2b23b3b4f9d079",64,58,69,81,30,"10_2.mp3","music"
"4326","67296c945c2b23b3b4f9d079",6,30,1,5,11,"11_2.mp3","music"
"4327","67296c945c2b23b3b4f9d079",0,35,0,0,4,"11_11.mp3","music"
"4328","67296c945c2b23b3b4f9d079",0,32,0,0,47,"12_2.mp3","music"
"4329","67296c945c2b23b3b4f9d079",59,64,67,69,19,"6_10.mp3","music"
"4330","67296c945c2b23b3b4f9d079",68,52,60,73,14,"10_1.mp3","music"
"4331","67296c945c2b23b3b4f9d079",0,27,0,0,19,"5_14.mp3","music"
"4332","67296c945c2b23b3b4f9d079",74,54,24,45,0,"6_5.mp3","music"
"4333","67296c945c2b23b3b4f9d079",0,31,10,0,0,"7_10.mp3","music"
"4334","67296c945c2b23b3b4f9d079",15,23,6,0,1,"4_1.mp3","music"
"4335","67296c945c2b23b3b4f9d079",77,10,42,56,8,"8_2.mp3","music"
"4336","67296c945c2b23b3b4f9d079",0,35,0,0,17,"3_1.mp3","music"
"4337","5d0d16d991270800010b7dd7",67,90,17,77,82,"12_2.mp3","music"
"4338","5d0d16d991270800010b7dd7",54,72,41,64,68,"8_2.mp3","music"
"4339","5d0d16d991270800010b7dd7",42,67,54,57,80,"5_14.mp3","music"
"4340","5d0d16d991270800010b7dd7",11,20,16,11,14,"2_1.mp3","music"
"4341","5d0d16d991270800010b7dd7",10,8,19,7,8,"6_10.mp3","music"
"4342","5d0d16d991270800010b7dd7",61,67,56,50,9,"6_5.mp3","music"
"4343","5d0d16d991270800010b7dd7",5,6,19,6,6,"7_10.mp3","music"
"4344","5d0d16d991270800010b7dd7",65,62,67,45,18,"11_2.mp3","music"
"4345","5d0d16d991270800010b7dd7",34,9,10,7,15,"11_11.mp3","music"
"4346","5d0d16d991270800010b7dd7",35,27,19,14,24,"4_1.mp3","music"
"4347","5d0d16d991270800010b7dd7",6,29,8,12,54,"7_13.mp3","music"
"4348","5d0d16d991270800010b7dd7",7,14,68,8,6,"11_10.mp3","music"
"4349","5d0d16d991270800010b7dd7",11,16,62,8,17,"4_2.mp3","music"
"4350","5d0d16d991270800010b7dd7",17,5,46,5,13,"3_1.mp3","music"
"4351","5d0d16d991270800010b7dd7",27,6,42,5,36,"10_2.mp3","music"
"4352","5d0d16d991270800010b7dd7",20,7,51,4,9,"10_1.mp3","music"
"4353","650b03136ab3d4c832d98b71",15,15,5,5,40,"5_14.mp3","music"
"4354","650b03136ab3d4c832d98b71",15,15,0,5,30,"4_2.mp3","music"
"4355","650b03136ab3d4c832d98b71",15,15,0,6,25,"3_1.mp3","music"
"4356","650b03136ab3d4c832d98b71",0,0,0,0,0,"7_10.mp3","music"
"4357","650b03136ab3d4c832d98b71",15,18,0,9,31,"7_13.mp3","music"
"4358","650b03136ab3d4c832d98b71",40,16,14,15,38,"4_1.mp3","music"
"4359","650b03136ab3d4c832d98b71",19,17,32,12,22,"6_5.mp3","music"
"4360","650b03136ab3d4c832d98b71",16,21,14,15,38,"8_2.mp3","music"
"4361","650b03136ab3d4c832d98b71",28,18,7,12,44,"10_1.mp3","music"
"4362","650b03136ab3d4c832d98b71",27,24,10,12,48,"12_2.mp3","music"
"4363","650b03136ab3d4c832d98b71",16,20,16,10,26,"10_2.mp3","music"
"4364","650b03136ab3d4c832d98b71",25,20,9,12,39,"2_1.mp3","music"
"4365","650b03136ab3d4c832d98b71",37,22,37,12,5,"11_10.mp3","music"
"4366","650b03136ab3d4c832d98b71",30,28,23,18,35,"6_10.mp3","music"
"4367","650b03136ab3d4c832d98b71",23,30,13,12,30,"11_2.mp3","music"
"4368","650b03136ab3d4c832d98b71",16,21,9,8,38,"11_11.mp3","music"
"4369","66c3f9c82a62ec48ab383e47",57,26,66,22,24,"6_10.mp3","music"
"4370","66c3f9c82a62ec48ab383e47",85,25,16,26,83,"4_1.mp3","music"
"4371","66c3f9c82a62ec48ab383e47",91,84,82,68,77,"12_2.mp3","music"
"4372","66c3f9c82a62ec48ab383e47",85,89,30,81,17,"7_13.mp3","music"
"4373","66c3f9c82a62ec48ab383e47",74,94,71,75,79,"10_2.mp3","music"
"4374","66c3f9c82a62ec48ab383e47",18,30,27,18,24,"2_1.mp3","music"
"4375","66c3f9c82a62ec48ab383e47",16,31,37,22,27,"7_10.mp3","music"
"4376","66c3f9c82a62ec48ab383e47",35,47,68,47,35,"11_11.mp3","music"
"4377","66c3f9c82a62ec48ab383e47",81,22,27,16,25,"8_2.mp3","music"
"4378","66c3f9c82a62ec48ab383e47",100,84,80,80,94,"5_14.mp3","music"
"4379","66c3f9c82a62ec48ab383e47",79,90,81,83,89,"4_2.mp3","music"
"4380","66c3f9c82a62ec48ab383e47",88,97,89,94,92,"10_1.mp3","music"
"4381","66c3f9c82a62ec48ab383e47",19,28,20,26,26,"11_10.mp3","music"
"4382","66c3f9c82a62ec48ab383e47",9,28,16,57,45,"6_5.mp3","music"
"4383","66c3f9c82a62ec48ab383e47",68,87,57,80,78,"3_1.mp3","music"
"4384","66c3f9c82a62ec48ab383e47",83,88,81,84,88,"11_2.mp3","music"
"4385","5981b8259c83ca00012bddcb",37,57,4,45,71,"4_1.mp3","music"
"4386","5981b8259c83ca00012bddcb",24,51,3,55,39,"2_1.mp3","music"
"4387","5981b8259c83ca00012bddcb",22,57,9,61,55,"4_2.mp3","music"
"4388","5981b8259c83ca00012bddcb",18,50,16,59,39,"10_2.mp3","music"
"4389","5981b8259c83ca00012bddcb",7,34,11,28,29,"11_10.mp3","music"
"4390","5981b8259c83ca00012bddcb",23,42,25,50,18,"6_5.mp3","music"
"4391","5981b8259c83ca00012bddcb",13,59,0,70,63,"7_13.mp3","music"
"4392","5981b8259c83ca00012bddcb",15,49,34,45,13,"11_2.mp3","music"
"4393","5981b8259c83ca00012bddcb",5,9,11,10,11,"7_10.mp3","music"
"4394","5981b8259c83ca00012bddcb",10,32,12,33,31,"5_14.mp3","music"
"4395","5981b8259c83ca00012bddcb",16,50,6,57,35,"10_1.mp3","music"
"4396","5981b8259c83ca00012bddcb",29,37,35,39,36,"8_2.mp3","music"
"4397","5981b8259c83ca00012bddcb",29,57,10,59,57,"12_2.mp3","music"
"4398","5981b8259c83ca00012bddcb",0,27,25,21,12,"6_10.mp3","music"
"4399","5981b8259c83ca00012bddcb",7,25,3,23,32,"11_11.mp3","music"
"4400","5981b8259c83ca00012bddcb",7,44,15,46,45,"3_1.mp3","music"
"4401","67ef2077db9c1beab477cbed",17,81,79,80,92,"11_2.mp3","music"
"4402","67ef2077db9c1beab477cbed",54,22,21,42,16,"6_10.mp3","music"
"4403","67ef2077db9c1beab477cbed",15,17,12,28,85,"7_13.mp3","music"
"4404","67ef2077db9c1beab477cbed",19,31,52,34,31,"2_1.mp3","music"
"4405","67ef2077db9c1beab477cbed",80,84,86,85,82,"8_2.mp3","music"
"4406","67ef2077db9c1beab477cbed",89,95,71,79,82,"3_1.mp3","music"
"4407","67ef2077db9c1beab477cbed",9,21,30,17,23,"6_5.mp3","music"
"4408","67ef2077db9c1beab477cbed",83,93,77,88,87,"10_2.mp3","music"
"4409","67ef2077db9c1beab477cbed",79,88,69,86,84,"12_2.mp3","music"
"4410","67ef2077db9c1beab477cbed",9,17,20,20,15,"7_10.mp3","music"
"4411","67ef2077db9c1beab477cbed",90,96,72,86,90,"10_1.mp3","music"
"4412","67ef2077db9c1beab477cbed",81,34,27,23,25,"5_14.mp3","music"
"4413","67ef2077db9c1beab477cbed",64,89,79,83,87,"4_2.mp3","music"
"4414","67ef2077db9c1beab477cbed",83,91,71,82,91,"11_10.mp3","music"
"4415","67ef2077db9c1beab477cbed",77,87,74,81,86,"4_1.mp3","music"
"4416","67ef2077db9c1beab477cbed",80,76,76,74,88,"11_11.mp3","music"
"4417","63174b4e900ff6c7b0444f29",62,55,75,57,47,"10_2.mp3","music"
"4418","63174b4e900ff6c7b0444f29",0,0,6,0,0,"7_10.mp3","music"
"4419","63174b4e900ff6c7b0444f29",60,66,5,41,92,"5_14.mp3","music"
"4420","63174b4e900ff6c7b0444f29",12,4,0,11,70,"7_13.mp3","music"
"4421","63174b4e900ff6c7b0444f29",3,0,0,1,71,"4_2.mp3","music"
"4422","63174b4e900ff6c7b0444f29",20,51,1,20,71,"3_1.mp3","music"
"4423","63174b4e900ff6c7b0444f29",12,22,0,6,86,"11_11.mp3","music"
"4424","63174b4e900ff6c7b0444f29",81,77,78,58,50,"8_2.mp3","music"
"4425","63174b4e900ff6c7b0444f29",24,35,0,20,82,"2_1.mp3","music"
"4426","63174b4e900ff6c7b0444f29",73,76,0,62,84,"12_2.mp3","music"
"4427","63174b4e900ff6c7b0444f29",82,69,65,66,57,"4_1.mp3","music"
"4428","63174b4e900ff6c7b0444f29",91,79,89,80,50,"6_5.mp3","music"
"4429","63174b4e900ff6c7b0444f29",11,29,0,11,66,"11_2.mp3","music"
"4430","63174b4e900ff6c7b0444f29",62,66,20,50,74,"10_1.mp3","music"
"4431","63174b4e900ff6c7b0444f29",49,38,61,38,50,"6_10.mp3","music"
"4432","63174b4e900ff6c7b0444f29",6,4,7,3,5,"11_10.mp3","music"
"4433","56e6a66af6ed900006a5867c",58,48,8,25,78,"4_2.mp3","music"
"4434","56e6a66af6ed900006a5867c",10,7,45,6,13,"7_10.mp3","music"
"4435","56e6a66af6ed900006a5867c",30,35,68,45,14,"6_10.mp3","music"
"4436","56e6a66af6ed900006a5867c",49,74,84,41,35,"11_10.mp3","music"
"4437","56e6a66af6ed900006a5867c",49,58,13,64,84,"11_11.mp3","music"
"4438","56e6a66af6ed900006a5867c",14,15,9,13,64,"3_1.mp3","music"
"4439","56e6a66af6ed900006a5867c",9,21,10,13,68,"5_14.mp3","music"
"4440","56e6a66af6ed900006a5867c",70,43,77,64,17,"6_5.mp3","music"
"4441","56e6a66af6ed900006a5867c",50,20,20,40,73,"7_13.mp3","music"
"4442","56e6a66af6ed900006a5867c",61,62,52,81,87,"4_1.mp3","music"
"4443","56e6a66af6ed900006a5867c",19,9,79,22,16,"11_2.mp3","music"
"4444","56e6a66af6ed900006a5867c",72,74,61,81,81,"10_2.mp3","music"
"4445","56e6a66af6ed900006a5867c",83,43,31,43,64,"8_2.mp3","music"
"4446","56e6a66af6ed900006a5867c",65,38,18,34,63,"2_1.mp3","music"
"4447","56e6a66af6ed900006a5867c",22,18,8,17,50,"12_2.mp3","music"
"4448","56e6a66af6ed900006a5867c",42,78,15,19,77,"10_1.mp3","music"
"4449","55bb9ae7fdf99b26d27fda01",21,24,24,16,16,"3_1.mp3","music"
"4450","55bb9ae7fdf99b26d27fda01",13,26,29,18,23,"7_10.mp3","music"
"4451","55bb9ae7fdf99b26d27fda01",19,21,51,18,11,"10_2.mp3","music"
"4452","55bb9ae7fdf99b26d27fda01",52,53,26,14,25,"8_2.mp3","music"
"4453","55bb9ae7fdf99b26d27fda01",18,60,59,48,25,"4_1.mp3","music"
"4454","55bb9ae7fdf99b26d27fda01",9,22,21,12,19,"6_10.mp3","music"
"4455","55bb9ae7fdf99b26d27fda01",49,34,52,54,52,"12_2.mp3","music"
"4456","55bb9ae7fdf99b26d27fda01",15,18,57,17,15,"6_5.mp3","music"
"4457","55bb9ae7fdf99b26d27fda01",43,42,48,29,54,"10_1.mp3","music"
"4458","55bb9ae7fdf99b26d27fda01",9,23,57,13,14,"11_10.mp3","music"
"4459","55bb9ae7fdf99b26d27fda01",18,61,48,64,21,"2_1.mp3","music"
"4460","55bb9ae7fdf99b26d27fda01",34,11,63,22,17,"4_2.mp3","music"
"4461","55bb9ae7fdf99b26d27fda01",17,21,21,20,55,"5_14.mp3","music"
"4462","55bb9ae7fdf99b26d27fda01",54,65,61,58,21,"11_2.mp3","music"
"4463","55bb9ae7fdf99b26d27fda01",7,25,27,21,57,"11_11.mp3","music"
"4464","55bb9ae7fdf99b26d27fda01",13,17,24,12,19,"7_13.mp3","music"
"4465","67e944da95c1ca7712027013",75,79,75,83,66,"5_14.mp3","music"
"4466","67e944da95c1ca7712027013",83,87,83,82,82,"8_2.mp3","music"
"4467","67e944da95c1ca7712027013",56,83,84,86,84,"3_1.mp3","music"
"4468","67e944da95c1ca7712027013",81,64,70,88,76,"11_10.mp3","music"
"4469","67e944da95c1ca7712027013",49,57,53,55,46,"10_2.mp3","music"
"4470","67e944da95c1ca7712027013",34,54,68,61,69,"4_1.mp3","music"
"4471","67e944da95c1ca7712027013",71,52,47,59,66,"12_2.mp3","music"
"4472","67e944da95c1ca7712027013",59,81,50,83,76,"11_11.mp3","music"
"4473","67e944da95c1ca7712027013",83,85,84,84,16,"10_1.mp3","music"
"4474","67e944da95c1ca7712027013",88,77,78,81,67,"6_10.mp3","music"
"4475","67e944da95c1ca7712027013",82,64,73,88,36,"4_2.mp3","music"
"4476","67e944da95c1ca7712027013",73,90,84,98,86,"6_5.mp3","music"
"4477","67e944da95c1ca7712027013",75,82,61,85,84,"7_10.mp3","music"
"4478","67e944da95c1ca7712027013",86,75,87,72,58,"11_2.mp3","music"
"4479","67e944da95c1ca7712027013",78,67,91,77,77,"2_1.mp3","music"
"4480","67e944da95c1ca7712027013",78,74,74,87,14,"7_13.mp3","music"
"4481","66b504cd131c63b36b682b8d",10,20,0,10,20,"10_2.mp3","music"
"4482","66b504cd131c63b36b682b8d",5,0,0,0,10,"5_14.mp3","music"
"4483","66b504cd131c63b36b682b8d",10,5,5,5,10,"11_10.mp3","music"
"4484","66b504cd131c63b36b682b8d",0,8,0,5,24,"12_2.mp3","music"
"4485","66b504cd131c63b36b682b8d",0,11,0,0,29,"11_11.mp3","music"
"4486","66b504cd131c63b36b682b8d",0,0,0,0,15,"7_13.mp3","music"
"4487","66b504cd131c63b36b682b8d",3,11,0,1,3,"6_10.mp3","music"
"4488","66b504cd131c63b36b682b8d",0,5,0,0,14,"4_2.mp3","music"
"4489","66b504cd131c63b36b682b8d",12,9,0,11,29,"2_1.mp3","music"
"4490","66b504cd131c63b36b682b8d",0,0,0,0,7,"3_1.mp3","music"
"4491","66b504cd131c63b36b682b8d",0,6,0,0,7,"8_2.mp3","music"
"4492","66b504cd131c63b36b682b8d",0,8,0,3,25,"10_1.mp3","music"
"4493","66b504cd131c63b36b682b8d",21,8,18,16,7,"6_5.mp3","music"
"4494","66b504cd131c63b36b682b8d",0,0,0,0,5,"11_2.mp3","music"
"4495","66b504cd131c63b36b682b8d",0,0,9,0,0,"7_10.mp3","music"
"4496","66b504cd131c63b36b682b8d",0,0,0,0,0,"4_1.mp3","music"
"4497","65c12e15de9c876d82fcd335",83,67,76,82,0,"6_5.mp3","music"
"4498","65c12e15de9c876d82fcd335",35,44,25,10,72,"11_11.mp3","music"
"4499","65c12e15de9c876d82fcd335",0,8,0,0,0,"3_1.mp3","music"
"4500","65c12e15de9c876d82fcd335",0,0,0,0,0,"11_2.mp3","music"
"4501","65c12e15de9c876d82fcd335",67,44,76,67,34,"4_1.mp3","music"
"4502","65c12e15de9c876d82fcd335",63,47,20,14,65,"2_1.mp3","music"
"4503","65c12e15de9c876d82fcd335",39,51,38,32,26,"7_13.mp3","music"
"4504","65c12e15de9c876d82fcd335",65,57,78,70,15,"10_2.mp3","music"
"4505","65c12e15de9c876d82fcd335",47,57,56,69,0,"10_1.mp3","music"
"4506","65c12e15de9c876d82fcd335",49,45,34,28,16,"12_2.mp3","music"
"4507","65c12e15de9c876d82fcd335",0,0,0,0,0,"4_2.mp3","music"
"4508","65c12e15de9c876d82fcd335",71,39,51,51,9,"8_2.mp3","music"
"4509","65c12e15de9c876d82fcd335",81,68,63,58,15,"6_10.mp3","music"
"4510","65c12e15de9c876d82fcd335",0,0,0,0,0,"7_10.mp3","music"
"4511","65c12e15de9c876d82fcd335",0,26,0,0,40,"5_14.mp3","music"
"4512","65c12e15de9c876d82fcd335",0,14,15,0,0,"11_10.mp3","music"
"4513","5e9a2251a69f690b9cc31ede",40,24,7,38,68,"8_2.mp3","music"
"4514","5e9a2251a69f690b9cc31ede",1,2,0,0,2,"5_14.mp3","music"
"4515","5e9a2251a69f690b9cc31ede",1,0,3,1,1,"7_10.mp3","music"
"4516","5e9a2251a69f690b9cc31ede",29,11,1,11,21,"12_2.mp3","music"
"4517","5e9a2251a69f690b9cc31ede",23,2,18,15,0,"6_10.mp3","music"
"4518","5e9a2251a69f690b9cc31ede",52,19,80,63,14,"6_5.mp3","music"
"4519","5e9a2251a69f690b9cc31ede",0,0,1,2,1,"11_2.mp3","music"
"4520","5e9a2251a69f690b9cc31ede",46,41,20,30,50,"4_1.mp3","music"
"4521","5e9a2251a69f690b9cc31ede",1,21,0,1,16,"4_2.mp3","music"
"4522","5e9a2251a69f690b9cc31ede",44,46,63,26,59,"10_1.mp3","music"
"4523","5e9a2251a69f690b9cc31ede",54,47,57,49,59,"10_2.mp3","music"
"4524","5e9a2251a69f690b9cc31ede",51,37,28,37,19,"7_13.mp3","music"
"4525","5e9a2251a69f690b9cc31ede",9,4,4,1,17,"11_11.mp3","music"
"4526","5e9a2251a69f690b9cc31ede",2,42,67,2,1,"11_10.mp3","music"
"4527","5e9a2251a69f690b9cc31ede",29,44,21,9,84,"2_1.mp3","music"
"4528","5e9a2251a69f690b9cc31ede",3,39,3,4,54,"3_1.mp3","music"
"4529","5b9efb73d1ff7a00013bfe84",0,6,0,0,12,"4_2.mp3","music"
"4530","5b9efb73d1ff7a00013bfe84",0,2,0,0,4,"7_13.mp3","music"
"4531","5b9efb73d1ff7a00013bfe84",0,9,0,0,12,"11_2.mp3","music"
"4532","5b9efb73d1ff7a00013bfe84",0,2,0,0,15,"12_2.mp3","music"
"4533","5b9efb73d1ff7a00013bfe84",0,0,0,0,19,"5_14.mp3","music"
"4534","5b9efb73d1ff7a00013bfe84",3,16,0,0,15,"8_2.mp3","music"
"4535","5b9efb73d1ff7a00013bfe84",0,6,0,0,28,"2_1.mp3","music"
"4536","5b9efb73d1ff7a00013bfe84",22,36,23,0,0,"11_10.mp3","music"
"4537","5b9efb73d1ff7a00013bfe84",3,25,30,0,0,"6_10.mp3","music"
"4538","5b9efb73d1ff7a00013bfe84",0,0,0,0,20,"11_11.mp3","music"
"4539","5b9efb73d1ff7a00013bfe84",17,14,44,4,6,"10_2.mp3","music"
"4540","5b9efb73d1ff7a00013bfe84",1,55,50,0,0,"7_10.mp3","music"
"4541","5b9efb73d1ff7a00013bfe84",1,12,4,0,32,"10_1.mp3","music"
"4542","5b9efb73d1ff7a00013bfe84",0,9,0,0,63,"3_1.mp3","music"
"4543","5b9efb73d1ff7a00013bfe84",0,18,0,0,35,"4_1.mp3","music"
"4544","5b9efb73d1ff7a00013bfe84",0,6,19,0,0,"6_5.mp3","music"
"4545","677c358117d1ac70048fd3c6",72,74,56,76,80,"10_2.mp3","music"
"4546","677c358117d1ac70048fd3c6",55,76,67,76,65,"6_5.mp3","music"
"4547","677c358117d1ac70048fd3c6",71,64,70,70,70,"12_2.mp3","music"
"4548","677c358117d1ac70048fd3c6",73,74,60,77,76,"2_1.mp3","music"
"4549","677c358117d1ac70048fd3c6",60,74,71,79,82,"4_1.mp3","music"
"4550","677c358117d1ac70048fd3c6",83,71,79,74,58,"11_10.mp3","music"
"4551","677c358117d1ac70048fd3c6",73,70,59,74,76,"8_2.mp3","music"
"4552","677c358117d1ac70048fd3c6",66,75,0,76,72,"5_14.mp3","music"
"4553","677c358117d1ac70048fd3c6",76,77,76,81,74,"4_2.mp3","music"
"4554","677c358117d1ac70048fd3c6",71,73,74,77,73,"11_2.mp3","music"
"4555","677c358117d1ac70048fd3c6",64,63,53,74,80,"3_1.mp3","music"
"4556","677c358117d1ac70048fd3c6",29,46,67,47,30,"7_10.mp3","music"
"4557","677c358117d1ac70048fd3c6",66,70,40,71,66,"10_1.mp3","music"
"4558","677c358117d1ac70048fd3c6",57,75,47,76,60,"11_11.mp3","music"
"4559","677c358117d1ac70048fd3c6",64,75,50,76,76,"7_13.mp3","music"
"4560","677c358117d1ac70048fd3c6",50,76,65,79,34,"6_10.mp3","music"
"4561","67e73cc7cf25bb683f36f62c",62,56,63,61,63,"8_2.mp3","music"
"4562","67e73cc7cf25bb683f36f62c",65,62,67,61,62,"12_2.mp3","music"
"4563","67e73cc7cf25bb683f36f62c",58,67,75,74,59,"10_1.mp3","music"
"4564","67e73cc7cf25bb683f36f62c",77,63,68,63,62,"10_2.mp3","music"
"4565","67e73cc7cf25bb683f36f62c",66,28,66,72,63,"6_5.mp3","music"
"4566","67e73cc7cf25bb683f36f62c",71,18,71,72,26,"3_1.mp3","music"
"4567","67e73cc7cf25bb683f36f62c",69,63,72,64,70,"11_11.mp3","music"
"4568","67e73cc7cf25bb683f36f62c",68,89,79,68,5,"11_2.mp3","music"
"4569","67e73cc7cf25bb683f36f62c",78,69,67,69,63,"2_1.mp3","music"
"4570","67e73cc7cf25bb683f36f62c",27,24,64,21,66,"7_10.mp3","music"
"4571","67e73cc7cf25bb683f36f62c",84,78,1,67,68,"6_10.mp3","music"
"4572","67e73cc7cf25bb683f36f62c",63,71,64,69,60,"11_10.mp3","music"
"4573","67e73cc7cf25bb683f36f62c",66,60,59,53,30,"4_2.mp3","music"
"4574","67e73cc7cf25bb683f36f62c",66,68,60,64,54,"5_14.mp3","music"
"4575","67e73cc7cf25bb683f36f62c",66,82,81,68,79,"4_1.mp3","music"
"4576","67e73cc7cf25bb683f36f62c",74,63,82,71,0,"7_13.mp3","music"
"4577","676334ae578dda6ef33f5886",100,100,100,99,75,"7_10.mp3","music"
"4578","676334ae578dda6ef33f5886",87,80,94,96,83,"6_10.mp3","music"
"4579","676334ae578dda6ef33f5886",55,43,41,47,50,"5_14.mp3","music"
"4580","676334ae578dda6ef33f5886",76,84,83,82,45,"4_1.mp3","music"
"4581","676334ae578dda6ef33f5886",47,54,51,53,51,"10_1.mp3","music"
"4582","676334ae578dda6ef33f5886",50,51,49,51,44,"11_10.mp3","music"
"4583","676334ae578dda6ef33f5886",49,52,49,47,50,"10_2.mp3","music"
"4584","676334ae578dda6ef33f5886",81,49,71,52,63,"11_2.mp3","music"
"4585","676334ae578dda6ef33f5886",79,91,68,86,51,"12_2.mp3","music"
"4586","676334ae578dda6ef33f5886",83,75,71,74,81,"6_5.mp3","music"
"4587","676334ae578dda6ef33f5886",82,93,87,81,90,"2_1.mp3","music"
"4588","676334ae578dda6ef33f5886",100,100,77,100,36,"3_1.mp3","music"
"4589","676334ae578dda6ef33f5886",72,82,73,91,64,"8_2.mp3","music"
"4590","676334ae578dda6ef33f5886",79,97,96,96,95,"7_13.mp3","music"
"4591","676334ae578dda6ef33f5886",50,46,51,52,46,"11_11.mp3","music"
"4592","676334ae578dda6ef33f5886",59,53,47,54,51,"4_2.mp3","music"
"4593","63268ad93b6ecc1acf782a21",0,62,0,0,67,"11_2.mp3","music"
"4594","63268ad93b6ecc1acf782a21",58,52,70,74,63,"6_5.mp3","music"
"4595","63268ad93b6ecc1acf782a21",0,39,0,6,46,"2_1.mp3","music"
"4596","63268ad93b6ecc1acf782a21",0,11,0,0,46,"4_2.mp3","music"
"4597","63268ad93b6ecc1acf782a21",0,8,4,12,9,"6_10.mp3","music"
"4598","63268ad93b6ecc1acf782a21",0,0,0,0,0,"11_10.mp3","music"
"4599","63268ad93b6ecc1acf782a21",0,15,0,0,9,"8_2.mp3","music"
"4600","63268ad93b6ecc1acf782a21",32,30,16,20,37,"4_1.mp3","music"
"4601","63268ad93b6ecc1acf782a21",22,63,9,8,73,"10_1.mp3","music"
"4602","63268ad93b6ecc1acf782a21",12,45,24,33,48,"10_2.mp3","music"
"4603","63268ad93b6ecc1acf782a21",47,47,10,41,65,"12_2.mp3","music"
"4604","63268ad93b6ecc1acf782a21",0,20,0,0,43,"7_13.mp3","music"
"4605","63268ad93b6ecc1acf782a21",0,32,0,0,25,"11_11.mp3","music"
"4606","63268ad93b6ecc1acf782a21",0,16,0,0,19,"5_14.mp3","music"
"4607","63268ad93b6ecc1acf782a21",0,26,0,0,46,"3_1.mp3","music"
"4608","63268ad93b6ecc1acf782a21",0,0,0,0,0,"7_10.mp3","music"
"4609","663e4e95e7e0acca1b1cd005",0,0,0,0,0,"7_10.mp3","music"
"4610","663e4e95e7e0acca1b1cd005",1,0,0,40,0,"4_2.mp3","music"
"4611","663e4e95e7e0acca1b1cd005",26,26,27,18,0,"10_1.mp3","music"
"4612","663e4e95e7e0acca1b1cd005",0,0,0,0,1,"11_11.mp3","music"
"4613","663e4e95e7e0acca1b1cd005",0,26,8,0,0,"6_10.mp3","music"
"4614","663e4e95e7e0acca1b1cd005",0,0,0,0,50,"3_1.mp3","music"
"4615","663e4e95e7e0acca1b1cd005",0,0,0,0,0,"11_2.mp3","music"
"4616","663e4e95e7e0acca1b1cd005",0,0,0,0,0,"10_2.mp3","music"
"4617","663e4e95e7e0acca1b1cd005",0,0,42,0,0,"11_10.mp3","music"
"4618","663e4e95e7e0acca1b1cd005",0,0,0,0,0,"6_5.mp3","music"
"4619","663e4e95e7e0acca1b1cd005",0,0,0,0,13,"5_14.mp3","music"
"4620","663e4e95e7e0acca1b1cd005",0,0,0,0,0,"7_13.mp3","music"
"4621","663e4e95e7e0acca1b1cd005",0,0,0,0,0,"2_1.mp3","music"
"4622","663e4e95e7e0acca1b1cd005",25,29,0,8,11,"8_2.mp3","music"
"4623","663e4e95e7e0acca1b1cd005",0,47,0,32,0,"12_2.mp3","music"
"4624","663e4e95e7e0acca1b1cd005",75,100,69,78,2,"4_1.mp3","music"
"4625","671d5f4c6dae15f98003d7b2",67,50,76,67,81,"8_2.mp3","music"
"4626","671d5f4c6dae15f98003d7b2",96,98,99,100,93,"6_10.mp3","music"
"4627","671d5f4c6dae15f98003d7b2",66,98,95,98,11,"6_5.mp3","music"
"4628","671d5f4c6dae15f98003d7b2",98,99,99,97,97,"4_1.mp3","music"
"4629","671d5f4c6dae15f98003d7b2",61,95,75,94,79,"2_1.mp3","music"
"4630","671d5f4c6dae15f98003d7b2",81,73,88,42,94,"12_2.mp3","music"
"4631","671d5f4c6dae15f98003d7b2",59,67,30,51,42,"11_2.mp3","music"
"4632","671d5f4c6dae15f98003d7b2",84,94,85,94,85,"7_10.mp3","music"
"4633","671d5f4c6dae15f98003d7b2",82,86,85,88,83,"4_2.mp3","music"
"4634","671d5f4c6dae15f98003d7b2",74,95,88,94,82,"11_11.mp3","music"
"4635","671d5f4c6dae15f98003d7b2",2,1,2,0,1,"3_1.mp3","music"
"4636","671d5f4c6dae15f98003d7b2",6,2,2,3,9,"5_14.mp3","music"
"4637","671d5f4c6dae15f98003d7b2",88,64,100,89,97,"10_1.mp3","music"
"4638","671d5f4c6dae15f98003d7b2",1,3,3,1,3,"7_13.mp3","music"
"4639","671d5f4c6dae15f98003d7b2",0,6,3,2,3,"10_2.mp3","music"
"4640","671d5f4c6dae15f98003d7b2",1,73,50,88,22,"11_10.mp3","music"
"4641","6824fd5f12b792fdaec9b2be",86,100,100,100,100,"8_2.mp3","music"
"4642","6824fd5f12b792fdaec9b2be",55,100,85,67,100,"6_5.mp3","music"
"4643","6824fd5f12b792fdaec9b2be",71,100,76,61,100,"2_1.mp3","music"
"4644","6824fd5f12b792fdaec9b2be",64,97,78,58,100,"7_10.mp3","music"
"4645","6824fd5f12b792fdaec9b2be",92,100,73,77,100,"10_2.mp3","music"
"4646","6824fd5f12b792fdaec9b2be",75,100,90,72,100,"4_2.mp3","music"
"4647","6824fd5f12b792fdaec9b2be",63,100,89,74,100,"7_13.mp3","music"
"4648","6824fd5f12b792fdaec9b2be",65,100,84,77,100,"11_11.mp3","music"
"4649","6824fd5f12b792fdaec9b2be",87,98,100,83,100,"5_14.mp3","music"
"4650","6824fd5f12b792fdaec9b2be",89,95,100,94,100,"4_1.mp3","music"
"4651","6824fd5f12b792fdaec9b2be",45,100,83,79,100,"10_1.mp3","music"
"4652","6824fd5f12b792fdaec9b2be",79,100,86,81,100,"6_10.mp3","music"
"4653","6824fd5f12b792fdaec9b2be",85,100,100,100,100,"3_1.mp3","music"
"4654","6824fd5f12b792fdaec9b2be",86,100,76,90,100,"12_2.mp3","music"
"4655","6824fd5f12b792fdaec9b2be",79,100,92,78,100,"11_2.mp3","music"
"4656","6824fd5f12b792fdaec9b2be",70,94,73,55,89,"11_10.mp3","music"
"4657","66293a86e40515e886439323",12,13,2,13,42,"8_2.mp3","music"
"4658","66293a86e40515e886439323",14,0,0,0,0,"6_10.mp3","music"
"4659","66293a86e40515e886439323",20,34,0,0,20,"11_10.mp3","music"
"4660","66293a86e40515e886439323",30,30,0,0,72,"4_2.mp3","music"
"4661","66293a86e40515e886439323",19,23,0,0,75,"7_13.mp3","music"
"4662","66293a86e40515e886439323",0,28,0,0,58,"11_11.mp3","music"
"4663","66293a86e40515e886439323",30,28,0,37,67,"12_2.mp3","music"
"4664","66293a86e40515e886439323",0,29,0,0,68,"3_1.mp3","music"
"4665","66293a86e40515e886439323",0,0,0,0,0,"4_1.mp3","music"
"4666","66293a86e40515e886439323",0,0,0,0,0,"11_2.mp3","music"
"4667","66293a86e40515e886439323",0,0,0,0,38,"5_14.mp3","music"
"4668","66293a86e40515e886439323",0,0,0,0,0,"2_1.mp3","music"
"4669","66293a86e40515e886439323",9,57,0,0,36,"10_1.mp3","music"
"4670","66293a86e40515e886439323",0,0,0,0,0,"6_5.mp3","music"
"4671","66293a86e40515e886439323",0,0,16,0,0,"7_10.mp3","music"
"4672","66293a86e40515e886439323",0,0,0,0,0,"10_2.mp3","music"
"4673","62b20c0065e9809e66d13fa5",70,78,51,35,86,"4_1.mp3","music"
"4674","62b20c0065e9809e66d13fa5",49,73,52,34,80,"3_1.mp3","music"
"4675","62b20c0065e9809e66d13fa5",41,77,66,21,44,"10_1.mp3","music"
"4676","62b20c0065e9809e66d13fa5",23,29,14,0,90,"12_2.mp3","music"
"4677","62b20c0065e9809e66d13fa5",25,65,40,0,80,"7_13.mp3","music"
"4678","62b20c0065e9809e66d13fa5",45,65,0,0,75,"11_2.mp3","music"
"4679","62b20c0065e9809e66d13fa5",0,10,20,0,0,"7_10.mp3","music"
"4680","62b20c0065e9809e66d13fa5",50,46,0,0,95,"4_2.mp3","music"
"4681","62b20c0065e9809e66d13fa5",30,52,0,0,89,"5_14.mp3","music"
"4682","62b20c0065e9809e66d13fa5",28,25,0,0,84,"2_1.mp3","music"
"4683","62b20c0065e9809e66d13fa5",46,51,70,19,28,"6_5.mp3","music"
"4684","62b20c0065e9809e66d13fa5",30,70,0,0,90,"11_11.mp3","music"
"4685","62b20c0065e9809e66d13fa5",20,50,0,10,100,"10_2.mp3","music"
"4686","62b20c0065e9809e66d13fa5",35,63,70,28,20,"6_10.mp3","music"
"4687","62b20c0065e9809e66d13fa5",49,68,89,23,12,"11_10.mp3","music"
"4688","62b20c0065e9809e66d13fa5",48,65,71,30,29,"8_2.mp3","music"
"4689","67f2fbc77b115d1edb94ef11",61,83,70,63,54,"4_2.mp3","music"
"4690","67f2fbc77b115d1edb94ef11",15,67,86,51,68,"11_11.mp3","music"
"4691","67f2fbc77b115d1edb94ef11",77,81,62,68,73,"3_1.mp3","music"
"4692","67f2fbc77b115d1edb94ef11",72,82,74,73,80,"4_1.mp3","music"
"4693","67f2fbc77b115d1edb94ef11",74,23,30,11,56,"10_2.mp3","music"
"4694","67f2fbc77b115d1edb94ef11",68,74,60,62,79,"10_1.mp3","music"
"4695","67f2fbc77b115d1edb94ef11",77,71,66,81,78,"6_10.mp3","music"
"4696","67f2fbc77b115d1edb94ef11",70,68,67,85,80,"11_2.mp3","music"
"4697","67f2fbc77b115d1edb94ef11",61,21,24,48,71,"5_14.mp3","music"
"4698","67f2fbc77b115d1edb94ef11",78,77,75,90,86,"11_10.mp3","music"
"4699","67f2fbc77b115d1edb94ef11",80,83,74,80,91,"7_13.mp3","music"
"4700","67f2fbc77b115d1edb94ef11",69,76,84,68,70,"8_2.mp3","music"
"4701","67f2fbc77b115d1edb94ef11",27,57,69,37,71,"12_2.mp3","music"
"4702","67f2fbc77b115d1edb94ef11",57,85,76,76,69,"7_10.mp3","music"
"4703","67f2fbc77b115d1edb94ef11",37,82,80,83,88,"2_1.mp3","music"
"4704","67f2fbc77b115d1edb94ef11",81,85,72,70,98,"6_5.mp3","music"
"4705","5a443812817d1800018d1179",36,7,12,13,18,"6_5.mp3","music"
"4706","5a443812817d1800018d1179",12,1,13,4,3,"11_10.mp3","music"
"4707","5a443812817d1800018d1179",8,2,6,2,6,"11_11.mp3","music"
"4708","5a443812817d1800018d1179",1,1,1,1,5,"6_10.mp3","music"
"4709","5a443812817d1800018d1179",1,1,3,1,3,"4_1.mp3","music"
"4710","5a443812817d1800018d1179",1,1,3,1,6,"8_2.mp3","music"
"4711","5a443812817d1800018d1179",0,1,4,1,8,"3_1.mp3","music"
"4712","5a443812817d1800018d1179",1,1,5,1,1,"7_10.mp3","music"
"4713","5a443812817d1800018d1179",10,2,6,2,20,"4_2.mp3","music"
"4714","5a443812817d1800018d1179",8,1,4,1,8,"10_1.mp3","music"
"4715","5a443812817d1800018d1179",12,1,15,7,19,"11_2.mp3","music"
"4716","5a443812817d1800018d1179",26,50,6,18,43,"7_13.mp3","music"
"4717","5a443812817d1800018d1179",26,49,10,37,51,"2_1.mp3","music"
"4718","5a443812817d1800018d1179",24,39,0,21,39,"5_14.mp3","music"
"4719","5a443812817d1800018d1179",55,39,32,30,18,"10_2.mp3","music"
"4720","5a443812817d1800018d1179",51,45,40,32,47,"12_2.mp3","music"
"4721","6407946a4bb4212372843398",20,60,10,55,50,"10_1.mp3","music"
"4722","6407946a4bb4212372843398",75,60,70,70,60,"8_2.mp3","music"
"4723","6407946a4bb4212372843398",20,0,0,10,65,"12_2.mp3","music"
"4724","6407946a4bb4212372843398",10,0,20,10,60,"3_1.mp3","music"
"4725","6407946a4bb4212372843398",60,20,70,60,25,"11_10.mp3","music"
"4726","6407946a4bb4212372843398",10,0,0,0,20,"11_2.mp3","music"
"4727","6407946a4bb4212372843398",10,20,0,0,40,"2_1.mp3","music"
"4728","6407946a4bb4212372843398",0,0,0,0,0,"4_2.mp3","music"
"4729","6407946a4bb4212372843398",95,80,80,90,75,"10_2.mp3","music"
"4730","6407946a4bb4212372843398",20,0,0,0,40,"5_14.mp3","music"
"4731","6407946a4bb4212372843398",0,0,0,0,0,"7_13.mp3","music"
"4732","6407946a4bb4212372843398",30,0,0,0,25,"11_11.mp3","music"
"4733","6407946a4bb4212372843398",80,70,80,80,60,"4_1.mp3","music"
"4734","6407946a4bb4212372843398",100,75,100,100,60,"6_5.mp3","music"
"4735","6407946a4bb4212372843398",0,0,0,0,0,"7_10.mp3","music"
"4736","6407946a4bb4212372843398",50,30,30,50,50,"6_10.mp3","music"
"4737","63f82a4ff43ec144ca3622a8",50,50,52,52,51,"7_10.mp3","music"
"4738","63f82a4ff43ec144ca3622a8",52,53,52,57,53,"6_10.mp3","music"
"4739","63f82a4ff43ec144ca3622a8",51,51,54,52,52,"4_1.mp3","music"
"4740","63f82a4ff43ec144ca3622a8",51,50,50,51,50,"6_5.mp3","music"
"4741","63f82a4ff43ec144ca3622a8",48,56,57,57,53,"12_2.mp3","music"
"4742","63f82a4ff43ec144ca3622a8",52,55,50,54,50,"11_11.mp3","music"
"4743","63f82a4ff43ec144ca3622a8",50,51,52,50,51,"4_2.mp3","music"
"4744","63f82a4ff43ec144ca3622a8",54,69,49,67,57,"3_1.mp3","music"
"4745","63f82a4ff43ec144ca3622a8",50,55,52,57,53,"10_1.mp3","music"
"4746","63f82a4ff43ec144ca3622a8",47,52,53,54,51,"11_2.mp3","music"
"4747","63f82a4ff43ec144ca3622a8",51,56,54,52,51,"10_2.mp3","music"
"4748","63f82a4ff43ec144ca3622a8",50,52,51,52,48,"8_2.mp3","music"
"4749","63f82a4ff43ec144ca3622a8",50,55,53,52,50,"7_13.mp3","music"
"4750","63f82a4ff43ec144ca3622a8",50,57,55,56,53,"5_14.mp3","music"
"4751","63f82a4ff43ec144ca3622a8",51,53,51,54,50,"2_1.mp3","music"
"4752","63f82a4ff43ec144ca3622a8",51,59,51,57,50,"11_10.mp3","music"
"4753","615ddab1e4f013092538b6c5",2,2,57,1,6,"7_10.mp3","music"
"4754","615ddab1e4f013092538b6c5",8,4,41,8,11,"11_2.mp3","music"
"4755","615ddab1e4f013092538b6c5",20,8,64,5,13,"11_10.mp3","music"
"4756","615ddab1e4f013092538b6c5",10,2,5,7,20,"7_13.mp3","music"
"4757","615ddab1e4f013092538b6c5",36,31,27,44,34,"12_2.mp3","music"
"4758","615ddab1e4f013092538b6c5",60,18,56,39,18,"8_2.mp3","music"
"4759","615ddab1e4f013092538b6c5",22,34,30,40,53,"4_2.mp3","music"
"4760","615ddab1e4f013092538b6c5",16,10,25,9,33,"5_14.mp3","music"
"4761","615ddab1e4f013092538b6c5",39,29,33,32,22,"10_1.mp3","music"
"4762","615ddab1e4f013092538b6c5",22,46,4,24,46,"2_1.mp3","music"
"4763","615ddab1e4f013092538b6c5",6,1,60,3,4,"6_10.mp3","music"
"4764","615ddab1e4f013092538b6c5",4,12,3,1,39,"3_1.mp3","music"
"4765","615ddab1e4f013092538b6c5",4,4,74,4,3,"6_5.mp3","music"
"4766","615ddab1e4f013092538b6c5",8,39,5,38,50,"4_1.mp3","music"
"4767","615ddab1e4f013092538b6c5",3,2,5,3,25,"11_11.mp3","music"
"4768","615ddab1e4f013092538b6c5",17,8,49,2,9,"10_2.mp3","music"
"4769","57656f6c2bfddf000125cce5",61,82,33,70,74,"4_2.mp3","music"
"4770","57656f6c2bfddf000125cce5",69,76,71,73,15,"6_5.mp3","music"
"4771","57656f6c2bfddf000125cce5",54,72,80,54,29,"7_10.mp3","music"
"4772","57656f6c2bfddf000125cce5",67,79,37,61,75,"7_13.mp3","music"
"4773","57656f6c2bfddf000125cce5",57,78,33,78,85,"3_1.mp3","music"
"4774","57656f6c2bfddf000125cce5",72,82,44,81,80,"11_11.mp3","music"
"4775","57656f6c2bfddf000125cce5",76,84,78,81,41,"10_2.mp3","music"
"4776","57656f6c2bfddf000125cce5",60,85,82,82,55,"8_2.mp3","music"
"4777","57656f6c2bfddf000125cce5",74,81,60,79,62,"10_1.mp3","music"
"4778","57656f6c2bfddf000125cce5",20,72,81,72,46,"6_10.mp3","music"
"4779","57656f6c2bfddf000125cce5",81,84,75,86,64,"4_1.mp3","music"
"4780","57656f6c2bfddf000125cce5",70,82,47,79,75,"2_1.mp3","music"
"4781","57656f6c2bfddf000125cce5",82,88,80,86,38,"11_10.mp3","music"
"4782","57656f6c2bfddf000125cce5",83,90,48,76,80,"12_2.mp3","music"
"4783","57656f6c2bfddf000125cce5",83,76,56,71,72,"11_2.mp3","music"
"4784","57656f6c2bfddf000125cce5",82,85,51,80,76,"5_14.mp3","music"
"4785","667c66be2cfdb420fd63f2c9",43,0,0,49,71,"4_2.mp3","music"
"4786","667c66be2cfdb420fd63f2c9",65,46,51,75,58,"10_2.mp3","music"
"4787","667c66be2cfdb420fd63f2c9",69,57,30,70,80,"11_11.mp3","music"
"4788","667c66be2cfdb420fd63f2c9",58,63,69,84,93,"8_2.mp3","music"
"4789","667c66be2cfdb420fd63f2c9",64,39,0,56,72,"5_14.mp3","music"
"4790","667c66be2cfdb420fd63f2c9",62,52,38,71,73,"4_1.mp3","music"
"4791","667c66be2cfdb420fd63f2c9",67,56,48,68,64,"6_10.mp3","music"
"4792","667c66be2cfdb420fd63f2c9",69,53,52,62,64,"2_1.mp3","music"
"4793","667c66be2cfdb420fd63f2c9",64,64,47,49,72,"7_10.mp3","music"
"4794","667c66be2cfdb420fd63f2c9",66,60,39,71,64,"3_1.mp3","music"
"4795","667c66be2cfdb420fd63f2c9",32,19,12,28,79,"7_13.mp3","music"
"4796","667c66be2cfdb420fd63f2c9",51,29,56,50,41,"6_5.mp3","music"
"4797","667c66be2cfdb420fd63f2c9",81,26,31,56,51,"10_1.mp3","music"
"4798","667c66be2cfdb420fd63f2c9",58,46,0,74,76,"11_2.mp3","music"
"4799","667c66be2cfdb420fd63f2c9",56,32,69,60,26,"11_10.mp3","music"
"4800","667c66be2cfdb420fd63f2c9",31,53,16,36,74,"12_2.mp3","music"
"4801","5ca3ccae7958d0001689df68",0,32,7,0,0,"2_1.mp3","music"
"4802","5ca3ccae7958d0001689df68",1,2,2,1,1,"6_5.mp3","music"
"4803","5ca3ccae7958d0001689df68",0,0,0,0,0,"3_1.mp3","music"
"4804","5ca3ccae7958d0001689df68",1,0,0,0,0,"4_1.mp3","music"
"4805","5ca3ccae7958d0001689df68",0,0,0,0,0,"10_2.mp3","music"
"4806","5ca3ccae7958d0001689df68",0,0,0,0,0,"11_2.mp3","music"
"4807","5ca3ccae7958d0001689df68",0,30,0,0,15,"4_2.mp3","music"
"4808","5ca3ccae7958d0001689df68",28,27,57,0,0,"11_10.mp3","music"
"4809","5ca3ccae7958d0001689df68",0,2,0,2,0,"7_13.mp3","music"
"4810","5ca3ccae7958d0001689df68",60,85,27,27,76,"10_1.mp3","music"
"4811","5ca3ccae7958d0001689df68",65,100,7,78,100,"8_2.mp3","music"
"4812","5ca3ccae7958d0001689df68",0,0,0,2,0,"12_2.mp3","music"
"4813","5ca3ccae7958d0001689df68",1,3,2,2,2,"5_14.mp3","music"
"4814","5ca3ccae7958d0001689df68",14,1,0,2,0,"6_10.mp3","music"
"4815","5ca3ccae7958d0001689df68",0,0,0,0,0,"7_10.mp3","music"
"4816","5ca3ccae7958d0001689df68",3,1,3,2,1,"11_11.mp3","music"
"4817","651c18b7be672ec76e5f6860",3,42,1,3,48,"7_13.mp3","music"
"4818","651c18b7be672ec76e5f6860",13,43,35,13,49,"11_10.mp3","music"
"4819","651c18b7be672ec76e5f6860",5,18,40,3,5,"7_10.mp3","music"
"4820","651c18b7be672ec76e5f6860",19,43,38,13,20,"10_2.mp3","music"
"4821","651c18b7be672ec76e5f6860",3,32,38,4,5,"6_5.mp3","music"
"4822","651c18b7be672ec76e5f6860",4,32,2,2,54,"3_1.mp3","music"
"4823","651c18b7be672ec76e5f6860",2,22,2,3,51,"5_14.mp3","music"
"4824","651c18b7be672ec76e5f6860",2,23,2,2,25,"11_11.mp3","music"
"4825","651c18b7be672ec76e5f6860",54,49,33,59,18,"8_2.mp3","music"
"4826","651c18b7be672ec76e5f6860",11,32,30,4,21,"11_2.mp3","music"
"4827","651c18b7be672ec76e5f6860",17,23,44,2,27,"6_10.mp3","music"
"4828","651c18b7be672ec76e5f6860",4,22,14,11,24,"10_1.mp3","music"
"4829","651c18b7be672ec76e5f6860",3,29,17,2,31,"12_2.mp3","music"
"4830","651c18b7be672ec76e5f6860",2,14,10,2,23,"4_2.mp3","music"
"4831","651c18b7be672ec76e5f6860",24,25,26,14,26,"4_1.mp3","music"
"4832","651c18b7be672ec76e5f6860",15,31,20,16,19,"2_1.mp3","music"
"4833","6544ff9e0fb2eaaf83e2de5c",36,2,5,0,16,"11_2.mp3","music"
"4834","6544ff9e0fb2eaaf83e2de5c",1,0,0,0,18,"5_14.mp3","music"
"4835","6544ff9e0fb2eaaf83e2de5c",2,0,0,1,6,"3_1.mp3","music"
"4836","6544ff9e0fb2eaaf83e2de5c",1,1,2,1,11,"4_2.mp3","music"
"4837","6544ff9e0fb2eaaf83e2de5c",2,0,5,0,2,"6_10.mp3","music"
"4838","6544ff9e0fb2eaaf83e2de5c",82,44,65,64,52,"8_2.mp3","music"
"4839","6544ff9e0fb2eaaf83e2de5c",0,0,9,0,0,"7_10.mp3","music"
"4840","6544ff9e0fb2eaaf83e2de5c",53,65,72,66,48,"6_5.mp3","music"
"4841","6544ff9e0fb2eaaf83e2de5c",76,79,64,65,77,"10_1.mp3","music"
"4842","6544ff9e0fb2eaaf83e2de5c",50,43,0,0,54,"12_2.mp3","music"
"4843","6544ff9e0fb2eaaf83e2de5c",28,41,0,21,44,"7_13.mp3","music"
"4844","6544ff9e0fb2eaaf83e2de5c",53,72,0,41,78,"2_1.mp3","music"
"4845","6544ff9e0fb2eaaf83e2de5c",69,91,81,82,77,"10_2.mp3","music"
"4846","6544ff9e0fb2eaaf83e2de5c",29,7,0,0,18,"11_11.mp3","music"
"4847","6544ff9e0fb2eaaf83e2de5c",59,34,81,12,25,"11_10.mp3","music"
"4848","6544ff9e0fb2eaaf83e2de5c",28,8,14,11,23,"4_1.mp3","music"
"4849","6942e57738f4e53ee0c5442b",9,12,8,20,37,"11_11.mp3","music"
"4850","6942e57738f4e53ee0c5442b",79,62,64,76,49,"12_2.mp3","music"
"4851","6942e57738f4e53ee0c5442b",5,3,1,5,1,"7_10.mp3","music"
"4852","6942e57738f4e53ee0c5442b",74,71,100,83,60,"6_5.mp3","music"
"4853","6942e57738f4e53ee0c5442b",60,59,49,76,78,"10_1.mp3","music"
"4854","6942e57738f4e53ee0c5442b",4,5,4,4,3,"11_10.mp3","music"
"4855","6942e57738f4e53ee0c5442b",64,51,71,62,57,"8_2.mp3","music"
"4856","6942e57738f4e53ee0c5442b",0,0,10,0,65,"4_2.mp3","music"
"4857","6942e57738f4e53ee0c5442b",3,6,5,3,90,"3_1.mp3","music"
"4858","6942e57738f4e53ee0c5442b",20,86,4,41,98,"7_13.mp3","music"
"4859","6942e57738f4e53ee0c5442b",69,52,61,74,85,"5_14.mp3","music"
"4860","6942e57738f4e53ee0c5442b",4,31,62,8,15,"11_2.mp3","music"
"4861","6942e57738f4e53ee0c5442b",3,0,0,2,0,"6_10.mp3","music"
"4862","6942e57738f4e53ee0c5442b",5,33,45,22,46,"4_1.mp3","music"
"4863","6942e57738f4e53ee0c5442b",87,87,97,98,52,"10_2.mp3","music"
"4864","6942e57738f4e53ee0c5442b",49,88,3,64,92,"2_1.mp3","music"
"4865","665e0d4039fbf0b54bab1900",100,100,100,100,100,"8_2.mp3","music"
"4866","665e0d4039fbf0b54bab1900",100,70,50,50,100,"11_2.mp3","music"
"4867","665e0d4039fbf0b54bab1900",30,45,25,34,70,"4_2.mp3","music"
"4868","665e0d4039fbf0b54bab1900",80,90,50,85,50,"6_10.mp3","music"
"4869","665e0d4039fbf0b54bab1900",50,44,50,50,70,"7_13.mp3","music"
"4870","665e0d4039fbf0b54bab1900",70,100,50,70,85,"5_14.mp3","music"
"4871","665e0d4039fbf0b54bab1900",15,35,30,15,100,"11_11.mp3","music"
"4872","665e0d4039fbf0b54bab1900",49,99,70,80,100,"4_1.mp3","music"
"4873","665e0d4039fbf0b54bab1900",65,84,75,60,100,"10_1.mp3","music"
"4874","665e0d4039fbf0b54bab1900",30,50,25,35,2,"7_10.mp3","music"
"4875","665e0d4039fbf0b54bab1900",100,100,100,100,100,"6_5.mp3","music"
"4876","665e0d4039fbf0b54bab1900",100,100,80,100,100,"12_2.mp3","music"
"4877","665e0d4039fbf0b54bab1900",100,85,100,100,50,"11_10.mp3","music"
"4878","665e0d4039fbf0b54bab1900",35,40,50,35,50,"10_2.mp3","music"
"4879","665e0d4039fbf0b54bab1900",50,60,45,50,70,"2_1.mp3","music"
"4880","665e0d4039fbf0b54bab1900",100,100,100,100,100,"3_1.mp3","music"
"4881","5e4e844553bc702cdf68404d",0,15,35,5,25,"7_13.mp3","music"
"4882","5e4e844553bc702cdf68404d",30,30,40,19,20,"10_2.mp3","music"
"4883","5e4e844553bc702cdf68404d",50,55,15,60,35,"10_1.mp3","music"
"4884","5e4e844553bc702cdf68404d",0,0,0,0,0,"6_10.mp3","music"
"4885","5e4e844553bc702cdf68404d",15,20,25,35,30,"6_5.mp3","music"
"4886","5e4e844553bc702cdf68404d",25,65,10,20,15,"11_11.mp3","music"
"4887","5e4e844553bc702cdf68404d",15,75,65,55,56,"11_2.mp3","music"
"4888","5e4e844553bc702cdf68404d",0,0,0,0,35,"2_1.mp3","music"
"4889","5e4e844553bc702cdf68404d",0,0,0,0,25,"3_1.mp3","music"
"4890","5e4e844553bc702cdf68404d",20,35,45,45,15,"4_1.mp3","music"
"4891","5e4e844553bc702cdf68404d",40,55,10,25,45,"5_14.mp3","music"
"4892","5e4e844553bc702cdf68404d",0,0,0,0,5,"7_10.mp3","music"
"4893","5e4e844553bc702cdf68404d",0,0,0,0,0,"11_10.mp3","music"
"4894","5e4e844553bc702cdf68404d",40,30,30,55,10,"8_2.mp3","music"
"4895","5e4e844553bc702cdf68404d",10,0,0,0,5,"12_2.mp3","music"
"4896","5e4e844553bc702cdf68404d",0,55,0,5,35,"4_2.mp3","music"
"4897","5e954b384491ad117052cd48",0,0,0,0,15,"5_14.mp3","music"
"4898","5e954b384491ad117052cd48",0,20,0,0,40,"3_1.mp3","music"
"4899","5e954b384491ad117052cd48",0,40,0,0,50,"10_1.mp3","music"
"4900","5e954b384491ad117052cd48",0,0,0,0,0,"6_10.mp3","music"
"4901","5e954b384491ad117052cd48",0,0,0,0,20,"4_2.mp3","music"
"4902","5e954b384491ad117052cd48",20,5,85,25,0,"10_2.mp3","music"
"4903","5e954b384491ad117052cd48",5,5,0,5,5,"4_1.mp3","music"
"4904","5e954b384491ad117052cd48",0,0,20,0,0,"11_2.mp3","music"
"4905","5e954b384491ad117052cd48",0,0,80,0,0,"11_10.mp3","music"
"4906","5e954b384491ad117052cd48",0,0,0,0,25,"2_1.mp3","music"
"4907","5e954b384491ad117052cd48",0,0,0,0,5,"11_11.mp3","music"
"4908","5e954b384491ad117052cd48",0,0,0,0,15,"7_13.mp3","music"
"4909","5e954b384491ad117052cd48",0,0,40,0,0,"7_10.mp3","music"
"4910","5e954b384491ad117052cd48",40,70,0,40,75,"8_2.mp3","music"
"4911","5e954b384491ad117052cd48",10,25,0,10,65,"12_2.mp3","music"
"4912","5e954b384491ad117052cd48",20,15,75,20,5,"6_5.mp3","music"
"4913","64d52f6f30852f26223d1e84",35,50,20,5,20,"6_5.mp3","music"
"4914","64d52f6f30852f26223d1e84",20,25,50,0,10,"11_10.mp3","music"
"4915","64d52f6f30852f26223d1e84",50,50,15,10,30,"4_1.mp3","music"
"4916","64d52f6f30852f26223d1e84",60,51,50,25,20,"10_2.mp3","music"
"4917","64d52f6f30852f26223d1e84",34,44,0,46,33,"12_2.mp3","music"
"4918","64d52f6f30852f26223d1e84",10,35,0,0,14,"11_2.mp3","music"
"4919","64d52f6f30852f26223d1e84",40,38,48,10,19,"6_10.mp3","music"
"4920","64d52f6f30852f26223d1e84",0,37,0,0,30,"11_11.mp3","music"
"4921","64d52f6f30852f26223d1e84",0,19,0,0,25,"3_1.mp3","music"
"4922","64d52f6f30852f26223d1e84",21,22,0,0,20,"2_1.mp3","music"
"4923","64d52f6f30852f26223d1e84",14,19,34,0,18,"8_2.mp3","music"
"4924","64d52f6f30852f26223d1e84",12,29,0,0,19,"5_14.mp3","music"
"4925","64d52f6f30852f26223d1e84",12,33,0,0,11,"4_2.mp3","music"
"4926","64d52f6f30852f26223d1e84",19,40,0,0,25,"10_1.mp3","music"
"4927","64d52f6f30852f26223d1e84",0,17,10,0,0,"7_10.mp3","music"
"4928","64d52f6f30852f26223d1e84",0,15,0,0,17,"7_13.mp3","music"
"4929","632b3017a1169b3aa44c0d66",56,62,35,53,61,"3_1.mp3","music"
"4930","632b3017a1169b3aa44c0d66",83,74,23,56,76,"4_1.mp3","music"
"4931","632b3017a1169b3aa44c0d66",27,48,29,34,40,"11_2.mp3","music"
"4932","632b3017a1169b3aa44c0d66",28,58,38,35,70,"5_14.mp3","music"
"4933","632b3017a1169b3aa44c0d66",65,67,51,42,61,"11_10.mp3","music"
"4934","632b3017a1169b3aa44c0d66",70,64,50,55,73,"12_2.mp3","music"
"4935","632b3017a1169b3aa44c0d66",66,76,53,62,66,"10_1.mp3","music"
"4936","632b3017a1169b3aa44c0d66",77,75,55,44,82,"2_1.mp3","music"
"4937","632b3017a1169b3aa44c0d66",20,33,13,27,10,"7_10.mp3","music"
"4938","632b3017a1169b3aa44c0d66",85,82,69,61,73,"6_5.mp3","music"
"4939","632b3017a1169b3aa44c0d66",90,80,74,90,66,"8_2.mp3","music"
"4940","632b3017a1169b3aa44c0d66",79,89,18,58,86,"4_2.mp3","music"
"4941","632b3017a1169b3aa44c0d66",81,80,62,58,83,"10_2.mp3","music"
"4942","632b3017a1169b3aa44c0d66",72,72,68,64,84,"6_10.mp3","music"
"4943","632b3017a1169b3aa44c0d66",64,67,57,56,66,"7_13.mp3","music"
"4944","632b3017a1169b3aa44c0d66",38,56,29,38,47,"11_11.mp3","music"
"4945","670ff2e18c2f93beac6a6a72",0,0,42,51,0,"6_5.mp3","music"
"4946","670ff2e18c2f93beac6a6a72",47,0,38,52,48,"2_1.mp3","music"
"4947","670ff2e18c2f93beac6a6a72",12,23,20,66,38,"5_14.mp3","music"
"4948","670ff2e18c2f93beac6a6a72",0,55,64,35,36,"11_10.mp3","music"
"4949","670ff2e18c2f93beac6a6a72",0,0,59,0,0,"6_10.mp3","music"
"4950","670ff2e18c2f93beac6a6a72",0,0,55,0,0,"7_10.mp3","music"
"4951","670ff2e18c2f93beac6a6a72",58,77,0,94,63,"12_2.mp3","music"
"4952","670ff2e18c2f93beac6a6a72",0,0,8,0,18,"11_11.mp3","music"
"4953","670ff2e18c2f93beac6a6a72",0,0,0,0,33,"4_2.mp3","music"
"4954","670ff2e18c2f93beac6a6a72",0,0,79,16,0,"11_2.mp3","music"
"4955","670ff2e18c2f93beac6a6a72",65,78,82,98,82,"8_2.mp3","music"
"4956","670ff2e18c2f93beac6a6a72",11,74,78,70,76,"10_1.mp3","music"
"4957","670ff2e18c2f93beac6a6a72",0,0,0,0,8,"3_1.mp3","music"
"4958","670ff2e18c2f93beac6a6a72",61,0,58,45,0,"10_2.mp3","music"
"4959","670ff2e18c2f93beac6a6a72",53,100,43,47,88,"4_1.mp3","music"
"4960","670ff2e18c2f93beac6a6a72",0,0,5,0,88,"7_13.mp3","music"
"4961","629e1738fcc7d0b6acfe5280",70,56,73,42,34,"6_5.mp3","music"
"4962","629e1738fcc7d0b6acfe5280",54,64,74,33,46,"3_1.mp3","music"
"4963","629e1738fcc7d0b6acfe5280",66,59,73,89,45,"10_1.mp3","music"
"4964","629e1738fcc7d0b6acfe5280",59,67,67,61,44,"4_1.mp3","music"
"4965","629e1738fcc7d0b6acfe5280",84,87,82,98,51,"10_2.mp3","music"
"4966","629e1738fcc7d0b6acfe5280",48,29,45,50,38,"4_2.mp3","music"
"4967","629e1738fcc7d0b6acfe5280",51,40,77,39,23,"11_2.mp3","music"
"4968","629e1738fcc7d0b6acfe5280",23,8,98,8,17,"11_10.mp3","music"
"4969","629e1738fcc7d0b6acfe5280",68,52,48,52,41,"8_2.mp3","music"
"4970","629e1738fcc7d0b6acfe5280",42,43,44,67,13,"11_11.mp3","music"
"4971","629e1738fcc7d0b6acfe5280",41,0,100,0,0,"7_10.mp3","music"
"4972","629e1738fcc7d0b6acfe5280",46,51,28,44,49,"7_13.mp3","music"
"4973","629e1738fcc7d0b6acfe5280",76,77,32,85,52,"12_2.mp3","music"
"4974","629e1738fcc7d0b6acfe5280",48,60,82,41,48,"5_14.mp3","music"
"4975","629e1738fcc7d0b6acfe5280",52,47,72,74,42,"2_1.mp3","music"
"4976","629e1738fcc7d0b6acfe5280",0,0,100,0,0,"6_10.mp3","music"
"4977","665e26502758155528c8793e",39,54,31,63,79,"7_13.mp3","music"
"4978","665e26502758155528c8793e",55,30,64,72,34,"6_5.mp3","music"
"4979","665e26502758155528c8793e",50,64,37,39,72,"12_2.mp3","music"
"4980","665e26502758155528c8793e",18,42,17,29,26,"11_11.mp3","music"
"4981","665e26502758155528c8793e",25,29,57,23,18,"7_10.mp3","music"
"4982","665e26502758155528c8793e",25,28,46,25,16,"11_2.mp3","music"
"4983","665e26502758155528c8793e",22,27,81,16,9,"6_10.mp3","music"
"4984","665e26502758155528c8793e",42,36,90,53,49,"11_10.mp3","music"
"4985","665e26502758155528c8793e",82,69,50,91,75,"10_1.mp3","music"
"4986","665e26502758155528c8793e",58,86,56,52,75,"8_2.mp3","music"
"4987","665e26502758155528c8793e",20,85,9,22,45,"5_14.mp3","music"
"4988","665e26502758155528c8793e",50,71,48,46,82,"2_1.mp3","music"
"4989","665e26502758155528c8793e",11,46,16,6,48,"3_1.mp3","music"
"4990","665e26502758155528c8793e",48,50,57,34,22,"10_2.mp3","music"
"4991","665e26502758155528c8793e",45,56,65,74,37,"4_1.mp3","music"
"4992","665e26502758155528c8793e",42,62,25,45,83,"4_2.mp3","music"
"4993","64551d250ef342507eb0edf9",0,53,31,26,11,"11_2.mp3","music"
"4994","64551d250ef342507eb0edf9",0,49,0,45,19,"5_14.mp3","music"
"4995","64551d250ef342507eb0edf9",29,46,0,40,45,"7_13.mp3","music"
"4996","64551d250ef342507eb0edf9",0,0,44,0,8,"6_10.mp3","music"
"4997","64551d250ef342507eb0edf9",5,19,32,33,0,"6_5.mp3","music"
"4998","64551d250ef342507eb0edf9",29,32,40,45,11,"4_1.mp3","music"
"4999","64551d250ef342507eb0edf9",10,42,26,37,31,"10_1.mp3","music"
"5000","64551d250ef342507eb0edf9",11,26,18,16,21,"11_11.mp3","music"
"5001","64551d250ef342507eb0edf9",45,41,17,32,16,"12_2.mp3","music"
"5002","64551d250ef342507eb0edf9",9,31,18,21,18,"11_10.mp3","music"
"5003","64551d250ef342507eb0edf9",10,45,23,44,9,"10_2.mp3","music"
"5004","64551d250ef342507eb0edf9",28,30,9,32,14,"8_2.mp3","music"
"5005","64551d250ef342507eb0edf9",15,8,9,2,22,"2_1.mp3","music"
"5006","64551d250ef342507eb0edf9",0,6,0,8,0,"7_10.mp3","music"
"5007","64551d250ef342507eb0edf9",45,12,10,44,17,"4_2.mp3","music"
"5008","64551d250ef342507eb0edf9",15,15,38,13,68,"3_1.mp3","music"
"5009","673cc0c935b49103f2be1e27",5,0,0,0,15,"11_11.mp3","music"
"5010","673cc0c935b49103f2be1e27",5,0,0,0,10,"4_2.mp3","music"
"5011","673cc0c935b49103f2be1e27",0,15,0,5,30,"5_14.mp3","music"
"5012","673cc0c935b49103f2be1e27",0,0,0,0,5,"11_2.mp3","music"
"5013","673cc0c935b49103f2be1e27",0,0,0,0,0,"6_10.mp3","music"
"5014","673cc0c935b49103f2be1e27",0,0,15,0,0,"11_10.mp3","music"
"5015","673cc0c935b49103f2be1e27",0,0,0,0,5,"7_13.mp3","music"
"5016","673cc0c935b49103f2be1e27",15,10,5,5,20,"10_1.mp3","music"
"5017","673cc0c935b49103f2be1e27",10,10,5,0,15,"8_2.mp3","music"
"5018","673cc0c935b49103f2be1e27",15,10,10,10,20,"12_2.mp3","music"
"5019","673cc0c935b49103f2be1e27",15,10,10,5,15,"2_1.mp3","music"
"5020","673cc0c935b49103f2be1e27",0,0,0,0,10,"3_1.mp3","music"
"5021","673cc0c935b49103f2be1e27",10,15,35,0,10,"10_2.mp3","music"
"5022","673cc0c935b49103f2be1e27",0,0,40,0,0,"6_5.mp3","music"
"5023","673cc0c935b49103f2be1e27",0,5,10,5,15,"4_1.mp3","music"
"5024","673cc0c935b49103f2be1e27",0,0,0,0,0,"7_10.mp3","music"
"5025","655b6a0d11066d07716ab0b5",0,0,0,0,0,"6_5.mp3","music"
"5026","655b6a0d11066d07716ab0b5",0,0,0,0,0,"10_1.mp3","music"
"5027","655b6a0d11066d07716ab0b5",0,0,0,0,0,"6_10.mp3","music"
"5028","655b6a0d11066d07716ab0b5",0,0,0,0,0,"11_2.mp3","music"
"5029","655b6a0d11066d07716ab0b5",0,0,0,0,21,"3_1.mp3","music"
"5030","655b6a0d11066d07716ab0b5",0,0,0,0,0,"11_10.mp3","music"
"5031","655b6a0d11066d07716ab0b5",0,0,0,0,0,"10_2.mp3","music"
"5032","655b6a0d11066d07716ab0b5",0,0,0,0,1,"5_14.mp3","music"
"5033","655b6a0d11066d07716ab0b5",0,0,0,0,0,"4_2.mp3","music"
"5034","655b6a0d11066d07716ab0b5",0,0,0,0,0,"11_11.mp3","music"
"5035","655b6a0d11066d07716ab0b5",0,0,0,0,0,"7_10.mp3","music"
"5036","655b6a0d11066d07716ab0b5",0,0,0,0,0,"7_13.mp3","music"
"5037","655b6a0d11066d07716ab0b5",0,0,0,0,0,"12_2.mp3","music"
"5038","655b6a0d11066d07716ab0b5",0,0,0,0,0,"8_2.mp3","music"
"5039","655b6a0d11066d07716ab0b5",0,0,0,0,0,"4_1.mp3","music"
"5040","655b6a0d11066d07716ab0b5",0,0,1,0,0,"2_1.mp3","music"
"5041","63d2a4b549eb02187fd40092",31,46,11,7,70,"6_5.mp3","music"
"5042","63d2a4b549eb02187fd40092",1,36,0,0,37,"11_11.mp3","music"
"5043","63d2a4b549eb02187fd40092",81,91,7,16,85,"12_2.mp3","music"
"5044","63d2a4b549eb02187fd40092",80,90,20,26,74,"10_1.mp3","music"
"5045","63d2a4b549eb02187fd40092",0,6,0,0,9,"7_10.mp3","music"
"5046","63d2a4b549eb02187fd40092",32,34,0,0,45,"8_2.mp3","music"
"5047","63d2a4b549eb02187fd40092",0,25,0,0,36,"5_14.mp3","music"
"5048","63d2a4b549eb02187fd40092",0,6,5,0,5,"6_10.mp3","music"
"5049","63d2a4b549eb02187fd40092",15,60,0,0,68,"4_1.mp3","music"
"5050","63d2a4b549eb02187fd40092",0,30,0,0,48,"3_1.mp3","music"
"5051","63d2a4b549eb02187fd40092",5,25,17,0,5,"11_10.mp3","music"
"5052","63d2a4b549eb02187fd40092",77,84,11,48,83,"10_2.mp3","music"
"5053","63d2a4b549eb02187fd40092",3,18,0,0,35,"7_13.mp3","music"
"5054","63d2a4b549eb02187fd40092",8,39,0,0,62,"2_1.mp3","music"
"5055","63d2a4b549eb02187fd40092",6,33,0,0,49,"4_2.mp3","music"
"5056","63d2a4b549eb02187fd40092",3,34,0,0,37,"11_2.mp3","music"
"5057","63b18d94775ad4aad221103c",98,100,97,84,85,"4_1.mp3","music"
"5058","63b18d94775ad4aad221103c",54,60,100,82,94,"11_2.mp3","music"
"5059","63b18d94775ad4aad221103c",20,22,0,0,21,"4_2.mp3","music"
"5060","63b18d94775ad4aad221103c",63,100,100,79,100,"6_10.mp3","music"
"5061","63b18d94775ad4aad221103c",60,81,75,43,100,"3_1.mp3","music"
"5062","63b18d94775ad4aad221103c",74,100,70,70,100,"10_1.mp3","music"
"5063","63b18d94775ad4aad221103c",1,0,0,0,3,"5_14.mp3","music"
"5064","63b18d94775ad4aad221103c",100,100,76,98,100,"8_2.mp3","music"
"5065","63b18d94775ad4aad221103c",0,1,50,5,30,"7_10.mp3","music"
"5066","63b18d94775ad4aad221103c",0,0,0,3,53,"7_13.mp3","music"
"5067","63b18d94775ad4aad221103c",42,57,65,67,50,"12_2.mp3","music"
"5068","63b18d94775ad4aad221103c",100,89,100,100,0,"6_5.mp3","music"
"5069","63b18d94775ad4aad221103c",82,76,92,84,100,"11_11.mp3","music"
"5070","63b18d94775ad4aad221103c",76,76,82,85,76,"10_2.mp3","music"
"5071","63b18d94775ad4aad221103c",100,92,91,81,51,"11_10.mp3","music"
"5072","63b18d94775ad4aad221103c",0,29,0,1,62,"2_1.mp3","music"
"5073","67ddd68976b22b18710b9fdb",96,100,96,97,97,"11_11.mp3","music"
"5074","67ddd68976b22b18710b9fdb",99,94,98,96,95,"6_5.mp3","music"
"5075","67ddd68976b22b18710b9fdb",98,97,97,95,97,"10_2.mp3","music"
"5076","67ddd68976b22b18710b9fdb",98,98,99,98,97,"8_2.mp3","music"
"5077","67ddd68976b22b18710b9fdb",98,96,99,97,99,"4_1.mp3","music"
"5078","67ddd68976b22b18710b9fdb",97,99,98,97,98,"4_2.mp3","music"
"5079","67ddd68976b22b18710b9fdb",59,80,72,80,82,"5_14.mp3","music"
"5080","67ddd68976b22b18710b9fdb",100,100,100,84,100,"11_2.mp3","music"
"5081","67ddd68976b22b18710b9fdb",0,0,0,0,0,"7_10.mp3","music"
"5082","67ddd68976b22b18710b9fdb",3,0,0,0,0,"6_10.mp3","music"
"5083","67ddd68976b22b18710b9fdb",0,0,0,0,0,"7_13.mp3","music"
"5084","67ddd68976b22b18710b9fdb",0,0,0,0,0,"11_10.mp3","music"
"5085","67ddd68976b22b18710b9fdb",0,0,0,0,0,"3_1.mp3","music"
"5086","67ddd68976b22b18710b9fdb",0,0,0,0,0,"10_1.mp3","music"
"5087","67ddd68976b22b18710b9fdb",0,0,0,0,0,"2_1.mp3","music"
"5088","67ddd68976b22b18710b9fdb",70,50,50,50,50,"12_2.mp3","music"
"5089","69419e9576aea13f332266ff",0,0,0,0,0,"7_10.mp3","music"
"5090","69419e9576aea13f332266ff",93,94,92,93,92,"8_2.mp3","music"
"5091","69419e9576aea13f332266ff",64,56,92,56,46,"11_10.mp3","music"
"5092","69419e9576aea13f332266ff",73,85,45,73,92,"12_2.mp3","music"
"5093","69419e9576aea13f332266ff",46,96,46,35,61,"2_1.mp3","music"
"5094","69419e9576aea13f332266ff",25,49,34,23,46,"11_2.mp3","music"
"5095","69419e9576aea13f332266ff",12,54,43,30,42,"10_1.mp3","music"
"5096","69419e9576aea13f332266ff",99,88,90,94,78,"6_5.mp3","music"
"5097","69419e9576aea13f332266ff",38,80,31,18,56,"4_2.mp3","music"
"5098","69419e9576aea13f332266ff",84,73,26,31,77,"11_11.mp3","music"
"5099","69419e9576aea13f332266ff",34,55,23,32,43,"3_1.mp3","music"
"5100","69419e9576aea13f332266ff",91,91,89,93,89,"10_2.mp3","music"
"5101","69419e9576aea13f332266ff",13,64,16,21,73,"5_14.mp3","music"
"5102","69419e9576aea13f332266ff",94,100,93,96,83,"6_10.mp3","music"
"5103","69419e9576aea13f332266ff",81,88,71,70,82,"4_1.mp3","music"
"5104","69419e9576aea13f332266ff",67,87,61,28,69,"7_13.mp3","music"
"5105","67469dde494c2b78202fc16e",0,0,0,0,0,"7_10.mp3","music"
"5106","67469dde494c2b78202fc16e",0,0,0,27,50,"11_2.mp3","music"
"5107","67469dde494c2b78202fc16e",68,22,0,53,60,"11_11.mp3","music"
"5108","67469dde494c2b78202fc16e",0,0,0,0,19,"7_13.mp3","music"
"5109","67469dde494c2b78202fc16e",0,0,0,0,30,"4_2.mp3","music"
"5110","67469dde494c2b78202fc16e",18,0,0,11,50,"12_2.mp3","music"
"5111","67469dde494c2b78202fc16e",0,14,11,35,50,"8_2.mp3","music"
"5112","67469dde494c2b78202fc16e",0,0,31,0,0,"6_10.mp3","music"
"5113","67469dde494c2b78202fc16e",36,0,0,38,75,"4_1.mp3","music"
"5114","67469dde494c2b78202fc16e",22,10,28,22,13,"6_5.mp3","music"
"5115","67469dde494c2b78202fc16e",0,0,0,0,0,"11_10.mp3","music"
"5116","67469dde494c2b78202fc16e",0,0,0,0,7,"5_14.mp3","music"
"5117","67469dde494c2b78202fc16e",0,0,0,0,50,"3_1.mp3","music"
"5118","67469dde494c2b78202fc16e",24,8,48,27,11,"10_2.mp3","music"
"5119","67469dde494c2b78202fc16e",36,11,21,22,50,"10_1.mp3","music"
"5120","67469dde494c2b78202fc16e",0,0,0,0,18,"2_1.mp3","music"
"5121","6760853e178af224e611e496",20,30,20,25,10,"4_1.mp3","music"
"5122","6760853e178af224e611e496",0,0,0,0,5,"4_2.mp3","music"
"5123","6760853e178af224e611e496",0,0,0,0,0,"3_1.mp3","music"
"5124","6760853e178af224e611e496",10,5,0,0,15,"10_1.mp3","music"
"5125","6760853e178af224e611e496",0,0,5,0,0,"11_10.mp3","music"
"5126","6760853e178af224e611e496",0,0,0,0,3,"2_1.mp3","music"
"5127","6760853e178af224e611e496",5,0,0,0,10,"12_2.mp3","music"
"5128","6760853e178af224e611e496",70,75,85,90,0,"10_2.mp3","music"
"5129","6760853e178af224e611e496",60,70,80,85,0,"6_5.mp3","music"
"5130","6760853e178af224e611e496",0,0,20,0,0,"6_10.mp3","music"
"5131","6760853e178af224e611e496",0,0,20,0,0,"7_10.mp3","music"
"5132","6760853e178af224e611e496",0,0,0,0,0,"11_2.mp3","music"
"5133","6760853e178af224e611e496",0,0,0,0,0,"7_13.mp3","music"
"5134","6760853e178af224e611e496",0,0,0,0,0,"11_11.mp3","music"
"5135","6760853e178af224e611e496",80,85,90,95,30,"8_2.mp3","music"
"5136","6760853e178af224e611e496",0,0,0,0,1,"5_14.mp3","music"
"5137","67dfd2986014ad9eaa886f26",75,79,64,80,62,"12_2.mp3","music"
"5138","67dfd2986014ad9eaa886f26",76,75,75,75,75,"6_5.mp3","music"
"5139","67dfd2986014ad9eaa886f26",51,59,52,60,58,"3_1.mp3","music"
"5140","67dfd2986014ad9eaa886f26",59,64,61,48,54,"10_1.mp3","music"
"5141","67dfd2986014ad9eaa886f26",75,80,76,78,76,"5_14.mp3","music"
"5142","67dfd2986014ad9eaa886f26",32,31,22,20,37,"6_10.mp3","music"
"5143","67dfd2986014ad9eaa886f26",71,61,77,61,75,"4_1.mp3","music"
"5144","67dfd2986014ad9eaa886f26",0,0,0,0,0,"11_2.mp3","music"
"5145","67dfd2986014ad9eaa886f26",65,55,55,55,55,"11_11.mp3","music"
"5146","67dfd2986014ad9eaa886f26",50,34,32,42,30,"2_1.mp3","music"
"5147","67dfd2986014ad9eaa886f26",58,55,28,57,61,"4_2.mp3","music"
"5148","67dfd2986014ad9eaa886f26",69,52,65,36,71,"10_2.mp3","music"
"5149","67dfd2986014ad9eaa886f26",56,67,50,66,67,"11_10.mp3","music"
"5150","67dfd2986014ad9eaa886f26",73,70,77,61,67,"7_10.mp3","music"
"5151","67dfd2986014ad9eaa886f26",68,51,61,50,50,"7_13.mp3","music"
"5152","67dfd2986014ad9eaa886f26",27,59,44,62,56,"8_2.mp3","music"
"5153","67d9625169884c7fdecaf0a6",48,57,64,61,59,"6_5.mp3","music"
"5154","67d9625169884c7fdecaf0a6",73,52,65,51,42,"3_1.mp3","music"
"5155","67d9625169884c7fdecaf0a6",62,63,51,54,77,"4_2.mp3","music"
"5156","67d9625169884c7fdecaf0a6",77,71,72,67,65,"7_10.mp3","music"
"5157","67d9625169884c7fdecaf0a6",72,52,41,31,78,"7_13.mp3","music"
"5158","67d9625169884c7fdecaf0a6",73,76,36,77,66,"4_1.mp3","music"
"5159","67d9625169884c7fdecaf0a6",45,25,69,19,45,"6_10.mp3","music"
"5160","67d9625169884c7fdecaf0a6",65,36,27,31,67,"11_2.mp3","music"
"5161","67d9625169884c7fdecaf0a6",69,18,64,18,36,"12_2.mp3","music"
"5162","67d9625169884c7fdecaf0a6",23,29,63,69,45,"8_2.mp3","music"
"5163","67d9625169884c7fdecaf0a6",42,56,40,54,73,"10_1.mp3","music"
"5164","67d9625169884c7fdecaf0a6",42,53,29,40,55,"11_10.mp3","music"
"5165","67d9625169884c7fdecaf0a6",41,57,25,30,65,"2_1.mp3","music"
"5166","67d9625169884c7fdecaf0a6",47,44,34,40,62,"5_14.mp3","music"
"5167","67d9625169884c7fdecaf0a6",34,24,43,24,66,"10_2.mp3","music"
"5168","67d9625169884c7fdecaf0a6",56,65,29,49,62,"11_11.mp3","music"
"5169","5bbf523d83f9790001ce549a",100,100,45,100,100,"4_1.mp3","music"
"5170","5bbf523d83f9790001ce549a",0,0,0,0,0,"4_2.mp3","music"
"5171","5bbf523d83f9790001ce549a",0,0,81,0,0,"11_10.mp3","music"
"5172","5bbf523d83f9790001ce549a",55,83,0,0,37,"11_2.mp3","music"
"5173","5bbf523d83f9790001ce549a",61,82,0,32,72,"7_13.mp3","music"
"5174","5bbf523d83f9790001ce549a",0,47,0,0,37,"5_14.mp3","music"
"5175","5bbf523d83f9790001ce549a",88,75,67,86,100,"10_2.mp3","music"
"5176","5bbf523d83f9790001ce549a",0,0,0,0,57,"10_1.mp3","music"
"5177","5bbf523d83f9790001ce549a",42,100,0,0,100,"2_1.mp3","music"
"5178","5bbf523d83f9790001ce549a",0,0,0,0,0,"11_11.mp3","music"
"5179","5bbf523d83f9790001ce549a",58,35,85,56,19,"6_10.mp3","music"
"5180","5bbf523d83f9790001ce549a",0,100,0,49,100,"12_2.mp3","music"
"5181","5bbf523d83f9790001ce549a",0,100,0,0,100,"3_1.mp3","music"
"5182","5bbf523d83f9790001ce549a",100,94,69,82,71,"8_2.mp3","music"
"5183","5bbf523d83f9790001ce549a",27,71,72,0,30,"6_5.mp3","music"
"5184","5bbf523d83f9790001ce549a",0,0,0,0,0,"7_10.mp3","music"
"5185","675a2ef45fbe0cc52b8403ae",59,67,28,93,82,"10_1.mp3","music"
"5186","675a2ef45fbe0cc52b8403ae",62,50,70,68,41,"12_2.mp3","music"
"5187","675a2ef45fbe0cc52b8403ae",84,23,69,69,59,"11_10.mp3","music"
"5188","675a2ef45fbe0cc52b8403ae",81,57,78,49,27,"2_1.mp3","music"
"5189","675a2ef45fbe0cc52b8403ae",70,63,37,60,65,"10_2.mp3","music"
"5190","675a2ef45fbe0cc52b8403ae",58,53,51,42,46,"11_2.mp3","music"
"5191","675a2ef45fbe0cc52b8403ae",85,29,39,59,64,"4_1.mp3","music"
"5192","675a2ef45fbe0cc52b8403ae",32,40,36,63,52,"11_11.mp3","music"
"5193","675a2ef45fbe0cc52b8403ae",67,62,73,33,47,"3_1.mp3","music"
"5194","675a2ef45fbe0cc52b8403ae",67,83,59,48,71,"7_13.mp3","music"
"5195","675a2ef45fbe0cc52b8403ae",39,84,70,67,71,"6_10.mp3","music"
"5196","675a2ef45fbe0cc52b8403ae",73,47,64,86,77,"8_2.mp3","music"
"5197","675a2ef45fbe0cc52b8403ae",89,77,87,56,75,"4_2.mp3","music"
"5198","675a2ef45fbe0cc52b8403ae",64,65,61,83,40,"5_14.mp3","music"
"5199","675a2ef45fbe0cc52b8403ae",69,70,83,83,53,"7_10.mp3","music"
"5200","675a2ef45fbe0cc52b8403ae",46,80,41,57,65,"6_5.mp3","music"
"5201","6941b8c9dd38cb0309c3280f",24,76,23,54,98,"4_2.mp3","music"
"5202","6941b8c9dd38cb0309c3280f",12,1,4,3,9,"5_14.mp3","music"
"5203","6941b8c9dd38cb0309c3280f",81,38,76,20,11,"6_5.mp3","music"
"5204","6941b8c9dd38cb0309c3280f",1,0,1,0,2,"11_2.mp3","music"
"5205","6941b8c9dd38cb0309c3280f",37,66,25,50,79,"4_1.mp3","music"
"5206","6941b8c9dd38cb0309c3280f",2,2,2,1,15,"2_1.mp3","music"
"5207","6941b8c9dd38cb0309c3280f",4,1,1,2,2,"11_10.mp3","music"
"5208","6941b8c9dd38cb0309c3280f",100,100,0,100,100,"12_2.mp3","music"
"5209","6941b8c9dd38cb0309c3280f",100,50,48,49,0,"8_2.mp3","music"
"5210","6941b8c9dd38cb0309c3280f",0,0,0,0,0,"7_10.mp3","music"
"5211","6941b8c9dd38cb0309c3280f",77,43,32,35,35,"10_2.mp3","music"
"5212","6941b8c9dd38cb0309c3280f",61,100,0,100,100,"7_13.mp3","music"
"5213","6941b8c9dd38cb0309c3280f",0,0,0,0,0,"3_1.mp3","music"
"5214","6941b8c9dd38cb0309c3280f",0,0,0,0,0,"11_11.mp3","music"
"5215","6941b8c9dd38cb0309c3280f",0,0,0,0,0,"6_10.mp3","music"
"5216","6941b8c9dd38cb0309c3280f",41,37,26,42,44,"10_1.mp3","music"
"5217","67911b9be5af0ac0763a28c7",59,78,52,69,71,"8_2.mp3","music"
"5218","67911b9be5af0ac0763a28c7",73,44,78,65,24,"6_5.mp3","music"
"5219","67911b9be5af0ac0763a28c7",18,48,11,39,54,"12_2.mp3","music"
"5220","67911b9be5af0ac0763a28c7",39,73,17,63,70,"10_1.mp3","music"
"5221","67911b9be5af0ac0763a28c7",49,46,27,34,62,"4_1.mp3","music"
"5222","67911b9be5af0ac0763a28c7",0,30,0,0,8,"2_1.mp3","music"
"5223","67911b9be5af0ac0763a28c7",4,21,1,5,22,"7_13.mp3","music"
"5224","67911b9be5af0ac0763a28c7",0,0,0,0,0,"7_10.mp3","music"
"5225","67911b9be5af0ac0763a28c7",40,61,58,64,39,"10_2.mp3","music"
"5226","67911b9be5af0ac0763a28c7",6,42,0,0,26,"3_1.mp3","music"
"5227","67911b9be5af0ac0763a28c7",7,0,4,0,11,"11_2.mp3","music"
"5228","67911b9be5af0ac0763a28c7",3,34,0,6,20,"11_11.mp3","music"
"5229","67911b9be5af0ac0763a28c7",6,0,6,0,0,"11_10.mp3","music"
"5230","67911b9be5af0ac0763a28c7",0,58,0,11,58,"5_14.mp3","music"
"5231","67911b9be5af0ac0763a28c7",4,5,39,0,2,"6_10.mp3","music"
"5232","67911b9be5af0ac0763a28c7",0,3,0,0,3,"4_2.mp3","music"
"5233","5d9d2e421af9ed0011c31894",30,37,51,11,52,"11_10.mp3","music"
"5234","5d9d2e421af9ed0011c31894",43,45,46,47,46,"6_10.mp3","music"
"5235","5d9d2e421af9ed0011c31894",0,27,1,0,38,"7_13.mp3","music"
"5236","5d9d2e421af9ed0011c31894",35,67,0,12,63,"12_2.mp3","music"
"5237","5d9d2e421af9ed0011c31894",11,39,0,3,93,"3_1.mp3","music"
"5238","5d9d2e421af9ed0011c31894",33,62,42,12,78,"10_2.mp3","music"
"5239","5d9d2e421af9ed0011c31894",1,11,11,0,0,"7_10.mp3","music"
"5240","5d9d2e421af9ed0011c31894",0,0,1,0,39,"2_1.mp3","music"
"5241","5d9d2e421af9ed0011c31894",8,50,0,6,55,"11_2.mp3","music"
"5242","5d9d2e421af9ed0011c31894",20,71,15,21,70,"6_5.mp3","music"
"5243","5d9d2e421af9ed0011c31894",0,47,0,0,73,"5_14.mp3","music"
"5244","5d9d2e421af9ed0011c31894",0,67,11,0,59,"10_1.mp3","music"
"5245","5d9d2e421af9ed0011c31894",7,47,1,0,84,"4_2.mp3","music"
"5246","5d9d2e421af9ed0011c31894",20,79,10,12,66,"8_2.mp3","music"
"5247","5d9d2e421af9ed0011c31894",19,33,17,10,69,"4_1.mp3","music"
"5248","5d9d2e421af9ed0011c31894",0,58,0,0,75,"11_11.mp3","music"
"5249","564e93659b124900127eb55b",36,34,0,18,21,"5_14.mp3","music"
"5250","564e93659b124900127eb55b",95,78,100,100,75,"4_1.mp3","music"
"5251","564e93659b124900127eb55b",75,79,78,90,82,"10_2.mp3","music"
"5252","564e93659b124900127eb55b",0,0,18,0,0,"3_1.mp3","music"
"5253","564e93659b124900127eb55b",0,18,9,14,35,"2_1.mp3","music"
"5254","564e93659b124900127eb55b",5,6,0,5,0,"4_2.mp3","music"
"5255","564e93659b124900127eb55b",0,0,25,0,0,"11_10.mp3","music"
"5256","564e93659b124900127eb55b",66,66,43,64,59,"12_2.mp3","music"
"5257","564e93659b124900127eb55b",91,74,100,99,87,"8_2.mp3","music"
"5258","564e93659b124900127eb55b",66,82,88,51,22,"11_2.mp3","music"
"5259","564e93659b124900127eb55b",0,0,0,1,0,"7_10.mp3","music"
"5260","564e93659b124900127eb55b",98,100,92,83,52,"10_1.mp3","music"
"5261","564e93659b124900127eb55b",28,66,0,31,93,"7_13.mp3","music"
"5262","564e93659b124900127eb55b",29,71,0,18,59,"11_11.mp3","music"
"5263","564e93659b124900127eb55b",73,54,100,76,24,"6_5.mp3","music"
"5264","564e93659b124900127eb55b",0,0,20,0,0,"6_10.mp3","music"
"5265","67dd4210d92f4c3aac8d944c",92,91,81,80,86,"2_1.mp3","music"
"5266","67dd4210d92f4c3aac8d944c",87,92,86,81,85,"12_2.mp3","music"
"5267","67dd4210d92f4c3aac8d944c",97,90,90,85,92,"6_10.mp3","music"
"5268","67dd4210d92f4c3aac8d944c",93,91,88,92,93,"11_11.mp3","music"
"5269","67dd4210d92f4c3aac8d944c",81,88,90,91,89,"7_10.mp3","music"
"5270","67dd4210d92f4c3aac8d944c",87,94,91,93,90,"4_1.mp3","music"
"5271","67dd4210d92f4c3aac8d944c",93,91,91,93,90,"10_1.mp3","music"
"5272","67dd4210d92f4c3aac8d944c",85,88,79,85,83,"11_2.mp3","music"
"5273","67dd4210d92f4c3aac8d944c",88,87,75,90,87,"7_13.mp3","music"
"5274","67dd4210d92f4c3aac8d944c",82,83,89,85,86,"5_14.mp3","music"
"5275","67dd4210d92f4c3aac8d944c",88,87,64,90,88,"11_10.mp3","music"
"5276","67dd4210d92f4c3aac8d944c",90,92,95,88,93,"10_2.mp3","music"
"5277","67dd4210d92f4c3aac8d944c",92,93,90,95,94,"4_2.mp3","music"
"5278","67dd4210d92f4c3aac8d944c",93,92,68,89,93,"3_1.mp3","music"
"5279","67dd4210d92f4c3aac8d944c",83,87,90,86,89,"6_5.mp3","music"
"5280","67dd4210d92f4c3aac8d944c",97,86,70,84,84,"8_2.mp3","music"
"5281","674cb1e5dd135ab435dece3f",12,19,42,2,3,"11_10.mp3","music"
"5282","674cb1e5dd135ab435dece3f",5,3,11,0,3,"11_11.mp3","music"
"5283","674cb1e5dd135ab435dece3f",8,26,22,10,1,"6_10.mp3","music"
"5284","674cb1e5dd135ab435dece3f",6,2,24,2,11,"11_2.mp3","music"
"5285","674cb1e5dd135ab435dece3f",3,0,16,2,19,"7_13.mp3","music"
"5286","674cb1e5dd135ab435dece3f",19,12,11,4,5,"8_2.mp3","music"
"5287","674cb1e5dd135ab435dece3f",8,3,14,9,31,"3_1.mp3","music"
"5288","674cb1e5dd135ab435dece3f",36,29,44,8,5,"6_5.mp3","music"
"5289","674cb1e5dd135ab435dece3f",21,8,29,12,3,"4_1.mp3","music"
"5290","674cb1e5dd135ab435dece3f",23,16,16,38,18,"7_10.mp3","music"
"5291","674cb1e5dd135ab435dece3f",15,21,28,7,24,"10_1.mp3","music"
"5292","674cb1e5dd135ab435dece3f",12,52,21,12,56,"2_1.mp3","music"
"5293","674cb1e5dd135ab435dece3f",28,21,21,10,18,"10_2.mp3","music"
"5294","674cb1e5dd135ab435dece3f",10,17,11,4,16,"5_14.mp3","music"
"5295","674cb1e5dd135ab435dece3f",8,52,32,19,17,"4_2.mp3","music"
"5296","674cb1e5dd135ab435dece3f",7,11,17,2,40,"12_2.mp3","music"
"5297","668bf688d58206e61f399a88",46,49,50,48,52,"6_5.mp3","music"
"5298","668bf688d58206e61f399a88",12,12,4,8,7,"11_10.mp3","music"
"5299","668bf688d58206e61f399a88",62,49,58,57,77,"12_2.mp3","music"
"5300","668bf688d58206e61f399a88",94,67,63,52,86,"7_10.mp3","music"
"5301","668bf688d58206e61f399a88",31,33,28,32,24,"11_2.mp3","music"
"5302","668bf688d58206e61f399a88",59,62,35,60,92,"3_1.mp3","music"
"5303","668bf688d58206e61f399a88",48,47,48,53,65,"11_11.mp3","music"
"5304","668bf688d58206e61f399a88",49,82,45,74,87,"5_14.mp3","music"
"5305","668bf688d58206e61f399a88",42,39,37,51,77,"7_13.mp3","music"
"5306","668bf688d58206e61f399a88",47,50,48,50,48,"6_10.mp3","music"
"5307","668bf688d58206e61f399a88",91,73,98,81,52,"4_1.mp3","music"
"5308","668bf688d58206e61f399a88",67,69,80,98,55,"10_2.mp3","music"
"5309","668bf688d58206e61f399a88",79,96,76,92,95,"10_1.mp3","music"
"5310","668bf688d58206e61f399a88",50,53,49,75,59,"8_2.mp3","music"
"5311","668bf688d58206e61f399a88",53,52,50,79,52,"2_1.mp3","music"
"5312","668bf688d58206e61f399a88",23,26,29,17,30,"4_2.mp3","music"
"5313","6287f4819c5fc8c4d48cc885",66,82,43,32,65,"10_2.mp3","music"
"5314","6287f4819c5fc8c4d48cc885",0,0,0,0,8,"11_11.mp3","music"
"5315","6287f4819c5fc8c4d48cc885",0,0,0,0,0,"6_10.mp3","music"
"5316","6287f4819c5fc8c4d48cc885",0,60,78,8,0,"6_5.mp3","music"
"5317","6287f4819c5fc8c4d48cc885",31,58,7,16,49,"8_2.mp3","music"
"5318","6287f4819c5fc8c4d48cc885",0,0,0,0,6,"5_14.mp3","music"
"5319","6287f4819c5fc8c4d48cc885",0,0,10,0,0,"7_10.mp3","music"
"5320","6287f4819c5fc8c4d48cc885",7,0,78,0,0,"11_10.mp3","music"
"5321","6287f4819c5fc8c4d48cc885",0,0,0,0,0,"4_2.mp3","music"
"5322","6287f4819c5fc8c4d48cc885",0,0,0,0,0,"11_2.mp3","music"
"5323","6287f4819c5fc8c4d48cc885",0,0,0,0,7,"7_13.mp3","music"
"5324","6287f4819c5fc8c4d48cc885",0,0,0,0,11,"12_2.mp3","music"
"5325","6287f4819c5fc8c4d48cc885",0,0,0,0,0,"3_1.mp3","music"
"5326","6287f4819c5fc8c4d48cc885",0,0,0,0,56,"2_1.mp3","music"
"5327","6287f4819c5fc8c4d48cc885",0,0,0,0,0,"10_1.mp3","music"
"5328","6287f4819c5fc8c4d48cc885",21,63,5,0,64,"4_1.mp3","music"
"5329","67cb4f07e42b150f96dc180b",79,98,97,97,98,"7_13.mp3","music"
"5330","67cb4f07e42b150f96dc180b",89,84,92,98,79,"10_2.mp3","music"
"5331","67cb4f07e42b150f96dc180b",83,87,93,88,97,"12_2.mp3","music"
"5332","67cb4f07e42b150f96dc180b",85,99,97,98,97,"6_10.mp3","music"
"5333","67cb4f07e42b150f96dc180b",82,97,94,97,99,"5_14.mp3","music"
"5334","67cb4f07e42b150f96dc180b",99,82,65,84,99,"10_1.mp3","music"
"5335","67cb4f07e42b150f96dc180b",95,97,100,99,27,"7_10.mp3","music"
"5336","67cb4f07e42b150f96dc180b",90,86,83,95,94,"11_2.mp3","music"
"5337","67cb4f07e42b150f96dc180b",69,99,96,100,74,"2_1.mp3","music"
"5338","67cb4f07e42b150f96dc180b",94,94,89,81,73,"8_2.mp3","music"
"5339","67cb4f07e42b150f96dc180b",70,95,77,96,73,"4_1.mp3","music"
"5340","67cb4f07e42b150f96dc180b",79,98,97,94,97,"11_10.mp3","music"
"5341","67cb4f07e42b150f96dc180b",95,87,91,99,62,"4_2.mp3","music"
"5342","67cb4f07e42b150f96dc180b",93,92,95,99,100,"11_11.mp3","music"
"5343","67cb4f07e42b150f96dc180b",92,45,95,90,70,"6_5.mp3","music"
"5344","67cb4f07e42b150f96dc180b",91,92,90,87,85,"3_1.mp3","music"
"5345","63ae31ff5c725a41082afc56",71,80,53,78,71,"4_1.mp3","music"
"5346","63ae31ff5c725a41082afc56",80,5,12,48,23,"12_2.mp3","music"
"5347","63ae31ff5c725a41082afc56",80,96,79,91,84,"8_2.mp3","music"
"5348","63ae31ff5c725a41082afc56",8,8,11,10,7,"11_10.mp3","music"
"5349","63ae31ff5c725a41082afc56",6,9,11,11,7,"6_5.mp3","music"
"5350","63ae31ff5c725a41082afc56",3,8,2,0,6,"7_10.mp3","music"
"5351","63ae31ff5c725a41082afc56",51,59,61,75,72,"11_11.mp3","music"
"5352","63ae31ff5c725a41082afc56",84,78,80,88,79,"10_2.mp3","music"
"5353","63ae31ff5c725a41082afc56",89,82,74,73,83,"4_2.mp3","music"
"5354","63ae31ff5c725a41082afc56",16,4,19,20,21,"11_2.mp3","music"
"5355","63ae31ff5c725a41082afc56",42,67,23,45,82,"5_14.mp3","music"
"5356","63ae31ff5c725a41082afc56",90,84,83,77,84,"10_1.mp3","music"
"5357","63ae31ff5c725a41082afc56",86,82,78,77,75,"6_10.mp3","music"
"5358","63ae31ff5c725a41082afc56",64,57,16,50,84,"3_1.mp3","music"
"5359","63ae31ff5c725a41082afc56",55,38,27,46,88,"2_1.mp3","music"
"5360","63ae31ff5c725a41082afc56",67,81,77,58,84,"7_13.mp3","music"
"5361","67463480327b48a3f1380669",13,20,15,24,18,"6_10.mp3","music"
"5362","67463480327b48a3f1380669",38,38,41,23,30,"10_1.mp3","music"
"5363","67463480327b48a3f1380669",3,6,5,5,19,"3_1.mp3","music"
"5364","67463480327b48a3f1380669",3,12,2,2,20,"11_2.mp3","music"
"5365","67463480327b48a3f1380669",16,3,5,5,3,"7_13.mp3","music"
"5366","67463480327b48a3f1380669",4,5,3,6,38,"5_14.mp3","music"
"5367","67463480327b48a3f1380669",72,25,54,46,49,"4_1.mp3","music"
"5368","67463480327b48a3f1380669",2,6,4,3,2,"11_10.mp3","music"
"5369","67463480327b48a3f1380669",17,1,4,2,2,"6_5.mp3","music"
"5370","67463480327b48a3f1380669",6,2,16,3,41,"8_2.mp3","music"
"5371","67463480327b48a3f1380669",3,4,2,4,13,"10_2.mp3","music"
"5372","67463480327b48a3f1380669",1,1,2,2,2,"2_1.mp3","music"
"5373","67463480327b48a3f1380669",2,3,2,0,2,"4_2.mp3","music"
"5374","67463480327b48a3f1380669",2,3,5,3,3,"7_10.mp3","music"
"5375","67463480327b48a3f1380669",10,4,5,0,0,"11_11.mp3","music"
"5376","67463480327b48a3f1380669",1,5,3,2,4,"12_2.mp3","music"
"5377","66240955715b3b45903381ed",10,6,5,0,18,"3_1.mp3","music"
"5378","66240955715b3b45903381ed",19,6,19,9,10,"4_1.mp3","music"
"5379","66240955715b3b45903381ed",14,10,5,4,12,"4_2.mp3","music"
"5380","66240955715b3b45903381ed",7,4,8,1,3,"6_10.mp3","music"
"5381","66240955715b3b45903381ed",12,0,4,3,5,"11_11.mp3","music"
"5382","66240955715b3b45903381ed",18,0,24,3,7,"11_10.mp3","music"
"5383","66240955715b3b45903381ed",16,10,16,2,26,"7_13.mp3","music"
"5384","66240955715b3b45903381ed",17,24,8,6,21,"2_1.mp3","music"
"5385","66240955715b3b45903381ed",25,11,29,29,11,"10_2.mp3","music"
"5386","66240955715b3b45903381ed",19,7,19,8,7,"11_2.mp3","music"
"5387","66240955715b3b45903381ed",20,8,15,12,11,"10_1.mp3","music"
"5388","66240955715b3b45903381ed",15,4,6,8,10,"12_2.mp3","music"
"5389","66240955715b3b45903381ed",0,0,12,0,0,"7_10.mp3","music"
"5390","66240955715b3b45903381ed",6,0,5,0,10,"5_14.mp3","music"
"5391","66240955715b3b45903381ed",13,2,14,5,5,"6_5.mp3","music"
"5392","66240955715b3b45903381ed",15,8,15,14,3,"8_2.mp3","music"
"5393","672c74f54295206bddb0146a",70,55,0,50,50,"4_1.mp3","music"
"5394","672c74f54295206bddb0146a",65,50,0,0,55,"10_1.mp3","music"
"5395","672c74f54295206bddb0146a",20,25,80,0,0,"11_10.mp3","music"
"5396","672c74f54295206bddb0146a",15,30,0,0,90,"3_1.mp3","music"
"5397","672c74f54295206bddb0146a",0,50,0,0,0,"11_11.mp3","music"
"5398","672c74f54295206bddb0146a",20,0,10,0,0,"6_5.mp3","music"
"5399","672c74f54295206bddb0146a",5,0,10,0,40,"11_2.mp3","music"
"5400","672c74f54295206bddb0146a",0,0,0,0,20,"7_13.mp3","music"
"5401","672c74f54295206bddb0146a",0,0,25,0,0,"6_10.mp3","music"
"5402","672c74f54295206bddb0146a",20,10,0,5,35,"12_2.mp3","music"
"5403","672c74f54295206bddb0146a",10,0,0,0,5,"8_2.mp3","music"
"5404","672c74f54295206bddb0146a",10,0,0,10,10,"10_2.mp3","music"
"5405","672c74f54295206bddb0146a",0,30,0,0,40,"4_2.mp3","music"
"5406","672c74f54295206bddb0146a",0,0,0,0,0,"7_10.mp3","music"
"5407","672c74f54295206bddb0146a",10,50,15,5,0,"5_14.mp3","music"
"5408","672c74f54295206bddb0146a",20,20,0,0,20,"2_1.mp3","music"
"5409","67e406244bfad9999a051c1e",88,91,84,79,93,"7_10.mp3","music"
"5410","67e406244bfad9999a051c1e",89,94,92,90,92,"4_1.mp3","music"
"5411","67e406244bfad9999a051c1e",85,92,82,89,89,"11_2.mp3","music"
"5412","67e406244bfad9999a051c1e",85,87,88,85,90,"12_2.mp3","music"
"5413","67e406244bfad9999a051c1e",89,88,88,89,93,"8_2.mp3","music"
"5414","67e406244bfad9999a051c1e",89,93,94,95,92,"7_13.mp3","music"
"5415","67e406244bfad9999a051c1e",88,89,87,83,86,"5_14.mp3","music"
"5416","67e406244bfad9999a051c1e",88,89,92,91,92,"4_2.mp3","music"
"5417","67e406244bfad9999a051c1e",92,90,87,91,90,"2_1.mp3","music"
"5418","67e406244bfad9999a051c1e",82,95,93,92,95,"10_1.mp3","music"
"5419","67e406244bfad9999a051c1e",90,93,94,89,95,"3_1.mp3","music"
"5420","67e406244bfad9999a051c1e",85,91,92,88,95,"6_10.mp3","music"
"5421","67e406244bfad9999a051c1e",90,94,92,91,95,"10_2.mp3","music"
"5422","67e406244bfad9999a051c1e",90,90,92,92,88,"6_5.mp3","music"
"5423","67e406244bfad9999a051c1e",85,91,90,91,92,"11_10.mp3","music"
"5424","67e406244bfad9999a051c1e",92,91,87,89,88,"11_11.mp3","music"
"5425","67dd40b531ab9c33ff61e98e",91,94,96,93,95,"11_10.mp3","music"
"5426","67dd40b531ab9c33ff61e98e",88,93,90,92,91,"4_1.mp3","music"
"5427","67dd40b531ab9c33ff61e98e",95,99,75,95,95,"7_10.mp3","music"
"5428","67dd40b531ab9c33ff61e98e",91,89,90,87,92,"11_11.mp3","music"
"5429","67dd40b531ab9c33ff61e98e",93,94,92,94,91,"2_1.mp3","music"
"5430","67dd40b531ab9c33ff61e98e",94,92,93,91,95,"6_10.mp3","music"
"5431","67dd40b531ab9c33ff61e98e",91,91,94,92,93,"10_2.mp3","music"
"5432","67dd40b531ab9c33ff61e98e",92,88,88,87,84,"12_2.mp3","music"
"5433","67dd40b531ab9c33ff61e98e",90,88,90,92,93,"4_2.mp3","music"
"5434","67dd40b531ab9c33ff61e98e",91,90,95,84,99,"10_1.mp3","music"
"5435","67dd40b531ab9c33ff61e98e",92,97,92,86,95,"11_2.mp3","music"
"5436","67dd40b531ab9c33ff61e98e",90,90,92,88,95,"5_14.mp3","music"
"5437","67dd40b531ab9c33ff61e98e",90,94,94,94,95,"8_2.mp3","music"
"5438","67dd40b531ab9c33ff61e98e",97,90,94,92,95,"7_13.mp3","music"
"5439","67dd40b531ab9c33ff61e98e",93,94,97,94,95,"6_5.mp3","music"
"5440","67dd40b531ab9c33ff61e98e",89,94,94,90,100,"3_1.mp3","music"
"5441","69455d744f6c8f2faec72b92",62,49,49,72,61,"4_1.mp3","music"
"5442","69455d744f6c8f2faec72b92",28,90,65,69,70,"11_11.mp3","music"
"5443","69455d744f6c8f2faec72b92",60,39,88,67,40,"6_5.mp3","music"
"5444","69455d744f6c8f2faec72b92",14,92,34,28,63,"4_2.mp3","music"
"5445","69455d744f6c8f2faec72b92",80,48,87,80,11,"10_2.mp3","music"
"5446","69455d744f6c8f2faec72b92",35,84,31,43,67,"12_2.mp3","music"
"5447","69455d744f6c8f2faec72b92",16,50,15,21,49,"7_13.mp3","music"
"5448","69455d744f6c8f2faec72b92",60,42,79,60,24,"7_10.mp3","music"
"5449","69455d744f6c8f2faec72b92",58,50,76,63,34,"11_10.mp3","music"
"5450","69455d744f6c8f2faec72b92",21,25,34,15,34,"5_14.mp3","music"
"5451","69455d744f6c8f2faec72b92",30,72,38,30,74,"3_1.mp3","music"
"5452","69455d744f6c8f2faec72b92",33,11,10,9,12,"10_1.mp3","music"
"5453","69455d744f6c8f2faec72b92",72,74,88,81,16,"11_2.mp3","music"
"5454","69455d744f6c8f2faec72b92",50,68,53,45,64,"2_1.mp3","music"
"5455","69455d744f6c8f2faec72b92",78,66,89,83,28,"6_10.mp3","music"
"5456","69455d744f6c8f2faec72b92",71,24,58,70,66,"8_2.mp3","music"
"5457","663a5db9ced6c4bf9bd77d3e",22,0,80,9,0,"6_5.mp3","music"
"5458","663a5db9ced6c4bf9bd77d3e",74,37,70,74,0,"10_2.mp3","music"
"5459","663a5db9ced6c4bf9bd77d3e",51,67,49,80,49,"12_2.mp3","music"
"5460","663a5db9ced6c4bf9bd77d3e",0,0,0,0,0,"7_10.mp3","music"
"5461","663a5db9ced6c4bf9bd77d3e",0,0,8,0,0,"11_10.mp3","music"
"5462","663a5db9ced6c4bf9bd77d3e",40,65,0,12,39,"2_1.mp3","music"
"5463","663a5db9ced6c4bf9bd77d3e",50,57,43,7,100,"11_11.mp3","music"
"5464","663a5db9ced6c4bf9bd77d3e",55,65,41,74,56,"4_1.mp3","music"
"5465","663a5db9ced6c4bf9bd77d3e",19,12,74,56,8,"8_2.mp3","music"
"5466","663a5db9ced6c4bf9bd77d3e",29,68,82,35,7,"11_2.mp3","music"
"5467","663a5db9ced6c4bf9bd77d3e",11,51,0,0,67,"7_13.mp3","music"
"5468","663a5db9ced6c4bf9bd77d3e",26,4,70,0,3,"6_10.mp3","music"
"5469","663a5db9ced6c4bf9bd77d3e",48,93,2,47,100,"10_1.mp3","music"
"5470","663a5db9ced6c4bf9bd77d3e",31,29,0,0,96,"4_2.mp3","music"
"5471","663a5db9ced6c4bf9bd77d3e",32,15,0,0,79,"5_14.mp3","music"
"5472","663a5db9ced6c4bf9bd77d3e",0,75,0,0,100,"3_1.mp3","music"
"5473","60fdd5214fe9e80b975361bd",68,31,73,78,9,"6_5.mp3","music"
"5474","60fdd5214fe9e80b975361bd",36,25,71,25,8,"11_10.mp3","music"
"5475","60fdd5214fe9e80b975361bd",22,18,21,21,18,"2_1.mp3","music"
"5476","60fdd5214fe9e80b975361bd",26,38,27,45,23,"5_14.mp3","music"
"5477","60fdd5214fe9e80b975361bd",74,67,74,80,29,"10_1.mp3","music"
"5478","60fdd5214fe9e80b975361bd",3,8,10,8,8,"6_10.mp3","music"
"5479","60fdd5214fe9e80b975361bd",8,10,9,7,8,"4_1.mp3","music"
"5480","60fdd5214fe9e80b975361bd",79,20,73,82,15,"10_2.mp3","music"
"5481","60fdd5214fe9e80b975361bd",12,13,19,15,17,"7_13.mp3","music"
"5482","60fdd5214fe9e80b975361bd",9,5,5,15,3,"11_11.mp3","music"
"5483","60fdd5214fe9e80b975361bd",5,4,3,9,3,"8_2.mp3","music"
"5484","60fdd5214fe9e80b975361bd",6,4,1,5,2,"7_10.mp3","music"
"5485","60fdd5214fe9e80b975361bd",30,8,7,10,6,"3_1.mp3","music"
"5486","60fdd5214fe9e80b975361bd",65,10,14,61,59,"4_2.mp3","music"
"5487","60fdd5214fe9e80b975361bd",84,64,66,69,76,"12_2.mp3","music"
"5488","60fdd5214fe9e80b975361bd",66,22,75,76,22,"11_2.mp3","music"
"5489","60f6ce6de6cf393bcde0c14d",54,50,0,51,54,"3_1.mp3","music"
"5490","60f6ce6de6cf393bcde0c14d",50,49,70,32,27,"11_10.mp3","music"
"5491","60f6ce6de6cf393bcde0c14d",100,100,54,100,100,"12_2.mp3","music"
"5492","60f6ce6de6cf393bcde0c14d",80,100,26,100,100,"4_2.mp3","music"
"5493","60f6ce6de6cf393bcde0c14d",85,100,24,100,88,"8_2.mp3","music"
"5494","60f6ce6de6cf393bcde0c14d",100,100,51,100,100,"10_1.mp3","music"
"5495","60f6ce6de6cf393bcde0c14d",99,100,30,97,99,"2_1.mp3","music"
"5496","60f6ce6de6cf393bcde0c14d",83,98,91,99,52,"6_10.mp3","music"
"5497","60f6ce6de6cf393bcde0c14d",8,15,10,18,23,"7_10.mp3","music"
"5498","60f6ce6de6cf393bcde0c14d",48,47,0,49,51,"5_14.mp3","music"
"5499","60f6ce6de6cf393bcde0c14d",53,45,1,40,51,"11_11.mp3","music"
"5500","60f6ce6de6cf393bcde0c14d",54,37,0,34,25,"11_2.mp3","music"
"5501","60f6ce6de6cf393bcde0c14d",14,16,32,7,15,"10_2.mp3","music"
"5502","60f6ce6de6cf393bcde0c14d",86,98,23,98,90,"7_13.mp3","music"
"5503","60f6ce6de6cf393bcde0c14d",45,27,20,25,43,"4_1.mp3","music"
"5504","60f6ce6de6cf393bcde0c14d",86,88,59,86,51,"6_5.mp3","music"
"5505","66c39523c807184f4582c50a",0,0,0,0,0,"2_1.mp3","music"
"5506","66c39523c807184f4582c50a",50,0,50,50,0,"6_5.mp3","music"
"5507","66c39523c807184f4582c50a",100,60,100,100,0,"8_2.mp3","music"
"5508","66c39523c807184f4582c50a",0,0,0,0,0,"3_1.mp3","music"
"5509","66c39523c807184f4582c50a",0,0,0,0,0,"4_2.mp3","music"
"5510","66c39523c807184f4582c50a",80,100,25,100,85,"10_1.mp3","music"
"5511","66c39523c807184f4582c50a",80,75,25,100,0,"4_1.mp3","music"
"5512","66c39523c807184f4582c50a",0,0,0,0,0,"11_2.mp3","music"
"5513","66c39523c807184f4582c50a",0,0,0,0,0,"7_10.mp3","music"
"5514","66c39523c807184f4582c50a",50,50,35,60,15,"12_2.mp3","music"
"5515","66c39523c807184f4582c50a",0,0,0,0,0,"11_10.mp3","music"
"5516","66c39523c807184f4582c50a",80,0,70,90,0,"10_2.mp3","music"
"5517","66c39523c807184f4582c50a",0,0,0,0,0,"11_11.mp3","music"
"5518","66c39523c807184f4582c50a",0,0,0,0,0,"7_13.mp3","music"
"5519","66c39523c807184f4582c50a",0,0,0,0,0,"6_10.mp3","music"
"5520","66c39523c807184f4582c50a",0,0,0,0,0,"5_14.mp3","music"
"5521","67164c92298409e37c670b3d",20,100,15,20,63,"11_11.mp3","music"
"5522","67164c92298409e37c670b3d",77,57,79,65,36,"10_2.mp3","music"
"5523","67164c92298409e37c670b3d",51,23,0,40,31,"8_2.mp3","music"
"5524","67164c92298409e37c670b3d",19,17,0,0,7,"6_10.mp3","music"
"5525","67164c92298409e37c670b3d",100,100,21,100,100,"12_2.mp3","music"
"5526","67164c92298409e37c670b3d",88,91,16,80,76,"2_1.mp3","music"
"5527","67164c92298409e37c670b3d",100,100,15,100,100,"4_1.mp3","music"
"5528","67164c92298409e37c670b3d",100,100,83,100,100,"10_1.mp3","music"
"5529","67164c92298409e37c670b3d",86,100,100,69,0,"6_5.mp3","music"
"5530","67164c92298409e37c670b3d",29,75,0,14,58,"5_14.mp3","music"
"5531","67164c92298409e37c670b3d",6,0,0,12,0,"3_1.mp3","music"
"5532","67164c92298409e37c670b3d",0,0,0,0,0,"7_10.mp3","music"
"5533","67164c92298409e37c670b3d",36,100,99,29,0,"11_10.mp3","music"
"5534","67164c92298409e37c670b3d",25,35,0,0,30,"7_13.mp3","music"
"5535","67164c92298409e37c670b3d",0,0,0,0,0,"11_2.mp3","music"
"5536","67164c92298409e37c670b3d",36,24,15,0,24,"4_2.mp3","music"
"5537","66ec318029fc5a15efe40c57",50,45,0,0,50,"4_2.mp3","music"
"5538","66ec318029fc5a15efe40c57",50,40,0,0,50,"10_1.mp3","music"
"5539","66ec318029fc5a15efe40c57",40,35,0,0,50,"5_14.mp3","music"
"5540","66ec318029fc5a15efe40c57",40,40,0,0,50,"7_13.mp3","music"
"5541","66ec318029fc5a15efe40c57",45,40,0,0,50,"11_2.mp3","music"
"5542","66ec318029fc5a15efe40c57",45,40,0,0,50,"3_1.mp3","music"
"5543","66ec318029fc5a15efe40c57",45,35,0,0,50,"11_11.mp3","music"
"5544","66ec318029fc5a15efe40c57",50,50,5,2,50,"10_2.mp3","music"
"5545","66ec318029fc5a15efe40c57",35,35,0,0,40,"7_10.mp3","music"
"5546","66ec318029fc5a15efe40c57",50,50,2,1,45,"6_10.mp3","music"
"5547","66ec318029fc5a15efe40c57",45,35,5,0,35,"11_10.mp3","music"
"5548","66ec318029fc5a15efe40c57",50,50,2,2,45,"8_2.mp3","music"
"5549","66ec318029fc5a15efe40c57",40,35,0,1,50,"12_2.mp3","music"
"5550","66ec318029fc5a15efe40c57",50,50,4,2,40,"6_5.mp3","music"
"5551","66ec318029fc5a15efe40c57",35,35,0,0,45,"2_1.mp3","music"
"5552","66ec318029fc5a15efe40c57",50,50,1,3,45,"4_1.mp3","music"
"5553","6810cb4c7a4dd46a3c6ede04",65,77,72,83,59,"11_10.mp3","music"
"5554","6810cb4c7a4dd46a3c6ede04",74,88,87,86,89,"2_1.mp3","music"
"5555","6810cb4c7a4dd46a3c6ede04",89,79,73,83,92,"10_1.mp3","music"
"5556","6810cb4c7a4dd46a3c6ede04",88,82,90,66,96,"6_10.mp3","music"
"5557","6810cb4c7a4dd46a3c6ede04",37,94,79,94,75,"7_13.mp3","music"
"5558","6810cb4c7a4dd46a3c6ede04",89,73,83,77,84,"11_11.mp3","music"
"5559","6810cb4c7a4dd46a3c6ede04",80,72,87,75,90,"7_10.mp3","music"
"5560","6810cb4c7a4dd46a3c6ede04",83,69,76,73,92,"12_2.mp3","music"
"5561","6810cb4c7a4dd46a3c6ede04",97,96,98,96,95,"8_2.mp3","music"
"5562","6810cb4c7a4dd46a3c6ede04",89,76,96,73,100,"11_2.mp3","music"
"5563","6810cb4c7a4dd46a3c6ede04",92,86,92,84,92,"6_5.mp3","music"
"5564","6810cb4c7a4dd46a3c6ede04",97,98,95,79,94,"4_2.mp3","music"
"5565","6810cb4c7a4dd46a3c6ede04",77,85,84,80,88,"3_1.mp3","music"
"5566","6810cb4c7a4dd46a3c6ede04",91,81,68,72,75,"4_1.mp3","music"
"5567","6810cb4c7a4dd46a3c6ede04",79,93,83,86,93,"10_2.mp3","music"
"5568","6810cb4c7a4dd46a3c6ede04",64,82,77,87,90,"5_14.mp3","music"
"5569","67f2ecf2ef369d872787cfb8",41,87,65,26,25,"5_14.mp3","music"
"5570","67f2ecf2ef369d872787cfb8",48,39,40,37,61,"8_2.mp3","music"
"5571","67f2ecf2ef369d872787cfb8",26,43,50,45,49,"11_11.mp3","music"
"5572","67f2ecf2ef369d872787cfb8",28,21,8,19,21,"10_1.mp3","music"
"5573","67f2ecf2ef369d872787cfb8",25,50,40,33,20,"7_10.mp3","music"
"5574","67f2ecf2ef369d872787cfb8",34,37,30,19,10,"4_2.mp3","music"
"5575","67f2ecf2ef369d872787cfb8",95,75,88,37,28,"7_13.mp3","music"
"5576","67f2ecf2ef369d872787cfb8",43,39,51,40,38,"6_5.mp3","music"
"5577","67f2ecf2ef369d872787cfb8",12,26,6,34,87,"11_10.mp3","music"
"5578","67f2ecf2ef369d872787cfb8",73,30,43,10,17,"3_1.mp3","music"
"5579","67f2ecf2ef369d872787cfb8",49,46,34,1,7,"6_10.mp3","music"
"5580","67f2ecf2ef369d872787cfb8",59,6,14,23,36,"11_2.mp3","music"
"5581","67f2ecf2ef369d872787cfb8",57,25,23,7,28,"2_1.mp3","music"
"5582","67f2ecf2ef369d872787cfb8",26,43,7,34,49,"10_2.mp3","music"
"5583","67f2ecf2ef369d872787cfb8",43,14,34,29,34,"12_2.mp3","music"
"5584","67f2ecf2ef369d872787cfb8",95,5,60,94,22,"4_1.mp3","music"
"5585","66e5cf7a11cb28aa31d19da8",22,29,20,19,48,"7_13.mp3","music"
"5586","66e5cf7a11cb28aa31d19da8",19,35,15,16,55,"11_11.mp3","music"
"5587","66e5cf7a11cb28aa31d19da8",6,3,0,0,7,"7_10.mp3","music"
"5588","66e5cf7a11cb28aa31d19da8",8,17,6,7,12,"11_2.mp3","music"
"5589","66e5cf7a11cb28aa31d19da8",41,31,35,42,35,"8_2.mp3","music"
"5590","66e5cf7a11cb28aa31d19da8",14,32,12,19,72,"3_1.mp3","music"
"5591","66e5cf7a11cb28aa31d19da8",7,16,7,10,13,"12_2.mp3","music"
"5592","66e5cf7a11cb28aa31d19da8",14,13,15,9,8,"11_10.mp3","music"
"5593","66e5cf7a11cb28aa31d19da8",17,9,15,10,18,"10_2.mp3","music"
"5594","66e5cf7a11cb28aa31d19da8",17,19,15,26,10,"6_5.mp3","music"
"5595","66e5cf7a11cb28aa31d19da8",10,19,10,24,12,"10_1.mp3","music"
"5596","66e5cf7a11cb28aa31d19da8",15,30,13,22,30,"4_1.mp3","music"
"5597","66e5cf7a11cb28aa31d19da8",6,8,4,7,10,"6_10.mp3","music"
"5598","66e5cf7a11cb28aa31d19da8",9,29,5,9,66,"4_2.mp3","music"
"5599","66e5cf7a11cb28aa31d19da8",22,28,12,27,43,"2_1.mp3","music"
"5600","66e5cf7a11cb28aa31d19da8",7,11,7,4,22,"5_14.mp3","music"
"5601","660c9fe7b2e6bf22bcc608b1",92,92,88,94,91,"2_1.mp3","music"
"5602","660c9fe7b2e6bf22bcc608b1",88,94,93,87,96,"7_13.mp3","music"
"5603","660c9fe7b2e6bf22bcc608b1",77,85,80,72,78,"11_2.mp3","music"
"5604","660c9fe7b2e6bf22bcc608b1",81,89,92,90,92,"4_2.mp3","music"
"5605","660c9fe7b2e6bf22bcc608b1",58,70,55,90,95,"3_1.mp3","music"
"5606","660c9fe7b2e6bf22bcc608b1",83,95,93,85,92,"11_11.mp3","music"
"5607","660c9fe7b2e6bf22bcc608b1",91,93,87,76,92,"10_1.mp3","music"
"5608","660c9fe7b2e6bf22bcc608b1",25,89,24,29,89,"7_10.mp3","music"
"5609","660c9fe7b2e6bf22bcc608b1",78,85,84,35,96,"6_5.mp3","music"
"5610","660c9fe7b2e6bf22bcc608b1",53,73,57,50,61,"5_14.mp3","music"
"5611","660c9fe7b2e6bf22bcc608b1",77,58,82,52,88,"8_2.mp3","music"
"5612","660c9fe7b2e6bf22bcc608b1",84,95,72,81,81,"10_2.mp3","music"
"5613","660c9fe7b2e6bf22bcc608b1",72,74,62,68,77,"4_1.mp3","music"
"5614","660c9fe7b2e6bf22bcc608b1",77,49,26,49,89,"6_10.mp3","music"
"5615","660c9fe7b2e6bf22bcc608b1",81,56,33,50,42,"11_10.mp3","music"
"5616","660c9fe7b2e6bf22bcc608b1",80,91,67,88,91,"12_2.mp3","music"
"5617","60dc4e2299f89a7ca94b2c91",46,16,32,0,53,"7_13.mp3","music"
"5618","60dc4e2299f89a7ca94b2c91",56,52,51,50,62,"10_2.mp3","music"
"5619","60dc4e2299f89a7ca94b2c91",55,56,50,49,57,"6_5.mp3","music"
"5620","60dc4e2299f89a7ca94b2c91",22,43,5,12,77,"10_1.mp3","music"
"5621","60dc4e2299f89a7ca94b2c91",35,8,70,8,53,"11_10.mp3","music"
"5622","60dc4e2299f89a7ca94b2c91",33,16,0,14,34,"11_11.mp3","music"
"5623","60dc4e2299f89a7ca94b2c91",19,13,45,0,11,"7_10.mp3","music"
"5624","60dc4e2299f89a7ca94b2c91",17,0,0,0,0,"4_2.mp3","music"
"5625","60dc4e2299f89a7ca94b2c91",23,14,0,0,50,"4_1.mp3","music"
"5626","60dc4e2299f89a7ca94b2c91",30,36,24,0,38,"11_2.mp3","music"
"5627","60dc4e2299f89a7ca94b2c91",50,54,52,24,51,"8_2.mp3","music"
"5628","60dc4e2299f89a7ca94b2c91",20,14,21,0,16,"12_2.mp3","music"
"5629","60dc4e2299f89a7ca94b2c91",36,8,51,0,20,"6_10.mp3","music"
"5630","60dc4e2299f89a7ca94b2c91",0,0,12,0,22,"5_14.mp3","music"
"5631","60dc4e2299f89a7ca94b2c91",12,13,18,0,15,"3_1.mp3","music"
"5632","60dc4e2299f89a7ca94b2c91",0,8,0,0,12,"2_1.mp3","music"
"5633","694362776ee0b39779195255",20,40,0,25,30,"11_2.mp3","music"
"5634","694362776ee0b39779195255",30,55,0,28,76,"2_1.mp3","music"
"5635","694362776ee0b39779195255",0,21,0,0,0,"7_10.mp3","music"
"5636","694362776ee0b39779195255",25,73,0,17,85,"3_1.mp3","music"
"5637","694362776ee0b39779195255",70,75,55,80,34,"10_2.mp3","music"
"5638","694362776ee0b39779195255",0,4,0,0,0,"6_10.mp3","music"
"5639","694362776ee0b39779195255",34,59,0,34,72,"5_14.mp3","music"
"5640","694362776ee0b39779195255",16,11,0,31,11,"6_5.mp3","music"
"5641","694362776ee0b39779195255",15,7,0,18,0,"8_2.mp3","music"
"5642","694362776ee0b39779195255",17,45,0,29,64,"12_2.mp3","music"
"5643","694362776ee0b39779195255",26,39,31,22,18,"4_1.mp3","music"
"5644","694362776ee0b39779195255",0,0,0,0,0,"11_10.mp3","music"
"5645","694362776ee0b39779195255",0,24,0,0,8,"7_13.mp3","music"
"5646","694362776ee0b39779195255",11,38,0,8,46,"11_11.mp3","music"
"5647","694362776ee0b39779195255",0,51,0,0,47,"4_2.mp3","music"
"5648","694362776ee0b39779195255",27,50,21,24,28,"10_1.mp3","music"
"5649","682498beb28b43fa10e34496",41,53,50,53,49,"12_2.mp3","music"
"5650","682498beb28b43fa10e34496",76,75,72,68,54,"7_10.mp3","music"
"5651","682498beb28b43fa10e34496",65,59,58,63,57,"11_11.mp3","music"
"5652","682498beb28b43fa10e34496",83,68,81,73,84,"4_1.mp3","music"
"5653","682498beb28b43fa10e34496",57,70,65,71,57,"7_13.mp3","music"
"5654","682498beb28b43fa10e34496",80,77,74,83,80,"6_10.mp3","music"
"5655","682498beb28b43fa10e34496",67,77,77,75,64,"11_2.mp3","music"
"5656","682498beb28b43fa10e34496",70,72,70,78,69,"10_2.mp3","music"
"5657","682498beb28b43fa10e34496",67,61,65,68,67,"8_2.mp3","music"
"5658","682498beb28b43fa10e34496",42,60,58,62,53,"2_1.mp3","music"
"5659","682498beb28b43fa10e34496",61,72,73,68,76,"4_2.mp3","music"
"5660","682498beb28b43fa10e34496",68,78,77,80,72,"6_5.mp3","music"
"5661","682498beb28b43fa10e34496",72,84,79,79,74,"5_14.mp3","music"
"5662","682498beb28b43fa10e34496",67,75,76,77,76,"11_10.mp3","music"
"5663","682498beb28b43fa10e34496",55,83,77,80,74,"10_1.mp3","music"
"5664","682498beb28b43fa10e34496",63,77,75,72,77,"3_1.mp3","music"
"5665","663d78724bf4501737f36653",43,38,42,39,41,"7_13.mp3","music"
"5666","663d78724bf4501737f36653",19,16,18,8,14,"7_10.mp3","music"
"5667","663d78724bf4501737f36653",42,20,26,20,36,"11_11.mp3","music"
"5668","663d78724bf4501737f36653",23,20,50,20,32,"11_2.mp3","music"
"5669","663d78724bf4501737f36653",31,24,54,30,53,"5_14.mp3","music"
"5670","663d78724bf4501737f36653",36,30,50,33,48,"12_2.mp3","music"
"5671","663d78724bf4501737f36653",42,26,53,23,49,"10_2.mp3","music"
"5672","663d78724bf4501737f36653",21,23,17,16,56,"3_1.mp3","music"
"5673","663d78724bf4501737f36653",31,31,49,23,37,"4_1.mp3","music"
"5674","663d78724bf4501737f36653",37,35,39,40,45,"4_2.mp3","music"
"5675","663d78724bf4501737f36653",45,21,44,22,15,"6_5.mp3","music"
"5676","663d78724bf4501737f36653",36,26,43,25,43,"2_1.mp3","music"
"5677","663d78724bf4501737f36653",59,42,56,44,24,"8_2.mp3","music"
"5678","663d78724bf4501737f36653",12,33,49,22,22,"11_10.mp3","music"
"5679","663d78724bf4501737f36653",23,8,31,8,26,"10_1.mp3","music"
"5680","663d78724bf4501737f36653",9,5,9,5,2,"6_10.mp3","music"
"5681","6631b0ab30153f0b76483e0a",79,87,82,86,95,"10_1.mp3","music"
"5682","6631b0ab30153f0b76483e0a",81,82,82,96,82,"8_2.mp3","music"
"5683","6631b0ab30153f0b76483e0a",8,12,14,13,9,"4_2.mp3","music"
"5684","6631b0ab30153f0b76483e0a",5,6,66,12,9,"6_10.mp3","music"
"5685","6631b0ab30153f0b76483e0a",97,92,87,95,77,"10_2.mp3","music"
"5686","6631b0ab30153f0b76483e0a",5,7,6,9,70,"2_1.mp3","music"
"5687","6631b0ab30153f0b76483e0a",7,5,8,8,2,"11_10.mp3","music"
"5688","6631b0ab30153f0b76483e0a",81,67,87,54,49,"6_5.mp3","music"
"5689","6631b0ab30153f0b76483e0a",2,3,1,1,2,"7_10.mp3","music"
"5690","6631b0ab30153f0b76483e0a",84,83,69,72,100,"12_2.mp3","music"
"5691","6631b0ab30153f0b76483e0a",0,0,0,0,16,"5_14.mp3","music"
"5692","6631b0ab30153f0b76483e0a",48,4,3,4,51,"7_13.mp3","music"
"5693","6631b0ab30153f0b76483e0a",0,2,0,0,0,"11_2.mp3","music"
"5694","6631b0ab30153f0b76483e0a",72,90,83,93,48,"4_1.mp3","music"
"5695","6631b0ab30153f0b76483e0a",25,22,0,0,50,"3_1.mp3","music"
"5696","6631b0ab30153f0b76483e0a",6,0,0,0,63,"11_11.mp3","music"
"5697","675b6faf10ae4b79d1d6455e",66,70,51,42,67,"6_10.mp3","music"
"5698","675b6faf10ae4b79d1d6455e",76,38,66,45,30,"6_5.mp3","music"
"5699","675b6faf10ae4b79d1d6455e",64,52,40,31,26,"4_2.mp3","music"
"5700","675b6faf10ae4b79d1d6455e",41,79,75,70,35,"8_2.mp3","music"
"5701","675b6faf10ae4b79d1d6455e",82,37,83,81,38,"5_14.mp3","music"
"5702","675b6faf10ae4b79d1d6455e",72,79,69,51,29,"3_1.mp3","music"
"5703","675b6faf10ae4b79d1d6455e",75,63,39,64,64,"4_1.mp3","music"
"5704","675b6faf10ae4b79d1d6455e",76,75,76,71,62,"7_10.mp3","music"
"5705","675b6faf10ae4b79d1d6455e",82,48,29,76,75,"11_11.mp3","music"
"5706","675b6faf10ae4b79d1d6455e",76,65,42,77,68,"12_2.mp3","music"
"5707","675b6faf10ae4b79d1d6455e",75,63,51,40,66,"2_1.mp3","music"
"5708","675b6faf10ae4b79d1d6455e",74,75,83,61,49,"7_13.mp3","music"
"5709","675b6faf10ae4b79d1d6455e",64,42,43,52,73,"10_2.mp3","music"
"5710","675b6faf10ae4b79d1d6455e",38,40,43,29,36,"10_1.mp3","music"
"5711","675b6faf10ae4b79d1d6455e",37,44,38,42,50,"11_2.mp3","music"
"5712","675b6faf10ae4b79d1d6455e",46,65,45,53,54,"11_10.mp3","music"
"5713","67e1dc9c35b6facf1079fb30",2,0,0,0,0,"7_10.mp3","music"
"5714","67e1dc9c35b6facf1079fb30",100,85,100,100,100,"10_1.mp3","music"
"5715","67e1dc9c35b6facf1079fb30",0,0,0,0,99,"8_2.mp3","music"
"5716","67e1dc9c35b6facf1079fb30",60,50,60,58,83,"6_10.mp3","music"
"5717","67e1dc9c35b6facf1079fb30",79,79,63,67,86,"4_1.mp3","music"
"5718","67e1dc9c35b6facf1079fb30",0,62,0,0,77,"11_10.mp3","music"
"5719","67e1dc9c35b6facf1079fb30",0,0,0,0,12,"4_2.mp3","music"
"5720","67e1dc9c35b6facf1079fb30",80,70,48,75,70,"11_2.mp3","music"
"5721","67e1dc9c35b6facf1079fb30",4,0,0,0,0,"7_13.mp3","music"
"5722","67e1dc9c35b6facf1079fb30",39,46,68,24,86,"6_5.mp3","music"
"5723","67e1dc9c35b6facf1079fb30",0,0,0,0,0,"2_1.mp3","music"
"5724","67e1dc9c35b6facf1079fb30",6,0,0,0,0,"5_14.mp3","music"
"5725","67e1dc9c35b6facf1079fb30",0,0,0,0,84,"11_11.mp3","music"
"5726","67e1dc9c35b6facf1079fb30",0,64,23,0,69,"10_2.mp3","music"
"5727","67e1dc9c35b6facf1079fb30",0,0,0,3,97,"3_1.mp3","music"
"5728","67e1dc9c35b6facf1079fb30",77,91,81,89,44,"12_2.mp3","music"
"5729","66465704f0921cfc20ba6e57",43,42,44,41,50,"3_1.mp3","music"
"5730","66465704f0921cfc20ba6e57",44,43,45,48,37,"2_1.mp3","music"
"5731","66465704f0921cfc20ba6e57",47,52,52,45,44,"11_2.mp3","music"
"5732","66465704f0921cfc20ba6e57",44,55,50,45,62,"7_13.mp3","music"
"5733","66465704f0921cfc20ba6e57",82,65,76,71,79,"10_2.mp3","music"
"5734","66465704f0921cfc20ba6e57",41,52,40,45,41,"6_10.mp3","music"
"5735","66465704f0921cfc20ba6e57",26,36,37,39,40,"7_10.mp3","music"
"5736","66465704f0921cfc20ba6e57",58,49,48,51,64,"4_1.mp3","music"
"5737","66465704f0921cfc20ba6e57",29,36,32,26,33,"5_14.mp3","music"
"5738","66465704f0921cfc20ba6e57",68,57,69,65,71,"10_1.mp3","music"
"5739","66465704f0921cfc20ba6e57",57,65,72,63,69,"12_2.mp3","music"
"5740","66465704f0921cfc20ba6e57",39,40,46,56,49,"4_2.mp3","music"
"5741","66465704f0921cfc20ba6e57",67,69,69,68,57,"8_2.mp3","music"
"5742","66465704f0921cfc20ba6e57",73,85,93,75,81,"11_10.mp3","music"
"5743","66465704f0921cfc20ba6e57",65,72,77,72,72,"6_5.mp3","music"
"5744","66465704f0921cfc20ba6e57",75,79,83,68,75,"11_11.mp3","music"
"5745","67c78fbc58d20f4b7fe41479",77,99,15,42,93,"11_11.mp3","music"
"5746","67c78fbc58d20f4b7fe41479",38,97,55,55,99,"10_1.mp3","music"
"5747","67c78fbc58d20f4b7fe41479",50,98,62,51,96,"11_2.mp3","music"
"5748","67c78fbc58d20f4b7fe41479",47,91,45,50,100,"11_10.mp3","music"
"5749","67c78fbc58d20f4b7fe41479",47,76,41,54,96,"10_2.mp3","music"
"5750","67c78fbc58d20f4b7fe41479",40,87,45,53,99,"2_1.mp3","music"
"5751","67c78fbc58d20f4b7fe41479",48,75,52,57,96,"7_13.mp3","music"
"5752","67c78fbc58d20f4b7fe41479",40,35,56,40,97,"7_10.mp3","music"
"5753","67c78fbc58d20f4b7fe41479",29,64,57,49,96,"6_10.mp3","music"
"5754","67c78fbc58d20f4b7fe41479",44,51,42,36,89,"8_2.mp3","music"
"5755","67c78fbc58d20f4b7fe41479",22,51,39,26,80,"3_1.mp3","music"
"5756","67c78fbc58d20f4b7fe41479",24,39,28,41,51,"12_2.mp3","music"
"5757","67c78fbc58d20f4b7fe41479",28,46,36,47,79,"5_14.mp3","music"
"5758","67c78fbc58d20f4b7fe41479",29,48,46,45,70,"4_1.mp3","music"
"5759","67c78fbc58d20f4b7fe41479",30,37,38,36,79,"4_2.mp3","music"
"5760","67c78fbc58d20f4b7fe41479",24,29,66,60,88,"6_5.mp3","music"
"5761","6633ee8ca35ae4b909110ee3",83,25,65,65,65,"10_1.mp3","music"
"5762","6633ee8ca35ae4b909110ee3",50,0,0,10,60,"7_13.mp3","music"
"5763","6633ee8ca35ae4b909110ee3",35,10,0,0,50,"4_2.mp3","music"
"5764","6633ee8ca35ae4b909110ee3",50,50,0,25,50,"2_1.mp3","music"
"5765","6633ee8ca35ae4b909110ee3",50,0,25,50,5,"10_2.mp3","music"
"5766","6633ee8ca35ae4b909110ee3",5,0,5,5,5,"11_2.mp3","music"
"5767","6633ee8ca35ae4b909110ee3",50,10,50,50,50,"12_2.mp3","music"
"5768","6633ee8ca35ae4b909110ee3",5,0,0,10,25,"5_14.mp3","music"
"5769","6633ee8ca35ae4b909110ee3",15,0,25,24,0,"6_5.mp3","music"
"5770","6633ee8ca35ae4b909110ee3",10,0,10,25,10,"4_1.mp3","music"
"5771","6633ee8ca35ae4b909110ee3",0,0,25,0,0,"7_10.mp3","music"
"5772","6633ee8ca35ae4b909110ee3",50,0,50,50,5,"8_2.mp3","music"
"5773","6633ee8ca35ae4b909110ee3",10,0,0,10,25,"11_11.mp3","music"
"5774","6633ee8ca35ae4b909110ee3",5,0,0,0,0,"6_10.mp3","music"
"5775","6633ee8ca35ae4b909110ee3",0,0,5,0,0,"11_10.mp3","music"
"5776","6633ee8ca35ae4b909110ee3",10,5,0,5,50,"3_1.mp3","music"
"5777","60ca4cfb5c287146cad0695a",88,83,72,73,92,"4_2.mp3","music"
"5778","60ca4cfb5c287146cad0695a",66,64,16,63,70,"11_11.mp3","music"
"5779","60ca4cfb5c287146cad0695a",80,81,87,76,74,"6_10.mp3","music"
"5780","60ca4cfb5c287146cad0695a",0,0,8,2,5,"7_10.mp3","music"
"5781","60ca4cfb5c287146cad0695a",85,83,86,82,88,"4_1.mp3","music"
"5782","60ca4cfb5c287146cad0695a",58,48,53,41,75,"2_1.mp3","music"
"5783","60ca4cfb5c287146cad0695a",51,42,36,34,46,"7_13.mp3","music"
"5784","60ca4cfb5c287146cad0695a",100,100,97,100,99,"6_5.mp3","music"
"5785","60ca4cfb5c287146cad0695a",90,76,82,80,86,"10_1.mp3","music"
"5786","60ca4cfb5c287146cad0695a",64,77,73,73,78,"10_2.mp3","music"
"5787","60ca4cfb5c287146cad0695a",89,89,93,89,91,"12_2.mp3","music"
"5788","60ca4cfb5c287146cad0695a",62,66,28,45,69,"3_1.mp3","music"
"5789","60ca4cfb5c287146cad0695a",55,63,64,65,61,"11_10.mp3","music"
"5790","60ca4cfb5c287146cad0695a",50,28,13,32,40,"5_14.mp3","music"
"5791","60ca4cfb5c287146cad0695a",89,84,87,87,90,"8_2.mp3","music"
"5792","60ca4cfb5c287146cad0695a",86,72,69,70,69,"11_2.mp3","music"
"5793","67ac95764f3091a540c69b5b",5,45,15,0,40,"11_2.mp3","music"
"5794","67ac95764f3091a540c69b5b",5,40,10,0,50,"4_1.mp3","music"
"5795","67ac95764f3091a540c69b5b",0,60,0,0,55,"3_1.mp3","music"
"5796","67ac95764f3091a540c69b5b",5,60,10,0,35,"11_10.mp3","music"
"5797","67ac95764f3091a540c69b5b",15,45,5,0,35,"8_2.mp3","music"
"5798","67ac95764f3091a540c69b5b",0,15,0,0,14,"7_10.mp3","music"
"5799","67ac95764f3091a540c69b5b",6,40,15,5,35,"6_5.mp3","music"
"5800","67ac95764f3091a540c69b5b",0,40,3,0,30,"11_11.mp3","music"
"5801","67ac95764f3091a540c69b5b",0,30,0,0,40,"5_14.mp3","music"
"5802","67ac95764f3091a540c69b5b",5,62,0,0,50,"2_1.mp3","music"
"5803","67ac95764f3091a540c69b5b",5,60,15,0,35,"10_2.mp3","music"
"5804","67ac95764f3091a540c69b5b",15,43,15,3,35,"12_2.mp3","music"
"5805","67ac95764f3091a540c69b5b",6,60,3,0,55,"4_2.mp3","music"
"5806","67ac95764f3091a540c69b5b",6,59,0,0,68,"7_13.mp3","music"
"5807","67ac95764f3091a540c69b5b",23,69,18,3,44,"10_1.mp3","music"
"5808","67ac95764f3091a540c69b5b",0,35,15,0,25,"6_10.mp3","music"
"5809","67f1b8abe144ffdfc27d371a",96,98,99,99,99,"11_2.mp3","music"
"5810","67f1b8abe144ffdfc27d371a",95,96,97,95,99,"4_2.mp3","music"
"5811","67f1b8abe144ffdfc27d371a",100,100,100,100,100,"6_10.mp3","music"
"5812","67f1b8abe144ffdfc27d371a",99,52,100,66,100,"10_2.mp3","music"
"5813","67f1b8abe144ffdfc27d371a",98,100,98,98,98,"10_1.mp3","music"
"5814","67f1b8abe144ffdfc27d371a",68,55,88,77,73,"11_10.mp3","music"
"5815","67f1b8abe144ffdfc27d371a",97,96,98,98,98,"7_10.mp3","music"
"5816","67f1b8abe144ffdfc27d371a",95,100,99,100,99,"8_2.mp3","music"
"5817","67f1b8abe144ffdfc27d371a",28,73,54,54,98,"5_14.mp3","music"
"5818","67f1b8abe144ffdfc27d371a",97,100,100,100,100,"12_2.mp3","music"
"5819","67f1b8abe144ffdfc27d371a",100,98,100,99,100,"3_1.mp3","music"
"5820","67f1b8abe144ffdfc27d371a",97,98,98,100,98,"2_1.mp3","music"
"5821","67f1b8abe144ffdfc27d371a",94,97,99,99,97,"7_13.mp3","music"
"5822","67f1b8abe144ffdfc27d371a",98,98,97,100,98,"4_1.mp3","music"
"5823","67f1b8abe144ffdfc27d371a",68,77,100,60,97,"11_11.mp3","music"
"5824","67f1b8abe144ffdfc27d371a",95,100,100,100,100,"6_5.mp3","music"
"5825","67624c835727c93b1676104a",35,21,24,51,22,"6_5.mp3","music"
"5826","67624c835727c93b1676104a",5,7,10,8,7,"7_13.mp3","music"
"5827","67624c835727c93b1676104a",1,0,0,0,0,"7_10.mp3","music"
"5828","67624c835727c93b1676104a",38,19,21,14,13,"10_1.mp3","music"
"5829","67624c835727c93b1676104a",57,24,21,12,9,"4_1.mp3","music"
"5830","67624c835727c93b1676104a",66,10,36,11,52,"4_2.mp3","music"
"5831","67624c835727c93b1676104a",3,3,7,3,7,"3_1.mp3","music"
"5832","67624c835727c93b1676104a",29,53,42,61,100,"8_2.mp3","music"
"5833","67624c835727c93b1676104a",62,62,21,72,52,"5_14.mp3","music"
"5834","67624c835727c93b1676104a",23,15,19,25,5,"6_10.mp3","music"
"5835","67624c835727c93b1676104a",24,13,22,14,52,"11_10.mp3","music"
"5836","67624c835727c93b1676104a",22,47,25,20,28,"12_2.mp3","music"
"5837","67624c835727c93b1676104a",29,39,19,24,8,"2_1.mp3","music"
"5838","67624c835727c93b1676104a",18,25,22,14,27,"11_11.mp3","music"
"5839","67624c835727c93b1676104a",16,12,27,5,6,"10_2.mp3","music"
"5840","67624c835727c93b1676104a",46,16,41,27,42,"11_2.mp3","music"
"5841","67f308952524e8b1d811964c",50,30,50,50,50,"5_14.mp3","music"
"5842","67f308952524e8b1d811964c",50,50,50,40,40,"10_2.mp3","music"
"5843","67f308952524e8b1d811964c",50,40,49,51,60,"7_10.mp3","music"
"5844","67f308952524e8b1d811964c",40,30,30,40,0,"11_10.mp3","music"
"5845","67f308952524e8b1d811964c",30,0,30,19,0,"11_2.mp3","music"
"5846","67f308952524e8b1d811964c",50,40,50,60,40,"3_1.mp3","music"
"5847","67f308952524e8b1d811964c",51,49,50,0,50,"6_5.mp3","music"
"5848","67f308952524e8b1d811964c",50,40,30,40,40,"4_1.mp3","music"
"5849","67f308952524e8b1d811964c",40,40,10,60,40,"6_10.mp3","music"
"5850","67f308952524e8b1d811964c",9,50,40,0,30,"10_1.mp3","music"
"5851","67f308952524e8b1d811964c",58,0,0,27,40,"8_2.mp3","music"
"5852","67f308952524e8b1d811964c",40,20,30,10,50,"2_1.mp3","music"
"5853","67f308952524e8b1d811964c",50,50,50,0,49,"12_2.mp3","music"
"5854","67f308952524e8b1d811964c",50,60,39,0,50,"4_2.mp3","music"
"5855","67f308952524e8b1d811964c",40,30,30,49,50,"11_11.mp3","music"
"5856","67f308952524e8b1d811964c",40,50,0,30,49,"7_13.mp3","music"
"5857","62c84ca82b03c9aedbca4a2a",70,75,0,75,90,"11_2.mp3","music"
"5858","62c84ca82b03c9aedbca4a2a",100,100,50,100,100,"4_1.mp3","music"
"5859","62c84ca82b03c9aedbca4a2a",30,50,50,25,0,"11_10.mp3","music"
"5860","62c84ca82b03c9aedbca4a2a",30,25,0,0,100,"4_2.mp3","music"
"5861","62c84ca82b03c9aedbca4a2a",100,100,50,100,100,"10_1.mp3","music"
"5862","62c84ca82b03c9aedbca4a2a",0,20,0,0,50,"5_14.mp3","music"
"5863","62c84ca82b03c9aedbca4a2a",20,20,100,20,0,"6_5.mp3","music"
"5864","62c84ca82b03c9aedbca4a2a",0,0,0,0,25,"7_13.mp3","music"
"5865","62c84ca82b03c9aedbca4a2a",0,10,0,0,90,"3_1.mp3","music"
"5866","62c84ca82b03c9aedbca4a2a",100,50,100,100,45,"8_2.mp3","music"
"5867","62c84ca82b03c9aedbca4a2a",0,50,90,0,0,"7_10.mp3","music"
"5868","62c84ca82b03c9aedbca4a2a",50,100,0,75,100,"11_11.mp3","music"
"5869","62c84ca82b03c9aedbca4a2a",100,100,0,100,100,"12_2.mp3","music"
"5870","62c84ca82b03c9aedbca4a2a",65,100,25,50,100,"2_1.mp3","music"
"5871","62c84ca82b03c9aedbca4a2a",100,100,50,50,100,"10_2.mp3","music"
"5872","62c84ca82b03c9aedbca4a2a",50,50,85,50,35,"6_10.mp3","music"
"5873","66294149f5c3cf16d5ebfd5e",11,13,16,9,70,"7_13.mp3","music"
"5874","66294149f5c3cf16d5ebfd5e",47,18,64,58,29,"6_5.mp3","music"
"5875","66294149f5c3cf16d5ebfd5e",6,16,12,5,8,"11_2.mp3","music"
"5876","66294149f5c3cf16d5ebfd5e",20,11,76,12,22,"7_10.mp3","music"
"5877","66294149f5c3cf16d5ebfd5e",20,48,67,17,18,"6_10.mp3","music"
"5878","66294149f5c3cf16d5ebfd5e",21,27,50,15,20,"4_1.mp3","music"
"5879","66294149f5c3cf16d5ebfd5e",19,16,76,10,20,"11_10.mp3","music"
"5880","66294149f5c3cf16d5ebfd5e",52,46,55,13,29,"10_2.mp3","music"
"5881","66294149f5c3cf16d5ebfd5e",7,18,25,15,16,"5_14.mp3","music"
"5882","66294149f5c3cf16d5ebfd5e",32,43,58,47,14,"8_2.mp3","music"
"5883","66294149f5c3cf16d5ebfd5e",20,26,50,16,22,"2_1.mp3","music"
"5884","66294149f5c3cf16d5ebfd5e",8,5,6,6,2,"3_1.mp3","music"
"5885","66294149f5c3cf16d5ebfd5e",19,9,12,4,4,"4_2.mp3","music"
"5886","66294149f5c3cf16d5ebfd5e",24,77,16,26,32,"12_2.mp3","music"
"5887","66294149f5c3cf16d5ebfd5e",10,62,21,13,21,"11_11.mp3","music"
"5888","66294149f5c3cf16d5ebfd5e",22,18,58,19,12,"10_1.mp3","music"
"5889","65a7027c88eae2b9a68ae596",52,53,35,40,54,"4_2.mp3","music"
"5890","65a7027c88eae2b9a68ae596",38,41,58,51,16,"6_10.mp3","music"
"5891","65a7027c88eae2b9a68ae596",14,46,18,14,57,"2_1.mp3","music"
"5892","65a7027c88eae2b9a68ae596",51,73,19,54,76,"7_13.mp3","music"
"5893","65a7027c88eae2b9a68ae596",79,64,99,86,14,"6_5.mp3","music"
"5894","65a7027c88eae2b9a68ae596",77,67,90,71,24,"8_2.mp3","music"
"5895","65a7027c88eae2b9a68ae596",82,60,76,71,33,"10_1.mp3","music"
"5896","65a7027c88eae2b9a68ae596",4,23,0,7,16,"5_14.mp3","music"
"5897","65a7027c88eae2b9a68ae596",59,32,86,52,5,"10_2.mp3","music"
"5898","65a7027c88eae2b9a68ae596",18,28,4,16,47,"3_1.mp3","music"
"5899","65a7027c88eae2b9a68ae596",0,0,5,0,0,"11_2.mp3","music"
"5900","65a7027c88eae2b9a68ae596",64,44,42,54,5,"12_2.mp3","music"
"5901","65a7027c88eae2b9a68ae596",0,0,31,0,0,"7_10.mp3","music"
"5902","65a7027c88eae2b9a68ae596",24,6,13,11,0,"11_11.mp3","music"
"5903","65a7027c88eae2b9a68ae596",58,70,69,78,0,"4_1.mp3","music"
"5904","65a7027c88eae2b9a68ae596",37,0,42,0,0,"11_10.mp3","music"
"5905","66c4f3cb14cbfc4db836bd4e",1,1,4,2,1,"7_10.mp3","music"
"5906","66c4f3cb14cbfc4db836bd4e",97,97,98,97,98,"10_2.mp3","music"
"5907","66c4f3cb14cbfc4db836bd4e",97,98,39,82,100,"3_1.mp3","music"
"5908","66c4f3cb14cbfc4db836bd4e",93,98,98,98,62,"8_2.mp3","music"
"5909","66c4f3cb14cbfc4db836bd4e",5,4,2,6,3,"11_10.mp3","music"
"5910","66c4f3cb14cbfc4db836bd4e",3,5,3,3,3,"11_2.mp3","music"
"5911","66c4f3cb14cbfc4db836bd4e",2,1,8,5,3,"11_11.mp3","music"
"5912","66c4f3cb14cbfc4db836bd4e",91,80,88,97,97,"10_1.mp3","music"
"5913","66c4f3cb14cbfc4db836bd4e",9,5,0,4,5,"5_14.mp3","music"
"5914","66c4f3cb14cbfc4db836bd4e",31,19,2,19,84,"2_1.mp3","music"
"5915","66c4f3cb14cbfc4db836bd4e",94,52,68,62,7,"6_10.mp3","music"
"5916","66c4f3cb14cbfc4db836bd4e",96,96,94,94,97,"12_2.mp3","music"
"5917","66c4f3cb14cbfc4db836bd4e",93,90,77,88,91,"4_1.mp3","music"
"5918","66c4f3cb14cbfc4db836bd4e",54,97,79,97,95,"7_13.mp3","music"
"5919","66c4f3cb14cbfc4db836bd4e",98,97,98,97,98,"4_2.mp3","music"
"5920","66c4f3cb14cbfc4db836bd4e",3,4,2,5,8,"6_5.mp3","music"
"5921","67f1f1d53b5c101545b04cfc",1,0,6,12,0,"2_1.mp3","music"
"5922","67f1f1d53b5c101545b04cfc",32,0,2,0,2,"6_10.mp3","music"
"5923","67f1f1d53b5c101545b04cfc",0,0,2,0,0,"7_10.mp3","music"
"5924","67f1f1d53b5c101545b04cfc",6,16,0,15,0,"6_5.mp3","music"
"5925","67f1f1d53b5c101545b04cfc",51,44,56,52,65,"4_1.mp3","music"
"5926","67f1f1d53b5c101545b04cfc",48,0,33,17,24,"10_2.mp3","music"
"5927","67f1f1d53b5c101545b04cfc",28,0,0,0,43,"11_11.mp3","music"
"5928","67f1f1d53b5c101545b04cfc",0,0,0,0,0,"7_13.mp3","music"
"5929","67f1f1d53b5c101545b04cfc",51,29,10,38,45,"11_10.mp3","music"
"5930","67f1f1d53b5c101545b04cfc",100,60,60,100,96,"8_2.mp3","music"
"5931","67f1f1d53b5c101545b04cfc",29,2,5,4,4,"10_1.mp3","music"
"5932","67f1f1d53b5c101545b04cfc",0,0,0,0,4,"5_14.mp3","music"
"5933","67f1f1d53b5c101545b04cfc",5,0,0,0,0,"12_2.mp3","music"
"5934","67f1f1d53b5c101545b04cfc",0,48,0,69,38,"3_1.mp3","music"
"5935","67f1f1d53b5c101545b04cfc",0,0,0,0,0,"4_2.mp3","music"
"5936","67f1f1d53b5c101545b04cfc",0,6,0,5,20,"11_2.mp3","music"
"5937","6276d97e209059496d37bf74",12,67,18,31,47,"5_14.mp3","music"
"5938","6276d97e209059496d37bf74",77,88,64,75,38,"4_1.mp3","music"
"5939","6276d97e209059496d37bf74",28,92,18,31,81,"11_11.mp3","music"
"5940","6276d97e209059496d37bf74",16,22,76,16,11,"11_2.mp3","music"
"5941","6276d97e209059496d37bf74",72,83,19,67,81,"2_1.mp3","music"
"5942","6276d97e209059496d37bf74",86,67,73,88,27,"12_2.mp3","music"
"5943","6276d97e209059496d37bf74",14,28,13,14,46,"3_1.mp3","music"
"5944","6276d97e209059496d37bf74",89,73,83,95,22,"8_2.mp3","music"
"5945","6276d97e209059496d37bf74",50,27,96,55,6,"6_5.mp3","music"
"5946","6276d97e209059496d37bf74",63,33,84,70,12,"10_2.mp3","music"
"5947","6276d97e209059496d37bf74",39,26,94,16,0,"6_10.mp3","music"
"5948","6276d97e209059496d37bf74",10,17,58,9,23,"4_2.mp3","music"
"5949","6276d97e209059496d37bf74",88,47,89,84,26,"10_1.mp3","music"
"5950","6276d97e209059496d37bf74",0,0,87,0,0,"7_10.mp3","music"
"5951","6276d97e209059496d37bf74",9,10,91,2,0,"11_10.mp3","music"
"5952","6276d97e209059496d37bf74",74,93,12,54,86,"7_13.mp3","music"
"5953","6706af217ea3142dd07d1e83",77,66,68,52,66,"4_1.mp3","music"
"5954","6706af217ea3142dd07d1e83",37,74,46,74,30,"10_1.mp3","music"
"5955","6706af217ea3142dd07d1e83",66,82,83,73,68,"11_11.mp3","music"
"5956","6706af217ea3142dd07d1e83",67,79,84,73,81,"5_14.mp3","music"
"5957","6706af217ea3142dd07d1e83",85,89,69,80,87,"2_1.mp3","music"
"5958","6706af217ea3142dd07d1e83",4,87,72,86,94,"11_10.mp3","music"
"5959","6706af217ea3142dd07d1e83",82,83,83,88,83,"8_2.mp3","music"
"5960","6706af217ea3142dd07d1e83",90,94,80,89,87,"11_2.mp3","music"
"5961","6706af217ea3142dd07d1e83",64,96,85,93,89,"10_2.mp3","music"
"5962","6706af217ea3142dd07d1e83",70,87,86,79,75,"12_2.mp3","music"
"5963","6706af217ea3142dd07d1e83",98,89,97,85,94,"7_13.mp3","music"
"5964","6706af217ea3142dd07d1e83",83,82,84,86,88,"4_2.mp3","music"
"5965","6706af217ea3142dd07d1e83",90,86,79,76,74,"6_5.mp3","music"
"5966","6706af217ea3142dd07d1e83",81,83,98,66,91,"7_10.mp3","music"
"5967","6706af217ea3142dd07d1e83",80,84,89,73,97,"6_10.mp3","music"
"5968","6706af217ea3142dd07d1e83",83,84,84,85,82,"3_1.mp3","music"
"5969","667ab64e047d4032dcc8be52",90,51,77,82,49,"10_2.mp3","music"
"5970","667ab64e047d4032dcc8be52",58,73,57,68,44,"12_2.mp3","music"
"5971","667ab64e047d4032dcc8be52",59,45,67,33,15,"6_10.mp3","music"
"5972","667ab64e047d4032dcc8be52",24,28,39,23,26,"11_2.mp3","music"
"5973","667ab64e047d4032dcc8be52",70,65,57,49,31,"6_5.mp3","music"
"5974","667ab64e047d4032dcc8be52",11,1,38,4,27,"4_2.mp3","music"
"5975","667ab64e047d4032dcc8be52",75,82,59,63,38,"4_1.mp3","music"
"5976","667ab64e047d4032dcc8be52",3,34,22,5,38,"2_1.mp3","music"
"5977","667ab64e047d4032dcc8be52",8,39,36,18,40,"7_13.mp3","music"
"5978","667ab64e047d4032dcc8be52",12,1,57,3,4,"11_10.mp3","music"
"5979","667ab64e047d4032dcc8be52",80,63,75,65,34,"8_2.mp3","music"
"5980","667ab64e047d4032dcc8be52",7,26,39,10,39,"3_1.mp3","music"
"5981","667ab64e047d4032dcc8be52",3,20,40,6,45,"11_11.mp3","music"
"5982","667ab64e047d4032dcc8be52",87,73,57,34,41,"10_1.mp3","music"
"5983","667ab64e047d4032dcc8be52",15,17,32,14,33,"5_14.mp3","music"
"5984","667ab64e047d4032dcc8be52",4,4,61,0,3,"7_10.mp3","music"
"5985","63bc9e8cd8106f8d94c636d4",13,27,2,0,2,"5_14.mp3","music"
"5986","63bc9e8cd8106f8d94c636d4",4,2,19,2,0,"7_10.mp3","music"
"5987","63bc9e8cd8106f8d94c636d4",40,31,30,45,52,"8_2.mp3","music"
"5988","63bc9e8cd8106f8d94c636d4",27,9,15,4,34,"11_11.mp3","music"
"5989","63bc9e8cd8106f8d94c636d4",20,73,60,25,0,"11_10.mp3","music"
"5990","63bc9e8cd8106f8d94c636d4",1,0,0,0,0,"2_1.mp3","music"
"5991","63bc9e8cd8106f8d94c636d4",55,61,25,70,40,"10_2.mp3","music"
"5992","63bc9e8cd8106f8d94c636d4",26,23,0,15,0,"6_10.mp3","music"
"5993","63bc9e8cd8106f8d94c636d4",41,48,46,44,36,"10_1.mp3","music"
"5994","63bc9e8cd8106f8d94c636d4",0,0,0,0,0,"3_1.mp3","music"
"5995","63bc9e8cd8106f8d94c636d4",11,39,8,12,7,"6_5.mp3","music"
"5996","63bc9e8cd8106f8d94c636d4",4,4,20,2,40,"7_13.mp3","music"
"5997","63bc9e8cd8106f8d94c636d4",39,37,10,21,57,"4_1.mp3","music"
"5998","63bc9e8cd8106f8d94c636d4",5,23,0,0,36,"4_2.mp3","music"
"5999","63bc9e8cd8106f8d94c636d4",17,52,0,23,34,"12_2.mp3","music"
"6000","63bc9e8cd8106f8d94c636d4",40,46,39,39,40,"11_2.mp3","music"
"6001","67e40bab848c22a30914c34c",37,36,32,33,41,"2_1.mp3","music"
"6002","67e40bab848c22a30914c34c",48,45,51,57,63,"7_13.mp3","music"
"6003","67e40bab848c22a30914c34c",100,78,98,59,69,"5_14.mp3","music"
"6004","67e40bab848c22a30914c34c",44,72,50,40,73,"3_1.mp3","music"
"6005","67e40bab848c22a30914c34c",61,50,54,43,59,"8_2.mp3","music"
"6006","67e40bab848c22a30914c34c",51,68,57,40,59,"6_10.mp3","music"
"6007","67e40bab848c22a30914c34c",78,60,66,64,71,"11_2.mp3","music"
"6008","67e40bab848c22a30914c34c",54,83,73,71,68,"7_10.mp3","music"
"6009","67e40bab848c22a30914c34c",46,61,63,49,58,"6_5.mp3","music"
"6010","67e40bab848c22a30914c34c",44,82,67,57,57,"10_2.mp3","music"
"6011","67e40bab848c22a30914c34c",51,49,30,31,65,"11_10.mp3","music"
"6012","67e40bab848c22a30914c34c",78,55,42,51,60,"12_2.mp3","music"
"6013","67e40bab848c22a30914c34c",75,61,49,55,69,"10_1.mp3","music"
"6014","67e40bab848c22a30914c34c",84,82,76,78,100,"4_2.mp3","music"
"6015","67e40bab848c22a30914c34c",59,88,74,77,73,"11_11.mp3","music"
"6016","67e40bab848c22a30914c34c",70,71,87,56,100,"4_1.mp3","music"
"6017","673bc7364722159a7c678802",56,55,38,68,55,"10_2.mp3","music"
"6018","673bc7364722159a7c678802",46,56,63,71,59,"8_2.mp3","music"
"6019","673bc7364722159a7c678802",11,0,0,0,6,"7_13.mp3","music"
"6020","673bc7364722159a7c678802",57,50,38,69,53,"6_10.mp3","music"
"6021","673bc7364722159a7c678802",11,51,26,67,6,"7_10.mp3","music"
"6022","673bc7364722159a7c678802",57,44,59,20,51,"12_2.mp3","music"
"6023","673bc7364722159a7c678802",60,38,51,57,52,"10_1.mp3","music"
"6024","673bc7364722159a7c678802",53,69,56,70,68,"3_1.mp3","music"
"6025","673bc7364722159a7c678802",55,65,65,85,76,"11_2.mp3","music"
"6026","673bc7364722159a7c678802",79,78,69,53,55,"6_5.mp3","music"
"6027","673bc7364722159a7c678802",67,68,70,65,61,"11_11.mp3","music"
"6028","673bc7364722159a7c678802",92,74,87,88,76,"11_10.mp3","music"
"6029","673bc7364722159a7c678802",72,71,57,56,71,"4_2.mp3","music"
"6030","673bc7364722159a7c678802",57,62,39,46,48,"4_1.mp3","music"
"6031","673bc7364722159a7c678802",55,73,42,49,65,"2_1.mp3","music"
"6032","673bc7364722159a7c678802",62,73,73,80,55,"5_14.mp3","music"
"6033","66b01097e95b0626c2cd7b5c",45,50,30,20,35,"10_1.mp3","music"
"6034","66b01097e95b0626c2cd7b5c",60,50,100,60,40,"6_10.mp3","music"
"6035","66b01097e95b0626c2cd7b5c",0,100,20,0,20,"5_14.mp3","music"
"6036","66b01097e95b0626c2cd7b5c",55,100,69,30,0,"11_10.mp3","music"
"6037","66b01097e95b0626c2cd7b5c",45,60,15,29,100,"4_1.mp3","music"
"6038","66b01097e95b0626c2cd7b5c",45,70,0,30,71,"10_2.mp3","music"
"6039","66b01097e95b0626c2cd7b5c",0,100,70,0,0,"7_10.mp3","music"
"6040","66b01097e95b0626c2cd7b5c",30,80,60,0,0,"11_2.mp3","music"
"6041","66b01097e95b0626c2cd7b5c",40,49,0,10,50,"8_2.mp3","music"
"6042","66b01097e95b0626c2cd7b5c",20,100,0,0,24,"3_1.mp3","music"
"6043","66b01097e95b0626c2cd7b5c",20,100,0,0,50,"11_11.mp3","music"
"6044","66b01097e95b0626c2cd7b5c",16,50,0,11,50,"2_1.mp3","music"
"6045","66b01097e95b0626c2cd7b5c",70,100,100,100,40,"6_5.mp3","music"
"6046","66b01097e95b0626c2cd7b5c",49,85,0,46,50,"12_2.mp3","music"
"6047","66b01097e95b0626c2cd7b5c",16,0,0,15,0,"4_2.mp3","music"
"6048","66b01097e95b0626c2cd7b5c",0,31,0,0,0,"7_13.mp3","music"
"6049","675b6bf5887bccb7fad6c44d",29,32,38,26,53,"6_5.mp3","music"
"6050","675b6bf5887bccb7fad6c44d",81,79,80,78,80,"10_2.mp3","music"
"6051","675b6bf5887bccb7fad6c44d",80,81,79,82,66,"11_2.mp3","music"
"6052","675b6bf5887bccb7fad6c44d",50,50,50,50,50,"2_1.mp3","music"
"6053","675b6bf5887bccb7fad6c44d",83,83,81,86,80,"3_1.mp3","music"
"6054","675b6bf5887bccb7fad6c44d",73,75,76,79,73,"10_1.mp3","music"
"6055","675b6bf5887bccb7fad6c44d",0,3,1,2,2,"7_10.mp3","music"
"6056","675b6bf5887bccb7fad6c44d",83,82,83,81,81,"4_2.mp3","music"
"6057","675b6bf5887bccb7fad6c44d",0,0,0,0,0,"5_14.mp3","music"
"6058","675b6bf5887bccb7fad6c44d",0,0,0,0,0,"6_10.mp3","music"
"6059","675b6bf5887bccb7fad6c44d",0,0,0,3,0,"8_2.mp3","music"
"6060","675b6bf5887bccb7fad6c44d",55,75,74,76,70,"4_1.mp3","music"
"6061","675b6bf5887bccb7fad6c44d",23,15,25,16,26,"11_10.mp3","music"
"6062","675b6bf5887bccb7fad6c44d",36,34,33,33,32,"11_11.mp3","music"
"6063","675b6bf5887bccb7fad6c44d",33,43,46,42,40,"7_13.mp3","music"
"6064","675b6bf5887bccb7fad6c44d",71,59,63,56,63,"12_2.mp3","music"
"6065","67294473dbb580a0ca93f60f",2,3,15,2,2,"7_10.mp3","music"
"6066","67294473dbb580a0ca93f60f",85,93,75,88,84,"10_1.mp3","music"
"6067","67294473dbb580a0ca93f60f",82,95,85,82,88,"2_1.mp3","music"
"6068","67294473dbb580a0ca93f60f",83,93,81,83,99,"11_2.mp3","music"
"6069","67294473dbb580a0ca93f60f",78,90,36,81,95,"7_13.mp3","music"
"6070","67294473dbb580a0ca93f60f",69,88,70,86,92,"4_1.mp3","music"
"6071","67294473dbb580a0ca93f60f",53,36,75,41,5,"6_10.mp3","music"
"6072","67294473dbb580a0ca93f60f",69,77,59,72,76,"11_11.mp3","music"
"6073","67294473dbb580a0ca93f60f",77,80,69,88,81,"12_2.mp3","music"
"6074","67294473dbb580a0ca93f60f",81,90,23,66,94,"5_14.mp3","music"
"6075","67294473dbb580a0ca93f60f",69,92,89,83,42,"6_5.mp3","music"
"6076","67294473dbb580a0ca93f60f",82,94,91,87,27,"8_2.mp3","music"
"6077","67294473dbb580a0ca93f60f",88,78,90,92,31,"10_2.mp3","music"
"6078","67294473dbb580a0ca93f60f",71,80,77,77,10,"11_10.mp3","music"
"6079","67294473dbb580a0ca93f60f",85,92,58,83,93,"4_2.mp3","music"
"6080","67294473dbb580a0ca93f60f",82,82,2,93,98,"3_1.mp3","music"
"6081","5bf408f7f35e0c000101693a",44,81,30,61,92,"10_2.mp3","music"
"6082","5bf408f7f35e0c000101693a",25,62,20,58,98,"4_1.mp3","music"
"6083","5bf408f7f35e0c000101693a",17,51,15,19,95,"4_2.mp3","music"
"6084","5bf408f7f35e0c000101693a",16,55,52,52,99,"3_1.mp3","music"
"6085","5bf408f7f35e0c000101693a",27,76,26,68,97,"5_14.mp3","music"
"6086","5bf408f7f35e0c000101693a",0,0,0,0,0,"11_10.mp3","music"
"6087","5bf408f7f35e0c000101693a",6,47,23,35,95,"11_2.mp3","music"
"6088","5bf408f7f35e0c000101693a",0,0,0,0,1,"7_10.mp3","music"
"6089","5bf408f7f35e0c000101693a",0,46,0,0,51,"11_11.mp3","music"
"6090","5bf408f7f35e0c000101693a",0,22,1,2,76,"12_2.mp3","music"
"6091","5bf408f7f35e0c000101693a",0,34,0,0,97,"7_13.mp3","music"
"6092","5bf408f7f35e0c000101693a",63,87,70,81,49,"8_2.mp3","music"
"6093","5bf408f7f35e0c000101693a",22,73,74,74,55,"6_5.mp3","music"
"6094","5bf408f7f35e0c000101693a",0,43,26,26,75,"10_1.mp3","music"
"6095","5bf408f7f35e0c000101693a",0,79,51,49,99,"2_1.mp3","music"
"6096","5bf408f7f35e0c000101693a",0,21,44,36,22,"6_10.mp3","music"
"6097","639b9ab341f4429b1b3c06a2",56,65,4,13,67,"10_1.mp3","music"
"6098","639b9ab341f4429b1b3c06a2",44,64,0,5,70,"7_13.mp3","music"
"6099","639b9ab341f4429b1b3c06a2",60,63,3,8,73,"4_2.mp3","music"
"6100","639b9ab341f4429b1b3c06a2",53,58,18,10,46,"6_10.mp3","music"
"6101","639b9ab341f4429b1b3c06a2",44,35,16,0,35,"11_10.mp3","music"
"6102","639b9ab341f4429b1b3c06a2",53,60,11,9,70,"12_2.mp3","music"
"6103","639b9ab341f4429b1b3c06a2",50,57,0,3,68,"11_11.mp3","music"
"6104","639b9ab341f4429b1b3c06a2",40,21,9,0,17,"7_10.mp3","music"
"6105","639b9ab341f4429b1b3c06a2",51,51,0,5,56,"10_2.mp3","music"
"6106","639b9ab341f4429b1b3c06a2",56,67,9,10,66,"2_1.mp3","music"
"6107","639b9ab341f4429b1b3c06a2",58,63,7,10,63,"4_1.mp3","music"
"6108","639b9ab341f4429b1b3c06a2",62,66,0,10,73,"5_14.mp3","music"
"6109","639b9ab341f4429b1b3c06a2",57,58,0,1,65,"11_2.mp3","music"
"6110","639b9ab341f4429b1b3c06a2",50,58,8,9,63,"6_5.mp3","music"
"6111","639b9ab341f4429b1b3c06a2",58,62,8,3,65,"8_2.mp3","music"
"6112","639b9ab341f4429b1b3c06a2",46,41,0,0,61,"3_1.mp3","music"
"6113","6766ddcb03bbfa66fafb36a8",44,27,17,16,70,"4_2.mp3","music"
"6114","6766ddcb03bbfa66fafb36a8",35,18,25,27,60,"3_1.mp3","music"
"6115","6766ddcb03bbfa66fafb36a8",48,20,62,31,28,"11_10.mp3","music"
"6116","6766ddcb03bbfa66fafb36a8",45,25,2,18,53,"4_1.mp3","music"
"6117","6766ddcb03bbfa66fafb36a8",49,22,8,20,38,"11_2.mp3","music"
"6118","6766ddcb03bbfa66fafb36a8",48,32,31,30,53,"10_1.mp3","music"
"6119","6766ddcb03bbfa66fafb36a8",43,22,14,23,50,"12_2.mp3","music"
"6120","6766ddcb03bbfa66fafb36a8",49,22,5,22,51,"7_13.mp3","music"
"6121","6766ddcb03bbfa66fafb36a8",43,22,20,25,41,"6_10.mp3","music"
"6122","6766ddcb03bbfa66fafb36a8",29,16,15,14,30,"11_11.mp3","music"
"6123","6766ddcb03bbfa66fafb36a8",20,12,25,12,27,"5_14.mp3","music"
"6124","6766ddcb03bbfa66fafb36a8",58,23,39,47,50,"8_2.mp3","music"
"6125","6766ddcb03bbfa66fafb36a8",31,18,14,17,40,"10_2.mp3","music"
"6126","6766ddcb03bbfa66fafb36a8",22,13,10,6,23,"7_10.mp3","music"
"6127","6766ddcb03bbfa66fafb36a8",28,27,19,8,39,"2_1.mp3","music"
"6128","6766ddcb03bbfa66fafb36a8",49,25,54,37,31,"6_5.mp3","music"
"6129","59f22a9fd6380600018b2929",2,2,0,0,2,"4_1.mp3","music"
"6130","59f22a9fd6380600018b2929",6,8,3,5,16,"8_2.mp3","music"
"6131","59f22a9fd6380600018b2929",0,0,0,0,2,"2_1.mp3","music"
"6132","59f22a9fd6380600018b2929",0,0,0,0,3,"11_11.mp3","music"
"6133","59f22a9fd6380600018b2929",0,0,0,0,0,"7_10.mp3","music"
"6134","59f22a9fd6380600018b2929",0,0,0,0,0,"5_14.mp3","music"
"6135","59f22a9fd6380600018b2929",0,0,0,0,0,"11_10.mp3","music"
"6136","59f22a9fd6380600018b2929",0,0,0,0,59,"12_2.mp3","music"
"6137","59f22a9fd6380600018b2929",0,0,0,0,0,"3_1.mp3","music"
"6138","59f22a9fd6380600018b2929",0,0,0,0,0,"10_1.mp3","music"
"6139","59f22a9fd6380600018b2929",0,0,0,0,0,"6_10.mp3","music"
"6140","59f22a9fd6380600018b2929",7,0,11,0,0,"6_5.mp3","music"
"6141","59f22a9fd6380600018b2929",0,0,0,0,0,"11_2.mp3","music"
"6142","59f22a9fd6380600018b2929",0,0,0,0,0,"7_13.mp3","music"
"6143","59f22a9fd6380600018b2929",0,0,0,0,0,"4_2.mp3","music"
"6144","59f22a9fd6380600018b2929",0,0,5,0,0,"10_2.mp3","music"
"6145","6754246c81ce61cb6ffe887f",52,61,56,61,56,"10_2.mp3","music"
"6146","6754246c81ce61cb6ffe887f",25,38,24,30,27,"11_10.mp3","music"
"6147","6754246c81ce61cb6ffe887f",87,90,66,89,94,"7_13.mp3","music"
"6148","6754246c81ce61cb6ffe887f",20,25,17,33,37,"7_10.mp3","music"
"6149","6754246c81ce61cb6ffe887f",43,52,54,47,21,"6_5.mp3","music"
"6150","6754246c81ce61cb6ffe887f",64,75,84,73,76,"11_2.mp3","music"
"6151","6754246c81ce61cb6ffe887f",67,66,67,77,46,"4_1.mp3","music"
"6152","6754246c81ce61cb6ffe887f",40,21,7,39,41,"6_10.mp3","music"
"6153","6754246c81ce61cb6ffe887f",80,63,89,76,96,"3_1.mp3","music"
"6154","6754246c81ce61cb6ffe887f",27,10,12,15,13,"10_1.mp3","music"
"6155","6754246c81ce61cb6ffe887f",22,19,5,14,34,"12_2.mp3","music"
"6156","6754246c81ce61cb6ffe887f",33,16,12,13,20,"4_2.mp3","music"
"6157","6754246c81ce61cb6ffe887f",37,23,21,26,18,"2_1.mp3","music"
"6158","6754246c81ce61cb6ffe887f",27,14,12,16,10,"5_14.mp3","music"
"6159","6754246c81ce61cb6ffe887f",63,74,73,81,80,"8_2.mp3","music"
"6160","6754246c81ce61cb6ffe887f",50,36,52,35,65,"11_11.mp3","music"
"6161","67e2ed15da79347d97d600c6",62,24,43,33,49,"4_2.mp3","music"
"6162","67e2ed15da79347d97d600c6",88,84,88,86,86,"11_2.mp3","music"
"6163","67e2ed15da79347d97d600c6",95,95,81,91,86,"2_1.mp3","music"
"6164","67e2ed15da79347d97d600c6",85,94,93,94,82,"7_10.mp3","music"
"6165","67e2ed15da79347d97d600c6",88,88,81,85,90,"12_2.mp3","music"
"6166","67e2ed15da79347d97d600c6",81,96,83,86,87,"7_13.mp3","music"
"6167","67e2ed15da79347d97d600c6",75,79,67,75,89,"5_14.mp3","music"
"6168","67e2ed15da79347d97d600c6",67,77,87,77,68,"4_1.mp3","music"
"6169","67e2ed15da79347d97d600c6",74,86,90,95,88,"10_2.mp3","music"
"6170","67e2ed15da79347d97d600c6",83,84,86,81,76,"8_2.mp3","music"
"6171","67e2ed15da79347d97d600c6",84,94,96,91,84,"10_1.mp3","music"
"6172","67e2ed15da79347d97d600c6",88,86,96,95,91,"3_1.mp3","music"
"6173","67e2ed15da79347d97d600c6",92,96,95,94,66,"11_11.mp3","music"
"6174","67e2ed15da79347d97d600c6",71,94,96,84,92,"11_10.mp3","music"
"6175","67e2ed15da79347d97d600c6",95,93,94,92,91,"6_5.mp3","music"
"6176","67e2ed15da79347d97d600c6",95,98,69,100,91,"6_10.mp3","music"
"6177","65b1193868f3449f46325ea8",79,95,88,92,96,"2_1.mp3","music"
"6178","65b1193868f3449f46325ea8",86,84,86,64,88,"7_10.mp3","music"
"6179","65b1193868f3449f46325ea8",95,90,84,87,97,"10_1.mp3","music"
"6180","65b1193868f3449f46325ea8",79,91,83,81,90,"10_2.mp3","music"
"6181","65b1193868f3449f46325ea8",91,87,90,87,94,"7_13.mp3","music"
"6182","65b1193868f3449f46325ea8",79,79,47,72,82,"8_2.mp3","music"
"6183","65b1193868f3449f46325ea8",86,93,79,84,79,"3_1.mp3","music"
"6184","65b1193868f3449f46325ea8",97,92,92,94,88,"11_2.mp3","music"
"6185","65b1193868f3449f46325ea8",85,92,87,87,87,"4_2.mp3","music"
"6186","65b1193868f3449f46325ea8",71,77,95,87,96,"6_5.mp3","music"
"6187","65b1193868f3449f46325ea8",84,86,85,79,92,"4_1.mp3","music"
"6188","65b1193868f3449f46325ea8",75,74,99,69,100,"12_2.mp3","music"
"6189","65b1193868f3449f46325ea8",78,91,90,92,89,"11_10.mp3","music"
"6190","65b1193868f3449f46325ea8",94,93,92,94,82,"6_10.mp3","music"
"6191","65b1193868f3449f46325ea8",97,94,96,99,97,"5_14.mp3","music"
"6192","65b1193868f3449f46325ea8",99,98,97,96,76,"11_11.mp3","music"
"6193","614ba174b4090c0f7ed64278",47,75,34,51,59,"12_2.mp3","music"
"6194","614ba174b4090c0f7ed64278",54,57,37,44,66,"4_2.mp3","music"
"6195","614ba174b4090c0f7ed64278",13,29,24,39,35,"7_10.mp3","music"
"6196","614ba174b4090c0f7ed64278",64,75,30,49,62,"11_10.mp3","music"
"6197","614ba174b4090c0f7ed64278",38,63,71,24,32,"7_13.mp3","music"
"6198","614ba174b4090c0f7ed64278",36,82,24,72,63,"6_5.mp3","music"
"6199","614ba174b4090c0f7ed64278",80,79,80,69,69,"10_2.mp3","music"
"6200","614ba174b4090c0f7ed64278",62,57,28,31,68,"6_10.mp3","music"
"6201","614ba174b4090c0f7ed64278",58,71,60,70,77,"10_1.mp3","music"
"6202","614ba174b4090c0f7ed64278",16,18,51,32,69,"11_11.mp3","music"
"6203","614ba174b4090c0f7ed64278",38,77,50,51,67,"5_14.mp3","music"
"6204","614ba174b4090c0f7ed64278",47,77,29,60,76,"4_1.mp3","music"
"6205","614ba174b4090c0f7ed64278",66,62,72,46,41,"3_1.mp3","music"
"6206","614ba174b4090c0f7ed64278",67,54,35,66,63,"11_2.mp3","music"
"6207","614ba174b4090c0f7ed64278",38,72,43,56,65,"2_1.mp3","music"
"6208","614ba174b4090c0f7ed64278",41,28,38,50,70,"8_2.mp3","music"
"6209","69417b79c252f58b79bf6754",8,5,0,10,28,"7_13.mp3","music"
"6210","69417b79c252f58b79bf6754",44,28,44,27,31,"2_1.mp3","music"
"6211","69417b79c252f58b79bf6754",0,23,0,0,20,"3_1.mp3","music"
"6212","69417b79c252f58b79bf6754",0,0,19,0,0,"7_10.mp3","music"
"6213","69417b79c252f58b79bf6754",0,14,35,0,34,"5_14.mp3","music"
"6214","69417b79c252f58b79bf6754",0,0,5,0,0,"11_2.mp3","music"
"6215","69417b79c252f58b79bf6754",6,0,11,0,5,"11_11.mp3","music"
"6216","69417b79c252f58b79bf6754",0,0,38,0,0,"11_10.mp3","music"
"6217","69417b79c252f58b79bf6754",18,5,25,9,0,"8_2.mp3","music"
"6218","69417b79c252f58b79bf6754",0,0,4,0,0,"4_1.mp3","music"
"6219","69417b79c252f58b79bf6754",38,51,47,48,3,"10_2.mp3","music"
"6220","69417b79c252f58b79bf6754",9,0,12,7,0,"6_5.mp3","music"
"6221","69417b79c252f58b79bf6754",0,15,0,0,21,"4_2.mp3","music"
"6222","69417b79c252f58b79bf6754",15,11,7,5,13,"10_1.mp3","music"
"6223","69417b79c252f58b79bf6754",0,0,5,0,0,"6_10.mp3","music"
"6224","69417b79c252f58b79bf6754",22,49,0,19,46,"12_2.mp3","music"
"6225","6712fe1173dfa2bfa2d6294b",100,100,96,100,90,"6_5.mp3","music"
"6226","6712fe1173dfa2bfa2d6294b",22,27,38,19,15,"6_10.mp3","music"
"6227","6712fe1173dfa2bfa2d6294b",24,26,5,21,15,"2_1.mp3","music"
"6228","6712fe1173dfa2bfa2d6294b",15,10,14,0,18,"3_1.mp3","music"
"6229","6712fe1173dfa2bfa2d6294b",86,94,84,84,92,"10_1.mp3","music"
"6230","6712fe1173dfa2bfa2d6294b",0,2,4,0,0,"7_10.mp3","music"
"6231","6712fe1173dfa2bfa2d6294b",9,4,30,0,6,"11_10.mp3","music"
"6232","6712fe1173dfa2bfa2d6294b",88,100,95,95,88,"8_2.mp3","music"
"6233","6712fe1173dfa2bfa2d6294b",15,7,10,0,19,"7_13.mp3","music"
"6234","6712fe1173dfa2bfa2d6294b",80,89,65,28,70,"11_11.mp3","music"
"6235","6712fe1173dfa2bfa2d6294b",50,32,65,16,23,"11_2.mp3","music"
"6236","6712fe1173dfa2bfa2d6294b",44,36,27,8,29,"10_2.mp3","music"
"6237","6712fe1173dfa2bfa2d6294b",42,63,32,33,50,"4_2.mp3","music"
"6238","6712fe1173dfa2bfa2d6294b",27,70,14,27,26,"5_14.mp3","music"
"6239","6712fe1173dfa2bfa2d6294b",82,94,72,87,77,"12_2.mp3","music"
"6240","6712fe1173dfa2bfa2d6294b",84,86,84,82,81,"4_1.mp3","music"
"6241","67dd46602623d4bf857f7fa2",79,68,53,55,71,"5_14.mp3","music"
"6242","67dd46602623d4bf857f7fa2",26,29,27,50,42,"7_10.mp3","music"
"6243","67dd46602623d4bf857f7fa2",60,60,55,47,54,"8_2.mp3","music"
"6244","67dd46602623d4bf857f7fa2",45,56,46,48,70,"12_2.mp3","music"
"6245","67dd46602623d4bf857f7fa2",74,68,64,48,66,"11_2.mp3","music"
"6246","67dd46602623d4bf857f7fa2",67,85,62,77,75,"4_2.mp3","music"
"6247","67dd46602623d4bf857f7fa2",99,90,100,71,100,"3_1.mp3","music"
"6248","67dd46602623d4bf857f7fa2",75,98,65,100,100,"4_1.mp3","music"
"6249","67dd46602623d4bf857f7fa2",68,82,87,75,78,"10_2.mp3","music"
"6250","67dd46602623d4bf857f7fa2",64,56,60,62,65,"11_11.mp3","music"
"6251","67dd46602623d4bf857f7fa2",100,96,88,89,85,"10_1.mp3","music"
"6252","67dd46602623d4bf857f7fa2",61,73,61,69,75,"6_10.mp3","music"
"6253","67dd46602623d4bf857f7fa2",64,82,71,69,74,"6_5.mp3","music"
"6254","67dd46602623d4bf857f7fa2",89,74,58,55,71,"7_13.mp3","music"
"6255","67dd46602623d4bf857f7fa2",100,96,95,100,100,"11_10.mp3","music"
"6256","67dd46602623d4bf857f7fa2",70,100,84,100,75,"2_1.mp3","music"
"6257","6701e7c8b53a034b66f93fd8",1,32,2,21,23,"10_1.mp3","music"
"6258","6701e7c8b53a034b66f93fd8",0,0,0,0,4,"3_1.mp3","music"
"6259","6701e7c8b53a034b66f93fd8",0,0,0,0,0,"7_10.mp3","music"
"6260","6701e7c8b53a034b66f93fd8",17,15,10,29,3,"10_2.mp3","music"
"6261","6701e7c8b53a034b66f93fd8",0,2,1,0,0,"11_11.mp3","music"
"6262","6701e7c8b53a034b66f93fd8",35,62,53,53,23,"8_2.mp3","music"
"6263","6701e7c8b53a034b66f93fd8",30,44,44,16,20,"6_5.mp3","music"
"6264","6701e7c8b53a034b66f93fd8",0,0,0,0,0,"5_14.mp3","music"
"6265","6701e7c8b53a034b66f93fd8",5,11,2,0,11,"2_1.mp3","music"
"6266","6701e7c8b53a034b66f93fd8",0,1,0,0,0,"11_2.mp3","music"
"6267","6701e7c8b53a034b66f93fd8",14,53,7,15,35,"12_2.mp3","music"
"6268","6701e7c8b53a034b66f93fd8",0,9,0,0,0,"7_13.mp3","music"
"6269","6701e7c8b53a034b66f93fd8",12,26,0,8,13,"4_1.mp3","music"
"6270","6701e7c8b53a034b66f93fd8",0,10,0,0,0,"6_10.mp3","music"
"6271","6701e7c8b53a034b66f93fd8",0,9,0,0,3,"4_2.mp3","music"
"6272","6701e7c8b53a034b66f93fd8",1,22,0,0,0,"11_10.mp3","music"
"6273","5ecd78784dc5af0d97078c8b",0,1,1,0,0,"7_10.mp3","music"
"6274","5ecd78784dc5af0d97078c8b",33,16,67,71,3,"10_2.mp3","music"
"6275","5ecd78784dc5af0d97078c8b",3,0,0,2,23,"11_2.mp3","music"
"6276","5ecd78784dc5af0d97078c8b",66,0,0,21,0,"12_2.mp3","music"
"6277","5ecd78784dc5af0d97078c8b",0,0,0,0,0,"11_10.mp3","music"
"6278","5ecd78784dc5af0d97078c8b",73,0,0,0,31,"4_2.mp3","music"
"6279","5ecd78784dc5af0d97078c8b",0,0,29,0,0,"6_10.mp3","music"
"6280","5ecd78784dc5af0d97078c8b",64,0,0,75,0,"10_1.mp3","music"
"6281","5ecd78784dc5af0d97078c8b",0,0,0,0,0,"2_1.mp3","music"
"6282","5ecd78784dc5af0d97078c8b",0,0,0,0,0,"7_13.mp3","music"
"6283","5ecd78784dc5af0d97078c8b",0,0,0,0,73,"11_11.mp3","music"
"6284","5ecd78784dc5af0d97078c8b",0,39,0,0,87,"5_14.mp3","music"
"6285","5ecd78784dc5af0d97078c8b",88,0,0,22,0,"4_1.mp3","music"
"6286","5ecd78784dc5af0d97078c8b",39,0,0,0,0,"8_2.mp3","music"
"6287","5ecd78784dc5af0d97078c8b",14,0,77,0,0,"6_5.mp3","music"
"6288","5ecd78784dc5af0d97078c8b",0,0,0,0,17,"3_1.mp3","music"
"6289","5ed9c3054268815691ed0e2c",16,22,16,11,28,"7_10.mp3","music"
"6290","5ed9c3054268815691ed0e2c",14,20,27,16,20,"11_2.mp3","music"
"6291","5ed9c3054268815691ed0e2c",25,20,17,10,58,"4_2.mp3","music"
"6292","5ed9c3054268815691ed0e2c",36,55,41,37,35,"6_5.mp3","music"
"6293","5ed9c3054268815691ed0e2c",4,13,30,12,15,"11_10.mp3","music"
"6294","5ed9c3054268815691ed0e2c",42,65,20,36,49,"12_2.mp3","music"
"6295","5ed9c3054268815691ed0e2c",29,29,9,13,45,"2_1.mp3","music"
"6296","5ed9c3054268815691ed0e2c",23,27,10,13,51,"7_13.mp3","music"
"6297","5ed9c3054268815691ed0e2c",8,17,4,4,16,"5_14.mp3","music"
"6298","5ed9c3054268815691ed0e2c",59,44,60,55,40,"10_2.mp3","music"
"6299","5ed9c3054268815691ed0e2c",58,70,36,41,56,"4_1.mp3","music"
"6300","5ed9c3054268815691ed0e2c",11,7,5,5,21,"3_1.mp3","music"
"6301","5ed9c3054268815691ed0e2c",39,26,36,28,21,"8_2.mp3","music"
"6302","5ed9c3054268815691ed0e2c",30,25,16,0,38,"11_11.mp3","music"
"6303","5ed9c3054268815691ed0e2c",7,12,13,2,11,"6_10.mp3","music"
"6304","5ed9c3054268815691ed0e2c",56,57,28,50,51,"10_1.mp3","music"
"6305","63ed78d1217e614a3c6b392e",100,100,100,100,100,"3_1.mp3","music"
"6306","63ed78d1217e614a3c6b392e",100,100,100,100,100,"6_5.mp3","music"
"6307","63ed78d1217e614a3c6b392e",99,100,100,100,97,"6_10.mp3","music"
"6308","63ed78d1217e614a3c6b392e",100,100,100,100,100,"2_1.mp3","music"
"6309","63ed78d1217e614a3c6b392e",100,100,100,100,100,"12_2.mp3","music"
"6310","63ed78d1217e614a3c6b392e",100,100,100,100,100,"8_2.mp3","music"
"6311","63ed78d1217e614a3c6b392e",36,51,50,47,58,"11_11.mp3","music"
"6312","63ed78d1217e614a3c6b392e",42,78,81,86,81,"7_10.mp3","music"
"6313","63ed78d1217e614a3c6b392e",74,52,60,61,60,"10_2.mp3","music"
"6314","63ed78d1217e614a3c6b392e",100,100,100,100,100,"11_2.mp3","music"
"6315","63ed78d1217e614a3c6b392e",100,100,100,100,100,"10_1.mp3","music"
"6316","63ed78d1217e614a3c6b392e",100,100,100,100,100,"7_13.mp3","music"
"6317","63ed78d1217e614a3c6b392e",100,100,100,100,100,"11_10.mp3","music"
"6318","63ed78d1217e614a3c6b392e",100,100,100,100,100,"4_2.mp3","music"
"6319","63ed78d1217e614a3c6b392e",85,83,81,80,75,"5_14.mp3","music"
"6320","63ed78d1217e614a3c6b392e",100,100,100,100,99,"4_1.mp3","music"
"6321","66d7a4ca0fcf61aba9eb9328",73,79,70,77,91,"7_10.mp3","music"
"6322","66d7a4ca0fcf61aba9eb9328",85,79,75,81,90,"4_1.mp3","music"
"6323","66d7a4ca0fcf61aba9eb9328",90,87,84,78,91,"4_2.mp3","music"
"6324","66d7a4ca0fcf61aba9eb9328",77,74,74,86,92,"3_1.mp3","music"
"6325","66d7a4ca0fcf61aba9eb9328",77,72,80,73,86,"5_14.mp3","music"
"6326","66d7a4ca0fcf61aba9eb9328",84,94,71,75,79,"10_2.mp3","music"
"6327","66d7a4ca0fcf61aba9eb9328",88,87,69,80,77,"7_13.mp3","music"
"6328","66d7a4ca0fcf61aba9eb9328",89,85,77,82,94,"6_10.mp3","music"
"6329","66d7a4ca0fcf61aba9eb9328",81,79,74,81,85,"6_5.mp3","music"
"6330","66d7a4ca0fcf61aba9eb9328",82,85,74,81,88,"11_11.mp3","music"
"6331","66d7a4ca0fcf61aba9eb9328",83,83,77,81,84,"11_10.mp3","music"
"6332","66d7a4ca0fcf61aba9eb9328",79,99,73,84,89,"10_1.mp3","music"
"6333","66d7a4ca0fcf61aba9eb9328",82,90,86,87,85,"12_2.mp3","music"
"6334","66d7a4ca0fcf61aba9eb9328",86,97,76,84,87,"11_2.mp3","music"
"6335","66d7a4ca0fcf61aba9eb9328",82,93,88,82,93,"8_2.mp3","music"
"6336","66d7a4ca0fcf61aba9eb9328",81,86,86,76,91,"2_1.mp3","music"
"6337","67bc755b022467c613763798",100,100,100,100,100,"11_2.mp3","music"
"6338","67bc755b022467c613763798",100,100,100,100,100,"5_14.mp3","music"
"6339","67bc755b022467c613763798",84,94,98,91,47,"7_13.mp3","music"
"6340","67bc755b022467c613763798",83,86,82,70,86,"11_10.mp3","music"
"6341","67bc755b022467c613763798",97,83,99,87,55,"6_10.mp3","music"
"6342","67bc755b022467c613763798",100,100,100,100,62,"2_1.mp3","music"
"6343","67bc755b022467c613763798",83,90,77,94,85,"11_11.mp3","music"
"6344","67bc755b022467c613763798",100,100,100,89,62,"10_1.mp3","music"
"6345","67bc755b022467c613763798",100,100,100,100,100,"6_5.mp3","music"
"6346","67bc755b022467c613763798",100,100,100,100,100,"12_2.mp3","music"
"6347","67bc755b022467c613763798",100,100,100,100,100,"3_1.mp3","music"
"6348","67bc755b022467c613763798",100,100,100,100,100,"8_2.mp3","music"
"6349","67bc755b022467c613763798",100,100,100,97,100,"7_10.mp3","music"
"6350","67bc755b022467c613763798",100,100,100,100,100,"10_2.mp3","music"
"6351","67bc755b022467c613763798",59,49,59,42,61,"4_2.mp3","music"
"6352","67bc755b022467c613763798",69,77,76,52,80,"4_1.mp3","music"
"6353","677aefb67112f646f3fc77f6",87,74,86,87,78,"10_2.mp3","music"
"6354","677aefb67112f646f3fc77f6",91,85,71,67,82,"6_10.mp3","music"
"6355","677aefb67112f646f3fc77f6",79,64,66,85,94,"7_13.mp3","music"
"6356","677aefb67112f646f3fc77f6",77,78,67,65,81,"2_1.mp3","music"
"6357","677aefb67112f646f3fc77f6",26,71,28,46,77,"7_10.mp3","music"
"6358","677aefb67112f646f3fc77f6",89,73,72,86,81,"11_2.mp3","music"
"6359","677aefb67112f646f3fc77f6",87,87,79,78,70,"5_14.mp3","music"
"6360","677aefb67112f646f3fc77f6",82,65,84,78,71,"4_1.mp3","music"
"6361","677aefb67112f646f3fc77f6",83,88,76,65,90,"10_1.mp3","music"
"6362","677aefb67112f646f3fc77f6",84,74,65,85,90,"11_11.mp3","music"
"6363","677aefb67112f646f3fc77f6",79,69,86,83,78,"12_2.mp3","music"
"6364","677aefb67112f646f3fc77f6",70,56,63,60,71,"11_10.mp3","music"
"6365","677aefb67112f646f3fc77f6",72,81,71,69,84,"4_2.mp3","music"
"6366","677aefb67112f646f3fc77f6",67,57,77,73,52,"3_1.mp3","music"
"6367","677aefb67112f646f3fc77f6",80,69,53,50,80,"6_5.mp3","music"
"6368","677aefb67112f646f3fc77f6",82,52,81,78,57,"8_2.mp3","music"
"6369","628deac8711dee5dbda650ae",0,0,0,0,0,"4_1.mp3","music"
"6370","628deac8711dee5dbda650ae",0,0,0,0,0,"11_10.mp3","music"
"6371","628deac8711dee5dbda650ae",0,0,0,0,0,"6_10.mp3","music"
"6372","628deac8711dee5dbda650ae",0,0,0,0,29,"11_11.mp3","music"
"6373","628deac8711dee5dbda650ae",0,5,0,0,0,"11_2.mp3","music"
"6374","628deac8711dee5dbda650ae",0,0,0,0,0,"6_5.mp3","music"
"6375","628deac8711dee5dbda650ae",0,0,0,0,0,"2_1.mp3","music"
"6376","628deac8711dee5dbda650ae",0,0,0,0,7,"5_14.mp3","music"
"6377","628deac8711dee5dbda650ae",0,0,0,0,0,"4_2.mp3","music"
"6378","628deac8711dee5dbda650ae",0,0,0,0,0,"3_1.mp3","music"
"6379","628deac8711dee5dbda650ae",0,0,0,0,0,"12_2.mp3","music"
"6380","628deac8711dee5dbda650ae",0,0,0,0,0,"10_2.mp3","music"
"6381","628deac8711dee5dbda650ae",0,0,0,0,0,"7_13.mp3","music"
"6382","628deac8711dee5dbda650ae",0,0,0,0,0,"8_2.mp3","music"
"6383","628deac8711dee5dbda650ae",0,0,0,0,16,"10_1.mp3","music"
"6384","628deac8711dee5dbda650ae",0,0,0,0,0,"7_10.mp3","music"
"6385","56588a127d69570012dfe00a",5,6,5,7,5,"4_2.mp3","music"
"6386","56588a127d69570012dfe00a",13,8,9,4,17,"6_10.mp3","music"
"6387","56588a127d69570012dfe00a",15,1,11,4,11,"11_10.mp3","music"
"6388","56588a127d69570012dfe00a",0,2,2,2,2,"7_10.mp3","music"
"6389","56588a127d69570012dfe00a",3,5,5,2,10,"7_13.mp3","music"
"6390","56588a127d69570012dfe00a",2,7,3,2,2,"6_5.mp3","music"
"6391","56588a127d69570012dfe00a",4,1,2,2,3,"5_14.mp3","music"
"6392","56588a127d69570012dfe00a",2,2,2,2,6,"2_1.mp3","music"
"6393","56588a127d69570012dfe00a",2,3,2,4,31,"4_1.mp3","music"
"6394","56588a127d69570012dfe00a",2,2,1,2,3,"3_1.mp3","music"
"6395","56588a127d69570012dfe00a",5,2,2,1,3,"10_1.mp3","music"
"6396","56588a127d69570012dfe00a",2,47,6,3,3,"11_2.mp3","music"
"6397","56588a127d69570012dfe00a",3,22,6,3,5,"11_11.mp3","music"
"6398","56588a127d69570012dfe00a",2,3,1,7,2,"12_2.mp3","music"
"6399","56588a127d69570012dfe00a",3,1,3,2,5,"8_2.mp3","music"
"6400","56588a127d69570012dfe00a",1,2,2,3,1,"10_2.mp3","music"
"6401","63eec085b1d2e79ac4fbbd78",37,51,23,53,48,"10_2.mp3","music"
"6402","63eec085b1d2e79ac4fbbd78",52,52,51,54,60,"11_2.mp3","music"
"6403","63eec085b1d2e79ac4fbbd78",64,57,44,47,58,"3_1.mp3","music"
"6404","63eec085b1d2e79ac4fbbd78",68,62,78,61,73,"4_1.mp3","music"
"6405","63eec085b1d2e79ac4fbbd78",69,53,51,55,81,"12_2.mp3","music"
"6406","63eec085b1d2e79ac4fbbd78",49,55,49,51,71,"5_14.mp3","music"
"6407","63eec085b1d2e79ac4fbbd78",52,48,31,50,54,"11_11.mp3","music"
"6408","63eec085b1d2e79ac4fbbd78",50,50,49,49,50,"4_2.mp3","music"
"6409","63eec085b1d2e79ac4fbbd78",50,49,50,48,51,"8_2.mp3","music"
"6410","63eec085b1d2e79ac4fbbd78",62,51,50,48,48,"7_13.mp3","music"
"6411","63eec085b1d2e79ac4fbbd78",58,68,52,62,89,"2_1.mp3","music"
"6412","63eec085b1d2e79ac4fbbd78",51,50,58,61,72,"7_10.mp3","music"
"6413","63eec085b1d2e79ac4fbbd78",59,55,60,64,73,"6_10.mp3","music"
"6414","63eec085b1d2e79ac4fbbd78",68,64,70,52,70,"11_10.mp3","music"
"6415","63eec085b1d2e79ac4fbbd78",53,64,63,55,53,"10_1.mp3","music"
"6416","63eec085b1d2e79ac4fbbd78",71,64,56,67,56,"6_5.mp3","music"
"6417","60463896f9a82809f6eda231",100,90,100,90,75,"8_2.mp3","music"
"6418","60463896f9a82809f6eda231",70,75,100,75,50,"11_10.mp3","music"
"6419","60463896f9a82809f6eda231",100,90,50,75,100,"2_1.mp3","music"
"6420","60463896f9a82809f6eda231",90,85,70,75,100,"12_2.mp3","music"
"6421","60463896f9a82809f6eda231",20,25,20,25,25,"7_10.mp3","music"
"6422","60463896f9a82809f6eda231",20,25,20,25,50,"5_14.mp3","music"
"6423","60463896f9a82809f6eda231",75,80,100,70,50,"6_10.mp3","music"
"6424","60463896f9a82809f6eda231",50,65,50,50,70,"11_11.mp3","music"
"6425","60463896f9a82809f6eda231",20,20,20,20,35,"3_1.mp3","music"
"6426","60463896f9a82809f6eda231",75,80,90,70,75,"4_1.mp3","music"
"6427","60463896f9a82809f6eda231",25,32,25,25,40,"11_2.mp3","music"
"6428","60463896f9a82809f6eda231",75,80,100,75,50,"6_5.mp3","music"
"6429","60463896f9a82809f6eda231",25,30,20,22,40,"4_2.mp3","music"
"6430","60463896f9a82809f6eda231",25,27,20,27,40,"7_13.mp3","music"
"6431","60463896f9a82809f6eda231",85,85,100,72,50,"10_2.mp3","music"
"6432","60463896f9a82809f6eda231",75,85,70,90,85,"10_1.mp3","music"
"6433","673e5a3412198a5e62837745",74,87,72,82,74,"4_2.mp3","music"
"6434","673e5a3412198a5e62837745",65,78,78,79,75,"11_2.mp3","music"
"6435","673e5a3412198a5e62837745",83,84,76,89,78,"11_11.mp3","music"
"6436","673e5a3412198a5e62837745",92,87,79,82,82,"8_2.mp3","music"
"6437","673e5a3412198a5e62837745",82,84,79,80,75,"12_2.mp3","music"
"6438","673e5a3412198a5e62837745",83,82,79,86,79,"7_10.mp3","music"
"6439","673e5a3412198a5e62837745",81,85,86,85,86,"5_14.mp3","music"
"6440","673e5a3412198a5e62837745",80,82,79,82,80,"6_5.mp3","music"
"6441","673e5a3412198a5e62837745",85,87,86,55,87,"6_10.mp3","music"
"6442","673e5a3412198a5e62837745",87,82,87,84,86,"7_13.mp3","music"
"6443","673e5a3412198a5e62837745",84,82,84,84,84,"10_2.mp3","music"
"6444","673e5a3412198a5e62837745",76,83,76,81,82,"2_1.mp3","music"
"6445","673e5a3412198a5e62837745",81,87,84,86,82,"4_1.mp3","music"
"6446","673e5a3412198a5e62837745",84,85,82,86,81,"11_10.mp3","music"
"6447","673e5a3412198a5e62837745",84,77,76,83,77,"3_1.mp3","music"
"6448","673e5a3412198a5e62837745",84,86,87,84,84,"10_1.mp3","music"
"6449","55b249bdfdf99b28e3c14b05",99,97,100,97,97,"6_5.mp3","music"
"6450","55b249bdfdf99b28e3c14b05",98,97,99,97,97,"4_1.mp3","music"
"6451","55b249bdfdf99b28e3c14b05",98,98,97,97,99,"5_14.mp3","music"
"6452","55b249bdfdf99b28e3c14b05",100,98,98,98,99,"8_2.mp3","music"
"6453","55b249bdfdf99b28e3c14b05",97,97,95,96,97,"10_2.mp3","music"
"6454","55b249bdfdf99b28e3c14b05",97,99,96,97,99,"10_1.mp3","music"
"6455","55b249bdfdf99b28e3c14b05",98,96,97,97,99,"11_11.mp3","music"
"6456","55b249bdfdf99b28e3c14b05",99,97,99,98,97,"4_2.mp3","music"
"6457","55b249bdfdf99b28e3c14b05",97,99,98,99,97,"7_10.mp3","music"
"6458","55b249bdfdf99b28e3c14b05",97,97,96,96,100,"3_1.mp3","music"
"6459","55b249bdfdf99b28e3c14b05",99,97,96,98,97,"2_1.mp3","music"
"6460","55b249bdfdf99b28e3c14b05",96,99,99,97,99,"12_2.mp3","music"
"6461","55b249bdfdf99b28e3c14b05",97,97,98,98,97,"11_10.mp3","music"
"6462","55b249bdfdf99b28e3c14b05",99,97,97,100,99,"7_13.mp3","music"
"6463","55b249bdfdf99b28e3c14b05",99,99,96,97,95,"11_2.mp3","music"
"6464","55b249bdfdf99b28e3c14b05",98,96,99,97,96,"6_10.mp3","music"
"6465","6266e63b82fa38e800e33a24",24,41,46,31,68,"10_2.mp3","music"
"6466","6266e63b82fa38e800e33a24",18,30,19,7,80,"11_2.mp3","music"
"6467","6266e63b82fa38e800e33a24",50,70,35,50,77,"5_14.mp3","music"
"6468","6266e63b82fa38e800e33a24",60,60,52,57,83,"12_2.mp3","music"
"6469","6266e63b82fa38e800e33a24",50,30,66,14,23,"11_10.mp3","music"
"6470","6266e63b82fa38e800e33a24",40,65,50,50,79,"3_1.mp3","music"
"6471","6266e63b82fa38e800e33a24",9,25,53,15,40,"7_10.mp3","music"
"6472","6266e63b82fa38e800e33a24",25,50,14,2,77,"11_11.mp3","music"
"6473","6266e63b82fa38e800e33a24",43,50,36,28,82,"4_2.mp3","music"
"6474","6266e63b82fa38e800e33a24",50,54,72,62,61,"6_10.mp3","music"
"6475","6266e63b82fa38e800e33a24",67,72,65,75,60,"6_5.mp3","music"
"6476","6266e63b82fa38e800e33a24",26,66,63,53,80,"4_1.mp3","music"
"6477","6266e63b82fa38e800e33a24",54,71,45,50,73,"8_2.mp3","music"
"6478","6266e63b82fa38e800e33a24",40,52,42,50,76,"7_13.mp3","music"
"6479","6266e63b82fa38e800e33a24",74,71,62,54,86,"10_1.mp3","music"
"6480","6266e63b82fa38e800e33a24",57,65,51,50,85,"2_1.mp3","music"
"6481","60c381c26357c51532f1b378",70,100,35,45,100,"12_2.mp3","music"
"6482","60c381c26357c51532f1b378",60,100,72,33,25,"6_10.mp3","music"
"6483","60c381c26357c51532f1b378",40,32,60,10,0,"11_10.mp3","music"
"6484","60c381c26357c51532f1b378",0,14,0,0,49,"5_14.mp3","music"
"6485","60c381c26357c51532f1b378",64,100,33,75,44,"10_2.mp3","music"
"6486","60c381c26357c51532f1b378",0,0,14,0,0,"7_10.mp3","music"
"6487","60c381c26357c51532f1b378",6,26,0,0,45,"2_1.mp3","music"
"6488","60c381c26357c51532f1b378",27,51,10,11,51,"8_2.mp3","music"
"6489","60c381c26357c51532f1b378",0,0,0,0,17,"3_1.mp3","music"
"6490","60c381c26357c51532f1b378",32,100,20,21,78,"6_5.mp3","music"
"6491","60c381c26357c51532f1b378",33,95,0,0,100,"11_11.mp3","music"
"6492","60c381c26357c51532f1b378",20,82,0,0,88,"10_1.mp3","music"
"6493","60c381c26357c51532f1b378",21,43,0,0,80,"11_2.mp3","music"
"6494","60c381c26357c51532f1b378",19,65,0,0,71,"4_1.mp3","music"
"6495","60c381c26357c51532f1b378",21,53,0,0,72,"7_13.mp3","music"
"6496","60c381c26357c51532f1b378",15,74,0,0,76,"4_2.mp3","music"
"6497","67d21364aa4dc87ecd8f3f1b",95,80,90,85,90,"4_1.mp3","music"
"6498","67d21364aa4dc87ecd8f3f1b",15,30,20,40,30,"12_2.mp3","music"
"6499","67d21364aa4dc87ecd8f3f1b",15,35,40,45,65,"11_11.mp3","music"
"6500","67d21364aa4dc87ecd8f3f1b",65,50,45,60,60,"10_2.mp3","music"
"6501","67d21364aa4dc87ecd8f3f1b",50,50,40,55,50,"3_1.mp3","music"
"6502","67d21364aa4dc87ecd8f3f1b",30,50,50,55,50,"2_1.mp3","music"
"6503","67d21364aa4dc87ecd8f3f1b",45,50,55,60,45,"10_1.mp3","music"
"6504","67d21364aa4dc87ecd8f3f1b",45,45,60,60,50,"6_10.mp3","music"
"6505","67d21364aa4dc87ecd8f3f1b",45,50,65,55,55,"8_2.mp3","music"
"6506","67d21364aa4dc87ecd8f3f1b",55,50,60,60,45,"11_10.mp3","music"
"6507","67d21364aa4dc87ecd8f3f1b",45,50,45,30,35,"11_2.mp3","music"
"6508","67d21364aa4dc87ecd8f3f1b",50,50,40,55,40,"7_13.mp3","music"
"6509","67d21364aa4dc87ecd8f3f1b",45,45,60,55,45,"4_2.mp3","music"
"6510","67d21364aa4dc87ecd8f3f1b",40,50,55,55,45,"7_10.mp3","music"
"6511","67d21364aa4dc87ecd8f3f1b",45,45,35,55,40,"6_5.mp3","music"
"6512","67d21364aa4dc87ecd8f3f1b",45,35,65,45,40,"5_14.mp3","music"
"6513","62dc4a5fef307ee53c61afcc",48,33,46,50,61,"11_11.mp3","music"
"6514","62dc4a5fef307ee53c61afcc",48,46,31,50,58,"7_13.mp3","music"
"6515","62dc4a5fef307ee53c61afcc",49,32,40,52,63,"5_14.mp3","music"
"6516","62dc4a5fef307ee53c61afcc",47,49,44,55,54,"11_2.mp3","music"
"6517","62dc4a5fef307ee53c61afcc",48,53,20,54,55,"3_1.mp3","music"
"6518","62dc4a5fef307ee53c61afcc",40,51,37,49,46,"7_10.mp3","music"
"6519","62dc4a5fef307ee53c61afcc",51,59,33,57,59,"10_2.mp3","music"
"6520","62dc4a5fef307ee53c61afcc",13,56,29,50,52,"11_10.mp3","music"
"6521","62dc4a5fef307ee53c61afcc",49,42,22,51,54,"6_10.mp3","music"
"6522","62dc4a5fef307ee53c61afcc",35,50,46,54,56,"2_1.mp3","music"
"6523","62dc4a5fef307ee53c61afcc",54,58,26,52,53,"4_1.mp3","music"
"6524","62dc4a5fef307ee53c61afcc",38,36,34,51,58,"6_5.mp3","music"
"6525","62dc4a5fef307ee53c61afcc",44,40,42,52,51,"12_2.mp3","music"
"6526","62dc4a5fef307ee53c61afcc",39,50,52,51,59,"10_1.mp3","music"
"6527","62dc4a5fef307ee53c61afcc",49,49,24,57,50,"8_2.mp3","music"
"6528","62dc4a5fef307ee53c61afcc",52,52,25,56,53,"4_2.mp3","music"
