"","Participant.Public.ID","happy","satisfied","excited","joyful","relaxed","stim","condition"
"1","32368","","","","","","Fire 10.jpg","pic"
"2","32368","0","0","0","0","0","Prison 2.jpg","pic"
"3","32368","","","","","","Snow 1.jpg","pic"
"4","32368","0","0","0","0","0","Rainbow 2.jpg","pic"
"5","32368","","","","","","Lake 12.jpg","pic"
"6","32368","80","28","70","42","71","Destruction 2.jpg","pic"
"7","32368","","","","","","Garbage dump 1.jpg","pic"
"8","32368","55","14","10","15","50","Dirt 1.jpg","pic"
"9","32368","","","","","","Rocks 1.jpg","pic"
"10","32368","28","39","27","30","40","Fireworks 6.jpg","pic"
"11","32368","","","","","","Heart 3.jpg","pic"
"12","32368","0","0","0","0","0","Ferret 1.jpg","pic"
"13","32368","","","","","","Clean 1.jpg","pic"
"14","32368","0","0","0","0","0","Flood 1.jpg","pic"
"15","32368","","","","","","Toilet 4.jpg","pic"
"16","32368","0","0","0","0","0","Beach 1.jpg","pic"
"17","32368","","","","","","Fireworks 6.jpg","pic"
"18","32368","72","94","91","77","100","Garbage dump 1.jpg","pic"
"19","32368","","","","","","Dirt 1.jpg","pic"
"20","32368","44","35","50","52","48","Lake 12.jpg","pic"
"21","32368","","","","","","Flood 1.jpg","pic"
"22","32368","89","64","70","66","70","Fire 10.jpg","pic"
"23","32368","","","","","","Destruction 2.jpg","pic"
"24","32368","16","0","13","0","0","Beach 1.jpg","pic"
"25","32368","","","","","","Heart 3.jpg","pic"
"26","32368","0","31","15","0","76","Clean 1.jpg","pic"
"27","32368","","","","","","Rainbow 2.jpg","pic"
"28","32368","0","0","0","0","0","Snow 1.jpg","pic"
"29","32368","","","","","","Prison 2.jpg","pic"
"30","32368","0","0","0","0","0","Toilet 4.jpg","pic"
"31","32368","","","","","","Ferret 1.jpg","pic"
"32","32368","43","25","24","26","51","Rocks 1.jpg","pic"
"33","32449","","","","","","Rainbow 2.jpg","pic"
"34","32449","5","13","25","36","12","Clean 1.jpg","pic"
"35","32449","","","","","","Toilet 4.jpg","pic"
"36","32449","6","10","15","9","6","Fireworks 6.jpg","pic"
"37","32449","","","","","","Destruction 2.jpg","pic"
"38","32449","4","56","12","8","43","Flood 1.jpg","pic"
"39","32449","","","","","","Rocks 1.jpg","pic"
"40","32449","47","64","68","55","59","Snow 1.jpg","pic"
"41","32449","","","","","","Beach 1.jpg","pic"
"42","32449","2","1","3","2","2","Ferret 1.jpg","pic"
"43","32449","","","","","","Fire 10.jpg","pic"
"44","32449","2","14","3","1","2","Heart 3.jpg","pic"
"45","32449","","","","","","Garbage dump 1.jpg","pic"
"46","32449","1","2","3","0","2","Dirt 1.jpg","pic"
"47","32449","","","","","","Lake 12.jpg","pic"
"48","32449","34","27","74","21","47","Prison 2.jpg","pic"
"49","32449","","","","","","Fire 10.jpg","pic"
"50","32449","18","33","60","31","8","Clean 1.jpg","pic"
"51","32449","","","","","","Beach 1.jpg","pic"
"52","32449","21","19","52","6","50","Snow 1.jpg","pic"
"53","32449","","","","","","Destruction 2.jpg","pic"
"54","32449","7","6","8","4","1","Heart 3.jpg","pic"
"55","32449","","","","","","Garbage dump 1.jpg","pic"
"56","32449","20","43","22","8","21","Ferret 1.jpg","pic"
"57","32449","","","","","","Rocks 1.jpg","pic"
"58","32449","0","4","0","1","3","Lake 12.jpg","pic"
"59","32449","","","","","","Toilet 4.jpg","pic"
"60","32449","7","3","0","5","0","Rainbow 2.jpg","pic"
"61","32449","","","","","","Flood 1.jpg","pic"
"62","32449","3","4","3","2","0","Fireworks 6.jpg","pic"
"63","32449","","","","","","Dirt 1.jpg","pic"
"64","32449","61","70","21","22","82","Prison 2.jpg","pic"
"65","31267","","","","","","Rocks 1.jpg","pic"
"66","31267","84","83","65","100","76","Flood 1.jpg","pic"
"67","31267","","","","","","Snow 1.jpg","pic"
"68","31267","100","73","73","58","100","Ferret 1.jpg","pic"
"69","31267","","","","","","Rainbow 2.jpg","pic"
"70","31267","0","0","0","0","0","Toilet 4.jpg","pic"
"71","31267","","","","","","Fire 10.jpg","pic"
"72","31267","60","61","100","84","0","Heart 3.jpg","pic"
"73","31267","","","","","","Destruction 2.jpg","pic"
"74","31267","0","0","0","0","3","Prison 2.jpg","pic"
"75","31267","","","","","","Dirt 1.jpg","pic"
"76","31267","0","0","0","0","0","Beach 1.jpg","pic"
"77","31267","","","","","","Garbage dump 1.jpg","pic"
"78","31267","59","46","53","50","66","Lake 12.jpg","pic"
"79","31267","","","","","","Fireworks 6.jpg","pic"
"80","31267","0","100","100","100","81","Clean 1.jpg","pic"
"81","31267","","","","","","Clean 1.jpg","pic"
"82","31267","100","96","84","100","100","Ferret 1.jpg","pic"
"83","31267","","","","","","Rainbow 2.jpg","pic"
"84","31267","0","0","0","0","0","Snow 1.jpg","pic"
"85","31267","","","","","","Rocks 1.jpg","pic"
"86","31267","0","0","0","0","0","Fire 10.jpg","pic"
"87","31267","","","","","","Flood 1.jpg","pic"
"88","31267","45","64","19","64","33","Destruction 2.jpg","pic"
"89","31267","","","","","","Lake 12.jpg","pic"
"90","31267","0","0","0","0","0","Prison 2.jpg","pic"
"91","31267","","","","","","Garbage dump 1.jpg","pic"
"92","31267","0","2","0","0","0","Heart 3.jpg","pic"
"93","31267","","","","","","Dirt 1.jpg","pic"
"94","31267","64","70","71","54","27","Fireworks 6.jpg","pic"
"95","31267","","","","","","Beach 1.jpg","pic"
"96","31267","0","0","0","0","0","Toilet 4.jpg","pic"
"97","31522","","","","","","Fire 10.jpg","pic"
"98","31522","6","8","8","4","6","Lake 12.jpg","pic"
"99","31522","","","","","","Toilet 4.jpg","pic"
"100","31522","87","76","82","79","70","Snow 1.jpg","pic"
"101","31522","","","","","","Beach 1.jpg","pic"
"102","31522","54","82","84","89","73","Dirt 1.jpg","pic"
"103","31522","","","","","","Prison 2.jpg","pic"
"104","31522","22","12","14","13","10","Garbage dump 1.jpg","pic"
"105","31522","","","","","","Clean 1.jpg","pic"
"106","31522","0","0","0","0","0","Destruction 2.jpg","pic"
"107","31522","","","","","","Heart 3.jpg","pic"
"108","31522","0","0","0","0","0","Fireworks 6.jpg","pic"
"109","31522","","","","","","Flood 1.jpg","pic"
"110","31522","0","0","0","0","0","Rocks 1.jpg","pic"
"111","31522","","","","","","Rainbow 2.jpg","pic"
"112","31522","0","0","0","0","0","Ferret 1.jpg","pic"
"113","31522","","","","","","Destruction 2.jpg","pic"
"114","31522","67","23","26","83","0","Beach 1.jpg","pic"
"115","31522","","","","","","Heart 3.jpg","pic"
"116","31522","7","41","93","76","16","Prison 2.jpg","pic"
"117","31522","","","","","","Lake 12.jpg","pic"
"118","31522","12","17","6","13","6","Rainbow 2.jpg","pic"
"119","31522","","","","","","Clean 1.jpg","pic"
"120","31522","67","23","69","67","12","Snow 1.jpg","pic"
"121","31522","","","","","","Dirt 1.jpg","pic"
"122","31522","19","7","9","9","7","Toilet 4.jpg","pic"
"123","31522","","","","","","Garbage dump 1.jpg","pic"
"124","31522","64","15","73","54","30","Flood 1.jpg","pic"
"125","31522","","","","","","Ferret 1.jpg","pic"
"126","31522","5","3","9","6","6","Fireworks 6.jpg","pic"
"127","31522","","","","","","Rocks 1.jpg","pic"
"128","31522","0","0","0","0","0","Fire 10.jpg","pic"
"129","29986","","","","","","Heart 3.jpg","pic"
"130","29986","43","48","12","17","51","Ferret 1.jpg","pic"
"131","29986","","","","","","Dirt 1.jpg","pic"
"132","29986","0","0","0","0","0","Beach 1.jpg","pic"
"133","29986","","","","","","Fireworks 6.jpg","pic"
"134","29986","14","21","0","0","72","Rainbow 2.jpg","pic"
"135","29986","","","","","","Flood 1.jpg","pic"
"136","29986","31","19","10","9","6","Toilet 4.jpg","pic"
"137","29986","","","","","","Lake 12.jpg","pic"
"138","29986","57","8","0","0","26","Prison 2.jpg","pic"
"139","29986","","","","","","Fire 10.jpg","pic"
"140","29986","0","0","0","0","0","Rocks 1.jpg","pic"
"141","29986","","","","","","Snow 1.jpg","pic"
"142","29986","12","21","6","0","57","Garbage dump 1.jpg","pic"
"143","29986","","","","","","Destruction 2.jpg","pic"
"144","29986","8","0","11","1","4","Clean 1.jpg","pic"
"145","29986","","","","","","Ferret 1.jpg","pic"
"146","29986","0","0","0","0","0","Clean 1.jpg","pic"
"147","29986","","","","","","Garbage dump 1.jpg","pic"
"148","29986","0","0","0","0","0","Dirt 1.jpg","pic"
"149","29986","","","","","","Toilet 4.jpg","pic"
"150","29986","0","0","0","0","0","Destruction 2.jpg","pic"
"151","29986","","","","","","Heart 3.jpg","pic"
"152","29986","40","36","0","15","62","Rainbow 2.jpg","pic"
"153","29986","","","","","","Fireworks 6.jpg","pic"
"154","29986","0","0","0","0","0","Rocks 1.jpg","pic"
"155","29986","","","","","","Fire 10.jpg","pic"
"156","29986","18","72","37","15","84","Lake 12.jpg","pic"
"157","29986","","","","","","Snow 1.jpg","pic"
"158","29986","26","6","23","16","0","Beach 1.jpg","pic"
"159","29986","","","","","","Flood 1.jpg","pic"
"160","29986","17","22","5","0","68","Prison 2.jpg","pic"
"161","30388","","","","","","Toilet 4.jpg","pic"
"162","30388","32","0","0","0","52","Beach 1.jpg","pic"
"163","30388","","","","","","Lake 12.jpg","pic"
"164","30388","14","0","0","0","0","Snow 1.jpg","pic"
"165","30388","","","","","","Ferret 1.jpg","pic"
"166","30388","0","84","0","0","86","Garbage dump 1.jpg","pic"
"167","30388","","","","","","Dirt 1.jpg","pic"
"168","30388","0","78","0","0","88","Flood 1.jpg","pic"
"169","30388","","","","","","Heart 3.jpg","pic"
"170","30388","0","0","0","0","0","Fireworks 6.jpg","pic"
"171","30388","","","","","","Clean 1.jpg","pic"
"172","30388","0","0","0","0","0","Rainbow 2.jpg","pic"
"173","30388","","","","","","Prison 2.jpg","pic"
"174","30388","0","0","0","0","0","Destruction 2.jpg","pic"
"175","30388","","","","","","Fire 10.jpg","pic"
"176","30388","0","0","0","0","0","Rocks 1.jpg","pic"
"177","30388","","","","","","Flood 1.jpg","pic"
"178","30388","36","100","0","0","90","Heart 3.jpg","pic"
"179","30388","","","","","","Lake 12.jpg","pic"
"180","30388","0","0","0","0","0","Rocks 1.jpg","pic"
"181","30388","","","","","","Garbage dump 1.jpg","pic"
"182","30388","0","0","0","0","0","Beach 1.jpg","pic"
"183","30388","","","","","","Prison 2.jpg","pic"
"184","30388","0","0","0","0","0","Rainbow 2.jpg","pic"
"185","30388","","","","","","Toilet 4.jpg","pic"
"186","30388","0","0","0","0","0","Destruction 2.jpg","pic"
"187","30388","","","","","","Dirt 1.jpg","pic"
"188","30388","6","8","0","0","0","Fire 10.jpg","pic"
"189","30388","","","","","","Fireworks 6.jpg","pic"
"190","30388","30","60","0","20","90","Clean 1.jpg","pic"
"191","30388","","","","","","Snow 1.jpg","pic"
"192","30388","20","0","0","0","0","Ferret 1.jpg","pic"
"193","31279","","","","","","Toilet 4.jpg","pic"
"194","31279","29","50","21","12","63","Fireworks 6.jpg","pic"
"195","31279","","","","","","Ferret 1.jpg","pic"
"196","31279","97","100","98","100","99","Beach 1.jpg","pic"
"197","31279","","","","","","Snow 1.jpg","pic"
"198","31279","0","0","0","0","0","Clean 1.jpg","pic"
"199","31279","","","","","","Rocks 1.jpg","pic"
"200","31279","71","66","31","52","52","Lake 12.jpg","pic"
"201","31279","","","","","","Destruction 2.jpg","pic"
"202","31279","100","99","100","100","100","Flood 1.jpg","pic"
"203","31279","","","","","","Garbage dump 1.jpg","pic"
"204","31279","12","0","0","0","0","Fire 10.jpg","pic"
"205","31279","","","","","","Heart 3.jpg","pic"
"206","31279","0","0","0","0","0","Prison 2.jpg","pic"
"207","31279","","","","","","Rainbow 2.jpg","pic"
"208","31279","0","0","0","0","0","Dirt 1.jpg","pic"
"209","31279","","","","","","Dirt 1.jpg","pic"
"210","31279","87","87","87","86","89","Fireworks 6.jpg","pic"
"211","31279","","","","","","Beach 1.jpg","pic"
"212","31279","12","0","0","0","3","Fire 10.jpg","pic"
"213","31279","","","","","","Garbage dump 1.jpg","pic"
"214","31279","89","83","65","89","46","Rocks 1.jpg","pic"
"215","31279","","","","","","Destruction 2.jpg","pic"
"216","31279","85","71","70","87","20","Prison 2.jpg","pic"
"217","31279","","","","","","Rainbow 2.jpg","pic"
"218","31279","0","0","0","0","0","Heart 3.jpg","pic"
"219","31279","","","","","","Clean 1.jpg","pic"
"220","31279","62","69","79","84","83","Flood 1.jpg","pic"
"221","31279","","","","","","Ferret 1.jpg","pic"
"222","31279","99","98","100","100","99","Toilet 4.jpg","pic"
"223","31279","","","","","","Snow 1.jpg","pic"
"224","31279","83","16","0","58","25","Lake 12.jpg","pic"
"225","32551","","","","","","Clean 1.jpg","pic"
"226","32551","1","2","1","1","3","Destruction 2.jpg","pic"
"227","32551","","","","","","Snow 1.jpg","pic"
"228","32551","62","22","65","69","68","Fireworks 6.jpg","pic"
"229","32551","","","","","","Heart 3.jpg","pic"
"230","32551","56","80","5","25","61","Garbage dump 1.jpg","pic"
"231","32551","","","","","","Rainbow 2.jpg","pic"
"232","32551","2","2","3","1","2","Beach 1.jpg","pic"
"233","32551","","","","","","Ferret 1.jpg","pic"
"234","32551","44","86","28","38","48","Flood 1.jpg","pic"
"235","32551","","","","","","Fire 10.jpg","pic"
"236","32551","46","32","35","53","45","Dirt 1.jpg","pic"
"237","32551","","","","","","Rocks 1.jpg","pic"
"238","32551","40","4","4","4","26","Toilet 4.jpg","pic"
"239","32551","","","","","","Prison 2.jpg","pic"
"240","32551","64","29","49","50","23","Lake 12.jpg","pic"
"241","32551","","","","","","Snow 1.jpg","pic"
"242","32551","4","7","5","7","4","Dirt 1.jpg","pic"
"243","32551","","","","","","Rainbow 2.jpg","pic"
"244","32551","4","1","2","2","0","Heart 3.jpg","pic"
"245","32551","","","","","","Prison 2.jpg","pic"
"246","32551","0","0","0","1","0","Ferret 1.jpg","pic"
"247","32551","","","","","","Toilet 4.jpg","pic"
"248","32551","0","0","0","0","1","Clean 1.jpg","pic"
"249","32551","","","","","","Fire 10.jpg","pic"
"250","32551","1","1","1","1","0","Garbage dump 1.jpg","pic"
"251","32551","","","","","","Beach 1.jpg","pic"
"252","32551","38","23","66","53","9","Fireworks 6.jpg","pic"
"253","32551","","","","","","Lake 12.jpg","pic"
"254","32551","38","52","2","28","27","Flood 1.jpg","pic"
"255","32551","","","","","","Destruction 2.jpg","pic"
"256","32551","1","2","2","2","1","Rocks 1.jpg","pic"
"257","32569","","","","","","Destruction 2.jpg","pic"
"258","32569","0","0","0","0","0","Ferret 1.jpg","pic"
"259","32569","","","","","","Lake 12.jpg","pic"
"260","32569","0","0","0","0","0","Dirt 1.jpg","pic"
"261","32569","","","","","","Toilet 4.jpg","pic"
"262","32569","0","0","0","0","0","Garbage dump 1.jpg","pic"
"263","32569","","","","","","Beach 1.jpg","pic"
"264","32569","23","0","0","25","17","Rocks 1.jpg","pic"
"265","32569","","","","","","Prison 2.jpg","pic"
"266","32569","34","30","55","53","0","Snow 1.jpg","pic"
"267","32569","","","","","","Fire 10.jpg","pic"
"268","32569","11","0","0","24","19","Flood 1.jpg","pic"
"269","32569","","","","","","Clean 1.jpg","pic"
"270","32569","0","0","0","0","0","Heart 3.jpg","pic"
"271","32569","","","","","","Fireworks 6.jpg","pic"
"272","32569","0","0","0","0","0","Rainbow 2.jpg","pic"
"273","32569","","","","","","Flood 1.jpg","pic"
"274","32569","19","34","0","10","24","Garbage dump 1.jpg","pic"
"275","32569","","","","","","Snow 1.jpg","pic"
"276","32569","0","0","0","0","0","Fire 10.jpg","pic"
"277","32569","","","","","","Toilet 4.jpg","pic"
"278","32569","0","0","0","0","0","Fireworks 6.jpg","pic"
"279","32569","","","","","","Prison 2.jpg","pic"
"280","32569","0","0","0","0","0","Rocks 1.jpg","pic"
"281","32569","","","","","","Destruction 2.jpg","pic"
"282","32569","0","0","0","0","0","Clean 1.jpg","pic"
"283","32569","","","","","","Ferret 1.jpg","pic"
"284","32569","0","0","0","0","0","Lake 12.jpg","pic"
"285","32569","","","","","","Heart 3.jpg","pic"
"286","32569","0","0","0","0","0","Beach 1.jpg","pic"
"287","32569","","","","","","Rainbow 2.jpg","pic"
"288","32569","9","13","0","9","15","Dirt 1.jpg","pic"
"289","32299","","","","","","Fireworks 6.jpg","pic"
"290","32299","0","0","0","0","0","Clean 1.jpg","pic"
"291","32299","","","","","","Dirt 1.jpg","pic"
"292","32299","50","50","40","30","75","Lake 12.jpg","pic"
"293","32299","","","","","","Toilet 4.jpg","pic"
"294","32299","0","0","0","0","0","Fire 10.jpg","pic"
"295","32299","","","","","","Rainbow 2.jpg","pic"
"296","32299","0","0","0","0","0","Ferret 1.jpg","pic"
"297","32299","","","","","","Garbage dump 1.jpg","pic"
"298","32299","0","0","0","0","0","Flood 1.jpg","pic"
"299","32299","","","","","","Beach 1.jpg","pic"
"300","32299","0","0","0","0","0","Rocks 1.jpg","pic"
"301","32299","","","","","","Snow 1.jpg","pic"
"302","32299","50","50","50","50","30","Destruction 2.jpg","pic"
"303","32299","","","","","","Prison 2.jpg","pic"
"304","32299","50","30","30","30","30","Heart 3.jpg","pic"
"305","32299","","","","","","Lake 12.jpg","pic"
"306","32299","70","1","50","50","20","Rocks 1.jpg","pic"
"307","32299","","","","","","Rainbow 2.jpg","pic"
"308","32299","60","60","50","60","50","Fireworks 6.jpg","pic"
"309","32299","","","","","","Fire 10.jpg","pic"
"310","32299","0","0","0","0","0","Heart 3.jpg","pic"
"311","32299","","","","","","Toilet 4.jpg","pic"
"312","32299","80","80","60","80","80","Dirt 1.jpg","pic"
"313","32299","","","","","","Clean 1.jpg","pic"
"314","32299","50","75","75","75","30","Ferret 1.jpg","pic"
"315","32299","","","","","","Prison 2.jpg","pic"
"316","32299","75","50","75","75","75","Snow 1.jpg","pic"
"317","32299","","","","","","Beach 1.jpg","pic"
"318","32299","0","0","0","0","0","Garbage dump 1.jpg","pic"
"319","32299","","","","","","Flood 1.jpg","pic"
"320","32299","0","0","0","0","0","Destruction 2.jpg","pic"
"321","30766","","","","","","Prison 2.jpg","pic"
"322","30766","0","0","0","0","0","Heart 3.jpg","pic"
"323","30766","","","","","","Lake 12.jpg","pic"
"324","30766","100","50","0","50","50","Fireworks 6.jpg","pic"
"325","30766","","","","","","Dirt 1.jpg","pic"
"326","30766","0","0","0","0","0","Rainbow 2.jpg","pic"
"327","30766","","","","","","Destruction 2.jpg","pic"
"328","30766","10","45","0","30","12","Clean 1.jpg","pic"
"329","30766","","","","","","Flood 1.jpg","pic"
"330","30766","0","0","0","0","0","Ferret 1.jpg","pic"
"331","30766","","","","","","Toilet 4.jpg","pic"
"332","30766","0","0","0","0","0","Fire 10.jpg","pic"
"333","30766","","","","","","Rocks 1.jpg","pic"
"334","30766","0","0","0","0","0","Beach 1.jpg","pic"
"335","30766","","","","","","Garbage dump 1.jpg","pic"
"336","30766","0","0","0","0","0","Snow 1.jpg","pic"
"337","30766","","","","","","Garbage dump 1.jpg","pic"
"338","30766","45","100","0","30","75","Heart 3.jpg","pic"
"339","30766","","","","","","Ferret 1.jpg","pic"
"340","30766","100","100","100","80","20","Prison 2.jpg","pic"
"341","30766","","","","","","Lake 12.jpg","pic"
"342","30766","0","0","0","0","0","Clean 1.jpg","pic"
"343","30766","","","","","","Snow 1.jpg","pic"
"344","30766","100","85","15","0","50","Rocks 1.jpg","pic"
"345","30766","","","","","","Fire 10.jpg","pic"
"346","30766","0","0","0","0","5","Fireworks 6.jpg","pic"
"347","30766","","","","","","Flood 1.jpg","pic"
"348","30766","0","0","0","0","0","Toilet 4.jpg","pic"
"349","30766","","","","","","Rainbow 2.jpg","pic"
"350","30766","0","0","0","0","0","Beach 1.jpg","pic"
"351","30766","","","","","","Dirt 1.jpg","pic"
"352","30766","0","50","0","0","20","Destruction 2.jpg","pic"
"353","30916","","","","","","Prison 2.jpg","pic"
"354","30916","7","7","9","14","12","Garbage dump 1.jpg","pic"
"355","30916","","","","","","Ferret 1.jpg","pic"
"356","30916","47","36","31","67","24","Fireworks 6.jpg","pic"
"357","30916","","","","","","Rainbow 2.jpg","pic"
"358","30916","69","81","78","85","39","Lake 12.jpg","pic"
"359","30916","","","","","","Destruction 2.jpg","pic"
"360","30916","52","70","34","39","9","Clean 1.jpg","pic"
"361","30916","","","","","","Snow 1.jpg","pic"
"362","30916","10","1","5","0","1","Flood 1.jpg","pic"
"363","30916","","","","","","Rocks 1.jpg","pic"
"364","30916","58","56","80","73","79","Fire 10.jpg","pic"
"365","30916","","","","","","Beach 1.jpg","pic"
"366","30916","10","22","5","5","14","Dirt 1.jpg","pic"
"367","30916","","","","","","Toilet 4.jpg","pic"
"368","30916","77","81","80","54","44","Heart 3.jpg","pic"
"369","30916","","","","","","Rainbow 2.jpg","pic"
"370","30916","3","10","2","1","1","Snow 1.jpg","pic"
"371","30916","","","","","","Fireworks 6.jpg","pic"
"372","30916","0","2","1","0","1","Fire 10.jpg","pic"
"373","30916","","","","","","Heart 3.jpg","pic"
"374","30916","0","0","0","0","0","Dirt 1.jpg","pic"
"375","30916","","","","","","Ferret 1.jpg","pic"
"376","30916","0","0","0","0","0","Flood 1.jpg","pic"
"377","30916","","","","","","Prison 2.jpg","pic"
"378","30916","79","32","67","69","12","Clean 1.jpg","pic"
"379","30916","","","","","","Toilet 4.jpg","pic"
"380","30916","36","20","30","23","77","Rocks 1.jpg","pic"
"381","30916","","","","","","Beach 1.jpg","pic"
"382","30916","0","37","0","0","22","Destruction 2.jpg","pic"
"383","30916","","","","","","Lake 12.jpg","pic"
"384","30916","7","10","28","30","10","Garbage dump 1.jpg","pic"
"385","31711","","","","","","Toilet 4.jpg","pic"
"386","31711","4","0","7","1","5","Flood 1.jpg","pic"
"387","31711","","","","","","Destruction 2.jpg","pic"
"388","31711","74","47","95","66","86","Lake 12.jpg","pic"
"389","31711","","","","","","Rocks 1.jpg","pic"
"390","31711","0","0","2","0","2","Ferret 1.jpg","pic"
"391","31711","","","","","","Snow 1.jpg","pic"
"392","31711","53","65","64","68","77","Fireworks 6.jpg","pic"
"393","31711","","","","","","Heart 3.jpg","pic"
"394","31711","41","52","79","75","64","Prison 2.jpg","pic"
"395","31711","","","","","","Clean 1.jpg","pic"
"396","31711","32","22","19","26","38","Garbage dump 1.jpg","pic"
"397","31711","","","","","","Rainbow 2.jpg","pic"
"398","31711","5","19","26","27","25","Beach 1.jpg","pic"
"399","31711","","","","","","Dirt 1.jpg","pic"
"400","31711","78","56","73","64","83","Fire 10.jpg","pic"
"401","31711","","","","","","Garbage dump 1.jpg","pic"
"402","31711","3","1","1","2","5","Toilet 4.jpg","pic"
"403","31711","","","","","","Destruction 2.jpg","pic"
"404","31711","1","4","1","1","0","Ferret 1.jpg","pic"
"405","31711","","","","","","Clean 1.jpg","pic"
"406","31711","15","3","5","4","11","Heart 3.jpg","pic"
"407","31711","","","","","","Fireworks 6.jpg","pic"
"408","31711","4","22","13","26","13","Lake 12.jpg","pic"
"409","31711","","","","","","Beach 1.jpg","pic"
"410","31711","46","50","36","55","23","Snow 1.jpg","pic"
"411","31711","","","","","","Dirt 1.jpg","pic"
"412","31711","5","3","3","2","4","Prison 2.jpg","pic"
"413","31711","","","","","","Rainbow 2.jpg","pic"
"414","31711","50","49","47","59","62","Fire 10.jpg","pic"
"415","31711","","","","","","Rocks 1.jpg","pic"
"416","31711","5","3","4","2","1","Flood 1.jpg","pic"
"417","30475","","","","","","Rocks 1.jpg","pic"
"418","30475","0","10","0","0","20","Prison 2.jpg","pic"
"419","30475","","","","","","Ferret 1.jpg","pic"
"420","30475","5","10","20","10","0","Fireworks 6.jpg","pic"
"421","30475","","","","","","Beach 1.jpg","pic"
"422","30475","0","20","0","5","30","Snow 1.jpg","pic"
"423","30475","","","","","","Lake 12.jpg","pic"
"424","30475","0","0","0","0","0","Rainbow 2.jpg","pic"
"425","30475","","","","","","Clean 1.jpg","pic"
"426","30475","0","0","0","0","0","Garbage dump 1.jpg","pic"
"427","30475","","","","","","Destruction 2.jpg","pic"
"428","30475","0","0","0","0","5","Fire 10.jpg","pic"
"429","30475","","","","","","Dirt 1.jpg","pic"
"430","30475","0","0","0","0","0","Toilet 4.jpg","pic"
"431","30475","","","","","","Flood 1.jpg","pic"
"432","30475","0","0","0","0","0","Heart 3.jpg","pic"
"433","30475","","","","","","Heart 3.jpg","pic"
"434","30475","0","15","0","5","15","Destruction 2.jpg","pic"
"435","30475","","","","","","Lake 12.jpg","pic"
"436","30475","5","5","0","5","10","Snow 1.jpg","pic"
"437","30475","","","","","","Toilet 4.jpg","pic"
"438","30475","0","10","0","0","20","Rainbow 2.jpg","pic"
"439","30475","","","","","","Clean 1.jpg","pic"
"440","30475","0","0","0","0","0","Ferret 1.jpg","pic"
"441","30475","","","","","","Prison 2.jpg","pic"
"442","30475","0","0","0","0","0","Fireworks 6.jpg","pic"
"443","30475","","","","","","Flood 1.jpg","pic"
"444","30475","0","0","0","0","0","Rocks 1.jpg","pic"
"445","30475","","","","","","Beach 1.jpg","pic"
"446","30475","15","40","10","10","30","Garbage dump 1.jpg","pic"
"447","30475","","","","","","Dirt 1.jpg","pic"
"448","30475","0","10","5","15","20","Fire 10.jpg","pic"
"449","30880","","","","","","Prison 2.jpg","pic"
"450","30880","25","54","26","12","57","Ferret 1.jpg","pic"
"451","30880","","","","","","Heart 3.jpg","pic"
"452","30880","0","0","0","0","0","Dirt 1.jpg","pic"
"453","30880","","","","","","Flood 1.jpg","pic"
"454","30880","44","37","64","53","10","Rainbow 2.jpg","pic"
"455","30880","","","","","","Toilet 4.jpg","pic"
"456","30880","47","38","58","75","0","Lake 12.jpg","pic"
"457","30880","","","","","","Fire 10.jpg","pic"
"458","30880","39","19","11","12","0","Beach 1.jpg","pic"
"459","30880","","","","","","Destruction 2.jpg","pic"
"460","30880","0","0","0","0","0","Clean 1.jpg","pic"
"461","30880","","","","","","Rocks 1.jpg","pic"
"462","30880","48","56","53","65","42","Fireworks 6.jpg","pic"
"463","30880","","","","","","Garbage dump 1.jpg","pic"
"464","30880","76","78","57","83","94","Snow 1.jpg","pic"
"465","30880","","","","","","Rainbow 2.jpg","pic"
"466","30880","0","0","0","0","0","Ferret 1.jpg","pic"
"467","30880","","","","","","Fireworks 6.jpg","pic"
"468","30880","0","0","0","0","0","Beach 1.jpg","pic"
"469","30880","","","","","","Dirt 1.jpg","pic"
"470","30880","0","0","0","0","0","Prison 2.jpg","pic"
"471","30880","","","","","","Fire 10.jpg","pic"
"472","30880","0","0","0","0","0","Lake 12.jpg","pic"
"473","30880","","","","","","Garbage dump 1.jpg","pic"
"474","30880","37","16","44","22","28","Flood 1.jpg","pic"
"475","30880","","","","","","Toilet 4.jpg","pic"
"476","30880","0","0","0","0","0","Destruction 2.jpg","pic"
"477","30880","","","","","","Snow 1.jpg","pic"
"478","30880","0","0","0","0","0","Heart 3.jpg","pic"
"479","30880","","","","","","Clean 1.jpg","pic"
"480","30880","90","76","72","69","68","Rocks 1.jpg","pic"
"481","32848","","","","","","Flood 1.jpg","pic"
"482","32848","75","95","80","75","85","Lake 12.jpg","pic"
"483","32848","","","","","","Clean 1.jpg","pic"
"484","32848","10","0","4","6","4","Prison 2.jpg","pic"
"485","32848","","","","","","Fire 10.jpg","pic"
"486","32848","61","65","49","68","77","Snow 1.jpg","pic"
"487","32848","","","","","","Garbage dump 1.jpg","pic"
"488","32848","50","23","50","36","27","Ferret 1.jpg","pic"
"489","32848","","","","","","Heart 3.jpg","pic"
"490","32848","9","0","4","0","2","Beach 1.jpg","pic"
"491","32848","","","","","","Fireworks 6.jpg","pic"
"492","32848","39","21","42","55","7","Toilet 4.jpg","pic"
"493","32848","","","","","","Dirt 1.jpg","pic"
"494","32848","5","4","3","5","6","Destruction 2.jpg","pic"
"495","32848","","","","","","Rainbow 2.jpg","pic"
"496","32848","56","77","86","77","70","Rocks 1.jpg","pic"
"497","32848","","","","","","Rocks 1.jpg","pic"
"498","32848","3","1","1","1","0","Beach 1.jpg","pic"
"499","32848","","","","","","Snow 1.jpg","pic"
"500","32848","1","2","3","0","3","Clean 1.jpg","pic"
"501","32848","","","","","","Lake 12.jpg","pic"
"502","32848","68","79","74","70","75","Fire 10.jpg","pic"
"503","32848","","","","","","Toilet 4.jpg","pic"
"504","32848","75","55","76","76","30","Rainbow 2.jpg","pic"
"505","32848","","","","","","Prison 2.jpg","pic"
"506","32848","64","70","79","77","71","Dirt 1.jpg","pic"
"507","32848","","","","","","Garbage dump 1.jpg","pic"
"508","32848","2","0","0","0","16","Destruction 2.jpg","pic"
"509","32848","","","","","","Fireworks 6.jpg","pic"
"510","32848","0","0","0","0","0","Heart 3.jpg","pic"
"511","32848","","","","","","Ferret 1.jpg","pic"
"512","32848","73","63","82","76","76","Flood 1.jpg","pic"
"513","31168","","","","","","Ferret 1.jpg","pic"
"514","31168","0","0","0","0","0","Prison 2.jpg","pic"
"515","31168","","","","","","Snow 1.jpg","pic"
"516","31168","0","0","0","16","0","Garbage dump 1.jpg","pic"
"517","31168","","","","","","Heart 3.jpg","pic"
"518","31168","79","100","30","82","100","Lake 12.jpg","pic"
"519","31168","","","","","","Fire 10.jpg","pic"
"520","31168","23","59","0","13","81","Destruction 2.jpg","pic"
"521","31168","","","","","","Flood 1.jpg","pic"
"522","31168","0","0","0","0","0","Clean 1.jpg","pic"
"523","31168","","","","","","Rainbow 2.jpg","pic"
"524","31168","0","0","0","0","0","Toilet 4.jpg","pic"
"525","31168","","","","","","Fireworks 6.jpg","pic"
"526","31168","71","90","38","94","100","Dirt 1.jpg","pic"
"527","31168","","","","","","Rocks 1.jpg","pic"
"528","31168","16","86","29","52","83","Beach 1.jpg","pic"
"529","31168","","","","","","Rainbow 2.jpg","pic"
"530","31168","0","0","0","0","0","Fire 10.jpg","pic"
"531","31168","","","","","","Clean 1.jpg","pic"
"532","31168","61","100","58","59","100","Ferret 1.jpg","pic"
"533","31168","","","","","","Garbage dump 1.jpg","pic"
"534","31168","0","0","0","0","25","Toilet 4.jpg","pic"
"535","31168","","","","","","Prison 2.jpg","pic"
"536","31168","0","0","0","0","0","Lake 12.jpg","pic"
"537","31168","","","","","","Rocks 1.jpg","pic"
"538","31168","32","89","22","44","60","Destruction 2.jpg","pic"
"539","31168","","","","","","Heart 3.jpg","pic"
"540","31168","43","55","0","49","71","Fireworks 6.jpg","pic"
"541","31168","","","","","","Dirt 1.jpg","pic"
"542","31168","55","35","47","68","0","Snow 1.jpg","pic"
"543","31168","","","","","","Beach 1.jpg","pic"
"544","31168","35","88","11","58","100","Flood 1.jpg","pic"
"545","31669","","","","","","Heart 3.jpg","pic"
"546","31669","24","14","36","57","36","Ferret 1.jpg","pic"
"547","31669","","","","","","Clean 1.jpg","pic"
"548","31669","5","31","44","31","27","Snow 1.jpg","pic"
"549","31669","","","","","","Lake 12.jpg","pic"
"550","31669","73","59","45","41","66","Toilet 4.jpg","pic"
"551","31669","","","","","","Garbage dump 1.jpg","pic"
"552","31669","16","28","25","23","29","Rocks 1.jpg","pic"
"553","31669","","","","","","Flood 1.jpg","pic"
"554","31669","16","19","56","19","36","Prison 2.jpg","pic"
"555","31669","","","","","","Destruction 2.jpg","pic"
"556","31669","56","51","62","63","28","Fire 10.jpg","pic"
"557","31669","","","","","","Rainbow 2.jpg","pic"
"558","31669","19","21","57","45","12","Beach 1.jpg","pic"
"559","31669","","","","","","Dirt 1.jpg","pic"
"560","31669","63","56","50","49","87","Fireworks 6.jpg","pic"
"561","31669","","","","","","Lake 12.jpg","pic"
"562","31669","31","40","27","40","5","Dirt 1.jpg","pic"
"563","31669","","","","","","Snow 1.jpg","pic"
"564","31669","55","45","28","53","48","Prison 2.jpg","pic"
"565","31669","","","","","","Destruction 2.jpg","pic"
"566","31669","32","9","30","6","15","Fireworks 6.jpg","pic"
"567","31669","","","","","","Rainbow 2.jpg","pic"
"568","31669","56","51","66","23","73","Flood 1.jpg","pic"
"569","31669","","","","","","Clean 1.jpg","pic"
"570","31669","47","59","45","15","17","Rocks 1.jpg","pic"
"571","31669","","","","","","Beach 1.jpg","pic"
"572","31669","65","56","54","59","48","Heart 3.jpg","pic"
"573","31669","","","","","","Garbage dump 1.jpg","pic"
"574","31669","51","44","42","60","10","Toilet 4.jpg","pic"
"575","31669","","","","","","Fire 10.jpg","pic"
"576","31669","48","23","11","13","11","Ferret 1.jpg","pic"
"577","31981","","","","","","Rainbow 2.jpg","pic"
"578","31981","66","44","44","42","58","Fireworks 6.jpg","pic"
"579","31981","","","","","","Flood 1.jpg","pic"
"580","31981","53","47","49","45","52","Ferret 1.jpg","pic"
"581","31981","","","","","","Toilet 4.jpg","pic"
"582","31981","59","35","62","60","67","Snow 1.jpg","pic"
"583","31981","","","","","","Prison 2.jpg","pic"
"584","31981","52","61","91","69","92","Garbage dump 1.jpg","pic"
"585","31981","","","","","","Dirt 1.jpg","pic"
"586","31981","8","6","0","4","3","Beach 1.jpg","pic"
"587","31981","","","","","","Destruction 2.jpg","pic"
"588","31981","37","63","71","57","50","Rocks 1.jpg","pic"
"589","31981","","","","","","Clean 1.jpg","pic"
"590","31981","60","45","40","54","31","Heart 3.jpg","pic"
"591","31981","","","","","","Lake 12.jpg","pic"
"592","31981","48","40","19","40","40","Fire 10.jpg","pic"
"593","31981","","","","","","Heart 3.jpg","pic"
"594","31981","6","19","15","17","17","Dirt 1.jpg","pic"
"595","31981","","","","","","Clean 1.jpg","pic"
"596","31981","31","54","62","43","58","Beach 1.jpg","pic"
"597","31981","","","","","","Rocks 1.jpg","pic"
"598","31981","30","43","43","41","39","Destruction 2.jpg","pic"
"599","31981","","","","","","Garbage dump 1.jpg","pic"
"600","31981","50","46","46","45","35","Ferret 1.jpg","pic"
"601","31981","","","","","","Toilet 4.jpg","pic"
"602","31981","46","51","53","56","56","Fire 10.jpg","pic"
"603","31981","","","","","","Rainbow 2.jpg","pic"
"604","31981","52","48","48","49","46","Lake 12.jpg","pic"
"605","31981","","","","","","Snow 1.jpg","pic"
"606","31981","41","71","80","67","66","Fireworks 6.jpg","pic"
"607","31981","","","","","","Flood 1.jpg","pic"
"608","31981","54","75","54","32","62","Prison 2.jpg","pic"
"609","29974","","","","","","Lake 12.jpg","pic"
"610","29974","2","2","1","2","49","Toilet 4.jpg","pic"
"611","29974","","","","","","Beach 1.jpg","pic"
"612","29974","3","1","1","5","36","Garbage dump 1.jpg","pic"
"613","29974","","","","","","Clean 1.jpg","pic"
"614","29974","49","53","16","53","66","Dirt 1.jpg","pic"
"615","29974","","","","","","Destruction 2.jpg","pic"
"616","29974","60","80","77","47","74","Fireworks 6.jpg","pic"
"617","29974","","","","","","Rocks 1.jpg","pic"
"618","29974","34","12","8","52","50","Ferret 1.jpg","pic"
"619","29974","","","","","","Fire 10.jpg","pic"
"620","29974","47","0","0","0","0","Rainbow 2.jpg","pic"
"621","29974","","","","","","Snow 1.jpg","pic"
"622","29974","0","0","0","0","0","Flood 1.jpg","pic"
"623","29974","","","","","","Heart 3.jpg","pic"
"624","29974","0","0","0","0","0","Prison 2.jpg","pic"
"625","29974","","","","","","Clean 1.jpg","pic"
"626","29974","23","0","0","0","71","Destruction 2.jpg","pic"
"627","29974","","","","","","Heart 3.jpg","pic"
"628","29974","0","0","0","0","0","Lake 12.jpg","pic"
"629","29974","","","","","","Flood 1.jpg","pic"
"630","29974","0","0","0","0","0","Toilet 4.jpg","pic"
"631","29974","","","","","","Snow 1.jpg","pic"
"632","29974","0","0","0","0","85","Fireworks 6.jpg","pic"
"633","29974","","","","","","Beach 1.jpg","pic"
"634","29974","29","79","54","72","72","Garbage dump 1.jpg","pic"
"635","29974","","","","","","Rainbow 2.jpg","pic"
"636","29974","4","0","0","0","0","Ferret 1.jpg","pic"
"637","29974","","","","","","Dirt 1.jpg","pic"
"638","29974","9","0","0","0","0","Fire 10.jpg","pic"
"639","29974","","","","","","Prison 2.jpg","pic"
"640","29974","0","0","0","0","0","Rocks 1.jpg","pic"
"641","31723","","","","","","Fire 10.jpg","pic"
"642","31723","0","0","0","0","0","Clean 1.jpg","pic"
"643","31723","","","","","","Flood 1.jpg","pic"
"644","31723","30","20","0","20","15","Fireworks 6.jpg","pic"
"645","31723","","","","","","Heart 3.jpg","pic"
"646","31723","30","60","35","35","35","Lake 12.jpg","pic"
"647","31723","","","","","","Destruction 2.jpg","pic"
"648","31723","40","40","40","50","40","Beach 1.jpg","pic"
"649","31723","","","","","","Dirt 1.jpg","pic"
"650","31723","0","5","0","5","25","Rainbow 2.jpg","pic"
"651","31723","","","","","","Snow 1.jpg","pic"
"652","31723","30","50","15","35","25","Ferret 1.jpg","pic"
"653","31723","","","","","","Rocks 1.jpg","pic"
"654","31723","0","0","0","0","0","Garbage dump 1.jpg","pic"
"655","31723","","","","","","Toilet 4.jpg","pic"
"656","31723","10","20","10","0","0","Prison 2.jpg","pic"
"657","31723","","","","","","Rainbow 2.jpg","pic"
"658","31723","0","0","0","0","0","Clean 1.jpg","pic"
"659","31723","","","","","","Garbage dump 1.jpg","pic"
"660","31723","15","10","20","20","0","Heart 3.jpg","pic"
"661","31723","","","","","","Dirt 1.jpg","pic"
"662","31723","0","0","0","0","0","Fire 10.jpg","pic"
"663","31723","","","","","","Flood 1.jpg","pic"
"664","31723","25","50","0","25","25","Snow 1.jpg","pic"
"665","31723","","","","","","Toilet 4.jpg","pic"
"666","31723","25","15","0","25","25","Destruction 2.jpg","pic"
"667","31723","","","","","","Prison 2.jpg","pic"
"668","31723","40","35","30","25","30","Lake 12.jpg","pic"
"669","31723","","","","","","Rocks 1.jpg","pic"
"670","31723","0","0","0","0","0","Ferret 1.jpg","pic"
"671","31723","","","","","","Beach 1.jpg","pic"
"672","31723","35","60","40","35","40","Fireworks 6.jpg","pic"
"673","30007","","","","","","Rocks 1.jpg","pic"
"674","30007","32","32","19","6","29","Snow 1.jpg","pic"
"675","30007","","","","","","Heart 3.jpg","pic"
"676","30007","17","21","26","28","21","Garbage dump 1.jpg","pic"
"677","30007","","","","","","Lake 12.jpg","pic"
"678","30007","7","14","7","14","4","Dirt 1.jpg","pic"
"679","30007","","","","","","Fire 10.jpg","pic"
"680","30007","11","6","14","12","21","Destruction 2.jpg","pic"
"681","30007","","","","","","Fireworks 6.jpg","pic"
"682","30007","32","11","19","13","9","Ferret 1.jpg","pic"
"683","30007","","","","","","Beach 1.jpg","pic"
"684","30007","26","10","32","28","37","Rainbow 2.jpg","pic"
"685","30007","","","","","","Prison 2.jpg","pic"
"686","30007","36","50","58","51","47","Flood 1.jpg","pic"
"687","30007","","","","","","Clean 1.jpg","pic"
"688","30007","12","18","16","13","12","Toilet 4.jpg","pic"
"689","30007","","","","","","Prison 2.jpg","pic"
"690","30007","17","19","17","33","20","Rocks 1.jpg","pic"
"691","30007","","","","","","Dirt 1.jpg","pic"
"692","30007","35","10","49","14","17","Rainbow 2.jpg","pic"
"693","30007","","","","","","Toilet 4.jpg","pic"
"694","30007","6","5","4","4","6","Beach 1.jpg","pic"
"695","30007","","","","","","Garbage dump 1.jpg","pic"
"696","30007","5","6","9","9","3","Fireworks 6.jpg","pic"
"697","30007","","","","","","Ferret 1.jpg","pic"
"698","30007","46","7","46","12","49","Heart 3.jpg","pic"
"699","30007","","","","","","Destruction 2.jpg","pic"
"700","30007","43","9","68","56","64","Clean 1.jpg","pic"
"701","30007","","","","","","Lake 12.jpg","pic"
"702","30007","11","12","15","15","11","Fire 10.jpg","pic"
"703","30007","","","","","","Snow 1.jpg","pic"
"704","30007","9","13","6","2","4","Flood 1.jpg","pic"
"705","32635","","","","","","Dirt 1.jpg","pic"
"706","32635","12","16","30","4","13","Snow 1.jpg","pic"
"707","32635","","","","","","Fireworks 6.jpg","pic"
"708","32635","47","21","0","39","22","Fire 10.jpg","pic"
"709","32635","","","","","","Flood 1.jpg","pic"
"710","32635","22","11","17","1","16","Prison 2.jpg","pic"
"711","32635","","","","","","Destruction 2.jpg","pic"
"712","32635","96","86","92","85","68","Ferret 1.jpg","pic"
"713","32635","","","","","","Garbage dump 1.jpg","pic"
"714","32635","87","75","42","87","85","Heart 3.jpg","pic"
"715","32635","","","","","","Clean 1.jpg","pic"
"716","32635","85","40","34","75","100","Rocks 1.jpg","pic"
"717","32635","","","","","","Lake 12.jpg","pic"
"718","32635","15","5","4","14","21","Beach 1.jpg","pic"
"719","32635","","","","","","Rainbow 2.jpg","pic"
"720","32635","54","63","26","49","69","Toilet 4.jpg","pic"
"721","32635","","","","","","Destruction 2.jpg","pic"
"722","32635","77","57","15","53","84","Ferret 1.jpg","pic"
"723","32635","","","","","","Lake 12.jpg","pic"
"724","32635","16","15","7","8","12","Rainbow 2.jpg","pic"
"725","32635","","","","","","Garbage dump 1.jpg","pic"
"726","32635","58","35","30","64","50","Beach 1.jpg","pic"
"727","32635","","","","","","Flood 1.jpg","pic"
"728","32635","33","10","27","30","38","Toilet 4.jpg","pic"
"729","32635","","","","","","Rocks 1.jpg","pic"
"730","32635","75","97","84","89","85","Heart 3.jpg","pic"
"731","32635","","","","","","Fire 10.jpg","pic"
"732","32635","8","10","9","15","21","Fireworks 6.jpg","pic"
"733","32635","","","","","","Prison 2.jpg","pic"
"734","32635","16","4","13","7","18","Snow 1.jpg","pic"
"735","32635","","","","","","Dirt 1.jpg","pic"
"736","32635","76","61","53","45","85","Clean 1.jpg","pic"
"737","30814","","","","","","Snow 1.jpg","pic"
"738","30814","70","50","50","70","80","Ferret 1.jpg","pic"
"739","30814","","","","","","Toilet 4.jpg","pic"
"740","30814","70","60","50","50","60","Heart 3.jpg","pic"
"741","30814","","","","","","Clean 1.jpg","pic"
"742","30814","60","60","70","60","70","Flood 1.jpg","pic"
"743","30814","","","","","","Rocks 1.jpg","pic"
"744","30814","10","20","0","10","50","Dirt 1.jpg","pic"
"745","30814","","","","","","Prison 2.jpg","pic"
"746","30814","50","50","50","50","60","Lake 12.jpg","pic"
"747","30814","","","","","","Beach 1.jpg","pic"
"748","30814","50","50","50","50","50","Garbage dump 1.jpg","pic"
"749","30814","","","","","","Rainbow 2.jpg","pic"
"750","30814","15","10","20","10","15","Fireworks 6.jpg","pic"
"751","30814","","","","","","Destruction 2.jpg","pic"
"752","30814","0","0","30","0","30","Fire 10.jpg","pic"
"753","30814","","","","","","Lake 12.jpg","pic"
"754","30814","0","0","0","0","0","Fireworks 6.jpg","pic"
"755","30814","","","","","","Rainbow 2.jpg","pic"
"756","30814","50","0","50","0","50","Beach 1.jpg","pic"
"757","30814","","","","","","Dirt 1.jpg","pic"
"758","30814","0","0","0","0","0","Garbage dump 1.jpg","pic"
"759","30814","","","","","","Heart 3.jpg","pic"
"760","30814","49","50","50","60","50","Rocks 1.jpg","pic"
"761","30814","","","","","","Clean 1.jpg","pic"
"762","30814","50","50","50","50","50","Toilet 4.jpg","pic"
"763","30814","","","","","","Prison 2.jpg","pic"
"764","30814","0","0","0","0","0","Snow 1.jpg","pic"
"765","30814","","","","","","Destruction 2.jpg","pic"
"766","30814","51","30","50","40","50","Fire 10.jpg","pic"
"767","30814","","","","","","Flood 1.jpg","pic"
"768","30814","0","0","0","0","0","Ferret 1.jpg","pic"
"769","29887","","","","","","Toilet 4.jpg","pic"
"770","29887","0","0","0","0","0","Beach 1.jpg","pic"
"771","29887","","","","","","Clean 1.jpg","pic"
"772","29887","0","0","0","0","0","Fireworks 6.jpg","pic"
"773","29887","","","","","","Flood 1.jpg","pic"
"774","29887","0","0","0","0","0","Ferret 1.jpg","pic"
"775","29887","","","","","","Lake 12.jpg","pic"
"776","29887","9","29","0","22","67","Rainbow 2.jpg","pic"
"777","29887","","","","","","Snow 1.jpg","pic"
"778","29887","0","0","0","0","0","Heart 3.jpg","pic"
"779","29887","","","","","","Destruction 2.jpg","pic"
"780","29887","0","0","0","0","0","Dirt 1.jpg","pic"
"781","29887","","","","","","Rocks 1.jpg","pic"
"782","29887","0","26","0","0","35","Fire 10.jpg","pic"
"783","29887","","","","","","Prison 2.jpg","pic"
"784","29887","0","0","7","21","0","Garbage dump 1.jpg","pic"
"785","29887","","","","","","Rocks 1.jpg","pic"
"786","29887","55","0","0","16","79","Ferret 1.jpg","pic"
"787","29887","","","","","","Dirt 1.jpg","pic"
"788","29887","0","0","0","0","0","Fireworks 6.jpg","pic"
"789","29887","","","","","","Snow 1.jpg","pic"
"790","29887","0","0","0","0","60","Rainbow 2.jpg","pic"
"791","29887","","","","","","Clean 1.jpg","pic"
"792","29887","0","0","0","0","0","Destruction 2.jpg","pic"
"793","29887","","","","","","Garbage dump 1.jpg","pic"
"794","29887","78","35","0","29","88","Fire 10.jpg","pic"
"795","29887","","","","","","Beach 1.jpg","pic"
"796","29887","11","63","0","0","78","Toilet 4.jpg","pic"
"797","29887","","","","","","Flood 1.jpg","pic"
"798","29887","0","0","0","0","0","Prison 2.jpg","pic"
"799","29887","","","","","","Heart 3.jpg","pic"
"800","29887","0","0","0","0","0","Lake 12.jpg","pic"
"801","29944","","","","","","Destruction 2.jpg","pic"
"802","29944","0","0","0","0","50","Fire 10.jpg","pic"
"803","29944","","","","","","Prison 2.jpg","pic"
"804","29944","0","0","0","0","50","Rainbow 2.jpg","pic"
"805","29944","","","","","","Snow 1.jpg","pic"
"806","29944","0","0","0","0","50","Flood 1.jpg","pic"
"807","29944","","","","","","Toilet 4.jpg","pic"
"808","29944","10","15","0","0","55","Ferret 1.jpg","pic"
"809","29944","","","","","","Fireworks 6.jpg","pic"
"810","29944","0","0","0","0","40","Rocks 1.jpg","pic"
"811","29944","","","","","","Heart 3.jpg","pic"
"812","29944","50","50","0","0","50","Lake 12.jpg","pic"
"813","29944","","","","","","Clean 1.jpg","pic"
"814","29944","0","20","50","10","50","Garbage dump 1.jpg","pic"
"815","29944","","","","","","Dirt 1.jpg","pic"
"816","29944","50","50","0","0","70","Beach 1.jpg","pic"
"817","29944","","","","","","Destruction 2.jpg","pic"
"818","29944","50","25","0","0","50","Heart 3.jpg","pic"
"819","29944","","","","","","Fire 10.jpg","pic"
"820","29944","0","65","0","0","60","Toilet 4.jpg","pic"
"821","29944","","","","","","Garbage dump 1.jpg","pic"
"822","29944","0","70","0","0","60","Prison 2.jpg","pic"
"823","29944","","","","","","Rainbow 2.jpg","pic"
"824","29944","0","0","3","0","30","Flood 1.jpg","pic"
"825","29944","","","","","","Dirt 1.jpg","pic"
"826","29944","10","35","0","0","60","Rocks 1.jpg","pic"
"827","29944","","","","","","Beach 1.jpg","pic"
"828","29944","0","10","0","0","50","Fireworks 6.jpg","pic"
"829","29944","","","","","","Clean 1.jpg","pic"
"830","29944","0","5","0","0","45","Ferret 1.jpg","pic"
"831","29944","","","","","","Lake 12.jpg","pic"
"832","29944","0","0","0","0","20","Snow 1.jpg","pic"
"833","31132","","","","","","Snow 1.jpg","pic"
"834","31132","26","37","33","41","68","Prison 2.jpg","pic"
"835","31132","","","","","","Fire 10.jpg","pic"
"836","31132","11","11","0","12","0","Rocks 1.jpg","pic"
"837","31132","","","","","","Beach 1.jpg","pic"
"838","31132","3","5","4","5","0","Fireworks 6.jpg","pic"
"839","31132","","","","","","Ferret 1.jpg","pic"
"840","31132","91","82","93","90","10","Garbage dump 1.jpg","pic"
"841","31132","","","","","","Lake 12.jpg","pic"
"842","31132","99","94","97","95","100","Dirt 1.jpg","pic"
"843","31132","","","","","","Destruction 2.jpg","pic"
"844","31132","94","93","92","95","93","Flood 1.jpg","pic"
"845","31132","","","","","","Clean 1.jpg","pic"
"846","31132","85","88","86","90","86","Rainbow 2.jpg","pic"
"847","31132","","","","","","Heart 3.jpg","pic"
"848","31132","89","93","92","95","91","Toilet 4.jpg","pic"
"849","31132","","","","","","Flood 1.jpg","pic"
"850","31132","34","16","32","16","48","Ferret 1.jpg","pic"
"851","31132","","","","","","Clean 1.jpg","pic"
"852","31132","49","59","66","61","68","Heart 3.jpg","pic"
"853","31132","","","","","","Lake 12.jpg","pic"
"854","31132","75","87","83","90","84","Garbage dump 1.jpg","pic"
"855","31132","","","","","","Fire 10.jpg","pic"
"856","31132","63","46","57","75","57","Rocks 1.jpg","pic"
"857","31132","","","","","","Toilet 4.jpg","pic"
"858","31132","66","50","60","56","61","Prison 2.jpg","pic"
"859","31132","","","","","","Destruction 2.jpg","pic"
"860","31132","18","0","3","20","0","Rainbow 2.jpg","pic"
"861","31132","","","","","","Snow 1.jpg","pic"
"862","31132","36","33","60","52","56","Dirt 1.jpg","pic"
"863","31132","","","","","","Beach 1.jpg","pic"
"864","31132","77","66","57","86","28","Fireworks 6.jpg","pic"
"865","30064","","","","","","Destruction 2.jpg","pic"
"866","30064","65","100","100","50","80","Toilet 4.jpg","pic"
"867","30064","","","","","","Rocks 1.jpg","pic"
"868","30064","22","27","10","10","12","Fireworks 6.jpg","pic"
"869","30064","","","","","","Snow 1.jpg","pic"
"870","30064","100","100","100","100","100","Prison 2.jpg","pic"
"871","30064","","","","","","Fire 10.jpg","pic"
"872","30064","60","100","80","60","80","Lake 12.jpg","pic"
"873","30064","","","","","","Heart 3.jpg","pic"
"874","30064","0","0","0","0","0","Clean 1.jpg","pic"
"875","30064","","","","","","Rainbow 2.jpg","pic"
"876","30064","100","100","100","100","100","Flood 1.jpg","pic"
"877","30064","","","","","","Beach 1.jpg","pic"
"878","30064","90","80","50","70","100","Garbage dump 1.jpg","pic"
"879","30064","","","","","","Dirt 1.jpg","pic"
"880","30064","0","0","0","0","0","Ferret 1.jpg","pic"
"881","30064","","","","","","Rainbow 2.jpg","pic"
"882","30064","0","0","0","0","0","Destruction 2.jpg","pic"
"883","30064","","","","","","Lake 12.jpg","pic"
"884","30064","100","100","100","80","80","Fireworks 6.jpg","pic"
"885","30064","","","","","","Rocks 1.jpg","pic"
"886","30064","0","0","0","0","0","Ferret 1.jpg","pic"
"887","30064","","","","","","Fire 10.jpg","pic"
"888","30064","28","37","12","9","6","Snow 1.jpg","pic"
"889","30064","","","","","","Prison 2.jpg","pic"
"890","30064","100","100","100","100","100","Flood 1.jpg","pic"
"891","30064","","","","","","Heart 3.jpg","pic"
"892","30064","0","0","0","0","0","Dirt 1.jpg","pic"
"893","30064","","","","","","Beach 1.jpg","pic"
"894","30064","0","0","0","0","0","Garbage dump 1.jpg","pic"
"895","30064","","","","","","Toilet 4.jpg","pic"
"896","30064","0","0","0","0","0","Clean 1.jpg","pic"
"897","32392","","","","","","Clean 1.jpg","pic"
"898","32392","0","0","0","0","0","Snow 1.jpg","pic"
"899","32392","","","","","","Garbage dump 1.jpg","pic"
"900","32392","0","0","0","0","0","Heart 3.jpg","pic"
"901","32392","","","","","","Ferret 1.jpg","pic"
"902","32392","5","0","0","0","12","Dirt 1.jpg","pic"
"903","32392","","","","","","Fireworks 6.jpg","pic"
"904","32392","0","0","0","0","0","Destruction 2.jpg","pic"
"905","32392","","","","","","Beach 1.jpg","pic"
"906","32392","0","0","0","0","0","Flood 1.jpg","pic"
"907","32392","","","","","","Lake 12.jpg","pic"
"908","32392","7","0","0","0","17","Prison 2.jpg","pic"
"909","32392","","","","","","Rocks 1.jpg","pic"
"910","32392","0","0","0","0","0","Rainbow 2.jpg","pic"
"911","32392","","","","","","Fire 10.jpg","pic"
"912","32392","8","8","4","21","10","Toilet 4.jpg","pic"
"913","32392","","","","","","Dirt 1.jpg","pic"
"914","32392","0","0","0","0","4","Prison 2.jpg","pic"
"915","32392","","","","","","Snow 1.jpg","pic"
"916","32392","6","0","12","6","19","Beach 1.jpg","pic"
"917","32392","","","","","","Garbage dump 1.jpg","pic"
"918","32392","0","0","0","0","0","Lake 12.jpg","pic"
"919","32392","","","","","","Ferret 1.jpg","pic"
"920","32392","7","17","2","0","4","Toilet 4.jpg","pic"
"921","32392","","","","","","Fireworks 6.jpg","pic"
"922","32392","14","41","19","20","22","Heart 3.jpg","pic"
"923","32392","","","","","","Clean 1.jpg","pic"
"924","32392","20","10","32","17","0","Fire 10.jpg","pic"
"925","32392","","","","","","Flood 1.jpg","pic"
"926","32392","0","0","0","0","0","Rocks 1.jpg","pic"
"927","32392","","","","","","Rainbow 2.jpg","pic"
"928","32392","0","0","0","0","14","Destruction 2.jpg","pic"
"929","32875","","","","","","Rainbow 2.jpg","pic"
"930","32875","56","64","27","67","78","Beach 1.jpg","pic"
"931","32875","","","","","","Lake 12.jpg","pic"
"932","32875","5","10","7","7","10","Flood 1.jpg","pic"
"933","32875","","","","","","Destruction 2.jpg","pic"
"934","32875","79","71","84","84","62","Fire 10.jpg","pic"
"935","32875","","","","","","Garbage dump 1.jpg","pic"
"936","32875","77","88","66","89","78","Fireworks 6.jpg","pic"
"937","32875","","","","","","Heart 3.jpg","pic"
"938","32875","0","0","0","0","0","Rocks 1.jpg","pic"
"939","32875","","","","","","Clean 1.jpg","pic"
"940","32875","0","0","0","0","0","Ferret 1.jpg","pic"
"941","32875","","","","","","Toilet 4.jpg","pic"
"942","32875","0","0","0","0","0","Dirt 1.jpg","pic"
"943","32875","","","","","","Prison 2.jpg","pic"
"944","32875","76","94","70","85","80","Snow 1.jpg","pic"
"945","32875","","","","","","Toilet 4.jpg","pic"
"946","32875","0","0","0","0","5","Flood 1.jpg","pic"
"947","32875","","","","","","Beach 1.jpg","pic"
"948","32875","0","0","0","0","0","Dirt 1.jpg","pic"
"949","32875","","","","","","Garbage dump 1.jpg","pic"
"950","32875","0","0","0","0","0","Ferret 1.jpg","pic"
"951","32875","","","","","","Fireworks 6.jpg","pic"
"952","32875","0","0","0","0","0","Heart 3.jpg","pic"
"953","32875","","","","","","Destruction 2.jpg","pic"
"954","32875","55","89","54","68","68","Lake 12.jpg","pic"
"955","32875","","","","","","Snow 1.jpg","pic"
"956","32875","46","58","23","28","28","Rainbow 2.jpg","pic"
"957","32875","","","","","","Fire 10.jpg","pic"
"958","32875","69","96","42","74","67","Clean 1.jpg","pic"
"959","32875","","","","","","Prison 2.jpg","pic"
"960","32875","40","32","10","18","17","Rocks 1.jpg","pic"
"961","31654","","","","","","Beach 1.jpg","pic"
"962","31654","0","0","0","0","0","Garbage dump 1.jpg","pic"
"963","31654","","","","","","Rainbow 2.jpg","pic"
"964","31654","88","56","82","78","93","Toilet 4.jpg","pic"
"965","31654","","","","","","Snow 1.jpg","pic"
"966","31654","66","54","37","78","60","Ferret 1.jpg","pic"
"967","31654","","","","","","Heart 3.jpg","pic"
"968","31654","0","0","0","0","0","Destruction 2.jpg","pic"
"969","31654","","","","","","Rocks 1.jpg","pic"
"970","31654","0","0","0","0","0","Flood 1.jpg","pic"
"971","31654","","","","","","Clean 1.jpg","pic"
"972","31654","89","68","83","92","67","Prison 2.jpg","pic"
"973","31654","","","","","","Dirt 1.jpg","pic"
"974","31654","0","0","0","0","0","Fire 10.jpg","pic"
"975","31654","","","","","","Fireworks 6.jpg","pic"
"976","31654","9","2","0","2","3","Lake 12.jpg","pic"
"977","31654","","","","","","Garbage dump 1.jpg","pic"
"978","31654","28","9","2","21","9","Beach 1.jpg","pic"
"979","31654","","","","","","Toilet 4.jpg","pic"
"980","31654","75","50","75","64","87","Heart 3.jpg","pic"
"981","31654","","","","","","Ferret 1.jpg","pic"
"982","31654","46","27","61","44","39","Fireworks 6.jpg","pic"
"983","31654","","","","","","Fire 10.jpg","pic"
"984","31654","0","0","0","0","0","Clean 1.jpg","pic"
"985","31654","","","","","","Destruction 2.jpg","pic"
"986","31654","9","23","0","7","6","Flood 1.jpg","pic"
"987","31654","","","","","","Lake 12.jpg","pic"
"988","31654","0","0","0","0","0","Prison 2.jpg","pic"
"989","31654","","","","","","Snow 1.jpg","pic"
"990","31654","73","92","77","90","89","Rocks 1.jpg","pic"
"991","31654","","","","","","Rainbow 2.jpg","pic"
"992","31654","89","98","81","83","88","Dirt 1.jpg","pic"
"993","32791","","","","","","Snow 1.jpg","pic"
"994","32791","100","100","100","62","98","Toilet 4.jpg","pic"
"995","32791","","","","","","Prison 2.jpg","pic"
"996","32791","0","0","0","0","0","Garbage dump 1.jpg","pic"
"997","32791","","","","","","Dirt 1.jpg","pic"
"998","32791","99","100","100","100","79","Rocks 1.jpg","pic"
"999","32791","","","","","","Beach 1.jpg","pic"
"1000","32791","0","13","0","0","41","Heart 3.jpg","pic"
"1001","32791","","","","","","Flood 1.jpg","pic"
"1002","32791","99","100","99","99","97","Lake 12.jpg","pic"
"1003","32791","","","","","","Fireworks 6.jpg","pic"
"1004","32791","100","100","99","98","100","Clean 1.jpg","pic"
"1005","32791","","","","","","Ferret 1.jpg","pic"
"1006","32791","21","0","0","0","30","Rainbow 2.jpg","pic"
"1007","32791","","","","","","Destruction 2.jpg","pic"
"1008","32791","0","0","0","0","0","Fire 10.jpg","pic"
"1009","32791","","","","","","Flood 1.jpg","pic"
"1010","32791","0","1","0","0","1","Rocks 1.jpg","pic"
"1011","32791","","","","","","Fire 10.jpg","pic"
"1012","32791","0","0","0","0","0","Fireworks 6.jpg","pic"
"1013","32791","","","","","","Toilet 4.jpg","pic"
"1014","32791","0","0","0","0","0","Dirt 1.jpg","pic"
"1015","32791","","","","","","Destruction 2.jpg","pic"
"1016","32791","78","1","0","0","0","Clean 1.jpg","pic"
"1017","32791","","","","","","Heart 3.jpg","pic"
"1018","32791","84","100","98","100","74","Garbage dump 1.jpg","pic"
"1019","32791","","","","","","Lake 12.jpg","pic"
"1020","32791","0","0","0","0","69","Rainbow 2.jpg","pic"
"1021","32791","","","","","","Ferret 1.jpg","pic"
"1022","32791","0","0","0","0","0","Snow 1.jpg","pic"
"1023","32791","","","","","","Prison 2.jpg","pic"
"1024","32791","0","0","0","0","0","Beach 1.jpg","pic"
"1025","32854","","","","","","Lake 12.jpg","pic"
"1026","32854","0","3","2","3","0","Rainbow 2.jpg","pic"
"1027","32854","","","","","","Ferret 1.jpg","pic"
"1028","32854","0","1","1","1","0","Rocks 1.jpg","pic"
"1029","32854","","","","","","Toilet 4.jpg","pic"
"1030","32854","64","46","47","63","66","Dirt 1.jpg","pic"
"1031","32854","","","","","","Flood 1.jpg","pic"
"1032","32854","12","3","1","1","2","Destruction 2.jpg","pic"
"1033","32854","","","","","","Prison 2.jpg","pic"
"1034","32854","40","75","76","75","74","Garbage dump 1.jpg","pic"
"1035","32854","","","","","","Heart 3.jpg","pic"
"1036","32854","91","98","97","79","87","Fireworks 6.jpg","pic"
"1037","32854","","","","","","Beach 1.jpg","pic"
"1038","32854","5","0","0","0","1","Snow 1.jpg","pic"
"1039","32854","","","","","","Clean 1.jpg","pic"
"1040","32854","1","1","2","2","4","Fire 10.jpg","pic"
"1041","32854","","","","","","Toilet 4.jpg","pic"
"1042","32854","4","7","4","5","4","Fire 10.jpg","pic"
"1043","32854","","","","","","Rocks 1.jpg","pic"
"1044","32854","89","98","96","65","97","Snow 1.jpg","pic"
"1045","32854","","","","","","Garbage dump 1.jpg","pic"
"1046","32854","97","98","98","97","98","Heart 3.jpg","pic"
"1047","32854","","","","","","Fireworks 6.jpg","pic"
"1048","32854","5","0","2","3","1","Rainbow 2.jpg","pic"
"1049","32854","","","","","","Dirt 1.jpg","pic"
"1050","32854","89","92","96","91","54","Prison 2.jpg","pic"
"1051","32854","","","","","","Clean 1.jpg","pic"
"1052","32854","11","1","0","5","29","Beach 1.jpg","pic"
"1053","32854","","","","","","Lake 12.jpg","pic"
"1054","32854","13","65","74","86","74","Destruction 2.jpg","pic"
"1055","32854","","","","","","Flood 1.jpg","pic"
"1056","32854","99","100","100","97","95","Ferret 1.jpg","pic"
"1057","31621","","","","","","Rainbow 2.jpg","pic"
"1058","31621","0","82","0","3","44","Garbage dump 1.jpg","pic"
"1059","31621","","","","","","Prison 2.jpg","pic"
"1060","31621","1","2","3","3","4","Clean 1.jpg","pic"
"1061","31621","","","","","","Beach 1.jpg","pic"
"1062","31621","1","12","0","0","0","Snow 1.jpg","pic"
"1063","31621","","","","","","Toilet 4.jpg","pic"
"1064","31621","1","3","3","3","2","Rocks 1.jpg","pic"
"1065","31621","","","","","","Heart 3.jpg","pic"
"1066","31621","1","0","1","0","0","Fire 10.jpg","pic"
"1067","31621","","","","","","Lake 12.jpg","pic"
"1068","31621","1","18","0","0","1","Fireworks 6.jpg","pic"
"1069","31621","","","","","","Ferret 1.jpg","pic"
"1070","31621","1","1","1","1","1","Destruction 2.jpg","pic"
"1071","31621","","","","","","Dirt 1.jpg","pic"
"1072","31621","27","83","1","23","2","Flood 1.jpg","pic"
"1073","31621","","","","","","Rocks 1.jpg","pic"
"1074","31621","21","54","0","1","26","Fire 10.jpg","pic"
"1075","31621","","","","","","Destruction 2.jpg","pic"
"1076","31621","0","0","0","0","0","Fireworks 6.jpg","pic"
"1077","31621","","","","","","Rainbow 2.jpg","pic"
"1078","31621","23","39","0","17","26","Prison 2.jpg","pic"
"1079","31621","","","","","","Ferret 1.jpg","pic"
"1080","31621","28","17","0","11","27","Beach 1.jpg","pic"
"1081","31621","","","","","","Heart 3.jpg","pic"
"1082","31621","1","0","1","1","0","Toilet 4.jpg","pic"
"1083","31621","","","","","","Dirt 1.jpg","pic"
"1084","31621","2","70","1","1","30","Flood 1.jpg","pic"
"1085","31621","","","","","","Lake 12.jpg","pic"
"1086","31621","33","41","11","38","53","Snow 1.jpg","pic"
"1087","31621","","","","","","Garbage dump 1.jpg","pic"
"1088","31621","0","0","0","0","0","Clean 1.jpg","pic"
"1089","32395","","","","","","Destruction 2.jpg","pic"
"1090","32395","86","87","87","88","91","Heart 3.jpg","pic"
"1091","32395","","","","","","Clean 1.jpg","pic"
"1092","32395","12","37","8","5","9","Rocks 1.jpg","pic"
"1093","32395","","","","","","Fireworks 6.jpg","pic"
"1094","32395","86","91","91","92","88","Toilet 4.jpg","pic"
"1095","32395","","","","","","Dirt 1.jpg","pic"
"1096","32395","88","90","92","91","98","Lake 12.jpg","pic"
"1097","32395","","","","","","Flood 1.jpg","pic"
"1098","32395","88","92","94","93","62","Rainbow 2.jpg","pic"
"1099","32395","","","","","","Snow 1.jpg","pic"
"1100","32395","11","17","21","27","6","Fire 10.jpg","pic"
"1101","32395","","","","","","Prison 2.jpg","pic"
"1102","32395","18","11","5","8","8","Beach 1.jpg","pic"
"1103","32395","","","","","","Ferret 1.jpg","pic"
"1104","32395","92","91","91","93","96","Garbage dump 1.jpg","pic"
"1105","32395","","","","","","Fireworks 6.jpg","pic"
"1106","32395","0","0","0","3","3","Fire 10.jpg","pic"
"1107","32395","","","","","","Rainbow 2.jpg","pic"
"1108","32395","3","8","5","4","7","Prison 2.jpg","pic"
"1109","32395","","","","","","Flood 1.jpg","pic"
"1110","32395","5","5","5","5","3","Clean 1.jpg","pic"
"1111","32395","","","","","","Ferret 1.jpg","pic"
"1112","32395","7","9","7","3","11","Dirt 1.jpg","pic"
"1113","32395","","","","","","Beach 1.jpg","pic"
"1114","32395","98","98","99","100","99","Garbage dump 1.jpg","pic"
"1115","32395","","","","","","Rocks 1.jpg","pic"
"1116","32395","99","99","98","100","98","Lake 12.jpg","pic"
"1117","32395","","","","","","Toilet 4.jpg","pic"
"1118","32395","16","3","3","20","3","Destruction 2.jpg","pic"
"1119","32395","","","","","","Snow 1.jpg","pic"
"1120","32395","97","87","99","83","63","Heart 3.jpg","pic"
"1121","32617","","","","","","Fireworks 6.jpg","pic"
"1122","32617","65","61","65","54","52","Flood 1.jpg","pic"
"1123","32617","","","","","","Rocks 1.jpg","pic"
"1124","32617","11","24","4","5","53","Heart 3.jpg","pic"
"1125","32617","","","","","","Rainbow 2.jpg","pic"
"1126","32617","23","34","9","13","52","Destruction 2.jpg","pic"
"1127","32617","","","","","","Lake 12.jpg","pic"
"1128","32617","4","0","15","3","24","Beach 1.jpg","pic"
"1129","32617","","","","","","Garbage dump 1.jpg","pic"
"1130","32617","6","1","3","1","36","Prison 2.jpg","pic"
"1131","32617","","","","","","Clean 1.jpg","pic"
"1132","32617","56","48","73","76","49","Ferret 1.jpg","pic"
"1133","32617","","","","","","Toilet 4.jpg","pic"
"1134","32617","61","49","52","71","48","Dirt 1.jpg","pic"
"1135","32617","","","","","","Fire 10.jpg","pic"
"1136","32617","2","1","1","3","3","Snow 1.jpg","pic"
"1137","32617","","","","","","Lake 12.jpg","pic"
"1138","32617","40","34","35","64","79","Destruction 2.jpg","pic"
"1139","32617","","","","","","Prison 2.jpg","pic"
"1140","32617","72","48","74","50","74","Fireworks 6.jpg","pic"
"1141","32617","","","","","","Snow 1.jpg","pic"
"1142","32617","76","57","68","80","73","Heart 3.jpg","pic"
"1143","32617","","","","","","Rainbow 2.jpg","pic"
"1144","32617","58","54","41","43","52","Dirt 1.jpg","pic"
"1145","32617","","","","","","Ferret 1.jpg","pic"
"1146","32617","43","39","22","44","41","Rocks 1.jpg","pic"
"1147","32617","","","","","","Beach 1.jpg","pic"
"1148","32617","15","6","8","2","7","Fire 10.jpg","pic"
"1149","32617","","","","","","Garbage dump 1.jpg","pic"
"1150","32617","7","2","1","1","1","Clean 1.jpg","pic"
"1151","32617","","","","","","Toilet 4.jpg","pic"
"1152","32617","6","3","17","2","3","Flood 1.jpg","pic"
"1153","30022","","","","","","Fire 10.jpg","pic"
"1154","30022","40","25","10","30","40","Prison 2.jpg","pic"
"1155","30022","","","","","","Snow 1.jpg","pic"
"1156","30022","70","50","65","60","50","Rainbow 2.jpg","pic"
"1157","30022","","","","","","Lake 12.jpg","pic"
"1158","30022","0","0","0","0","0","Destruction 2.jpg","pic"
"1159","30022","","","","","","Garbage dump 1.jpg","pic"
"1160","30022","0","0","0","0","0","Dirt 1.jpg","pic"
"1161","30022","","","","","","Rocks 1.jpg","pic"
"1162","30022","60","0","10","0","30","Fireworks 6.jpg","pic"
"1163","30022","","","","","","Heart 3.jpg","pic"
"1164","30022","50","50","50","25","50","Ferret 1.jpg","pic"
"1165","30022","","","","","","Clean 1.jpg","pic"
"1166","30022","0","0","0","0","0","Flood 1.jpg","pic"
"1167","30022","","","","","","Toilet 4.jpg","pic"
"1168","30022","0","0","0","0","10","Beach 1.jpg","pic"
"1169","30022","","","","","","Fireworks 6.jpg","pic"
"1170","30022","0","10","0","0","10","Garbage dump 1.jpg","pic"
"1171","30022","","","","","","Dirt 1.jpg","pic"
"1172","30022","50","50","50","30","100","Lake 12.jpg","pic"
"1173","30022","","","","","","Flood 1.jpg","pic"
"1174","30022","0","0","0","0","0","Fire 10.jpg","pic"
"1175","30022","","","","","","Destruction 2.jpg","pic"
"1176","30022","20","25","0","0","20","Beach 1.jpg","pic"
"1177","30022","","","","","","Heart 3.jpg","pic"
"1178","30022","25","25","0","0","50","Clean 1.jpg","pic"
"1179","30022","","","","","","Rainbow 2.jpg","pic"
"1180","30022","30","50","0","0","50","Snow 1.jpg","pic"
"1181","30022","","","","","","Prison 2.jpg","pic"
"1182","30022","50","75","35","35","50","Toilet 4.jpg","pic"
"1183","30022","","","","","","Ferret 1.jpg","pic"
"1184","30022","0","0","0","0","20","Rocks 1.jpg","pic"
"1185","32572","","","","","","Rainbow 2.jpg","pic"
"1186","32572","18","0","0","0","0","Clean 1.jpg","pic"
"1187","32572","","","","","","Toilet 4.jpg","pic"
"1188","32572","0","13","0","0","0","Fireworks 6.jpg","pic"
"1189","32572","","","","","","Destruction 2.jpg","pic"
"1190","32572","0","30","27","56","0","Flood 1.jpg","pic"
"1191","32572","","","","","","Rocks 1.jpg","pic"
"1192","32572","0","0","0","0","0","Snow 1.jpg","pic"
"1193","32572","","","","","","Beach 1.jpg","pic"
"1194","32572","0","0","0","0","0","Ferret 1.jpg","pic"
"1195","32572","","","","","","Fire 10.jpg","pic"
"1196","32572","0","0","0","0","0","Heart 3.jpg","pic"
"1197","32572","","","","","","Garbage dump 1.jpg","pic"
"1198","32572","0","0","0","0","0","Dirt 1.jpg","pic"
"1199","32572","","","","","","Lake 12.jpg","pic"
"1200","32572","0","0","0","0","0","Prison 2.jpg","pic"
"1201","32572","","","","","","Fire 10.jpg","pic"
"1202","32572","0","0","0","1","0","Clean 1.jpg","pic"
"1203","32572","","","","","","Beach 1.jpg","pic"
"1204","32572","0","8","1","1","0","Snow 1.jpg","pic"
"1205","32572","","","","","","Destruction 2.jpg","pic"
"1206","32572","39","36","4","44","20","Heart 3.jpg","pic"
"1207","32572","","","","","","Garbage dump 1.jpg","pic"
"1208","32572","1","64","0","60","66","Ferret 1.jpg","pic"
"1209","32572","","","","","","Rocks 1.jpg","pic"
"1210","32572","49","69","74","71","58","Lake 12.jpg","pic"
"1211","32572","","","","","","Toilet 4.jpg","pic"
"1212","32572","46","26","48","64","36","Rainbow 2.jpg","pic"
"1213","32572","","","","","","Flood 1.jpg","pic"
"1214","32572","0","0","0","0","0","Fireworks 6.jpg","pic"
"1215","32572","","","","","","Dirt 1.jpg","pic"
"1216","32572","1","2","1","2","0","Prison 2.jpg","pic"
"1217","31930","","","","","","Rocks 1.jpg","pic"
"1218","31930","57","70","51","26","73","Flood 1.jpg","pic"
"1219","31930","","","","","","Snow 1.jpg","pic"
"1220","31930","2","1","3","3","1","Ferret 1.jpg","pic"
"1221","31930","","","","","","Rainbow 2.jpg","pic"
"1222","31930","77","71","50","49","87","Toilet 4.jpg","pic"
"1223","31930","","","","","","Fire 10.jpg","pic"
"1224","31930","1","7","4","3","5","Heart 3.jpg","pic"
"1225","31930","","","","","","Destruction 2.jpg","pic"
"1226","31930","17","8","6","9","19","Prison 2.jpg","pic"
"1227","31930","","","","","","Dirt 1.jpg","pic"
"1228","31930","3","2","1","2","0","Beach 1.jpg","pic"
"1229","31930","","","","","","Garbage dump 1.jpg","pic"
"1230","31930","1","1","2","4","0","Lake 12.jpg","pic"
"1231","31930","","","","","","Fireworks 6.jpg","pic"
"1232","31930","65","29","53","49","13","Clean 1.jpg","pic"
"1233","31930","","","","","","Clean 1.jpg","pic"
"1234","31930","31","25","6","12","53","Ferret 1.jpg","pic"
"1235","31930","","","","","","Rainbow 2.jpg","pic"
"1236","31930","2","3","3","1","3","Snow 1.jpg","pic"
"1237","31930","","","","","","Rocks 1.jpg","pic"
"1238","31930","49","51","16","33","63","Fire 10.jpg","pic"
"1239","31930","","","","","","Flood 1.jpg","pic"
"1240","31930","53","43","38","48","55","Destruction 2.jpg","pic"
"1241","31930","","","","","","Lake 12.jpg","pic"
"1242","31930","21","30","0","9","43","Prison 2.jpg","pic"
"1243","31930","","","","","","Garbage dump 1.jpg","pic"
"1244","31930","1","2","1","1","6","Heart 3.jpg","pic"
"1245","31930","","","","","","Dirt 1.jpg","pic"
"1246","31930","70","54","6","53","51","Fireworks 6.jpg","pic"
"1247","31930","","","","","","Beach 1.jpg","pic"
"1248","31930","2","3","3","1","3","Toilet 4.jpg","pic"
"1249","32884","","","","","","Fire 10.jpg","pic"
"1250","32884","10","22","8","2","32","Lake 12.jpg","pic"
"1251","32884","","","","","","Toilet 4.jpg","pic"
"1252","32884","0","15","4","19","2","Snow 1.jpg","pic"
"1253","32884","","","","","","Beach 1.jpg","pic"
"1254","32884","25","15","2","0","31","Dirt 1.jpg","pic"
"1255","32884","","","","","","Prison 2.jpg","pic"
"1256","32884","29","38","23","36","32","Garbage dump 1.jpg","pic"
"1257","32884","","","","","","Clean 1.jpg","pic"
"1258","32884","0","0","1","0","2","Destruction 2.jpg","pic"
"1259","32884","","","","","","Heart 3.jpg","pic"
"1260","32884","36","29","29","6","1","Fireworks 6.jpg","pic"
"1261","32884","","","","","","Flood 1.jpg","pic"
"1262","32884","33","16","10","21","5","Rocks 1.jpg","pic"
"1263","32884","","","","","","Rainbow 2.jpg","pic"
"1264","32884","23","2","19","1","1","Ferret 1.jpg","pic"
"1265","32884","","","","","","Destruction 2.jpg","pic"
"1266","32884","38","1","1","1","25","Beach 1.jpg","pic"
"1267","32884","","","","","","Heart 3.jpg","pic"
"1268","32884","1","2","1","1","0","Prison 2.jpg","pic"
"1269","32884","","","","","","Lake 12.jpg","pic"
"1270","32884","24","15","13","17","26","Rainbow 2.jpg","pic"
"1271","32884","","","","","","Clean 1.jpg","pic"
"1272","32884","65","55","44","21","2","Snow 1.jpg","pic"
"1273","32884","","","","","","Dirt 1.jpg","pic"
"1274","32884","2","2","2","2","1","Toilet 4.jpg","pic"
"1275","32884","","","","","","Garbage dump 1.jpg","pic"
"1276","32884","2","2","1","2","2","Flood 1.jpg","pic"
"1277","32884","","","","","","Ferret 1.jpg","pic"
"1278","32884","36","51","59","2","1","Fireworks 6.jpg","pic"
"1279","32884","","","","","","Rocks 1.jpg","pic"
"1280","32884","33","3","32","21","13","Fire 10.jpg","pic"
"1281","30349","","","","","","Heart 3.jpg","pic"
"1282","30349","1","2","3","3","2","Ferret 1.jpg","pic"
"1283","30349","","","","","","Dirt 1.jpg","pic"
"1284","30349","48","68","23","37","80","Beach 1.jpg","pic"
"1285","30349","","","","","","Fireworks 6.jpg","pic"
"1286","30349","1","1","1","1","17","Rainbow 2.jpg","pic"
"1287","30349","","","","","","Flood 1.jpg","pic"
"1288","30349","87","75","85","78","33","Toilet 4.jpg","pic"
"1289","30349","","","","","","Lake 12.jpg","pic"
"1290","30349","1","80","0","1","73","Prison 2.jpg","pic"
"1291","30349","","","","","","Fire 10.jpg","pic"
"1292","30349","98","99","99","99","99","Rocks 1.jpg","pic"
"1293","30349","","","","","","Snow 1.jpg","pic"
"1294","30349","1","4","1","3","5","Garbage dump 1.jpg","pic"
"1295","30349","","","","","","Destruction 2.jpg","pic"
"1296","30349","79","87","79","90","75","Clean 1.jpg","pic"
"1297","30349","","","","","","Ferret 1.jpg","pic"
"1298","30349","16","0","5","1","47","Clean 1.jpg","pic"
"1299","30349","","","","","","Garbage dump 1.jpg","pic"
"1300","30349","39","21","23","24","22","Dirt 1.jpg","pic"
"1301","30349","","","","","","Toilet 4.jpg","pic"
"1302","30349","62","71","45","74","78","Destruction 2.jpg","pic"
"1303","30349","","","","","","Heart 3.jpg","pic"
"1304","30349","73","75","77","70","19","Rainbow 2.jpg","pic"
"1305","30349","","","","","","Fireworks 6.jpg","pic"
"1306","30349","11","15","12","14","12","Rocks 1.jpg","pic"
"1307","30349","","","","","","Fire 10.jpg","pic"
"1308","30349","5","1","4","4","8","Lake 12.jpg","pic"
"1309","30349","","","","","","Snow 1.jpg","pic"
"1310","30349","14","3","3","3","6","Beach 1.jpg","pic"
"1311","30349","","","","","","Flood 1.jpg","pic"
"1312","30349","3","1","4","3","5","Prison 2.jpg","pic"
"1313","32275","","","","","","Toilet 4.jpg","pic"
"1314","32275","0","0","0","0","0","Beach 1.jpg","pic"
"1315","32275","","","","","","Lake 12.jpg","pic"
"1316","32275","0","9","6","0","75","Snow 1.jpg","pic"
"1317","32275","","","","","","Ferret 1.jpg","pic"
"1318","32275","0","0","0","0","0","Garbage dump 1.jpg","pic"
"1319","32275","","","","","","Dirt 1.jpg","pic"
"1320","32275","7","0","14","0","0","Flood 1.jpg","pic"
"1321","32275","","","","","","Heart 3.jpg","pic"
"1322","32275","0","0","0","0","0","Fireworks 6.jpg","pic"
"1323","32275","","","","","","Clean 1.jpg","pic"
"1324","32275","0","0","0","0","0","Rainbow 2.jpg","pic"
"1325","32275","","","","","","Prison 2.jpg","pic"
"1326","32275","0","0","0","0","0","Destruction 2.jpg","pic"
"1327","32275","","","","","","Fire 10.jpg","pic"
"1328","32275","0","78","0","8","76","Rocks 1.jpg","pic"
"1329","32275","","","","","","Flood 1.jpg","pic"
"1330","32275","0","0","0","0","0","Heart 3.jpg","pic"
"1331","32275","","","","","","Lake 12.jpg","pic"
"1332","32275","0","0","0","0","0","Rocks 1.jpg","pic"
"1333","32275","","","","","","Garbage dump 1.jpg","pic"
"1334","32275","0","0","0","0","0","Beach 1.jpg","pic"
"1335","32275","","","","","","Prison 2.jpg","pic"
"1336","32275","0","100","0","0","10","Rainbow 2.jpg","pic"
"1337","32275","","","","","","Toilet 4.jpg","pic"
"1338","32275","0","51","0","0","0","Destruction 2.jpg","pic"
"1339","32275","","","","","","Dirt 1.jpg","pic"
"1340","32275","27","0","0","0","0","Fire 10.jpg","pic"
"1341","32275","","","","","","Fireworks 6.jpg","pic"
"1342","32275","28","80","0","27","79","Clean 1.jpg","pic"
"1343","32275","","","","","","Snow 1.jpg","pic"
"1344","32275","0","28","49","38","0","Ferret 1.jpg","pic"
"1345","29911","","","","","","Toilet 4.jpg","pic"
"1346","29911","37","19","14","15","25","Fireworks 6.jpg","pic"
"1347","29911","","","","","","Ferret 1.jpg","pic"
"1348","29911","19","48","31","79","78","Beach 1.jpg","pic"
"1349","29911","","","","","","Snow 1.jpg","pic"
"1350","29911","65","56","43","45","17","Clean 1.jpg","pic"
"1351","29911","","","","","","Rocks 1.jpg","pic"
"1352","29911","4","6","3","9","0","Lake 12.jpg","pic"
"1353","29911","","","","","","Destruction 2.jpg","pic"
"1354","29911","87","51","97","53","98","Flood 1.jpg","pic"
"1355","29911","","","","","","Garbage dump 1.jpg","pic"
"1356","29911","21","16","26","22","33","Fire 10.jpg","pic"
"1357","29911","","","","","","Heart 3.jpg","pic"
"1358","29911","11","10","9","7","12","Prison 2.jpg","pic"
"1359","29911","","","","","","Rainbow 2.jpg","pic"
"1360","29911","24","18","3","23","6","Dirt 1.jpg","pic"
"1361","29911","","","","","","Dirt 1.jpg","pic"
"1362","29911","75","86","85","82","86","Fireworks 6.jpg","pic"
"1363","29911","","","","","","Beach 1.jpg","pic"
"1364","29911","14","44","39","29","30","Fire 10.jpg","pic"
"1365","29911","","","","","","Garbage dump 1.jpg","pic"
"1366","29911","95","95","89","90","95","Rocks 1.jpg","pic"
"1367","29911","","","","","","Destruction 2.jpg","pic"
"1368","29911","79","79","81","75","75","Prison 2.jpg","pic"
"1369","29911","","","","","","Rainbow 2.jpg","pic"
"1370","29911","10","13","5","10","6","Heart 3.jpg","pic"
"1371","29911","","","","","","Clean 1.jpg","pic"
"1372","29911","26","22","11","16","7","Flood 1.jpg","pic"
"1373","29911","","","","","","Ferret 1.jpg","pic"
"1374","29911","15","49","35","56","32","Toilet 4.jpg","pic"
"1375","29911","","","","","","Snow 1.jpg","pic"
"1376","29911","32","24","10","19","20","Lake 12.jpg","pic"
"1377","32332","","","","","","Clean 1.jpg","pic"
"1378","32332","0","50","15","0","5","Destruction 2.jpg","pic"
"1379","32332","","","","","","Snow 1.jpg","pic"
"1380","32332","50","90","0","80","70","Fireworks 6.jpg","pic"
"1381","32332","","","","","","Heart 3.jpg","pic"
"1382","32332","0","60","0","0","10","Garbage dump 1.jpg","pic"
"1383","32332","","","","","","Rainbow 2.jpg","pic"
"1384","32332","5","50","0","5","50","Beach 1.jpg","pic"
"1385","32332","","","","","","Ferret 1.jpg","pic"
"1386","32332","60","30","0","0","20","Flood 1.jpg","pic"
"1387","32332","","","","","","Fire 10.jpg","pic"
"1388","32332","20","70","5","10","70","Dirt 1.jpg","pic"
"1389","32332","","","","","","Rocks 1.jpg","pic"
"1390","32332","0","65","0","0","65","Toilet 4.jpg","pic"
"1391","32332","","","","","","Prison 2.jpg","pic"
"1392","32332","30","60","10","30","0","Lake 12.jpg","pic"
"1393","32332","","","","","","Snow 1.jpg","pic"
"1394","32332","70","80","30","60","15","Dirt 1.jpg","pic"
"1395","32332","","","","","","Rainbow 2.jpg","pic"
"1396","32332","45","75","0","15","75","Heart 3.jpg","pic"
"1397","32332","","","","","","Prison 2.jpg","pic"
"1398","32332","0","20","0","0","30","Ferret 1.jpg","pic"
"1399","32332","","","","","","Toilet 4.jpg","pic"
"1400","32332","30","50","0","10","70","Clean 1.jpg","pic"
"1401","32332","","","","","","Fire 10.jpg","pic"
"1402","32332","50","60","10","10","40","Garbage dump 1.jpg","pic"
"1403","32332","","","","","","Beach 1.jpg","pic"
"1404","32332","0","15","0","0","20","Fireworks 6.jpg","pic"
"1405","32332","","","","","","Lake 12.jpg","pic"
"1406","32332","30","80","0","30","85","Flood 1.jpg","pic"
"1407","32332","","","","","","Destruction 2.jpg","pic"
"1408","32332","0","10","0","0","50","Rocks 1.jpg","pic"
"1409","30070","","","","","","Destruction 2.jpg","pic"
"1410","30070","5","0","5","10","5","Ferret 1.jpg","pic"
"1411","30070","","","","","","Lake 12.jpg","pic"
"1412","30070","90","85","65","65","85","Dirt 1.jpg","pic"
"1413","30070","","","","","","Toilet 4.jpg","pic"
"1414","30070","35","15","40","50","25","Garbage dump 1.jpg","pic"
"1415","30070","","","","","","Beach 1.jpg","pic"
"1416","30070","0","0","0","0","0","Rocks 1.jpg","pic"
"1417","30070","","","","","","Prison 2.jpg","pic"
"1418","30070","5","15","5","5","15","Snow 1.jpg","pic"
"1419","30070","","","","","","Fire 10.jpg","pic"
"1420","30070","15","20","15","20","0","Flood 1.jpg","pic"
"1421","30070","","","","","","Clean 1.jpg","pic"
"1422","30070","5","5","10","10","0","Heart 3.jpg","pic"
"1423","30070","","","","","","Fireworks 6.jpg","pic"
"1424","30070","30","30","30","30","15","Rainbow 2.jpg","pic"
"1425","30070","","","","","","Flood 1.jpg","pic"
"1426","30070","15","30","10","10","25","Garbage dump 1.jpg","pic"
"1427","30070","","","","","","Snow 1.jpg","pic"
"1428","30070","35","50","60","35","80","Fire 10.jpg","pic"
"1429","30070","","","","","","Toilet 4.jpg","pic"
"1430","30070","90","85","95","85","90","Fireworks 6.jpg","pic"
"1431","30070","","","","","","Prison 2.jpg","pic"
"1432","30070","75","70","75","90","80","Rocks 1.jpg","pic"
"1433","30070","","","","","","Destruction 2.jpg","pic"
"1434","30070","90","80","95","90","95","Clean 1.jpg","pic"
"1435","30070","","","","","","Ferret 1.jpg","pic"
"1436","30070","50","60","50","55","65","Lake 12.jpg","pic"
"1437","30070","","","","","","Heart 3.jpg","pic"
"1438","30070","90","60","60","90","75","Beach 1.jpg","pic"
"1439","30070","","","","","","Rainbow 2.jpg","pic"
"1440","30070","30","10","5","10","10","Dirt 1.jpg","pic"
"1441","31231","","","","","","Fireworks 6.jpg","pic"
"1442","31231","0","0","0","0","0","Clean 1.jpg","pic"
"1443","31231","","","","","","Dirt 1.jpg","pic"
"1444","31231","0","0","0","0","0","Lake 12.jpg","pic"
"1445","31231","","","","","","Toilet 4.jpg","pic"
"1446","31231","64","82","41","71","89","Fire 10.jpg","pic"
"1447","31231","","","","","","Rainbow 2.jpg","pic"
"1448","31231","21","0","27","31","0","Ferret 1.jpg","pic"
"1449","31231","","","","","","Garbage dump 1.jpg","pic"
"1450","31231","0","0","0","0","0","Flood 1.jpg","pic"
"1451","31231","","","","","","Beach 1.jpg","pic"
"1452","31231","56","50","52","61","34","Rocks 1.jpg","pic"
"1453","31231","","","","","","Snow 1.jpg","pic"
"1454","31231","0","0","0","0","0","Destruction 2.jpg","pic"
"1455","31231","","","","","","Prison 2.jpg","pic"
"1456","31231","0","0","0","0","0","Heart 3.jpg","pic"
"1457","31231","","","","","","Lake 12.jpg","pic"
"1458","31231","46","49","0","22","88","Rocks 1.jpg","pic"
"1459","31231","","","","","","Rainbow 2.jpg","pic"
"1460","31231","56","66","0","36","27","Fireworks 6.jpg","pic"
"1461","31231","","","","","","Fire 10.jpg","pic"
"1462","31231","0","0","0","0","0","Heart 3.jpg","pic"
"1463","31231","","","","","","Toilet 4.jpg","pic"
"1464","31231","0","0","0","0","0","Dirt 1.jpg","pic"
"1465","31231","","","","","","Clean 1.jpg","pic"
"1466","31231","0","0","0","0","0","Ferret 1.jpg","pic"
"1467","31231","","","","","","Prison 2.jpg","pic"
"1468","31231","25","97","0","0","99","Snow 1.jpg","pic"
"1469","31231","","","","","","Beach 1.jpg","pic"
"1470","31231","0","0","0","0","0","Garbage dump 1.jpg","pic"
"1471","31231","","","","","","Flood 1.jpg","pic"
"1472","31231","46","91","0","0","99","Destruction 2.jpg","pic"
"1473","32266","","","","","","Prison 2.jpg","pic"
"1474","32266","38","0","0","39","42","Heart 3.jpg","pic"
"1475","32266","","","","","","Lake 12.jpg","pic"
"1476","32266","9","0","0","0","0","Fireworks 6.jpg","pic"
"1477","32266","","","","","","Dirt 1.jpg","pic"
"1478","32266","0","0","0","0","0","Rainbow 2.jpg","pic"
"1479","32266","","","","","","Destruction 2.jpg","pic"
"1480","32266","15","0","0","10","33","Clean 1.jpg","pic"
"1481","32266","","","","","","Flood 1.jpg","pic"
"1482","32266","10","0","0","0","34","Ferret 1.jpg","pic"
"1483","32266","","","","","","Toilet 4.jpg","pic"
"1484","32266","0","0","0","0","0","Fire 10.jpg","pic"
"1485","32266","","","","","","Rocks 1.jpg","pic"
"1486","32266","21","1","0","0","55","Beach 1.jpg","pic"
"1487","32266","","","","","","Garbage dump 1.jpg","pic"
"1488","32266","0","0","0","0","0","Snow 1.jpg","pic"
"1489","32266","","","","","","Garbage dump 1.jpg","pic"
"1490","32266","0","0","0","0","0","Heart 3.jpg","pic"
"1491","32266","","","","","","Ferret 1.jpg","pic"
"1492","32266","28","0","0","0","74","Prison 2.jpg","pic"
"1493","32266","","","","","","Lake 12.jpg","pic"
"1494","32266","77","0","32","50","60","Clean 1.jpg","pic"
"1495","32266","","","","","","Snow 1.jpg","pic"
"1496","32266","0","0","0","0","0","Rocks 1.jpg","pic"
"1497","32266","","","","","","Fire 10.jpg","pic"
"1498","32266","9","0","0","0","38","Fireworks 6.jpg","pic"
"1499","32266","","","","","","Flood 1.jpg","pic"
"1500","32266","0","0","20","12","0","Toilet 4.jpg","pic"
"1501","32266","","","","","","Rainbow 2.jpg","pic"
"1502","32266","0","0","0","0","0","Beach 1.jpg","pic"
"1503","32266","","","","","","Dirt 1.jpg","pic"
"1504","32266","0","0","0","0","1","Destruction 2.jpg","pic"
"1505","30292","","","","","","Prison 2.jpg","pic"
"1506","30292","50","55","0","35","51","Garbage dump 1.jpg","pic"
"1507","30292","","","","","","Ferret 1.jpg","pic"
"1508","30292","80","25","80","69","15","Fireworks 6.jpg","pic"
"1509","30292","","","","","","Rainbow 2.jpg","pic"
"1510","30292","80","83","82","86","74","Lake 12.jpg","pic"
"1511","30292","","","","","","Destruction 2.jpg","pic"
"1512","30292","50","25","60","50","60","Clean 1.jpg","pic"
"1513","30292","","","","","","Snow 1.jpg","pic"
"1514","30292","0","0","0","0","0","Flood 1.jpg","pic"
"1515","30292","","","","","","Rocks 1.jpg","pic"
"1516","30292","0","0","0","0","0","Fire 10.jpg","pic"
"1517","30292","","","","","","Beach 1.jpg","pic"
"1518","30292","50","15","25","40","30","Dirt 1.jpg","pic"
"1519","30292","","","","","","Toilet 4.jpg","pic"
"1520","30292","15","0","0","15","0","Heart 3.jpg","pic"
"1521","30292","","","","","","Rainbow 2.jpg","pic"
"1522","30292","50","50","50","45","60","Snow 1.jpg","pic"
"1523","30292","","","","","","Fireworks 6.jpg","pic"
"1524","30292","0","0","0","0","0","Fire 10.jpg","pic"
"1525","30292","","","","","","Heart 3.jpg","pic"
"1526","30292","0","0","0","0","0","Dirt 1.jpg","pic"
"1527","30292","","","","","","Ferret 1.jpg","pic"
"1528","30292","30","90","40","30","80","Flood 1.jpg","pic"
"1529","30292","","","","","","Prison 2.jpg","pic"
"1530","30292","0","0","0","0","0","Clean 1.jpg","pic"
"1531","30292","","","","","","Toilet 4.jpg","pic"
"1532","30292","13","13","12","11","0","Rocks 1.jpg","pic"
"1533","30292","","","","","","Beach 1.jpg","pic"
"1534","30292","0","0","0","0","0","Destruction 2.jpg","pic"
"1535","30292","","","","","","Lake 12.jpg","pic"
"1536","30292","50","0","30","55","0","Garbage dump 1.jpg","pic"
"1537","31984","","","","","","Toilet 4.jpg","pic"
"1538","31984","1","1","2","1","1","Flood 1.jpg","pic"
"1539","31984","","","","","","Destruction 2.jpg","pic"
"1540","31984","93","99","98","98","98","Lake 12.jpg","pic"
"1541","31984","","","","","","Rocks 1.jpg","pic"
"1542","31984","4","70","0","72","75","Ferret 1.jpg","pic"
"1543","31984","","","","","","Snow 1.jpg","pic"
"1544","31984","74","95","81","95","43","Fireworks 6.jpg","pic"
"1545","31984","","","","","","Heart 3.jpg","pic"
"1546","31984","10","0","0","0","0","Prison 2.jpg","pic"
"1547","31984","","","","","","Clean 1.jpg","pic"
"1548","31984","2","0","0","0","0","Garbage dump 1.jpg","pic"
"1549","31984","","","","","","Rainbow 2.jpg","pic"
"1550","31984","98","99","88","95","100","Beach 1.jpg","pic"
"1551","31984","","","","","","Dirt 1.jpg","pic"
"1552","31984","87","36","0","72","24","Fire 10.jpg","pic"
"1553","31984","","","","","","Garbage dump 1.jpg","pic"
"1554","31984","27","35","22","31","40","Toilet 4.jpg","pic"
"1555","31984","","","","","","Destruction 2.jpg","pic"
"1556","31984","63","46","23","19","15","Ferret 1.jpg","pic"
"1557","31984","","","","","","Clean 1.jpg","pic"
"1558","31984","0","0","0","0","0","Heart 3.jpg","pic"
"1559","31984","","","","","","Fireworks 6.jpg","pic"
"1560","31984","1","0","0","0","0","Lake 12.jpg","pic"
"1561","31984","","","","","","Beach 1.jpg","pic"
"1562","31984","46","64","10","63","84","Snow 1.jpg","pic"
"1563","31984","","","","","","Dirt 1.jpg","pic"
"1564","31984","12","0","0","1","0","Prison 2.jpg","pic"
"1565","31984","","","","","","Rainbow 2.jpg","pic"
"1566","31984","0","0","0","0","0","Fire 10.jpg","pic"
"1567","31984","","","","","","Rocks 1.jpg","pic"
"1568","31984","1","0","0","0","0","Flood 1.jpg","pic"
"1569","30955","","","","","","Rocks 1.jpg","pic"
"1570","30955","26","31","44","4","54","Prison 2.jpg","pic"
"1571","30955","","","","","","Ferret 1.jpg","pic"
"1572","30955","8","0","35","0","5","Fireworks 6.jpg","pic"
"1573","30955","","","","","","Beach 1.jpg","pic"
"1574","30955","25","26","0","8","28","Snow 1.jpg","pic"
"1575","30955","","","","","","Lake 12.jpg","pic"
"1576","30955","25","48","61","61","61","Rainbow 2.jpg","pic"
"1577","30955","","","","","","Clean 1.jpg","pic"
"1578","30955","55","69","22","49","100","Garbage dump 1.jpg","pic"
"1579","30955","","","","","","Destruction 2.jpg","pic"
"1580","30955","59","49","26","58","49","Fire 10.jpg","pic"
"1581","30955","","","","","","Dirt 1.jpg","pic"
"1582","30955","60","43","10","34","73","Toilet 4.jpg","pic"
"1583","30955","","","","","","Flood 1.jpg","pic"
"1584","30955","26","15","0","0","0","Heart 3.jpg","pic"
"1585","30955","","","","","","Heart 3.jpg","pic"
"1586","30955","28","19","8","0","33","Destruction 2.jpg","pic"
"1587","30955","","","","","","Lake 12.jpg","pic"
"1588","30955","0","26","0","11","9","Snow 1.jpg","pic"
"1589","30955","","","","","","Toilet 4.jpg","pic"
"1590","30955","67","65","66","71","85","Rainbow 2.jpg","pic"
"1591","30955","","","","","","Clean 1.jpg","pic"
"1592","30955","11","17","36","0","25","Ferret 1.jpg","pic"
"1593","30955","","","","","","Prison 2.jpg","pic"
"1594","30955","29","29","20","0","17","Fireworks 6.jpg","pic"
"1595","30955","","","","","","Flood 1.jpg","pic"
"1596","30955","9","8","31","0","11","Rocks 1.jpg","pic"
"1597","30955","","","","","","Beach 1.jpg","pic"
"1598","30955","51","25","11","17","58","Garbage dump 1.jpg","pic"
"1599","30955","","","","","","Dirt 1.jpg","pic"
"1600","30955","60","69","53","59","86","Fire 10.jpg","pic"
"1601","31978","","","","","","Prison 2.jpg","pic"
"1602","31978","20","16","15","14","18","Ferret 1.jpg","pic"
"1603","31978","","","","","","Heart 3.jpg","pic"
"1604","31978","8","11","10","11","10","Dirt 1.jpg","pic"
"1605","31978","","","","","","Flood 1.jpg","pic"
"1606","31978","31","2","4","2","6","Rainbow 2.jpg","pic"
"1607","31978","","","","","","Toilet 4.jpg","pic"
"1608","31978","83","77","78","80","92","Lake 12.jpg","pic"
"1609","31978","","","","","","Fire 10.jpg","pic"
"1610","31978","2","24","2","3","1","Beach 1.jpg","pic"
"1611","31978","","","","","","Destruction 2.jpg","pic"
"1612","31978","8","10","11","13","8","Clean 1.jpg","pic"
"1613","31978","","","","","","Rocks 1.jpg","pic"
"1614","31978","2","6","3","5","4","Fireworks 6.jpg","pic"
"1615","31978","","","","","","Garbage dump 1.jpg","pic"
"1616","31978","52","6","55","52","3","Snow 1.jpg","pic"
"1617","31978","","","","","","Rainbow 2.jpg","pic"
"1618","31978","88","86","87","88","89","Ferret 1.jpg","pic"
"1619","31978","","","","","","Fireworks 6.jpg","pic"
"1620","31978","28","51","46","50","46","Beach 1.jpg","pic"
"1621","31978","","","","","","Dirt 1.jpg","pic"
"1622","31978","9","13","12","11","12","Prison 2.jpg","pic"
"1623","31978","","","","","","Fire 10.jpg","pic"
"1624","31978","84","90","78","93","81","Lake 12.jpg","pic"
"1625","31978","","","","","","Garbage dump 1.jpg","pic"
"1626","31978","56","70","67","81","50","Flood 1.jpg","pic"
"1627","31978","","","","","","Toilet 4.jpg","pic"
"1628","31978","4","4","3","3","6","Destruction 2.jpg","pic"
"1629","31978","","","","","","Snow 1.jpg","pic"
"1630","31978","16","52","48","51","49","Heart 3.jpg","pic"
"1631","31978","","","","","","Clean 1.jpg","pic"
"1632","31978","86","88","85","90","83","Rocks 1.jpg","pic"
"1633","32920","","","","","","Flood 1.jpg","pic"
"1634","32920","71","21","21","18","11","Lake 12.jpg","pic"
"1635","32920","","","","","","Clean 1.jpg","pic"
"1636","32920","51","49","52","51","54","Prison 2.jpg","pic"
"1637","32920","","","","","","Fire 10.jpg","pic"
"1638","32920","47","47","49","48","53","Snow 1.jpg","pic"
"1639","32920","","","","","","Garbage dump 1.jpg","pic"
"1640","32920","58","36","32","34","29","Ferret 1.jpg","pic"
"1641","32920","","","","","","Heart 3.jpg","pic"
"1642","32920","74","28","34","37","34","Beach 1.jpg","pic"
"1643","32920","","","","","","Fireworks 6.jpg","pic"
"1644","32920","68","34","33","34","36","Toilet 4.jpg","pic"
"1645","32920","","","","","","Dirt 1.jpg","pic"
"1646","32920","24","74","73","63","78","Destruction 2.jpg","pic"
"1647","32920","","","","","","Rainbow 2.jpg","pic"
"1648","32920","51","50","55","49","54","Rocks 1.jpg","pic"
"1649","32920","","","","","","Rocks 1.jpg","pic"
"1650","32920","14","10","10","11","9","Beach 1.jpg","pic"
"1651","32920","","","","","","Snow 1.jpg","pic"
"1652","32920","12","67","71","68","73","Clean 1.jpg","pic"
"1653","32920","","","","","","Lake 12.jpg","pic"
"1654","32920","16","69","74","62","74","Fire 10.jpg","pic"
"1655","32920","","","","","","Toilet 4.jpg","pic"
"1656","32920","14","86","87","86","89","Rainbow 2.jpg","pic"
"1657","32920","","","","","","Prison 2.jpg","pic"
"1658","32920","17","79","82","80","83","Dirt 1.jpg","pic"
"1659","32920","","","","","","Garbage dump 1.jpg","pic"
"1660","32920","13","76","75","77","76","Destruction 2.jpg","pic"
"1661","32920","","","","","","Fireworks 6.jpg","pic"
"1662","32920","6","6","10","9","13","Heart 3.jpg","pic"
"1663","32920","","","","","","Ferret 1.jpg","pic"
"1664","32920","11","80","79","74","81","Flood 1.jpg","pic"
"1665","29998","","","","","","Ferret 1.jpg","pic"
"1666","29998","13","43","5","2","44","Prison 2.jpg","pic"
"1667","29998","","","","","","Snow 1.jpg","pic"
"1668","29998","0","0","0","0","0","Garbage dump 1.jpg","pic"
"1669","29998","","","","","","Heart 3.jpg","pic"
"1670","29998","0","0","0","0","0","Lake 12.jpg","pic"
"1671","29998","","","","","","Fire 10.jpg","pic"
"1672","29998","11","72","17","23","80","Destruction 2.jpg","pic"
"1673","29998","","","","","","Flood 1.jpg","pic"
"1674","29998","79","97","80","80","100","Clean 1.jpg","pic"
"1675","29998","","","","","","Rainbow 2.jpg","pic"
"1676","29998","100","91","100","100","56","Toilet 4.jpg","pic"
"1677","29998","","","","","","Fireworks 6.jpg","pic"
"1678","29998","0","0","0","0","0","Dirt 1.jpg","pic"
"1679","29998","","","","","","Rocks 1.jpg","pic"
"1680","29998","0","0","0","0","0","Beach 1.jpg","pic"
"1681","29998","","","","","","Rainbow 2.jpg","pic"
"1682","29998","100","100","80","86","100","Fire 10.jpg","pic"
"1683","29998","","","","","","Clean 1.jpg","pic"
"1684","29998","0","0","0","0","0","Ferret 1.jpg","pic"
"1685","29998","","","","","","Garbage dump 1.jpg","pic"
"1686","29998","0","0","0","0","0","Toilet 4.jpg","pic"
"1687","29998","","","","","","Prison 2.jpg","pic"
"1688","29998","0","0","0","0","0","Lake 12.jpg","pic"
"1689","29998","","","","","","Rocks 1.jpg","pic"
"1690","29998","44","57","74","39","76","Destruction 2.jpg","pic"
"1691","29998","","","","","","Heart 3.jpg","pic"
"1692","29998","100","100","100","100","100","Fireworks 6.jpg","pic"
"1693","29998","","","","","","Dirt 1.jpg","pic"
"1694","29998","53","63","29","28","41","Snow 1.jpg","pic"
"1695","29998","","","","","","Beach 1.jpg","pic"
"1696","29998","3","4","4","4","2","Flood 1.jpg","pic"
"1697","31546","","","","","","Heart 3.jpg","pic"
"1698","31546","1","1","0","0","0","Ferret 1.jpg","pic"
"1699","31546","","","","","","Clean 1.jpg","pic"
"1700","31546","0","6","12","0","0","Snow 1.jpg","pic"
"1701","31546","","","","","","Lake 12.jpg","pic"
"1702","31546","72","98","83","76","96","Toilet 4.jpg","pic"
"1703","31546","","","","","","Garbage dump 1.jpg","pic"
"1704","31546","8","10","9","10","11","Rocks 1.jpg","pic"
"1705","31546","","","","","","Flood 1.jpg","pic"
"1706","31546","32","76","44","72","32","Prison 2.jpg","pic"
"1707","31546","","","","","","Destruction 2.jpg","pic"
"1708","31546","0","0","0","0","0","Fire 10.jpg","pic"
"1709","31546","","","","","","Rainbow 2.jpg","pic"
"1710","31546","0","0","0","0","0","Beach 1.jpg","pic"
"1711","31546","","","","","","Dirt 1.jpg","pic"
"1712","31546","10","5","8","7","9","Fireworks 6.jpg","pic"
"1713","31546","","","","","","Lake 12.jpg","pic"
"1714","31546","0","7","8","0","0","Dirt 1.jpg","pic"
"1715","31546","","","","","","Snow 1.jpg","pic"
"1716","31546","0","0","7","1","1","Prison 2.jpg","pic"
"1717","31546","","","","","","Destruction 2.jpg","pic"
"1718","31546","0","17","8","11","0","Fireworks 6.jpg","pic"
"1719","31546","","","","","","Rainbow 2.jpg","pic"
"1720","31546","40","84","25","86","53","Flood 1.jpg","pic"
"1721","31546","","","","","","Clean 1.jpg","pic"
"1722","31546","18","17","55","29","19","Rocks 1.jpg","pic"
"1723","31546","","","","","","Beach 1.jpg","pic"
"1724","31546","6","12","5","4","0","Heart 3.jpg","pic"
"1725","31546","","","","","","Garbage dump 1.jpg","pic"
"1726","31546","69","64","28","41","80","Toilet 4.jpg","pic"
"1727","31546","","","","","","Fire 10.jpg","pic"
"1728","31546","64","89","68","72","9","Ferret 1.jpg","pic"
"1729","31576","","","","","","Rainbow 2.jpg","pic"
"1730","31576","0","0","0","1","0","Fireworks 6.jpg","pic"
"1731","31576","","","","","","Flood 1.jpg","pic"
"1732","31576","1","1","0","0","0","Ferret 1.jpg","pic"
"1733","31576","","","","","","Toilet 4.jpg","pic"
"1734","31576","82","87","58","56","100","Snow 1.jpg","pic"
"1735","31576","","","","","","Prison 2.jpg","pic"
"1736","31576","76","54","89","79","36","Garbage dump 1.jpg","pic"
"1737","31576","","","","","","Dirt 1.jpg","pic"
"1738","31576","54","89","5","42","71","Beach 1.jpg","pic"
"1739","31576","","","","","","Destruction 2.jpg","pic"
"1740","31576","1","2","1","0","0","Rocks 1.jpg","pic"
"1741","31576","","","","","","Clean 1.jpg","pic"
"1742","31576","0","9","0","2","5","Heart 3.jpg","pic"
"1743","31576","","","","","","Lake 12.jpg","pic"
"1744","31576","99","98","98","100","98","Fire 10.jpg","pic"
"1745","31576","","","","","","Heart 3.jpg","pic"
"1746","31576","66","78","51","46","79","Dirt 1.jpg","pic"
"1747","31576","","","","","","Clean 1.jpg","pic"
"1748","31576","50","50","53","53","49","Beach 1.jpg","pic"
"1749","31576","","","","","","Rocks 1.jpg","pic"
"1750","31576","80","60","48","71","72","Destruction 2.jpg","pic"
"1751","31576","","","","","","Garbage dump 1.jpg","pic"
"1752","31576","2","0","0","1","23","Ferret 1.jpg","pic"
"1753","31576","","","","","","Toilet 4.jpg","pic"
"1754","31576","78","88","62","92","92","Fire 10.jpg","pic"
"1755","31576","","","","","","Rainbow 2.jpg","pic"
"1756","31576","0","1","4","0","4","Lake 12.jpg","pic"
"1757","31576","","","","","","Snow 1.jpg","pic"
"1758","31576","11","0","6","10","14","Fireworks 6.jpg","pic"
"1759","31576","","","","","","Flood 1.jpg","pic"
"1760","31576","8","1","0","0","2","Prison 2.jpg","pic"
"1761","30907","","","","","","Lake 12.jpg","pic"
"1762","30907","28","9","8","13","20","Toilet 4.jpg","pic"
"1763","30907","","","","","","Beach 1.jpg","pic"
"1764","30907","54","36","29","36","34","Garbage dump 1.jpg","pic"
"1765","30907","","","","","","Clean 1.jpg","pic"
"1766","30907","27","69","16","43","53","Dirt 1.jpg","pic"
"1767","30907","","","","","","Destruction 2.jpg","pic"
"1768","30907","44","31","30","26","30","Fireworks 6.jpg","pic"
"1769","30907","","","","","","Rocks 1.jpg","pic"
"1770","30907","20","21","20","17","19","Ferret 1.jpg","pic"
"1771","30907","","","","","","Fire 10.jpg","pic"
"1772","30907","75","64","33","69","13","Rainbow 2.jpg","pic"
"1773","30907","","","","","","Snow 1.jpg","pic"
"1774","30907","63","93","44","70","84","Flood 1.jpg","pic"
"1775","30907","","","","","","Heart 3.jpg","pic"
"1776","30907","38","55","26","41","60","Prison 2.jpg","pic"
"1777","30907","","","","","","Clean 1.jpg","pic"
"1778","30907","60","88","70","55","81","Destruction 2.jpg","pic"
"1779","30907","","","","","","Heart 3.jpg","pic"
"1780","30907","50","54","15","52","65","Lake 12.jpg","pic"
"1781","30907","","","","","","Flood 1.jpg","pic"
"1782","30907","47","9","22","48","34","Toilet 4.jpg","pic"
"1783","30907","","","","","","Snow 1.jpg","pic"
"1784","30907","47","50","46","53","47","Fireworks 6.jpg","pic"
"1785","30907","","","","","","Beach 1.jpg","pic"
"1786","30907","18","50","37","24","38","Garbage dump 1.jpg","pic"
"1787","30907","","","","","","Rainbow 2.jpg","pic"
"1788","30907","29","14","16","13","20","Ferret 1.jpg","pic"
"1789","30907","","","","","","Dirt 1.jpg","pic"
"1790","30907","27","22","25","17","22","Fire 10.jpg","pic"
"1791","30907","","","","","","Prison 2.jpg","pic"
"1792","30907","32","28","24","36","25","Rocks 1.jpg","pic"
"1793","30850","","","","","","Fire 10.jpg","pic"
"1794","30850","8","24","29","44","44","Clean 1.jpg","pic"
"1795","30850","","","","","","Flood 1.jpg","pic"
"1796","30850","46","5","5","15","18","Fireworks 6.jpg","pic"
"1797","30850","","","","","","Heart 3.jpg","pic"
"1798","30850","17","4","3","4","3","Lake 12.jpg","pic"
"1799","30850","","","","","","Destruction 2.jpg","pic"
"1800","30850","12","1","3","7","13","Beach 1.jpg","pic"
"1801","30850","","","","","","Dirt 1.jpg","pic"
"1802","30850","2","2","11","2","1","Rainbow 2.jpg","pic"
"1803","30850","","","","","","Snow 1.jpg","pic"
"1804","30850","1","5","4","4","5","Ferret 1.jpg","pic"
"1805","30850","","","","","","Rocks 1.jpg","pic"
"1806","30850","95","59","82","84","21","Garbage dump 1.jpg","pic"
"1807","30850","","","","","","Toilet 4.jpg","pic"
"1808","30850","3","3","3","6","3","Prison 2.jpg","pic"
"1809","30850","","","","","","Rainbow 2.jpg","pic"
"1810","30850","98","99","80","98","95","Clean 1.jpg","pic"
"1811","30850","","","","","","Garbage dump 1.jpg","pic"
"1812","30850","4","5","9","12","23","Heart 3.jpg","pic"
"1813","30850","","","","","","Dirt 1.jpg","pic"
"1814","30850","96","98","74","93","99","Fire 10.jpg","pic"
"1815","30850","","","","","","Flood 1.jpg","pic"
"1816","30850","4","4","4","3","7","Snow 1.jpg","pic"
"1817","30850","","","","","","Toilet 4.jpg","pic"
"1818","30850","73","62","42","70","74","Destruction 2.jpg","pic"
"1819","30850","","","","","","Prison 2.jpg","pic"
"1820","30850","97","87","93","98","91","Lake 12.jpg","pic"
"1821","30850","","","","","","Rocks 1.jpg","pic"
"1822","30850","7","15","15","9","8","Ferret 1.jpg","pic"
"1823","30850","","","","","","Beach 1.jpg","pic"
"1824","30850","2","4","1","6","2","Fireworks 6.jpg","pic"
"1825","31612","","","","","","Rocks 1.jpg","pic"
"1826","31612","0","4","0","0","0","Snow 1.jpg","pic"
"1827","31612","","","","","","Heart 3.jpg","pic"
"1828","31612","0","0","0","0","2","Garbage dump 1.jpg","pic"
"1829","31612","","","","","","Lake 12.jpg","pic"
"1830","31612","1","13","0","4","12","Dirt 1.jpg","pic"
"1831","31612","","","","","","Fire 10.jpg","pic"
"1832","31612","0","0","4","3","2","Destruction 2.jpg","pic"
"1833","31612","","","","","","Fireworks 6.jpg","pic"
"1834","31612","0","0","0","0","0","Ferret 1.jpg","pic"
"1835","31612","","","","","","Beach 1.jpg","pic"
"1836","31612","8","3","6","3","5","Rainbow 2.jpg","pic"
"1837","31612","","","","","","Prison 2.jpg","pic"
"1838","31612","0","0","0","0","0","Flood 1.jpg","pic"
"1839","31612","","","","","","Clean 1.jpg","pic"
"1840","31612","0","0","0","0","0","Toilet 4.jpg","pic"
"1841","31612","","","","","","Prison 2.jpg","pic"
"1842","31612","3","3","2","3","0","Rocks 1.jpg","pic"
"1843","31612","","","","","","Dirt 1.jpg","pic"
"1844","31612","2","2","0","2","3","Rainbow 2.jpg","pic"
"1845","31612","","","","","","Toilet 4.jpg","pic"
"1846","31612","10","10","4","6","10","Beach 1.jpg","pic"
"1847","31612","","","","","","Garbage dump 1.jpg","pic"
"1848","31612","2","4","0","0","2","Fireworks 6.jpg","pic"
"1849","31612","","","","","","Ferret 1.jpg","pic"
"1850","31612","0","0","0","0","0","Heart 3.jpg","pic"
"1851","31612","","","","","","Destruction 2.jpg","pic"
"1852","31612","3","2","0","0","3","Clean 1.jpg","pic"
"1853","31612","","","","","","Lake 12.jpg","pic"
"1854","31612","2","4","0","0","3","Fire 10.jpg","pic"
"1855","31612","","","","","","Snow 1.jpg","pic"
"1856","31612","0","0","0","0","0","Flood 1.jpg","pic"
"1857","32377","","","","","","Dirt 1.jpg","pic"
"1858","32377","25","5","18","0","50","Snow 1.jpg","pic"
"1859","32377","","","","","","Fireworks 6.jpg","pic"
"1860","32377","63","35","49","67","76","Fire 10.jpg","pic"
"1861","32377","","","","","","Flood 1.jpg","pic"
"1862","32377","83","66","71","76","50","Prison 2.jpg","pic"
"1863","32377","","","","","","Destruction 2.jpg","pic"
"1864","32377","0","1","3","1","15","Ferret 1.jpg","pic"
"1865","32377","","","","","","Garbage dump 1.jpg","pic"
"1866","32377","1","4","2","1","2","Heart 3.jpg","pic"
"1867","32377","","","","","","Clean 1.jpg","pic"
"1868","32377","66","49","47","78","86","Rocks 1.jpg","pic"
"1869","32377","","","","","","Lake 12.jpg","pic"
"1870","32377","7","3","2","2","17","Beach 1.jpg","pic"
"1871","32377","","","","","","Rainbow 2.jpg","pic"
"1872","32377","67","35","50","79","11","Toilet 4.jpg","pic"
"1873","32377","","","","","","Destruction 2.jpg","pic"
"1874","32377","16","1","1","21","36","Ferret 1.jpg","pic"
"1875","32377","","","","","","Lake 12.jpg","pic"
"1876","32377","26","21","13","37","25","Rainbow 2.jpg","pic"
"1877","32377","","","","","","Garbage dump 1.jpg","pic"
"1878","32377","50","36","26","61","66","Beach 1.jpg","pic"
"1879","32377","","","","","","Flood 1.jpg","pic"
"1880","32377","11","1","24","1","1","Toilet 4.jpg","pic"
"1881","32377","","","","","","Rocks 1.jpg","pic"
"1882","32377","1","1","10","1","1","Heart 3.jpg","pic"
"1883","32377","","","","","","Fire 10.jpg","pic"
"1884","32377","1","1","1","1","21","Fireworks 6.jpg","pic"
"1885","32377","","","","","","Prison 2.jpg","pic"
"1886","32377","1","1","11","2","13","Snow 1.jpg","pic"
"1887","32377","","","","","","Dirt 1.jpg","pic"
"1888","32377","67","77","34","66","74","Clean 1.jpg","pic"
"1889","31897","","","","","","Snow 1.jpg","pic"
"1890","31897","0","0","0","0","11","Ferret 1.jpg","pic"
"1891","31897","","","","","","Toilet 4.jpg","pic"
"1892","31897","0","0","0","0","0","Heart 3.jpg","pic"
"1893","31897","","","","","","Clean 1.jpg","pic"
"1894","31897","0","28","58","8","8","Flood 1.jpg","pic"
"1895","31897","","","","","","Rocks 1.jpg","pic"
"1896","31897","0","20","0","0","0","Dirt 1.jpg","pic"
"1897","31897","","","","","","Prison 2.jpg","pic"
"1898","31897","0","0","0","0","0","Lake 12.jpg","pic"
"1899","31897","","","","","","Beach 1.jpg","pic"
"1900","31897","0","0","0","0","0","Garbage dump 1.jpg","pic"
"1901","31897","","","","","","Rainbow 2.jpg","pic"
"1902","31897","47","42","23","16","35","Fireworks 6.jpg","pic"
"1903","31897","","","","","","Destruction 2.jpg","pic"
"1904","31897","36","48","17","25","7","Fire 10.jpg","pic"
"1905","31897","","","","","","Lake 12.jpg","pic"
"1906","31897","0","0","0","0","0","Fireworks 6.jpg","pic"
"1907","31897","","","","","","Rainbow 2.jpg","pic"
"1908","31897","63","78","55","59","28","Beach 1.jpg","pic"
"1909","31897","","","","","","Dirt 1.jpg","pic"
"1910","31897","61","65","62","59","77","Garbage dump 1.jpg","pic"
"1911","31897","","","","","","Heart 3.jpg","pic"
"1912","31897","16","13","8","18","8","Rocks 1.jpg","pic"
"1913","31897","","","","","","Clean 1.jpg","pic"
"1914","31897","0","0","0","0","5","Toilet 4.jpg","pic"
"1915","31897","","","","","","Prison 2.jpg","pic"
"1916","31897","16","48","33","13","20","Snow 1.jpg","pic"
"1917","31897","","","","","","Destruction 2.jpg","pic"
"1918","31897","0","0","0","0","0","Fire 10.jpg","pic"
"1919","31897","","","","","","Flood 1.jpg","pic"
"1920","31897","73","86","85","89","83","Ferret 1.jpg","pic"
"1921","32587","","","","","","Toilet 4.jpg","pic"
"1922","32587","58","26","63","22","69","Beach 1.jpg","pic"
"1923","32587","","","","","","Clean 1.jpg","pic"
"1924","32587","3","5","2","0","2","Fireworks 6.jpg","pic"
"1925","32587","","","","","","Flood 1.jpg","pic"
"1926","32587","55","35","30","19","87","Ferret 1.jpg","pic"
"1927","32587","","","","","","Lake 12.jpg","pic"
"1928","32587","5","0","0","0","0","Rainbow 2.jpg","pic"
"1929","32587","","","","","","Snow 1.jpg","pic"
"1930","32587","52","72","24","44","49","Heart 3.jpg","pic"
"1931","32587","","","","","","Destruction 2.jpg","pic"
"1932","32587","58","16","0","44","5","Dirt 1.jpg","pic"
"1933","32587","","","","","","Rocks 1.jpg","pic"
"1934","32587","53","80","35","50","66","Fire 10.jpg","pic"
"1935","32587","","","","","","Prison 2.jpg","pic"
"1936","32587","0","0","0","0","0","Garbage dump 1.jpg","pic"
"1937","32587","","","","","","Rocks 1.jpg","pic"
"1938","32587","77","69","32","58","87","Ferret 1.jpg","pic"
"1939","32587","","","","","","Dirt 1.jpg","pic"
"1940","32587","0","0","0","0","0","Fireworks 6.jpg","pic"
"1941","32587","","","","","","Snow 1.jpg","pic"
"1942","32587","77","88","25","49","92","Rainbow 2.jpg","pic"
"1943","32587","","","","","","Clean 1.jpg","pic"
"1944","32587","0","0","0","0","0","Destruction 2.jpg","pic"
"1945","32587","","","","","","Garbage dump 1.jpg","pic"
"1946","32587","0","0","0","0","0","Fire 10.jpg","pic"
"1947","32587","","","","","","Beach 1.jpg","pic"
"1948","32587","0","0","0","0","0","Toilet 4.jpg","pic"
"1949","32587","","","","","","Flood 1.jpg","pic"
"1950","32587","81","49","94","86","30","Prison 2.jpg","pic"
"1951","32587","","","","","","Heart 3.jpg","pic"
"1952","32587","79","96","41","77","99","Lake 12.jpg","pic"
"1953","29959","","","","","","Destruction 2.jpg","pic"
"1954","29959","2","16","0","0","25","Fire 10.jpg","pic"
"1955","29959","","","","","","Prison 2.jpg","pic"
"1956","29959","3","0","0","0","0","Rainbow 2.jpg","pic"
"1957","29959","","","","","","Snow 1.jpg","pic"
"1958","29959","0","0","0","0","0","Flood 1.jpg","pic"
"1959","29959","","","","","","Toilet 4.jpg","pic"
"1960","29959","31","47","0","0","100","Ferret 1.jpg","pic"
"1961","29959","","","","","","Fireworks 6.jpg","pic"
"1962","29959","0","0","0","0","0","Rocks 1.jpg","pic"
"1963","29959","","","","","","Heart 3.jpg","pic"
"1964","29959","6","0","11","12","0","Lake 12.jpg","pic"
"1965","29959","","","","","","Clean 1.jpg","pic"
"1966","29959","0","0","0","0","0","Garbage dump 1.jpg","pic"
"1967","29959","","","","","","Dirt 1.jpg","pic"
"1968","29959","77","88","96","91","99","Beach 1.jpg","pic"
"1969","29959","","","","","","Destruction 2.jpg","pic"
"1970","29959","3","0","0","0","0","Heart 3.jpg","pic"
"1971","29959","","","","","","Fire 10.jpg","pic"
"1972","29959","38","0","0","0","0","Toilet 4.jpg","pic"
"1973","29959","","","","","","Garbage dump 1.jpg","pic"
"1974","29959","64","59","65","100","100","Prison 2.jpg","pic"
"1975","29959","","","","","","Rainbow 2.jpg","pic"
"1976","29959","0","0","0","0","0","Flood 1.jpg","pic"
"1977","29959","","","","","","Dirt 1.jpg","pic"
"1978","29959","0","10","19","9","50","Rocks 1.jpg","pic"
"1979","29959","","","","","","Beach 1.jpg","pic"
"1980","29959","14","8","19","14","30","Fireworks 6.jpg","pic"
"1981","29959","","","","","","Clean 1.jpg","pic"
"1982","29959","14","3","4","3","3","Ferret 1.jpg","pic"
"1983","29959","","","","","","Lake 12.jpg","pic"
"1984","29959","0","0","0","0","0","Snow 1.jpg","pic"
"1985","31699","","","","","","Snow 1.jpg","pic"
"1986","31699","13","10","6","20","22","Prison 2.jpg","pic"
"1987","31699","","","","","","Fire 10.jpg","pic"
"1988","31699","2","0","2","0","5","Rocks 1.jpg","pic"
"1989","31699","","","","","","Beach 1.jpg","pic"
"1990","31699","4","1","3","1","24","Fireworks 6.jpg","pic"
"1991","31699","","","","","","Ferret 1.jpg","pic"
"1992","31699","1","2","0","0","0","Garbage dump 1.jpg","pic"
"1993","31699","","","","","","Lake 12.jpg","pic"
"1994","31699","1","0","1","0","54","Dirt 1.jpg","pic"
"1995","31699","","","","","","Destruction 2.jpg","pic"
"1996","31699","17","22","14","19","42","Flood 1.jpg","pic"
"1997","31699","","","","","","Clean 1.jpg","pic"
"1998","31699","36","46","37","47","42","Rainbow 2.jpg","pic"
"1999","31699","","","","","","Heart 3.jpg","pic"
"2000","31699","0","1","0","0","43","Toilet 4.jpg","pic"
"2001","31699","","","","","","Flood 1.jpg","pic"
"2002","31699","2","2","0","2","15","Ferret 1.jpg","pic"
"2003","31699","","","","","","Clean 1.jpg","pic"
"2004","31699","31","51","41","48","50","Heart 3.jpg","pic"
"2005","31699","","","","","","Lake 12.jpg","pic"
"2006","31699","42","47","39","54","48","Garbage dump 1.jpg","pic"
"2007","31699","","","","","","Fire 10.jpg","pic"
"2008","31699","12","10","4","11","16","Rocks 1.jpg","pic"
"2009","31699","","","","","","Toilet 4.jpg","pic"
"2010","31699","2","1","1","1","20","Prison 2.jpg","pic"
"2011","31699","","","","","","Destruction 2.jpg","pic"
"2012","31699","36","34","32","36","33","Rainbow 2.jpg","pic"
"2013","31699","","","","","","Snow 1.jpg","pic"
"2014","31699","0","1","1","1","2","Dirt 1.jpg","pic"
"2015","31699","","","","","","Beach 1.jpg","pic"
"2016","31699","0","1","0","0","2","Fireworks 6.jpg","pic"
"2017","29962","","","","","","Destruction 2.jpg","pic"
"2018","29962","0","0","0","0","0","Toilet 4.jpg","pic"
"2019","29962","","","","","","Rocks 1.jpg","pic"
"2020","29962","0","80","0","0","49","Fireworks 6.jpg","pic"
"2021","29962","","","","","","Snow 1.jpg","pic"
"2022","29962","0","0","0","0","0","Prison 2.jpg","pic"
"2023","29962","","","","","","Fire 10.jpg","pic"
"2024","29962","48","35","34","36","0","Lake 12.jpg","pic"
"2025","29962","","","","","","Heart 3.jpg","pic"
"2026","29962","0","0","0","0","0","Clean 1.jpg","pic"
"2027","29962","","","","","","Rainbow 2.jpg","pic"
"2028","29962","0","0","0","0","0","Flood 1.jpg","pic"
"2029","29962","","","","","","Beach 1.jpg","pic"
"2030","29962","0","0","0","0","0","Garbage dump 1.jpg","pic"
"2031","29962","","","","","","Dirt 1.jpg","pic"
"2032","29962","47","54","0","0","48","Ferret 1.jpg","pic"
"2033","29962","","","","","","Rainbow 2.jpg","pic"
"2034","29962","49","73","0","0","59","Destruction 2.jpg","pic"
"2035","29962","","","","","","Lake 12.jpg","pic"
"2036","29962","0","0","0","0","0","Fireworks 6.jpg","pic"
"2037","29962","","","","","","Rocks 1.jpg","pic"
"2038","29962","50","50","0","0","88","Ferret 1.jpg","pic"
"2039","29962","","","","","","Fire 10.jpg","pic"
"2040","29962","0","0","0","0","0","Snow 1.jpg","pic"
"2041","29962","","","","","","Prison 2.jpg","pic"
"2042","29962","0","0","0","17","0","Flood 1.jpg","pic"
"2043","29962","","","","","","Heart 3.jpg","pic"
"2044","29962","55","49","55","49","54","Dirt 1.jpg","pic"
"2045","29962","","","","","","Beach 1.jpg","pic"
"2046","29962","0","0","0","0","0","Garbage dump 1.jpg","pic"
"2047","29962","","","","","","Toilet 4.jpg","pic"
"2048","29962","43","49","0","0","52","Clean 1.jpg","pic"
"2049","30415","","","","","","Clean 1.jpg","pic"
"2050","30415","35","0","5","25","50","Snow 1.jpg","pic"
"2051","30415","","","","","","Garbage dump 1.jpg","pic"
"2052","30415","52","15","0","42","43","Heart 3.jpg","pic"
"2053","30415","","","","","","Ferret 1.jpg","pic"
"2054","30415","0","0","0","0","0","Dirt 1.jpg","pic"
"2055","30415","","","","","","Fireworks 6.jpg","pic"
"2056","30415","0","48","0","0","46","Destruction 2.jpg","pic"
"2057","30415","","","","","","Beach 1.jpg","pic"
"2058","30415","0","0","0","0","0","Flood 1.jpg","pic"
"2059","30415","","","","","","Lake 12.jpg","pic"
"2060","30415","0","0","0","0","0","Prison 2.jpg","pic"
"2061","30415","","","","","","Rocks 1.jpg","pic"
"2062","30415","0","0","0","0","0","Rainbow 2.jpg","pic"
"2063","30415","","","","","","Fire 10.jpg","pic"
"2064","30415","0","0","0","0","0","Toilet 4.jpg","pic"
"2065","30415","","","","","","Dirt 1.jpg","pic"
"2066","30415","0","0","0","0","0","Prison 2.jpg","pic"
"2067","30415","","","","","","Snow 1.jpg","pic"
"2068","30415","0","0","0","0","0","Beach 1.jpg","pic"
"2069","30415","","","","","","Garbage dump 1.jpg","pic"
"2070","30415","16","43","0","23","18","Lake 12.jpg","pic"
"2071","30415","","","","","","Ferret 1.jpg","pic"
"2072","30415","31","15","51","28","0","Toilet 4.jpg","pic"
"2073","30415","","","","","","Fireworks 6.jpg","pic"
"2074","30415","46","45","19","50","57","Heart 3.jpg","pic"
"2075","30415","","","","","","Clean 1.jpg","pic"
"2076","30415","12","31","0","0","26","Fire 10.jpg","pic"
"2077","30415","","","","","","Flood 1.jpg","pic"
"2078","30415","14","33","9","28","50","Rocks 1.jpg","pic"
"2079","30415","","","","","","Rainbow 2.jpg","pic"
"2080","30415","0","0","0","0","0","Destruction 2.jpg","pic"
"2081","32362","","","","","","Rainbow 2.jpg","pic"
"2082","32362","0","0","0","1","0","Beach 1.jpg","pic"
"2083","32362","","","","","","Lake 12.jpg","pic"
"2084","32362","0","0","0","0","1","Flood 1.jpg","pic"
"2085","32362","","","","","","Destruction 2.jpg","pic"
"2086","32362","63","52","37","51","61","Fire 10.jpg","pic"
"2087","32362","","","","","","Garbage dump 1.jpg","pic"
"2088","32362","45","46","8","35","51","Fireworks 6.jpg","pic"
"2089","32362","","","","","","Heart 3.jpg","pic"
"2090","32362","0","0","0","0","0","Rocks 1.jpg","pic"
"2091","32362","","","","","","Clean 1.jpg","pic"
"2092","32362","48","48","47","57","29","Ferret 1.jpg","pic"
"2093","32362","","","","","","Toilet 4.jpg","pic"
"2094","32362","49","47","48","56","35","Dirt 1.jpg","pic"
"2095","32362","","","","","","Prison 2.jpg","pic"
"2096","32362","51","35","28","50","48","Snow 1.jpg","pic"
"2097","32362","","","","","","Toilet 4.jpg","pic"
"2098","32362","0","0","0","0","0","Flood 1.jpg","pic"
"2099","32362","","","","","","Beach 1.jpg","pic"
"2100","32362","2","0","0","2","0","Dirt 1.jpg","pic"
"2101","32362","","","","","","Garbage dump 1.jpg","pic"
"2102","32362","20","49","25","62","100","Ferret 1.jpg","pic"
"2103","32362","","","","","","Fireworks 6.jpg","pic"
"2104","32362","19","50","68","51","85","Heart 3.jpg","pic"
"2105","32362","","","","","","Destruction 2.jpg","pic"
"2106","32362","25","37","13","58","50","Lake 12.jpg","pic"
"2107","32362","","","","","","Snow 1.jpg","pic"
"2108","32362","0","0","0","0","1","Rainbow 2.jpg","pic"
"2109","32362","","","","","","Fire 10.jpg","pic"
"2110","32362","1","0","0","0","0","Clean 1.jpg","pic"
"2111","32362","","","","","","Prison 2.jpg","pic"
"2112","32362","16","0","53","13","0","Rocks 1.jpg","pic"
"2113","TEAM_YA_080","","","","","","Beach 1.jpg","pic"
"2114","TEAM_YA_080","82","29","80","76","96","Garbage dump 1.jpg","pic"
"2115","TEAM_YA_080","","","","","","Rainbow 2.jpg","pic"
"2116","TEAM_YA_080","2","4","1","3","2","Toilet 4.jpg","pic"
"2117","TEAM_YA_080","","","","","","Snow 1.jpg","pic"
"2118","TEAM_YA_080","1","3","4","2","36","Ferret 1.jpg","pic"
"2119","TEAM_YA_080","","","","","","Heart 3.jpg","pic"
"2120","TEAM_YA_080","96","76","96","81","99","Destruction 2.jpg","pic"
"2121","TEAM_YA_080","","","","","","Rocks 1.jpg","pic"
"2122","TEAM_YA_080","97","98","98","98","96","Flood 1.jpg","pic"
"2123","TEAM_YA_080","","","","","","Clean 1.jpg","pic"
"2124","TEAM_YA_080","65","39","68","35","52","Prison 2.jpg","pic"
"2125","TEAM_YA_080","","","","","","Dirt 1.jpg","pic"
"2126","TEAM_YA_080","1","3","2","1","3","Fire 10.jpg","pic"
"2127","TEAM_YA_080","","","","","","Fireworks 6.jpg","pic"
"2128","TEAM_YA_080","54","41","14","52","53","Lake 12.jpg","pic"
"2129","TEAM_YA_080","","","","","","Garbage dump 1.jpg","pic"
"2130","TEAM_YA_080","82","27","96","28","99","Beach 1.jpg","pic"
"2131","TEAM_YA_080","","","","","","Toilet 4.jpg","pic"
"2132","TEAM_YA_080","1","2","4","4","0","Heart 3.jpg","pic"
"2133","TEAM_YA_080","","","","","","Ferret 1.jpg","pic"
"2134","TEAM_YA_080","47","100","2","55","96","Fireworks 6.jpg","pic"
"2135","TEAM_YA_080","","","","","","Fire 10.jpg","pic"
"2136","TEAM_YA_080","61","3","65","4","2","Clean 1.jpg","pic"
"2137","TEAM_YA_080","","","","","","Destruction 2.jpg","pic"
"2138","TEAM_YA_080","4","0","1","3","1","Flood 1.jpg","pic"
"2139","TEAM_YA_080","","","","","","Lake 12.jpg","pic"
"2140","TEAM_YA_080","2","4","2","3","1","Prison 2.jpg","pic"
"2141","TEAM_YA_080","","","","","","Snow 1.jpg","pic"
"2142","TEAM_YA_080","2","8","3","2","44","Rocks 1.jpg","pic"
"2143","TEAM_YA_080","","","","","","Rainbow 2.jpg","pic"
"2144","TEAM_YA_080","1","4","1","2","5","Dirt 1.jpg","pic"
"2145","TEAM_YA_082","","","","","","Snow 1.jpg","pic"
"2146","TEAM_YA_082","24","50","18","10","42","Toilet 4.jpg","pic"
"2147","TEAM_YA_082","","","","","","Prison 2.jpg","pic"
"2148","TEAM_YA_082","59","63","57","59","67","Garbage dump 1.jpg","pic"
"2149","TEAM_YA_082","","","","","","Dirt 1.jpg","pic"
"2150","TEAM_YA_082","10","15","16","18","25","Rocks 1.jpg","pic"
"2151","TEAM_YA_082","","","","","","Beach 1.jpg","pic"
"2152","TEAM_YA_082","70","77","71","73","57","Heart 3.jpg","pic"
"2153","TEAM_YA_082","","","","","","Flood 1.jpg","pic"
"2154","TEAM_YA_082","22","0","14","18","20","Lake 12.jpg","pic"
"2155","TEAM_YA_082","","","","","","Fireworks 6.jpg","pic"
"2156","TEAM_YA_082","6","14","12","0","21","Clean 1.jpg","pic"
"2157","TEAM_YA_082","","","","","","Ferret 1.jpg","pic"
"2158","TEAM_YA_082","15","18","36","23","23","Rainbow 2.jpg","pic"
"2159","TEAM_YA_082","","","","","","Destruction 2.jpg","pic"
"2160","TEAM_YA_082","42","34","32","30","45","Fire 10.jpg","pic"
"2161","TEAM_YA_082","","","","","","Flood 1.jpg","pic"
"2162","TEAM_YA_082","42","7","9","10","50","Rocks 1.jpg","pic"
"2163","TEAM_YA_082","","","","","","Fire 10.jpg","pic"
"2164","TEAM_YA_082","68","72","15","39","60","Fireworks 6.jpg","pic"
"2165","TEAM_YA_082","","","","","","Toilet 4.jpg","pic"
"2166","TEAM_YA_082","19","47","42","14","66","Dirt 1.jpg","pic"
"2167","TEAM_YA_082","","","","","","Destruction 2.jpg","pic"
"2168","TEAM_YA_082","5","0","7","0","52","Clean 1.jpg","pic"
"2169","TEAM_YA_082","","","","","","Heart 3.jpg","pic"
"2170","TEAM_YA_082","69","87","42","74","78","Garbage dump 1.jpg","pic"
"2171","TEAM_YA_082","","","","","","Lake 12.jpg","pic"
"2172","TEAM_YA_082","69","48","75","42","72","Rainbow 2.jpg","pic"
"2173","TEAM_YA_082","","","","","","Ferret 1.jpg","pic"
"2174","TEAM_YA_082","34","29","31","26","33","Snow 1.jpg","pic"
"2175","TEAM_YA_082","","","","","","Prison 2.jpg","pic"
"2176","TEAM_YA_082","30","57","44","32","46","Beach 1.jpg","pic"
"2177","TEAM_YA_083","","","","","","Lake 12.jpg","pic"
"2178","TEAM_YA_083","4","4","18","11","15","Rainbow 2.jpg","pic"
"2179","TEAM_YA_083","","","","","","Ferret 1.jpg","pic"
"2180","TEAM_YA_083","42","49","49","31","25","Rocks 1.jpg","pic"
"2181","TEAM_YA_083","","","","","","Toilet 4.jpg","pic"
"2182","TEAM_YA_083","47","61","45","28","61","Dirt 1.jpg","pic"
"2183","TEAM_YA_083","","","","","","Flood 1.jpg","pic"
"2184","TEAM_YA_083","49","51","23","16","30","Destruction 2.jpg","pic"
"2185","TEAM_YA_083","","","","","","Prison 2.jpg","pic"
"2186","TEAM_YA_083","59","21","70","46","49","Garbage dump 1.jpg","pic"
"2187","TEAM_YA_083","","","","","","Heart 3.jpg","pic"
"2188","TEAM_YA_083","7","2","21","2","24","Fireworks 6.jpg","pic"
"2189","TEAM_YA_083","","","","","","Beach 1.jpg","pic"
"2190","TEAM_YA_083","22","32","5","5","29","Snow 1.jpg","pic"
"2191","TEAM_YA_083","","","","","","Clean 1.jpg","pic"
"2192","TEAM_YA_083","51","6","18","11","59","Fire 10.jpg","pic"
"2193","TEAM_YA_083","","","","","","Toilet 4.jpg","pic"
"2194","TEAM_YA_083","7","9","12","11","19","Fire 10.jpg","pic"
"2195","TEAM_YA_083","","","","","","Rocks 1.jpg","pic"
"2196","TEAM_YA_083","35","35","33","6","58","Snow 1.jpg","pic"
"2197","TEAM_YA_083","","","","","","Garbage dump 1.jpg","pic"
"2198","TEAM_YA_083","50","22","19","2","64","Heart 3.jpg","pic"
"2199","TEAM_YA_083","","","","","","Fireworks 6.jpg","pic"
"2200","TEAM_YA_083","8","2","6","2","8","Rainbow 2.jpg","pic"
"2201","TEAM_YA_083","","","","","","Dirt 1.jpg","pic"
"2202","TEAM_YA_083","6","1","1","3","3","Prison 2.jpg","pic"
"2203","TEAM_YA_083","","","","","","Clean 1.jpg","pic"
"2204","TEAM_YA_083","74","60","15","16","54","Beach 1.jpg","pic"
"2205","TEAM_YA_083","","","","","","Lake 12.jpg","pic"
"2206","TEAM_YA_083","20","5","3","5","2","Destruction 2.jpg","pic"
"2207","TEAM_YA_083","","","","","","Flood 1.jpg","pic"
"2208","TEAM_YA_083","8","9","15","4","10","Ferret 1.jpg","pic"
"2209","TEAM_YA_084","","","","","","Rainbow 2.jpg","pic"
"2210","TEAM_YA_084","8","14","23","18","12","Garbage dump 1.jpg","pic"
"2211","TEAM_YA_084","","","","","","Prison 2.jpg","pic"
"2212","TEAM_YA_084","3","9","6","0","10","Clean 1.jpg","pic"
"2213","TEAM_YA_084","","","","","","Beach 1.jpg","pic"
"2214","TEAM_YA_084","16","23","19","27","16","Snow 1.jpg","pic"
"2215","TEAM_YA_084","","","","","","Toilet 4.jpg","pic"
"2216","TEAM_YA_084","1","2","2","3","3","Rocks 1.jpg","pic"
"2217","TEAM_YA_084","","","","","","Heart 3.jpg","pic"
"2218","TEAM_YA_084","2","3","2","2","3","Fire 10.jpg","pic"
"2219","TEAM_YA_084","","","","","","Lake 12.jpg","pic"
"2220","TEAM_YA_084","18","17","33","27","26","Fireworks 6.jpg","pic"
"2221","TEAM_YA_084","","","","","","Ferret 1.jpg","pic"
"2222","TEAM_YA_084","24","10","23","24","1","Destruction 2.jpg","pic"
"2223","TEAM_YA_084","","","","","","Dirt 1.jpg","pic"
"2224","TEAM_YA_084","0","3","1","2","2","Flood 1.jpg","pic"
"2225","TEAM_YA_084","","","","","","Rocks 1.jpg","pic"
"2226","TEAM_YA_084","9","21","14","14","27","Fire 10.jpg","pic"
"2227","TEAM_YA_084","","","","","","Destruction 2.jpg","pic"
"2228","TEAM_YA_084","1","1","4","2","1","Fireworks 6.jpg","pic"
"2229","TEAM_YA_084","","","","","","Rainbow 2.jpg","pic"
"2230","TEAM_YA_084","26","33","33","40","35","Prison 2.jpg","pic"
"2231","TEAM_YA_084","","","","","","Ferret 1.jpg","pic"
"2232","TEAM_YA_084","35","25","35","38","14","Beach 1.jpg","pic"
"2233","TEAM_YA_084","","","","","","Heart 3.jpg","pic"
"2234","TEAM_YA_084","6","5","4","2","3","Toilet 4.jpg","pic"
"2235","TEAM_YA_084","","","","","","Dirt 1.jpg","pic"
"2236","TEAM_YA_084","3","3","0","0","4","Flood 1.jpg","pic"
"2237","TEAM_YA_084","","","","","","Lake 12.jpg","pic"
"2238","TEAM_YA_084","33","27","46","32","34","Snow 1.jpg","pic"
"2239","TEAM_YA_084","","","","","","Garbage dump 1.jpg","pic"
"2240","TEAM_YA_084","23","17","17","11","7","Clean 1.jpg","pic"
"2241","TEAM_YA_085","","","","","","Destruction 2.jpg","pic"
"2242","TEAM_YA_085","49","4","47","58","31","Heart 3.jpg","pic"
"2243","TEAM_YA_085","","","","","","Clean 1.jpg","pic"
"2244","TEAM_YA_085","0","0","0","0","6","Rocks 1.jpg","pic"
"2245","TEAM_YA_085","","","","","","Fireworks 6.jpg","pic"
"2246","TEAM_YA_085","66","38","6","42","78","Toilet 4.jpg","pic"
"2247","TEAM_YA_085","","","","","","Dirt 1.jpg","pic"
"2248","TEAM_YA_085","13","32","4","8","49","Lake 12.jpg","pic"
"2249","TEAM_YA_085","","","","","","Flood 1.jpg","pic"
"2250","TEAM_YA_085","47","55","51","45","83","Rainbow 2.jpg","pic"
"2251","TEAM_YA_085","","","","","","Snow 1.jpg","pic"
"2252","TEAM_YA_085","0","0","0","0","0","Fire 10.jpg","pic"
"2253","TEAM_YA_085","","","","","","Prison 2.jpg","pic"
"2254","TEAM_YA_085","83","86","48","83","65","Beach 1.jpg","pic"
"2255","TEAM_YA_085","","","","","","Ferret 1.jpg","pic"
"2256","TEAM_YA_085","23","38","12","32","30","Garbage dump 1.jpg","pic"
"2257","TEAM_YA_085","","","","","","Fireworks 6.jpg","pic"
"2258","TEAM_YA_085","0","0","0","0","0","Fire 10.jpg","pic"
"2259","TEAM_YA_085","","","","","","Rainbow 2.jpg","pic"
"2260","TEAM_YA_085","0","0","0","0","23","Prison 2.jpg","pic"
"2261","TEAM_YA_085","","","","","","Flood 1.jpg","pic"
"2262","TEAM_YA_085","0","55","21","24","83","Clean 1.jpg","pic"
"2263","TEAM_YA_085","","","","","","Ferret 1.jpg","pic"
"2264","TEAM_YA_085","71","58","75","84","39","Dirt 1.jpg","pic"
"2265","TEAM_YA_085","","","","","","Beach 1.jpg","pic"
"2266","TEAM_YA_085","0","0","0","0","0","Garbage dump 1.jpg","pic"
"2267","TEAM_YA_085","","","","","","Rocks 1.jpg","pic"
"2268","TEAM_YA_085","14","12","0","2","32","Lake 12.jpg","pic"
"2269","TEAM_YA_085","","","","","","Toilet 4.jpg","pic"
"2270","TEAM_YA_085","10","2","0","0","0","Destruction 2.jpg","pic"
"2271","TEAM_YA_085","","","","","","Snow 1.jpg","pic"
"2272","TEAM_YA_085","40","44","55","66","66","Heart 3.jpg","pic"
"2273","TEAM_YA_077","","","","","","Fireworks 6.jpg","pic"
"2274","TEAM_YA_077","96","100","91","46","97","Flood 1.jpg","pic"
"2275","TEAM_YA_077","","","","","","Rocks 1.jpg","pic"
"2276","TEAM_YA_077","0","0","0","0","0","Heart 3.jpg","pic"
"2277","TEAM_YA_077","","","","","","Rainbow 2.jpg","pic"
"2278","TEAM_YA_077","0","0","0","0","10","Destruction 2.jpg","pic"
"2279","TEAM_YA_077","","","","","","Lake 12.jpg","pic"
"2280","TEAM_YA_077","100","100","100","100","65","Beach 1.jpg","pic"
"2281","TEAM_YA_077","","","","","","Garbage dump 1.jpg","pic"
"2282","TEAM_YA_077","47","54","21","8","94","Prison 2.jpg","pic"
"2283","TEAM_YA_077","","","","","","Clean 1.jpg","pic"
"2284","TEAM_YA_077","25","51","48","50","49","Ferret 1.jpg","pic"
"2285","TEAM_YA_077","","","","","","Toilet 4.jpg","pic"
"2286","TEAM_YA_077","100","100","100","100","100","Dirt 1.jpg","pic"
"2287","TEAM_YA_077","","","","","","Fire 10.jpg","pic"
"2288","TEAM_YA_077","0","0","0","0","0","Snow 1.jpg","pic"
"2289","TEAM_YA_077","","","","","","Lake 12.jpg","pic"
"2290","TEAM_YA_077","4","25","0","0","0","Destruction 2.jpg","pic"
"2291","TEAM_YA_077","","","","","","Prison 2.jpg","pic"
"2292","TEAM_YA_077","79","87","72","84","100","Fireworks 6.jpg","pic"
"2293","TEAM_YA_077","","","","","","Snow 1.jpg","pic"
"2294","TEAM_YA_077","100","100","100","100","100","Heart 3.jpg","pic"
"2295","TEAM_YA_077","","","","","","Rainbow 2.jpg","pic"
"2296","TEAM_YA_077","0","0","0","0","0","Dirt 1.jpg","pic"
"2297","TEAM_YA_077","","","","","","Ferret 1.jpg","pic"
"2298","TEAM_YA_077","0","0","0","0","0","Rocks 1.jpg","pic"
"2299","TEAM_YA_077","","","","","","Beach 1.jpg","pic"
"2300","TEAM_YA_077","100","100","100","100","100","Fire 10.jpg","pic"
"2301","TEAM_YA_077","","","","","","Garbage dump 1.jpg","pic"
"2302","TEAM_YA_077","0","0","0","0","0","Clean 1.jpg","pic"
"2303","TEAM_YA_077","","","","","","Toilet 4.jpg","pic"
"2304","TEAM_YA_077","0","0","0","0","0","Flood 1.jpg","pic"
"2305","32368","","","","","","11_10.mp3","music"
"2306","32368","0","0","0","0","0","8_2.mp3","music"
"2307","32368","","","","","","6_10.mp3","music"
"2308","32368","90","11","100","46","48","11_2.mp3","music"
"2309","32368","","","","","","2_1.mp3","music"
"2310","32368","0","0","0","0","0","7_13.mp3","music"
"2311","32368","","","","","","10_2.mp3","music"
"2312","32368","0","0","0","0","0","12_2.mp3","music"
"2313","32368","","","","","","11_11.mp3","music"
"2314","32368","22","40","50","31","91","7_10.mp3","music"
"2315","32368","","","","","","5_14.mp3","music"
"2316","32368","4","12","0","12","27","4_1.mp3","music"
"2317","32368","","","","","","6_5.mp3","music"
"2318","32368","18","39","65","59","31","3_1.mp3","music"
"2319","32368","","","","","","10_1.mp3","music"
"2320","32368","37","7","19","34","29","4_2.mp3","music"
"2321","32368","","","","","","5_14.mp3","music"
"2322","32368","7","0","0","0","0","7_13.mp3","music"
"2323","32368","","","","","","10_1.mp3","music"
"2324","32368","0","0","0","0","0","11_10.mp3","music"
"2325","32368","","","","","","2_1.mp3","music"
"2326","32368","0","0","0","0","0","4_1.mp3","music"
"2327","32368","","","","","","7_10.mp3","music"
"2328","32368","30","38","86","65","47","6_5.mp3","music"
"2329","32368","","","","","","11_11.mp3","music"
"2330","32368","52","79","100","70","52","3_1.mp3","music"
"2331","32368","","","","","","11_2.mp3","music"
"2332","32368","0","0","0","0","83","10_2.mp3","music"
"2333","32368","","","","","","6_10.mp3","music"
"2334","32368","39","26","50","42","28","8_2.mp3","music"
"2335","32368","","","","","","12_2.mp3","music"
"2336","32368","0","0","0","0","0","4_2.mp3","music"
"2337","32449","","","","","","3_1.mp3","music"
"2338","32449","13","6","8","7","9","6_10.mp3","music"
"2339","32449","","","","","","2_1.mp3","music"
"2340","32449","5","3","1","4","3","8_2.mp3","music"
"2341","32449","","","","","","7_10.mp3","music"
"2342","32449","10","3","5","7","15","6_5.mp3","music"
"2343","32449","","","","","","11_11.mp3","music"
"2344","32449","12","9","27","3","2","12_2.mp3","music"
"2345","32449","","","","","","7_13.mp3","music"
"2346","32449","19","11","11","5","18","4_2.mp3","music"
"2347","32449","","","","","","4_1.mp3","music"
"2348","32449","17","21","11","4","41","10_2.mp3","music"
"2349","32449","","","","","","5_14.mp3","music"
"2350","32449","5","2","8","3","4","11_10.mp3","music"
"2351","32449","","","","","","11_2.mp3","music"
"2352","32449","35","38","40","23","26","10_1.mp3","music"
"2353","32449","","","","","","4_1.mp3","music"
"2354","32449","4","3","1","2","4","12_2.mp3","music"
"2355","32449","","","","","","11_2.mp3","music"
"2356","32449","11","21","6","7","23","10_2.mp3","music"
"2357","32449","","","","","","7_10.mp3","music"
"2358","32449","11","4","7","1","35","6_5.mp3","music"
"2359","32449","","","","","","10_1.mp3","music"
"2360","32449","17","18","23","21","11","5_14.mp3","music"
"2361","32449","","","","","","7_13.mp3","music"
"2362","32449","4","27","27","11","3","8_2.mp3","music"
"2363","32449","","","","","","11_10.mp3","music"
"2364","32449","19","42","55","33","28","2_1.mp3","music"
"2365","32449","","","","","","3_1.mp3","music"
"2366","32449","33","39","29","28","71","4_2.mp3","music"
"2367","32449","","","","","","11_11.mp3","music"
"2368","32449","2","3","2","3","35","6_10.mp3","music"
"2369","31267","","","","","","5_14.mp3","music"
"2370","31267","32","38","18","0","64","10_1.mp3","music"
"2371","31267","","","","","","10_2.mp3","music"
"2372","31267","24","29","12","0","0","4_1.mp3","music"
"2373","31267","","","","","","11_10.mp3","music"
"2374","31267","54","100","55","14","100","6_5.mp3","music"
"2375","31267","","","","","","7_10.mp3","music"
"2376","31267","100","80","100","100","21","12_2.mp3","music"
"2377","31267","","","","","","8_2.mp3","music"
"2378","31267","0","0","0","0","0","2_1.mp3","music"
"2379","31267","","","","","","4_2.mp3","music"
"2380","31267","67","78","100","100","32","11_11.mp3","music"
"2381","31267","","","","","","11_2.mp3","music"
"2382","31267","12","58","23","0","64","3_1.mp3","music"
"2383","31267","","","","","","7_13.mp3","music"
"2384","31267","100","100","70","65","100","6_10.mp3","music"
"2385","31267","","","","","","7_10.mp3","music"
"2386","31267","10","79","28","0","100","10_2.mp3","music"
"2387","31267","","","","","","4_1.mp3","music"
"2388","31267","33","74","18","10","100","8_2.mp3","music"
"2389","31267","","","","","","6_5.mp3","music"
"2390","31267","60","78","67","47","34","3_1.mp3","music"
"2391","31267","","","","","","11_11.mp3","music"
"2392","31267","98","100","100","100","0","4_2.mp3","music"
"2393","31267","","","","","","6_10.mp3","music"
"2394","31267","1","0","3","0","61","7_13.mp3","music"
"2395","31267","","","","","","2_1.mp3","music"
"2396","31267","0","0","91","0","0","12_2.mp3","music"
"2397","31267","","","","","","11_2.mp3","music"
"2398","31267","0","0","80","0","0","11_10.mp3","music"
"2399","31267","","","","","","10_1.mp3","music"
"2400","31267","60","88","57","51","53","5_14.mp3","music"
"2401","31522","","","","","","10_1.mp3","music"
"2402","31522","33","17","19","20","22","11_11.mp3","music"
"2403","31522","","","","","","6_5.mp3","music"
"2404","31522","52","30","36","21","50","7_13.mp3","music"
"2405","31522","","","","","","7_10.mp3","music"
"2406","31522","17","11","10","19","11","6_10.mp3","music"
"2407","31522","","","","","","5_14.mp3","music"
"2408","31522","60","65","57","67","82","8_2.mp3","music"
"2409","31522","","","","","","11_2.mp3","music"
"2410","31522","21","3","13","4","14","12_2.mp3","music"
"2411","31522","","","","","","10_2.mp3","music"
"2412","31522","86","68","84","84","20","4_1.mp3","music"
"2413","31522","","","","","","2_1.mp3","music"
"2414","31522","24","26","34","22","15","4_2.mp3","music"
"2415","31522","","","","","","11_10.mp3","music"
"2416","31522","8","15","17","18","14","3_1.mp3","music"
"2417","31522","","","","","","2_1.mp3","music"
"2418","31522","5","3","3","4","5","5_14.mp3","music"
"2419","31522","","","","","","11_11.mp3","music"
"2420","31522","73","75","85","86","43","11_10.mp3","music"
"2421","31522","","","","","","3_1.mp3","music"
"2422","31522","14","2","44","20","6","6_5.mp3","music"
"2423","31522","","","","","","10_1.mp3","music"
"2424","31522","3","3","2","3","2","7_13.mp3","music"
"2425","31522","","","","","","8_2.mp3","music"
"2426","31522","18","13","11","12","10","7_10.mp3","music"
"2427","31522","","","","","","10_2.mp3","music"
"2428","31522","30","75","20","43","61","4_1.mp3","music"
"2429","31522","","","","","","6_10.mp3","music"
"2430","31522","46","10","16","15","18","12_2.mp3","music"
"2431","31522","","","","","","4_2.mp3","music"
"2432","31522","22","11","15","8","19","11_2.mp3","music"
"2433","29986","","","","","","8_2.mp3","music"
"2434","29986","23","39","1","3","60","4_1.mp3","music"
"2435","29986","","","","","","4_2.mp3","music"
"2436","29986","57","66","40","22","29","12_2.mp3","music"
"2437","29986","","","","","","10_1.mp3","music"
"2438","29986","11","18","42","0","6","11_11.mp3","music"
"2439","29986","","","","","","3_1.mp3","music"
"2440","29986","73","65","4","4","68","5_14.mp3","music"
"2441","29986","","","","","","6_5.mp3","music"
"2442","29986","0","7","25","0","0","7_13.mp3","music"
"2443","29986","","","","","","10_2.mp3","music"
"2444","29986","7","4","10","15","5","11_2.mp3","music"
"2445","29986","","","","","","6_10.mp3","music"
"2446","29986","0","0","31","0","0","2_1.mp3","music"
"2447","29986","","","","","","11_10.mp3","music"
"2448","29986","75","92","55","28","99","7_10.mp3","music"
"2449","29986","","","","","","10_2.mp3","music"
"2450","29986","48","74","55","39","29","6_10.mp3","music"
"2451","29986","","","","","","2_1.mp3","music"
"2452","29986","49","55","12","32","66","8_2.mp3","music"
"2453","29986","","","","","","11_2.mp3","music"
"2454","29986","9","67","9","0","93","11_10.mp3","music"
"2455","29986","","","","","","7_10.mp3","music"
"2456","29986","24","66","0","0","94","7_13.mp3","music"
"2457","29986","","","","","","3_1.mp3","music"
"2458","29986","3","4","8","1","0","4_2.mp3","music"
"2459","29986","","","","","","6_5.mp3","music"
"2460","29986","0","23","0","0","44","5_14.mp3","music"
"2461","29986","","","","","","10_1.mp3","music"
"2462","29986","22","46","8","0","55","4_1.mp3","music"
"2463","29986","","","","","","11_11.mp3","music"
"2464","29986","0","27","31","0","4","12_2.mp3","music"
"2465","30388","","","","","","4_2.mp3","music"
"2466","30388","0","0","0","0","0","7_13.mp3","music"
"2467","30388","","","","","","6_5.mp3","music"
"2468","30388","51","35","56","31","0","11_2.mp3","music"
"2469","30388","","","","","","12_2.mp3","music"
"2470","30388","0","86","0","0","80","2_1.mp3","music"
"2471","30388","","","","","","6_10.mp3","music"
"2472","30388","0","69","0","0","98","4_1.mp3","music"
"2473","30388","","","","","","8_2.mp3","music"
"2474","30388","0","0","53","0","0","10_2.mp3","music"
"2475","30388","","","","","","10_1.mp3","music"
"2476","30388","0","67","0","0","93","3_1.mp3","music"
"2477","30388","","","","","","11_10.mp3","music"
"2478","30388","0","0","0","0","63","11_11.mp3","music"
"2479","30388","","","","","","7_10.mp3","music"
"2480","30388","0","0","0","0","85","5_14.mp3","music"
"2481","30388","","","","","","8_2.mp3","music"
"2482","30388","0","0","0","0","0","4_1.mp3","music"
"2483","30388","","","","","","3_1.mp3","music"
"2484","30388","0","0","0","0","77","5_14.mp3","music"
"2485","30388","","","","","","10_1.mp3","music"
"2486","30388","0","59","0","0","0","7_10.mp3","music"
"2487","30388","","","","","","10_2.mp3","music"
"2488","30388","23","65","0","0","92","2_1.mp3","music"
"2489","30388","","","","","","11_11.mp3","music"
"2490","30388","0","0","0","0","0","4_2.mp3","music"
"2491","30388","","","","","","7_13.mp3","music"
"2492","30388","0","0","11","0","0","11_2.mp3","music"
"2493","30388","","","","","","6_10.mp3","music"
"2494","30388","24","31","0","0","88","12_2.mp3","music"
"2495","30388","","","","","","11_10.mp3","music"
"2496","30388","0","0","0","0","78","6_5.mp3","music"
"2497","31279","","","","","","11_10.mp3","music"
"2498","31279","67","52","84","61","11","8_2.mp3","music"
"2499","31279","","","","","","4_1.mp3","music"
"2500","31279","29","11","3","8","17","12_2.mp3","music"
"2501","31279","","","","","","5_14.mp3","music"
"2502","31279","91","51","99","53","44","3_1.mp3","music"
"2503","31279","","","","","","2_1.mp3","music"
"2504","31279","11","71","0","25","63","6_5.mp3","music"
"2505","31279","","","","","","11_11.mp3","music"
"2506","31279","0","0","0","0","0","6_10.mp3","music"
"2507","31279","","","","","","10_1.mp3","music"
"2508","31279","11","11","30","4","23","7_13.mp3","music"
"2509","31279","","","","","","4_2.mp3","music"
"2510","31279","5","0","9","2","15","10_2.mp3","music"
"2511","31279","","","","","","7_10.mp3","music"
"2512","31279","78","54","94","70","8","11_2.mp3","music"
"2513","31279","","","","","","11_2.mp3","music"
"2514","31279","0","0","0","0","0","10_2.mp3","music"
"2515","31279","","","","","","10_1.mp3","music"
"2516","31279","24","10","37","16","37","2_1.mp3","music"
"2517","31279","","","","","","3_1.mp3","music"
"2518","31279","85","68","99","98","77","4_1.mp3","music"
"2519","31279","","","","","","8_2.mp3","music"
"2520","31279","71","74","93","89","73","7_13.mp3","music"
"2521","31279","","","","","","12_2.mp3","music"
"2522","31279","15","8","0","1","10","11_11.mp3","music"
"2523","31279","","","","","","6_10.mp3","music"
"2524","31279","9","15","6","6","2","6_5.mp3","music"
"2525","31279","","","","","","5_14.mp3","music"
"2526","31279","0","0","0","0","0","4_2.mp3","music"
"2527","31279","","","","","","7_10.mp3","music"
"2528","31279","0","0","0","0","0","11_10.mp3","music"
"2529","32551","","","","","","5_14.mp3","music"
"2530","32551","12","42","4","19","31","11_2.mp3","music"
"2531","32551","","","","","","10_2.mp3","music"
"2532","32551","2","29","3","2","30","11_10.mp3","music"
"2533","32551","","","","","","10_1.mp3","music"
"2534","32551","4","5","2","2","5","4_2.mp3","music"
"2535","32551","","","","","","11_11.mp3","music"
"2536","32551","3","30","84","29","1","6_10.mp3","music"
"2537","32551","","","","","","8_2.mp3","music"
"2538","32551","4","7","3","4","40","3_1.mp3","music"
"2539","32551","","","","","","12_2.mp3","music"
"2540","32551","51","22","79","66","3","7_13.mp3","music"
"2541","32551","","","","","","4_1.mp3","music"
"2542","32551","81","67","48","61","21","7_10.mp3","music"
"2543","32551","","","","","","2_1.mp3","music"
"2544","32551","3","3","3","8","12","6_5.mp3","music"
"2545","32551","","","","","","4_1.mp3","music"
"2546","32551","35","15","55","43","6","6_10.mp3","music"
"2547","32551","","","","","","4_2.mp3","music"
"2548","32551","0","1","16","1","1","8_2.mp3","music"
"2549","32551","","","","","","12_2.mp3","music"
"2550","32551","70","88","46","87","19","10_1.mp3","music"
"2551","32551","","","","","","11_2.mp3","music"
"2552","32551","42","53","10","24","1","11_10.mp3","music"
"2553","32551","","","","","","3_1.mp3","music"
"2554","32551","13","2","44","5","3","2_1.mp3","music"
"2555","32551","","","","","","7_13.mp3","music"
"2556","32551","51","90","16","55","51","10_2.mp3","music"
"2557","32551","","","","","","5_14.mp3","music"
"2558","32551","18","60","2","22","17","6_5.mp3","music"
"2559","32551","","","","","","11_11.mp3","music"
"2560","32551","1","1","1","2","0","7_10.mp3","music"
"2561","32569","","","","","","11_2.mp3","music"
"2562","32569","27","36","19","40","42","11_11.mp3","music"
"2563","32569","","","","","","10_2.mp3","music"
"2564","32569","18","4","0","8","21","7_13.mp3","music"
"2565","32569","","","","","","6_10.mp3","music"
"2566","32569","0","25","0","0","33","10_1.mp3","music"
"2567","32569","","","","","","4_1.mp3","music"
"2568","32569","11","37","0","0","38","11_10.mp3","music"
"2569","32569","","","","","","8_2.mp3","music"
"2570","32569","15","44","0","0","33","12_2.mp3","music"
"2571","32569","","","","","","7_10.mp3","music"
"2572","32569","0","0","0","0","0","5_14.mp3","music"
"2573","32569","","","","","","4_2.mp3","music"
"2574","32569","0","0","0","0","0","3_1.mp3","music"
"2575","32569","","","","","","2_1.mp3","music"
"2576","32569","0","0","0","0","0","6_5.mp3","music"
"2577","32569","","","","","","11_11.mp3","music"
"2578","32569","0","8","0","22","18","12_2.mp3","music"
"2579","32569","","","","","","6_10.mp3","music"
"2580","32569","13","0","0","16","18","10_2.mp3","music"
"2581","32569","","","","","","5_14.mp3","music"
"2582","32569","0","10","0","24","0","11_10.mp3","music"
"2583","32569","","","","","","7_13.mp3","music"
"2584","32569","0","15","0","0","0","6_5.mp3","music"
"2585","32569","","","","","","4_2.mp3","music"
"2586","32569","0","10","0","20","0","2_1.mp3","music"
"2587","32569","","","","","","11_2.mp3","music"
"2588","32569","0","18","0","23","12","4_1.mp3","music"
"2589","32569","","","","","","8_2.mp3","music"
"2590","32569","0","16","0","0","0","10_1.mp3","music"
"2591","32569","","","","","","3_1.mp3","music"
"2592","32569","0","0","0","0","0","7_10.mp3","music"
"2593","32299","","","","","","12_2.mp3","music"
"2594","32299","50","0","70","60","0","8_2.mp3","music"
"2595","32299","","","","","","11_10.mp3","music"
"2596","32299","0","0","10","0","0","4_1.mp3","music"
"2597","32299","","","","","","2_1.mp3","music"
"2598","32299","0","0","0","0","10","6_5.mp3","music"
"2599","32299","","","","","","11_11.mp3","music"
"2600","32299","40","40","40","0","25","11_2.mp3","music"
"2601","32299","","","","","","7_10.mp3","music"
"2602","32299","0","0","0","0","0","5_14.mp3","music"
"2603","32299","","","","","","6_10.mp3","music"
"2604","32299","0","0","60","0","0","7_13.mp3","music"
"2605","32299","","","","","","10_2.mp3","music"
"2606","32299","0","0","0","0","0","3_1.mp3","music"
"2607","32299","","","","","","4_2.mp3","music"
"2608","32299","30","70","50","70","75","10_1.mp3","music"
"2609","32299","","","","","","4_2.mp3","music"
"2610","32299","0","40","0","0","0","10_2.mp3","music"
"2611","32299","","","","","","8_2.mp3","music"
"2612","32299","0","0","0","0","20","10_1.mp3","music"
"2613","32299","","","","","","12_2.mp3","music"
"2614","32299","60","70","50","80","25","11_11.mp3","music"
"2615","32299","","","","","","2_1.mp3","music"
"2616","32299","0","0","0","0","0","6_10.mp3","music"
"2617","32299","","","","","","11_10.mp3","music"
"2618","32299","40","65","50","60","50","6_5.mp3","music"
"2619","32299","","","","","","11_2.mp3","music"
"2620","32299","50","50","35","0","35","7_13.mp3","music"
"2621","32299","","","","","","4_1.mp3","music"
"2622","32299","0","0","0","0","0","5_14.mp3","music"
"2623","32299","","","","","","7_10.mp3","music"
"2624","32299","40","75","30","65","30","3_1.mp3","music"
"2625","30766","","","","","","6_5.mp3","music"
"2626","30766","0","0","0","0","50","10_2.mp3","music"
"2627","30766","","","","","","6_10.mp3","music"
"2628","30766","0","0","0","0","50","4_2.mp3","music"
"2629","30766","","","","","","7_10.mp3","music"
"2630","30766","80","0","100","30","15","8_2.mp3","music"
"2631","30766","","","","","","4_1.mp3","music"
"2632","30766","0","0","0","0","0","3_1.mp3","music"
"2633","30766","","","","","","5_14.mp3","music"
"2634","30766","0","10","0","0","40","7_13.mp3","music"
"2635","30766","","","","","","2_1.mp3","music"
"2636","30766","0","20","0","0","80","12_2.mp3","music"
"2637","30766","","","","","","11_2.mp3","music"
"2638","30766","0","0","0","0","0","10_1.mp3","music"
"2639","30766","","","","","","11_11.mp3","music"
"2640","30766","0","15","0","0","50","11_10.mp3","music"
"2641","30766","","","","","","2_1.mp3","music"
"2642","30766","0","30","10","0","15","10_2.mp3","music"
"2643","30766","","","","","","3_1.mp3","music"
"2644","30766","10","0","10","5","30","8_2.mp3","music"
"2645","30766","","","","","","4_1.mp3","music"
"2646","30766","0","25","0","0","20","10_1.mp3","music"
"2647","30766","","","","","","11_2.mp3","music"
"2648","30766","0","0","0","0","15","6_5.mp3","music"
"2649","30766","","","","","","7_10.mp3","music"
"2650","30766","10","85","5","0","0","11_10.mp3","music"
"2651","30766","","","","","","4_2.mp3","music"
"2652","30766","0","0","0","0","5","12_2.mp3","music"
"2653","30766","","","","","","7_13.mp3","music"
"2654","30766","0","0","0","0","0","5_14.mp3","music"
"2655","30766","","","","","","6_10.mp3","music"
"2656","30766","0","0","0","0","5","11_11.mp3","music"
"2657","30916","","","","","","3_1.mp3","music"
"2658","30916","43","76","44","82","17","11_10.mp3","music"
"2659","30916","","","","","","12_2.mp3","music"
"2660","30916","31","31","27","50","21","6_10.mp3","music"
"2661","30916","","","","","","4_2.mp3","music"
"2662","30916","10","15","1","0","21","4_1.mp3","music"
"2663","30916","","","","","","7_10.mp3","music"
"2664","30916","7","29","20","10","30","10_2.mp3","music"
"2665","30916","","","","","","11_11.mp3","music"
"2666","30916","30","31","12","28","29","10_1.mp3","music"
"2667","30916","","","","","","6_5.mp3","music"
"2668","30916","4","2","5","1","4","8_2.mp3","music"
"2669","30916","","","","","","11_2.mp3","music"
"2670","30916","31","6","56","40","6","5_14.mp3","music"
"2671","30916","","","","","","2_1.mp3","music"
"2672","30916","41","65","42","54","25","7_13.mp3","music"
"2673","30916","","","","","","12_2.mp3","music"
"2674","30916","16","44","26","15","25","11_11.mp3","music"
"2675","30916","","","","","","3_1.mp3","music"
"2676","30916","17","27","6","7","6","10_1.mp3","music"
"2677","30916","","","","","","7_13.mp3","music"
"2678","30916","2","12","3","8","8","6_10.mp3","music"
"2679","30916","","","","","","5_14.mp3","music"
"2680","30916","18","5","5","2","15","4_1.mp3","music"
"2681","30916","","","","","","11_2.mp3","music"
"2682","30916","20","23","27","18","26","7_10.mp3","music"
"2683","30916","","","","","","10_2.mp3","music"
"2684","30916","30","57","24","47","66","2_1.mp3","music"
"2685","30916","","","","","","4_2.mp3","music"
"2686","30916","23","18","29","21","18","11_10.mp3","music"
"2687","30916","","","","","","6_5.mp3","music"
"2688","30916","55","66","72","29","4","8_2.mp3","music"
"2689","31711","","","","","","10_1.mp3","music"
"2690","31711","80","77","73","79","71","4_2.mp3","music"
"2691","31711","","","","","","6_5.mp3","music"
"2692","31711","51","64","70","67","42","7_10.mp3","music"
"2693","31711","","","","","","8_2.mp3","music"
"2694","31711","11","28","16","23","25","10_2.mp3","music"
"2695","31711","","","","","","12_2.mp3","music"
"2696","31711","14","20","5","8","14","11_11.mp3","music"
"2697","31711","","","","","","7_13.mp3","music"
"2698","31711","24","29","32","35","25","6_10.mp3","music"
"2699","31711","","","","","","3_1.mp3","music"
"2700","31711","3","15","21","11","31","2_1.mp3","music"
"2701","31711","","","","","","4_1.mp3","music"
"2702","31711","21","7","3","3","15","11_10.mp3","music"
"2703","31711","","","","","","11_2.mp3","music"
"2704","31711","27","42","39","43","37","5_14.mp3","music"
"2705","31711","","","","","","10_2.mp3","music"
"2706","31711","6","11","4","6","9","3_1.mp3","music"
"2707","31711","","","","","","6_10.mp3","music"
"2708","31711","25","29","29","25","12","4_1.mp3","music"
"2709","31711","","","","","","8_2.mp3","music"
"2710","31711","6","10","20","10","14","7_10.mp3","music"
"2711","31711","","","","","","11_10.mp3","music"
"2712","31711","3","2","1","1","0","10_1.mp3","music"
"2713","31711","","","","","","5_14.mp3","music"
"2714","31711","15","7","8","11","11","6_5.mp3","music"
"2715","31711","","","","","","11_11.mp3","music"
"2716","31711","17","11","10","3","4","11_2.mp3","music"
"2717","31711","","","","","","12_2.mp3","music"
"2718","31711","2","8","4","7","5","2_1.mp3","music"
"2719","31711","","","","","","7_13.mp3","music"
"2720","31711","6","7","4","6","0","4_2.mp3","music"
"2721","30475","","","","","","8_2.mp3","music"
"2722","30475","0","0","20","0","0","3_1.mp3","music"
"2723","30475","","","","","","10_2.mp3","music"
"2724","30475","15","0","30","15","0","11_11.mp3","music"
"2725","30475","","","","","","5_14.mp3","music"
"2726","30475","5","10","0","5","20","6_10.mp3","music"
"2727","30475","","","","","","2_1.mp3","music"
"2728","30475","0","0","0","0","0","10_1.mp3","music"
"2729","30475","","","","","","4_2.mp3","music"
"2730","30475","0","0","0","0","0","12_2.mp3","music"
"2731","30475","","","","","","11_2.mp3","music"
"2732","30475","5","0","10","25","0","6_5.mp3","music"
"2733","30475","","","","","","7_13.mp3","music"
"2734","30475","0","0","10","5","0","4_1.mp3","music"
"2735","30475","","","","","","11_10.mp3","music"
"2736","30475","0","5","0","0","10","7_10.mp3","music"
"2737","30475","","","","","","7_13.mp3","music"
"2738","30475","0","5","25","20","5","4_2.mp3","music"
"2739","30475","","","","","","3_1.mp3","music"
"2740","30475","0","0","0","0","0","10_1.mp3","music"
"2741","30475","","","","","","12_2.mp3","music"
"2742","30475","0","0","0","0","0","2_1.mp3","music"
"2743","30475","","","","","","6_10.mp3","music"
"2744","30475","5","0","20","5","0","4_1.mp3","music"
"2745","30475","","","","","","7_10.mp3","music"
"2746","30475","0","0","0","0","0","11_10.mp3","music"
"2747","30475","","","","","","8_2.mp3","music"
"2748","30475","0","30","0","5","10","6_5.mp3","music"
"2749","30475","","","","","","5_14.mp3","music"
"2750","30475","0","0","0","0","0","11_11.mp3","music"
"2751","30475","","","","","","10_2.mp3","music"
"2752","30475","0","0","15","0","0","11_2.mp3","music"
"2753","30880","","","","","","10_2.mp3","music"
"2754","30880","0","0","0","0","40","12_2.mp3","music"
"2755","30880","","","","","","8_2.mp3","music"
"2756","30880","0","0","0","0","0","6_5.mp3","music"
"2757","30880","","","","","","4_2.mp3","music"
"2758","30880","18","34","22","11","17","4_1.mp3","music"
"2759","30880","","","","","","3_1.mp3","music"
"2760","30880","0","0","7","0","0","11_2.mp3","music"
"2761","30880","","","","","","11_10.mp3","music"
"2762","30880","0","19","0","0","11","7_10.mp3","music"
"2763","30880","","","","","","5_14.mp3","music"
"2764","30880","0","0","0","0","10","2_1.mp3","music"
"2765","30880","","","","","","7_13.mp3","music"
"2766","30880","6","4","0","0","11","10_1.mp3","music"
"2767","30880","","","","","","6_10.mp3","music"
"2768","30880","0","0","0","0","0","11_11.mp3","music"
"2769","30880","","","","","","3_1.mp3","music"
"2770","30880","6","0","0","0","1","2_1.mp3","music"
"2771","30880","","","","","","6_10.mp3","music"
"2772","30880","0","18","0","0","51","12_2.mp3","music"
"2773","30880","","","","","","10_1.mp3","music"
"2774","30880","9","13","0","0","33","11_2.mp3","music"
"2775","30880","","","","","","5_14.mp3","music"
"2776","30880","0","0","0","0","0","7_13.mp3","music"
"2777","30880","","","","","","11_10.mp3","music"
"2778","30880","22","40","23","29","10","10_2.mp3","music"
"2779","30880","","","","","","8_2.mp3","music"
"2780","30880","0","0","0","0","0","11_11.mp3","music"
"2781","30880","","","","","","4_1.mp3","music"
"2782","30880","0","11","0","0","9","7_10.mp3","music"
"2783","30880","","","","","","6_5.mp3","music"
"2784","30880","27","22","0","32","9","4_2.mp3","music"
"2785","32848","","","","","","12_2.mp3","music"
"2786","32848","73","64","77","76","10","5_14.mp3","music"
"2787","32848","","","","","","2_1.mp3","music"
"2788","32848","6","7","33","10","3","7_13.mp3","music"
"2789","32848","","","","","","10_1.mp3","music"
"2790","32848","36","63","55","66","65","4_2.mp3","music"
"2791","32848","","","","","","4_1.mp3","music"
"2792","32848","61","64","82","73","45","3_1.mp3","music"
"2793","32848","","","","","","8_2.mp3","music"
"2794","32848","55","61","57","49","37","10_2.mp3","music"
"2795","32848","","","","","","6_5.mp3","music"
"2796","32848","57","49","70","58","31","7_10.mp3","music"
"2797","32848","","","","","","11_2.mp3","music"
"2798","32848","22","8","27","14","5","11_10.mp3","music"
"2799","32848","","","","","","11_11.mp3","music"
"2800","32848","55","44","80","67","0","6_10.mp3","music"
"2801","32848","","","","","","4_2.mp3","music"
"2802","32848","8","25","7","5","52","7_13.mp3","music"
"2803","32848","","","","","","6_5.mp3","music"
"2804","32848","31","67","28","25","52","11_10.mp3","music"
"2805","32848","","","","","","11_2.mp3","music"
"2806","32848","30","45","23","59","67","2_1.mp3","music"
"2807","32848","","","","","","11_11.mp3","music"
"2808","32848","67","62","90","86","23","8_2.mp3","music"
"2809","32848","","","","","","10_1.mp3","music"
"2810","32848","23","15","19","1","22","6_10.mp3","music"
"2811","32848","","","","","","3_1.mp3","music"
"2812","32848","69","53","73","69","21","12_2.mp3","music"
"2813","32848","","","","","","10_2.mp3","music"
"2814","32848","0","1","3","0","2","7_10.mp3","music"
"2815","32848","","","","","","5_14.mp3","music"
"2816","32848","0","0","1","0","0","4_1.mp3","music"
"2817","31168","","","","","","10_2.mp3","music"
"2818","31168","0","0","25","1","0","4_2.mp3","music"
"2819","31168","","","","","","10_1.mp3","music"
"2820","31168","0","0","0","0","11","7_10.mp3","music"
"2821","31168","","","","","","2_1.mp3","music"
"2822","31168","53","52","49","23","47","6_5.mp3","music"
"2823","31168","","","","","","8_2.mp3","music"
"2824","31168","0","61","0","15","81","11_10.mp3","music"
"2825","31168","","","","","","5_14.mp3","music"
"2826","31168","0","0","0","0","0","4_1.mp3","music"
"2827","31168","","","","","","7_13.mp3","music"
"2828","31168","0","0","0","0","0","11_11.mp3","music"
"2829","31168","","","","","","12_2.mp3","music"
"2830","31168","0","0","12","0","17","3_1.mp3","music"
"2831","31168","","","","","","6_10.mp3","music"
"2832","31168","0","0","49","0","0","11_2.mp3","music"
"2833","31168","","","","","","4_2.mp3","music"
"2834","31168","0","15","34","25","0","10_2.mp3","music"
"2835","31168","","","","","","11_2.mp3","music"
"2836","31168","0","62","0","0","0","2_1.mp3","music"
"2837","31168","","","","","","4_1.mp3","music"
"2838","31168","0","0","0","0","0","6_5.mp3","music"
"2839","31168","","","","","","11_10.mp3","music"
"2840","31168","0","48","0","0","22","10_1.mp3","music"
"2841","31168","","","","","","11_11.mp3","music"
"2842","31168","0","21","0","0","0","5_14.mp3","music"
"2843","31168","","","","","","8_2.mp3","music"
"2844","31168","0","14","0","0","0","7_13.mp3","music"
"2845","31168","","","","","","3_1.mp3","music"
"2846","31168","0","25","0","0","43","7_10.mp3","music"
"2847","31168","","","","","","6_10.mp3","music"
"2848","31168","15","0","83","39","0","12_2.mp3","music"
"2849","31669","","","","","","11_10.mp3","music"
"2850","31669","54","67","41","59","62","10_2.mp3","music"
"2851","31669","","","","","","2_1.mp3","music"
"2852","31669","60","69","64","44","70","6_10.mp3","music"
"2853","31669","","","","","","7_10.mp3","music"
"2854","31669","31","11","38","39","2","12_2.mp3","music"
"2855","31669","","","","","","8_2.mp3","music"
"2856","31669","68","58","45","91","43","4_1.mp3","music"
"2857","31669","","","","","","11_2.mp3","music"
"2858","31669","32","24","56","53","33","4_2.mp3","music"
"2859","31669","","","","","","3_1.mp3","music"
"2860","31669","55","69","80","46","51","7_13.mp3","music"
"2861","31669","","","","","","5_14.mp3","music"
"2862","31669","17","37","27","17","40","10_1.mp3","music"
"2863","31669","","","","","","11_11.mp3","music"
"2864","31669","33","49","55","57","20","6_5.mp3","music"
"2865","31669","","","","","","11_10.mp3","music"
"2866","31669","58","43","50","13","41","4_1.mp3","music"
"2867","31669","","","","","","7_13.mp3","music"
"2868","31669","59","78","38","45","57","11_11.mp3","music"
"2869","31669","","","","","","11_2.mp3","music"
"2870","31669","61","69","73","27","50","8_2.mp3","music"
"2871","31669","","","","","","10_1.mp3","music"
"2872","31669","60","54","56","36","48","2_1.mp3","music"
"2873","31669","","","","","","5_14.mp3","music"
"2874","31669","59","57","36","46","47","12_2.mp3","music"
"2875","31669","","","","","","6_5.mp3","music"
"2876","31669","62","49","53","37","50","3_1.mp3","music"
"2877","31669","","","","","","4_2.mp3","music"
"2878","31669","60","56","16","47","56","7_10.mp3","music"
"2879","31669","","","","","","6_10.mp3","music"
"2880","31669","12","27","19","21","7","10_2.mp3","music"
"2881","31981","","","","","","6_5.mp3","music"
"2882","31981","60","41","31","20","45","4_1.mp3","music"
"2883","31981","","","","","","7_13.mp3","music"
"2884","31981","60","45","59","35","51","10_1.mp3","music"
"2885","31981","","","","","","3_1.mp3","music"
"2886","31981","38","39","39","37","34","5_14.mp3","music"
"2887","31981","","","","","","11_11.mp3","music"
"2888","31981","58","51","49","61","47","8_2.mp3","music"
"2889","31981","","","","","","10_2.mp3","music"
"2890","31981","57","58","62","73","62","4_2.mp3","music"
"2891","31981","","","","","","12_2.mp3","music"
"2892","31981","82","58","64","32","56","2_1.mp3","music"
"2893","31981","","","","","","7_10.mp3","music"
"2894","31981","33","19","63","21","53","11_2.mp3","music"
"2895","31981","","","","","","6_10.mp3","music"
"2896","31981","49","47","51","48","51","11_10.mp3","music"
"2897","31981","","","","","","4_2.mp3","music"
"2898","31981","32","45","43","40","46","7_13.mp3","music"
"2899","31981","","","","","","7_10.mp3","music"
"2900","31981","39","40","43","31","45","3_1.mp3","music"
"2901","31981","","","","","","6_5.mp3","music"
"2902","31981","43","47","63","28","56","8_2.mp3","music"
"2903","31981","","","","","","10_2.mp3","music"
"2904","31981","50","58","64","48","28","11_10.mp3","music"
"2905","31981","","","","","","11_11.mp3","music"
"2906","31981","58","74","48","51","59","10_1.mp3","music"
"2907","31981","","","","","","11_2.mp3","music"
"2908","31981","38","66","43","66","50","2_1.mp3","music"
"2909","31981","","","","","","12_2.mp3","music"
"2910","31981","44","74","53","55","53","5_14.mp3","music"
"2911","31981","","","","","","6_10.mp3","music"
"2912","31981","64","45","60","44","61","4_1.mp3","music"
"2913","29974","","","","","","2_1.mp3","music"
"2914","29974","5","0","2","3","50","10_1.mp3","music"
"2915","29974","","","","","","7_10.mp3","music"
"2916","29974","2","2","93","84","2","5_14.mp3","music"
"2917","29974","","","","","","4_1.mp3","music"
"2918","29974","63","79","84","81","80","7_13.mp3","music"
"2919","29974","","","","","","11_10.mp3","music"
"2920","29974","47","72","15","26","49","3_1.mp3","music"
"2921","29974","","","","","","11_2.mp3","music"
"2922","29974","19","14","31","56","33","4_2.mp3","music"
"2923","29974","","","","","","10_2.mp3","music"
"2924","29974","9","16","18","14","19","6_10.mp3","music"
"2925","29974","","","","","","12_2.mp3","music"
"2926","29974","13","14","15","13","82","8_2.mp3","music"
"2927","29974","","","","","","6_5.mp3","music"
"2928","29974","14","10","18","0","14","11_11.mp3","music"
"2929","29974","","","","","","6_5.mp3","music"
"2930","29974","15","60","73","58","0","6_10.mp3","music"
"2931","29974","","","","","","10_2.mp3","music"
"2932","29974","22","73","73","75","0","10_1.mp3","music"
"2933","29974","","","","","","2_1.mp3","music"
"2934","29974","0","0","0","0","0","5_14.mp3","music"
"2935","29974","","","","","","4_2.mp3","music"
"2936","29974","0","0","0","0","0","8_2.mp3","music"
"2937","29974","","","","","","7_13.mp3","music"
"2938","29974","0","81","0","52","0","11_11.mp3","music"
"2939","29974","","","","","","11_10.mp3","music"
"2940","29974","0","0","0","0","0","3_1.mp3","music"
"2941","29974","","","","","","4_1.mp3","music"
"2942","29974","0","0","0","0","0","11_2.mp3","music"
"2943","29974","","","","","","7_10.mp3","music"
"2944","29974","0","0","0","0","0","12_2.mp3","music"
"2945","31723","","","","","","10_1.mp3","music"
"2946","31723","20","0","40","20","10","11_2.mp3","music"
"2947","31723","","","","","","7_10.mp3","music"
"2948","31723","40","25","30","50","20","5_14.mp3","music"
"2949","31723","","","","","","7_13.mp3","music"
"2950","31723","10","0","30","10","0","3_1.mp3","music"
"2951","31723","","","","","","8_2.mp3","music"
"2952","31723","0","0","0","0","15","4_2.mp3","music"
"2953","31723","","","","","","4_1.mp3","music"
"2954","31723","0","0","0","0","0","6_10.mp3","music"
"2955","31723","","","","","","2_1.mp3","music"
"2956","31723","30","20","50","40","25","10_2.mp3","music"
"2957","31723","","","","","","6_5.mp3","music"
"2958","31723","30","60","40","40","25","12_2.mp3","music"
"2959","31723","","","","","","11_10.mp3","music"
"2960","31723","0","0","0","0","25","11_11.mp3","music"
"2961","31723","","","","","","8_2.mp3","music"
"2962","31723","0","0","0","0","0","2_1.mp3","music"
"2963","31723","","","","","","12_2.mp3","music"
"2964","31723","0","0","0","0","20","7_10.mp3","music"
"2965","31723","","","","","","4_1.mp3","music"
"2966","31723","0","0","0","0","15","6_5.mp3","music"
"2967","31723","","","","","","10_1.mp3","music"
"2968","31723","25","10","30","20","10","11_10.mp3","music"
"2969","31723","","","","","","11_11.mp3","music"
"2970","31723","0","0","0","0","0","7_13.mp3","music"
"2971","31723","","","","","","4_2.mp3","music"
"2972","31723","10","20","20","10","15","10_2.mp3","music"
"2973","31723","","","","","","11_2.mp3","music"
"2974","31723","0","15","0","0","15","6_10.mp3","music"
"2975","31723","","","","","","3_1.mp3","music"
"2976","31723","25","25","75","25","25","5_14.mp3","music"
"2977","30007","","","","","","5_14.mp3","music"
"2978","30007","45","12","19","34","42","8_2.mp3","music"
"2979","30007","","","","","","10_2.mp3","music"
"2980","30007","40","8","33","31","36","6_5.mp3","music"
"2981","30007","","","","","","12_2.mp3","music"
"2982","30007","34","11","16","12","9","11_10.mp3","music"
"2983","30007","","","","","","7_13.mp3","music"
"2984","30007","39","26","40","29","12","11_11.mp3","music"
"2985","30007","","","","","","4_2.mp3","music"
"2986","30007","11","13","32","21","25","3_1.mp3","music"
"2987","30007","","","","","","10_1.mp3","music"
"2988","30007","27","25","20","13","12","11_2.mp3","music"
"2989","30007","","","","","","4_1.mp3","music"
"2990","30007","25","12","31","11","8","6_10.mp3","music"
"2991","30007","","","","","","7_10.mp3","music"
"2992","30007","5","11","32","18","12","2_1.mp3","music"
"2993","30007","","","","","","7_10.mp3","music"
"2994","30007","17","9","6","15","2","4_1.mp3","music"
"2995","30007","","","","","","3_1.mp3","music"
"2996","30007","8","5","13","5","5","2_1.mp3","music"
"2997","30007","","","","","","4_2.mp3","music"
"2998","30007","19","9","9","25","25","11_10.mp3","music"
"2999","30007","","","","","","7_13.mp3","music"
"3000","30007","47","12","41","31","19","11_2.mp3","music"
"3001","30007","","","","","","12_2.mp3","music"
"3002","30007","39","11","45","19","41","6_5.mp3","music"
"3003","30007","","","","","","10_2.mp3","music"
"3004","30007","45","30","45","29","8","10_1.mp3","music"
"3005","30007","","","","","","5_14.mp3","music"
"3006","30007","35","47","35","43","31","8_2.mp3","music"
"3007","30007","","","","","","11_11.mp3","music"
"3008","30007","19","26","29","39","29","6_10.mp3","music"
"3009","32635","","","","","","11_10.mp3","music"
"3010","32635","37","10","40","14","49","4_2.mp3","music"
"3011","32635","","","","","","4_1.mp3","music"
"3012","32635","28","74","51","44","34","7_10.mp3","music"
"3013","32635","","","","","","10_2.mp3","music"
"3014","32635","70","30","21","45","58","6_10.mp3","music"
"3015","32635","","","","","","3_1.mp3","music"
"3016","32635","18","13","23","18","44","11_2.mp3","music"
"3017","32635","","","","","","10_1.mp3","music"
"3018","32635","66","69","35","53","20","12_2.mp3","music"
"3019","32635","","","","","","5_14.mp3","music"
"3020","32635","85","78","86","81","53","11_11.mp3","music"
"3021","32635","","","","","","8_2.mp3","music"
"3022","32635","18","4","10","9","2","2_1.mp3","music"
"3023","32635","","","","","","7_13.mp3","music"
"3024","32635","67","93","56","80","8","6_5.mp3","music"
"3025","32635","","","","","","6_5.mp3","music"
"3026","32635","54","21","3","4","36","4_2.mp3","music"
"3027","32635","","","","","","8_2.mp3","music"
"3028","32635","83","89","80","91","24","5_14.mp3","music"
"3029","32635","","","","","","2_1.mp3","music"
"3030","32635","82","56","92","98","11","12_2.mp3","music"
"3031","32635","","","","","","10_1.mp3","music"
"3032","32635","65","53","71","58","14","7_13.mp3","music"
"3033","32635","","","","","","11_11.mp3","music"
"3034","32635","9","14","23","12","40","10_2.mp3","music"
"3035","32635","","","","","","11_10.mp3","music"
"3036","32635","10","8","22","7","22","4_1.mp3","music"
"3037","32635","","","","","","6_10.mp3","music"
"3038","32635","19","15","20","13","28","11_2.mp3","music"
"3039","32635","","","","","","7_10.mp3","music"
"3040","32635","33","58","8","28","56","3_1.mp3","music"
"3041","30814","","","","","","2_1.mp3","music"
"3042","30814","60","40","45","40","60","12_2.mp3","music"
"3043","30814","","","","","","6_5.mp3","music"
"3044","30814","60","50","30","50","60","11_2.mp3","music"
"3045","30814","","","","","","10_1.mp3","music"
"3046","30814","0","0","0","0","51","11_11.mp3","music"
"3047","30814","","","","","","4_2.mp3","music"
"3048","30814","70","50","50","60","50","7_13.mp3","music"
"3049","30814","","","","","","5_14.mp3","music"
"3050","30814","50","0","30","35","50","4_1.mp3","music"
"3051","30814","","","","","","11_10.mp3","music"
"3052","30814","0","0","0","0","0","7_10.mp3","music"
"3053","30814","","","","","","8_2.mp3","music"
"3054","30814","10","10","10","0","50","10_2.mp3","music"
"3055","30814","","","","","","6_10.mp3","music"
"3056","30814","50","40","50","50","50","3_1.mp3","music"
"3057","30814","","","","","","11_10.mp3","music"
"3058","30814","0","0","0","0","0","11_11.mp3","music"
"3059","30814","","","","","","4_1.mp3","music"
"3060","30814","0","0","0","0","0","10_1.mp3","music"
"3061","30814","","","","","","6_10.mp3","music"
"3062","30814","50","0","51","50","0","2_1.mp3","music"
"3063","30814","","","","","","7_13.mp3","music"
"3064","30814","50","0","40","22","25","7_10.mp3","music"
"3065","30814","","","","","","12_2.mp3","music"
"3066","30814","60","50","30","11","50","6_5.mp3","music"
"3067","30814","","","","","","4_2.mp3","music"
"3068","30814","70","0","70","0","0","11_2.mp3","music"
"3069","30814","","","","","","8_2.mp3","music"
"3070","30814","0","0","50","0","0","10_2.mp3","music"
"3071","30814","","","","","","3_1.mp3","music"
"3072","30814","50","25","60","50","50","5_14.mp3","music"
"3073","29887","","","","","","2_1.mp3","music"
"3074","29887","12","8","0","0","10","4_1.mp3","music"
"3075","29887","","","","","","6_10.mp3","music"
"3076","29887","0","43","0","5","12","7_10.mp3","music"
"3077","29887","","","","","","6_5.mp3","music"
"3078","29887","25","21","14","48","9","10_2.mp3","music"
"3079","29887","","","","","","12_2.mp3","music"
"3080","29887","0","0","0","0","0","11_11.mp3","music"
"3081","29887","","","","","","4_2.mp3","music"
"3082","29887","0","32","0","42","8","8_2.mp3","music"
"3083","29887","","","","","","11_10.mp3","music"
"3084","29887","10","0","30","0","1","3_1.mp3","music"
"3085","29887","","","","","","7_13.mp3","music"
"3086","29887","0","15","0","0","16","11_2.mp3","music"
"3087","29887","","","","","","5_14.mp3","music"
"3088","29887","0","28","0","0","54","10_1.mp3","music"
"3089","29887","","","","","","10_2.mp3","music"
"3090","29887","0","0","14","0","0","12_2.mp3","music"
"3091","29887","","","","","","6_10.mp3","music"
"3092","29887","0","11","52","0","0","2_1.mp3","music"
"3093","29887","","","","","","7_13.mp3","music"
"3094","29887","0","0","0","0","15","7_10.mp3","music"
"3095","29887","","","","","","5_14.mp3","music"
"3096","29887","0","0","0","0","55","10_1.mp3","music"
"3097","29887","","","","","","4_2.mp3","music"
"3098","29887","0","38","0","0","0","11_11.mp3","music"
"3099","29887","","","","","","4_1.mp3","music"
"3100","29887","0","0","63","0","0","11_2.mp3","music"
"3101","29887","","","","","","3_1.mp3","music"
"3102","29887","3","0","0","0","0","6_5.mp3","music"
"3103","29887","","","","","","11_10.mp3","music"
"3104","29887","0","0","0","0","21","8_2.mp3","music"
"3105","29944","","","","","","2_1.mp3","music"
"3106","29944","0","0","10","10","60","11_11.mp3","music"
"3107","29944","","","","","","3_1.mp3","music"
"3108","29944","0","10","0","0","70","11_2.mp3","music"
"3109","29944","","","","","","4_2.mp3","music"
"3110","29944","0","5","0","0","40","10_2.mp3","music"
"3111","29944","","","","","","6_10.mp3","music"
"3112","29944","0","8","0","0","55","6_5.mp3","music"
"3113","29944","","","","","","12_2.mp3","music"
"3114","29944","0","0","0","0","50","4_1.mp3","music"
"3115","29944","","","","","","7_13.mp3","music"
"3116","29944","0","0","0","0","30","10_1.mp3","music"
"3117","29944","","","","","","5_14.mp3","music"
"3118","29944","0","0","7","0","30","11_10.mp3","music"
"3119","29944","","","","","","7_10.mp3","music"
"3120","29944","0","15","0","0","60","8_2.mp3","music"
"3121","29944","","","","","","11_11.mp3","music"
"3122","29944","0","10","0","0","60","4_2.mp3","music"
"3123","29944","","","","","","4_1.mp3","music"
"3124","29944","0","0","0","0","40","11_2.mp3","music"
"3125","29944","","","","","","7_13.mp3","music"
"3126","29944","50","10","0","0","45","8_2.mp3","music"
"3127","29944","","","","","","6_5.mp3","music"
"3128","29944","0","0","0","0","35","7_10.mp3","music"
"3129","29944","","","","","","10_1.mp3","music"
"3130","29944","0","40","0","0","50","2_1.mp3","music"
"3131","29944","","","","","","10_2.mp3","music"
"3132","29944","0","0","0","0","55","11_10.mp3","music"
"3133","29944","","","","","","6_10.mp3","music"
"3134","29944","0","0","0","0","50","3_1.mp3","music"
"3135","29944","","","","","","12_2.mp3","music"
"3136","29944","0","20","0","0","65","5_14.mp3","music"
"3137","31132","","","","","","6_5.mp3","music"
"3138","31132","68","26","75","55","6","5_14.mp3","music"
"3139","31132","","","","","","8_2.mp3","music"
"3140","31132","36","4","34","19","88","3_1.mp3","music"
"3141","31132","","","","","","10_1.mp3","music"
"3142","31132","100","85","84","92","15","12_2.mp3","music"
"3143","31132","","","","","","4_1.mp3","music"
"3144","31132","75","43","67","92","100","6_10.mp3","music"
"3145","31132","","","","","","10_2.mp3","music"
"3146","31132","0","8","0","5","5","11_11.mp3","music"
"3147","31132","","","","","","7_13.mp3","music"
"3148","31132","3","1","0","2","0","11_2.mp3","music"
"3149","31132","","","","","","4_2.mp3","music"
"3150","31132","100","93","71","95","67","2_1.mp3","music"
"3151","31132","","","","","","11_10.mp3","music"
"3152","31132","94","92","93","92","89","7_10.mp3","music"
"3153","31132","","","","","","11_11.mp3","music"
"3154","31132","92","94","95","94","93","8_2.mp3","music"
"3155","31132","","","","","","11_2.mp3","music"
"3156","31132","85","85","84","89","78","4_1.mp3","music"
"3157","31132","","","","","","2_1.mp3","music"
"3158","31132","73","23","46","37","15","6_10.mp3","music"
"3159","31132","","","","","","11_10.mp3","music"
"3160","31132","30","23","45","26","46","7_13.mp3","music"
"3161","31132","","","","","","10_2.mp3","music"
"3162","31132","61","43","43","60","47","6_5.mp3","music"
"3163","31132","","","","","","7_10.mp3","music"
"3164","31132","22","13","75","48","7","4_2.mp3","music"
"3165","31132","","","","","","5_14.mp3","music"
"3166","31132","47","58","68","70","67","10_1.mp3","music"
"3167","31132","","","","","","3_1.mp3","music"
"3168","31132","51","0","11","39","11","12_2.mp3","music"
"3169","30064","","","","","","10_1.mp3","music"
"3170","30064","20","12","5","20","100","2_1.mp3","music"
"3171","30064","","","","","","11_2.mp3","music"
"3172","30064","10","5","10","5","50","5_14.mp3","music"
"3173","30064","","","","","","3_1.mp3","music"
"3174","30064","5","80","0","0","40","4_1.mp3","music"
"3175","30064","","","","","","8_2.mp3","music"
"3176","30064","86","45","30","50","40","6_5.mp3","music"
"3177","30064","","","","","","6_10.mp3","music"
"3178","30064","20","14","10","10","50","10_2.mp3","music"
"3179","30064","","","","","","12_2.mp3","music"
"3180","30064","14","10","20","20","80","11_11.mp3","music"
"3181","30064","","","","","","7_13.mp3","music"
"3182","30064","5","0","5","0","0","4_2.mp3","music"
"3183","30064","","","","","","11_10.mp3","music"
"3184","30064","10","5","10","5","4","7_10.mp3","music"
"3185","30064","","","","","","2_1.mp3","music"
"3186","30064","0","0","0","0","0","5_14.mp3","music"
"3187","30064","","","","","","8_2.mp3","music"
"3188","30064","0","0","0","0","0","4_1.mp3","music"
"3189","30064","","","","","","11_2.mp3","music"
"3190","30064","80","40","72","100","45","10_1.mp3","music"
"3191","30064","","","","","","7_10.mp3","music"
"3192","30064","0","0","0","0","0","3_1.mp3","music"
"3193","30064","","","","","","6_5.mp3","music"
"3194","30064","0","16","0","0","10","11_11.mp3","music"
"3195","30064","","","","","","7_13.mp3","music"
"3196","30064","15","30","10","12","70","12_2.mp3","music"
"3197","30064","","","","","","6_10.mp3","music"
"3198","30064","100","60","100","70","10","11_10.mp3","music"
"3199","30064","","","","","","4_2.mp3","music"
"3200","30064","0","0","0","0","0","10_2.mp3","music"
"3201","32392","","","","","","7_13.mp3","music"
"3202","32392","13","0","16","5","2","5_14.mp3","music"
"3203","32392","","","","","","3_1.mp3","music"
"3204","32392","0","0","0","0","11","10_1.mp3","music"
"3205","32392","","","","","","11_2.mp3","music"
"3206","32392","5","8","0","0","0","12_2.mp3","music"
"3207","32392","","","","","","4_2.mp3","music"
"3208","32392","0","0","0","0","5","2_1.mp3","music"
"3209","32392","","","","","","4_1.mp3","music"
"3210","32392","0","0","0","0","16","11_11.mp3","music"
"3211","32392","","","","","","7_10.mp3","music"
"3212","32392","0","0","0","0","10","8_2.mp3","music"
"3213","32392","","","","","","10_2.mp3","music"
"3214","32392","0","0","0","0","28","11_10.mp3","music"
"3215","32392","","","","","","6_5.mp3","music"
"3216","32392","0","0","0","0","4","6_10.mp3","music"
"3217","32392","","","","","","6_10.mp3","music"
"3218","32392","13","12","23","0","6","6_5.mp3","music"
"3219","32392","","","","","","10_1.mp3","music"
"3220","32392","0","0","7","0","0","12_2.mp3","music"
"3221","32392","","","","","","11_10.mp3","music"
"3222","32392","0","0","0","0","6","8_2.mp3","music"
"3223","32392","","","","","","5_14.mp3","music"
"3224","32392","0","0","0","0","0","4_1.mp3","music"
"3225","32392","","","","","","11_2.mp3","music"
"3226","32392","0","0","0","0","7","10_2.mp3","music"
"3227","32392","","","","","","2_1.mp3","music"
"3228","32392","0","0","0","0","18","3_1.mp3","music"
"3229","32392","","","","","","11_11.mp3","music"
"3230","32392","0","0","7","0","0","4_2.mp3","music"
"3231","32392","","","","","","7_13.mp3","music"
"3232","32392","0","0","0","0","0","7_10.mp3","music"
"3233","32875","","","","","","11_10.mp3","music"
"3234","32875","9","6","0","0","28","6_5.mp3","music"
"3235","32875","","","","","","5_14.mp3","music"
"3236","32875","9","6","0","0","29","7_13.mp3","music"
"3237","32875","","","","","","11_11.mp3","music"
"3238","32875","21","7","14","15","0","3_1.mp3","music"
"3239","32875","","","","","","6_10.mp3","music"
"3240","32875","10","12","0","0","37","11_2.mp3","music"
"3241","32875","","","","","","2_1.mp3","music"
"3242","32875","0","13","0","0","42","8_2.mp3","music"
"3243","32875","","","","","","7_10.mp3","music"
"3244","32875","0","10","5","0","5","4_1.mp3","music"
"3245","32875","","","","","","12_2.mp3","music"
"3246","32875","4","8","0","0","11","4_2.mp3","music"
"3247","32875","","","","","","10_1.mp3","music"
"3248","32875","5","9","0","0","9","10_2.mp3","music"
"3249","32875","","","","","","12_2.mp3","music"
"3250","32875","29","6","24","0","4","11_2.mp3","music"
"3251","32875","","","","","","4_1.mp3","music"
"3252","32875","36","72","48","31","27","10_2.mp3","music"
"3253","32875","","","","","","10_1.mp3","music"
"3254","32875","47","54","68","48","54","11_11.mp3","music"
"3255","32875","","","","","","7_10.mp3","music"
"3256","32875","16","33","0","0","41","11_10.mp3","music"
"3257","32875","","","","","","6_5.mp3","music"
"3258","32875","49","54","33","9","43","4_2.mp3","music"
"3259","32875","","","","","","2_1.mp3","music"
"3260","32875","0","0","11","0","0","6_10.mp3","music"
"3261","32875","","","","","","5_14.mp3","music"
"3262","32875","8","13","24","0","6","8_2.mp3","music"
"3263","32875","","","","","","7_13.mp3","music"
"3264","32875","32","67","4","27","68","3_1.mp3","music"
"3265","31654","","","","","","11_2.mp3","music"
"3266","31654","30","29","0","23","68","2_1.mp3","music"
"3267","31654","","","","","","7_10.mp3","music"
"3268","31654","14","11","12","7","19","6_10.mp3","music"
"3269","31654","","","","","","6_5.mp3","music"
"3270","31654","23","41","0","13","25","5_14.mp3","music"
"3271","31654","","","","","","10_1.mp3","music"
"3272","31654","28","53","26","19","27","7_13.mp3","music"
"3273","31654","","","","","","3_1.mp3","music"
"3274","31654","29","27","14","24","11","4_1.mp3","music"
"3275","31654","","","","","","12_2.mp3","music"
"3276","31654","55","38","46","57","69","4_2.mp3","music"
"3277","31654","","","","","","11_10.mp3","music"
"3278","31654","25","54","32","22","19","11_11.mp3","music"
"3279","31654","","","","","","10_2.mp3","music"
"3280","31654","21","62","5","15","89","8_2.mp3","music"
"3281","31654","","","","","","12_2.mp3","music"
"3282","31654","77","66","83","81","46","10_1.mp3","music"
"3283","31654","","","","","","5_14.mp3","music"
"3284","31654","33","22","45","35","3","3_1.mp3","music"
"3285","31654","","","","","","6_5.mp3","music"
"3286","31654","50","53","75","44","25","11_11.mp3","music"
"3287","31654","","","","","","4_2.mp3","music"
"3288","31654","8","0","0","3","0","10_2.mp3","music"
"3289","31654","","","","","","8_2.mp3","music"
"3290","31654","7","13","0","0","0","7_10.mp3","music"
"3291","31654","","","","","","6_10.mp3","music"
"3292","31654","21","37","67","23","7","2_1.mp3","music"
"3293","31654","","","","","","4_1.mp3","music"
"3294","31654","32","10","9","30","15","11_10.mp3","music"
"3295","31654","","","","","","11_2.mp3","music"
"3296","31654","6","5","14","15","7","7_13.mp3","music"
"3297","32791","","","","","","11_10.mp3","music"
"3298","32791","0","100","0","0","100","12_2.mp3","music"
"3299","32791","","","","","","6_10.mp3","music"
"3300","32791","0","100","0","0","100","7_10.mp3","music"
"3301","32791","","","","","","6_5.mp3","music"
"3302","32791","77","100","58","100","100","10_1.mp3","music"
"3303","32791","","","","","","3_1.mp3","music"
"3304","32791","0","0","0","0","64","11_2.mp3","music"
"3305","32791","","","","","","10_2.mp3","music"
"3306","32791","0","57","0","0","100","4_2.mp3","music"
"3307","32791","","","","","","5_14.mp3","music"
"3308","32791","1","33","0","0","100","11_11.mp3","music"
"3309","32791","","","","","","8_2.mp3","music"
"3310","32791","0","51","0","0","88","7_13.mp3","music"
"3311","32791","","","","","","4_1.mp3","music"
"3312","32791","0","59","0","27","99","2_1.mp3","music"
"3313","32791","","","","","","6_5.mp3","music"
"3314","32791","0","1","1","0","80","3_1.mp3","music"
"3315","32791","","","","","","5_14.mp3","music"
"3316","32791","0","0","0","0","0","4_2.mp3","music"
"3317","32791","","","","","","12_2.mp3","music"
"3318","32791","0","0","0","0","0","10_2.mp3","music"
"3319","32791","","","","","","11_2.mp3","music"
"3320","32791","0","0","0","0","19","6_10.mp3","music"
"3321","32791","","","","","","2_1.mp3","music"
"3322","32791","0","0","58","23","100","4_1.mp3","music"
"3323","32791","","","","","","8_2.mp3","music"
"3324","32791","0","0","0","0","0","11_10.mp3","music"
"3325","32791","","","","","","11_11.mp3","music"
"3326","32791","0","0","0","0","99","10_1.mp3","music"
"3327","32791","","","","","","7_10.mp3","music"
"3328","32791","16","24","2","0","99","7_13.mp3","music"
"3329","32854","","","","","","7_13.mp3","music"
"3330","32854","72","61","75","96","28","11_2.mp3","music"
"3331","32854","","","","","","12_2.mp3","music"
"3332","32854","72","3","38","50","34","7_10.mp3","music"
"3333","32854","","","","","","5_14.mp3","music"
"3334","32854","66","5","47","29","11","8_2.mp3","music"
"3335","32854","","","","","","10_2.mp3","music"
"3336","32854","1","0","2","1","0","3_1.mp3","music"
"3337","32854","","","","","","6_10.mp3","music"
"3338","32854","57","36","23","61","63","2_1.mp3","music"
"3339","32854","","","","","","10_1.mp3","music"
"3340","32854","61","6","69","28","47","6_5.mp3","music"
"3341","32854","","","","","","11_10.mp3","music"
"3342","32854","56","51","65","7","47","4_1.mp3","music"
"3343","32854","","","","","","4_2.mp3","music"
"3344","32854","17","1","20","3","5","11_11.mp3","music"
"3345","32854","","","","","","8_2.mp3","music"
"3346","32854","24","24","0","6","0","7_13.mp3","music"
"3347","32854","","","","","","4_1.mp3","music"
"3348","32854","6","57","47","17","47","6_10.mp3","music"
"3349","32854","","","","","","11_2.mp3","music"
"3350","32854","80","83","65","81","99","11_11.mp3","music"
"3351","32854","","","","","","5_14.mp3","music"
"3352","32854","48","16","17","17","62","12_2.mp3","music"
"3353","32854","","","","","","2_1.mp3","music"
"3354","32854","58","49","78","52","65","7_10.mp3","music"
"3355","32854","","","","","","6_5.mp3","music"
"3356","32854","1","0","0","4","18","11_10.mp3","music"
"3357","32854","","","","","","4_2.mp3","music"
"3358","32854","2","1","0","1","1","10_2.mp3","music"
"3359","32854","","","","","","10_1.mp3","music"
"3360","32854","2","4","27","4","3","3_1.mp3","music"
"3361","31621","","","","","","6_10.mp3","music"
"3362","31621","16","23","1","0","40","11_10.mp3","music"
"3363","31621","","","","","","10_2.mp3","music"
"3364","31621","40","19","55","29","26","11_2.mp3","music"
"3365","31621","","","","","","5_14.mp3","music"
"3366","31621","2","2","1","3","0","11_11.mp3","music"
"3367","31621","","","","","","7_13.mp3","music"
"3368","31621","1","1","1","2","1","3_1.mp3","music"
"3369","31621","","","","","","2_1.mp3","music"
"3370","31621","1","63","1","14","35","8_2.mp3","music"
"3371","31621","","","","","","12_2.mp3","music"
"3372","31621","28","10","46","54","9","6_5.mp3","music"
"3373","31621","","","","","","4_2.mp3","music"
"3374","31621","31","2","59","26","1","4_1.mp3","music"
"3375","31621","","","","","","10_1.mp3","music"
"3376","31621","8","8","0","1","0","7_10.mp3","music"
"3377","31621","","","","","","6_5.mp3","music"
"3378","31621","2","14","1","1","9","7_10.mp3","music"
"3379","31621","","","","","","11_2.mp3","music"
"3380","31621","1","1","0","0","20","3_1.mp3","music"
"3381","31621","","","","","","5_14.mp3","music"
"3382","31621","11","13","21","6","18","6_10.mp3","music"
"3383","31621","","","","","","11_11.mp3","music"
"3384","31621","0","0","2","0","0","10_1.mp3","music"
"3385","31621","","","","","","12_2.mp3","music"
"3386","31621","0","14","1","1","34","10_2.mp3","music"
"3387","31621","","","","","","4_1.mp3","music"
"3388","31621","1","0","1","0","1","2_1.mp3","music"
"3389","31621","","","","","","4_2.mp3","music"
"3390","31621","0","1","0","0","0","7_13.mp3","music"
"3391","31621","","","","","","11_10.mp3","music"
"3392","31621","5","54","4","7","70","8_2.mp3","music"
"3393","32395","","","","","","4_2.mp3","music"
"3394","32395","45","52","73","38","7","11_11.mp3","music"
"3395","32395","","","","","","2_1.mp3","music"
"3396","32395","80","92","90","95","73","10_1.mp3","music"
"3397","32395","","","","","","7_10.mp3","music"
"3398","32395","8","14","25","17","46","8_2.mp3","music"
"3399","32395","","","","","","6_10.mp3","music"
"3400","32395","55","29","86","15","2","3_1.mp3","music"
"3401","32395","","","","","","11_2.mp3","music"
"3402","32395","18","12","12","11","13","10_2.mp3","music"
"3403","32395","","","","","","6_5.mp3","music"
"3404","32395","82","67","9","23","55","11_10.mp3","music"
"3405","32395","","","","","","4_1.mp3","music"
"3406","32395","85","87","87","84","92","7_13.mp3","music"
"3407","32395","","","","","","12_2.mp3","music"
"3408","32395","58","49","48","50","13","5_14.mp3","music"
"3409","32395","","","","","","11_10.mp3","music"
"3410","32395","20","6","6","8","13","4_1.mp3","music"
"3411","32395","","","","","","6_5.mp3","music"
"3412","32395","8","10","11","9","13","7_13.mp3","music"
"3413","32395","","","","","","5_14.mp3","music"
"3414","32395","49","69","14","52","26","10_1.mp3","music"
"3415","32395","","","","","","12_2.mp3","music"
"3416","32395","20","9","9","7","70","6_10.mp3","music"
"3417","32395","","","","","","3_1.mp3","music"
"3418","32395","5","44","4","10","55","2_1.mp3","music"
"3419","32395","","","","","","11_11.mp3","music"
"3420","32395","93","95","54","81","54","8_2.mp3","music"
"3421","32395","","","","","","10_2.mp3","music"
"3422","32395","29","42","17","21","31","11_2.mp3","music"
"3423","32395","","","","","","7_10.mp3","music"
"3424","32395","83","86","85","91","14","4_2.mp3","music"
"3425","32617","","","","","","4_2.mp3","music"
"3426","32617","19","23","69","13","20","4_1.mp3","music"
"3427","32617","","","","","","8_2.mp3","music"
"3428","32617","51","44","71","71","40","10_2.mp3","music"
"3429","32617","","","","","","10_1.mp3","music"
"3430","32617","25","9","8","4","24","11_10.mp3","music"
"3431","32617","","","","","","12_2.mp3","music"
"3432","32617","18","31","9","5","22","6_10.mp3","music"
"3433","32617","","","","","","5_14.mp3","music"
"3434","32617","3","6","28","2","4","7_10.mp3","music"
"3435","32617","","","","","","11_2.mp3","music"
"3436","32617","55","43","38","43","67","6_5.mp3","music"
"3437","32617","","","","","","7_13.mp3","music"
"3438","32617","56","66","61","51","64","2_1.mp3","music"
"3439","32617","","","","","","3_1.mp3","music"
"3440","32617","22","10","14","2","29","11_11.mp3","music"
"3441","32617","","","","","","10_1.mp3","music"
"3442","32617","2","23","18","4","24","3_1.mp3","music"
"3443","32617","","","","","","2_1.mp3","music"
"3444","32617","42","70","23","17","53","6_5.mp3","music"
"3445","32617","","","","","","11_10.mp3","music"
"3446","32617","68","48","75","78","12","12_2.mp3","music"
"3447","32617","","","","","","10_2.mp3","music"
"3448","32617","9","46","16","6","31","11_2.mp3","music"
"3449","32617","","","","","","8_2.mp3","music"
"3450","32617","10","38","19","8","39","6_10.mp3","music"
"3451","32617","","","","","","4_1.mp3","music"
"3452","32617","3","21","30","4","2","5_14.mp3","music"
"3453","32617","","","","","","7_13.mp3","music"
"3454","32617","26","24","35","4","6","4_2.mp3","music"
"3455","32617","","","","","","11_11.mp3","music"
"3456","32617","73","69","74","74","46","7_10.mp3","music"
"3457","30022","","","","","","11_10.mp3","music"
"3458","30022","80","65","70","85","20","8_2.mp3","music"
"3459","30022","","","","","","6_10.mp3","music"
"3460","30022","70","55","40","50","20","11_2.mp3","music"
"3461","30022","","","","","","2_1.mp3","music"
"3462","30022","35","20","10","30","20","7_13.mp3","music"
"3463","30022","","","","","","10_2.mp3","music"
"3464","30022","40","50","30","30","45","12_2.mp3","music"
"3465","30022","","","","","","11_11.mp3","music"
"3466","30022","0","50","0","0","50","7_10.mp3","music"
"3467","30022","","","","","","5_14.mp3","music"
"3468","30022","20","20","50","0","10","4_1.mp3","music"
"3469","30022","","","","","","6_5.mp3","music"
"3470","30022","20","20","30","20","10","3_1.mp3","music"
"3471","30022","","","","","","10_1.mp3","music"
"3472","30022","50","60","60","75","20","4_2.mp3","music"
"3473","30022","","","","","","5_14.mp3","music"
"3474","30022","80","50","70","80","25","7_13.mp3","music"
"3475","30022","","","","","","10_1.mp3","music"
"3476","30022","10","20","25","20","50","11_10.mp3","music"
"3477","30022","","","","","","2_1.mp3","music"
"3478","30022","50","30","30","30","50","4_1.mp3","music"
"3479","30022","","","","","","7_10.mp3","music"
"3480","30022","25","35","0","15","25","6_5.mp3","music"
"3481","30022","","","","","","11_11.mp3","music"
"3482","30022","0","0","0","0","0","3_1.mp3","music"
"3483","30022","","","","","","11_2.mp3","music"
"3484","30022","0","0","20","0","0","10_2.mp3","music"
"3485","30022","","","","","","6_10.mp3","music"
"3486","30022","10","20","50","35","0","8_2.mp3","music"
"3487","30022","","","","","","12_2.mp3","music"
"3488","30022","20","10","60","0","0","4_2.mp3","music"
"3489","32572","","","","","","3_1.mp3","music"
"3490","32572","1","0","0","0","1","6_10.mp3","music"
"3491","32572","","","","","","2_1.mp3","music"
"3492","32572","0","41","0","2","43","8_2.mp3","music"
"3493","32572","","","","","","7_10.mp3","music"
"3494","32572","1","1","1","1","1","6_5.mp3","music"
"3495","32572","","","","","","11_11.mp3","music"
"3496","32572","0","0","0","0","1","12_2.mp3","music"
"3497","32572","","","","","","7_13.mp3","music"
"3498","32572","43","16","55","25","0","4_2.mp3","music"
"3499","32572","","","","","","4_1.mp3","music"
"3500","32572","51","53","42","33","0","10_2.mp3","music"
"3501","32572","","","","","","5_14.mp3","music"
"3502","32572","2","55","49","79","1","11_10.mp3","music"
"3503","32572","","","","","","11_2.mp3","music"
"3504","32572","1","2","2","0","1","10_1.mp3","music"
"3505","32572","","","","","","4_1.mp3","music"
"3506","32572","1","3","2","3","55","12_2.mp3","music"
"3507","32572","","","","","","11_2.mp3","music"
"3508","32572","1","1","2","4","1","10_2.mp3","music"
"3509","32572","","","","","","7_10.mp3","music"
"3510","32572","1","1","0","1","0","6_5.mp3","music"
"3511","32572","","","","","","10_1.mp3","music"
"3512","32572","1","0","51","2","2","5_14.mp3","music"
"3513","32572","","","","","","7_13.mp3","music"
"3514","32572","0","1","2","1","19","8_2.mp3","music"
"3515","32572","","","","","","11_10.mp3","music"
"3516","32572","1","2","0","53","0","2_1.mp3","music"
"3517","32572","","","","","","3_1.mp3","music"
"3518","32572","1","2","0","2","0","4_2.mp3","music"
"3519","32572","","","","","","11_11.mp3","music"
"3520","32572","39","40","31","40","0","6_10.mp3","music"
"3521","31930","","","","","","5_14.mp3","music"
"3522","31930","53","53","46","54","67","10_1.mp3","music"
"3523","31930","","","","","","10_2.mp3","music"
"3524","31930","80","32","54","48","12","4_1.mp3","music"
"3525","31930","","","","","","11_10.mp3","music"
"3526","31930","13","5","6","2","2","6_5.mp3","music"
"3527","31930","","","","","","7_10.mp3","music"
"3528","31930","25","19","18","19","20","12_2.mp3","music"
"3529","31930","","","","","","8_2.mp3","music"
"3530","31930","20","7","17","3","16","2_1.mp3","music"
"3531","31930","","","","","","4_2.mp3","music"
"3532","31930","27","30","8","2","48","11_11.mp3","music"
"3533","31930","","","","","","11_2.mp3","music"
"3534","31930","15","12","18","9","15","3_1.mp3","music"
"3535","31930","","","","","","7_13.mp3","music"
"3536","31930","14","11","3","1","34","6_10.mp3","music"
"3537","31930","","","","","","7_10.mp3","music"
"3538","31930","3","3","6","1","2","10_2.mp3","music"
"3539","31930","","","","","","4_1.mp3","music"
"3540","31930","12","7","6","1","34","8_2.mp3","music"
"3541","31930","","","","","","6_5.mp3","music"
"3542","31930","31","27","54","26","14","3_1.mp3","music"
"3543","31930","","","","","","11_11.mp3","music"
"3544","31930","1","2","4","2","2","4_2.mp3","music"
"3545","31930","","","","","","6_10.mp3","music"
"3546","31930","44","48","22","46","49","7_13.mp3","music"
"3547","31930","","","","","","2_1.mp3","music"
"3548","31930","45","51","57","45","27","12_2.mp3","music"
"3549","31930","","","","","","11_2.mp3","music"
"3550","31930","1","1","11","3","2","11_10.mp3","music"
"3551","31930","","","","","","10_1.mp3","music"
"3552","31930","3","4","1","3","2","5_14.mp3","music"
"3553","32884","","","","","","10_1.mp3","music"
"3554","32884","76","100","79","81","38","11_11.mp3","music"
"3555","32884","","","","","","6_5.mp3","music"
"3556","32884","20","10","66","30","16","7_13.mp3","music"
"3557","32884","","","","","","7_10.mp3","music"
"3558","32884","86","88","98","97","66","6_10.mp3","music"
"3559","32884","","","","","","5_14.mp3","music"
"3560","32884","83","69","74","65","31","8_2.mp3","music"
"3561","32884","","","","","","11_2.mp3","music"
"3562","32884","51","93","38","60","84","12_2.mp3","music"
"3563","32884","","","","","","10_2.mp3","music"
"3564","32884","38","61","38","47","76","4_1.mp3","music"
"3565","32884","","","","","","2_1.mp3","music"
"3566","32884","72","99","80","86","71","4_2.mp3","music"
"3567","32884","","","","","","11_10.mp3","music"
"3568","32884","72","76","96","69","13","3_1.mp3","music"
"3569","32884","","","","","","2_1.mp3","music"
"3570","32884","25","85","1","44","63","5_14.mp3","music"
"3571","32884","","","","","","11_11.mp3","music"
"3572","32884","7","26","15","8","74","11_10.mp3","music"
"3573","32884","","","","","","3_1.mp3","music"
"3574","32884","74","90","79","87","1","6_5.mp3","music"
"3575","32884","","","","","","10_1.mp3","music"
"3576","32884","4","1","1","2","19","7_13.mp3","music"
"3577","32884","","","","","","8_2.mp3","music"
"3578","32884","50","90","67","41","24","7_10.mp3","music"
"3579","32884","","","","","","10_2.mp3","music"
"3580","32884","14","49","2","3","1","4_1.mp3","music"
"3581","32884","","","","","","6_10.mp3","music"
"3582","32884","0","1","71","2","4","12_2.mp3","music"
"3583","32884","","","","","","4_2.mp3","music"
"3584","32884","72","41","42","24","76","11_2.mp3","music"
"3585","30349","","","","","","8_2.mp3","music"
"3586","30349","66","70","52","74","82","4_1.mp3","music"
"3587","30349","","","","","","4_2.mp3","music"
"3588","30349","0","27","0","4","14","12_2.mp3","music"
"3589","30349","","","","","","10_1.mp3","music"
"3590","30349","1","0","0","0","0","11_11.mp3","music"
"3591","30349","","","","","","3_1.mp3","music"
"3592","30349","1","3","1","1","3","5_14.mp3","music"
"3593","30349","","","","","","6_5.mp3","music"
"3594","30349","0","3","0","3","8","7_13.mp3","music"
"3595","30349","","","","","","10_2.mp3","music"
"3596","30349","1","30","2","0","35","11_2.mp3","music"
"3597","30349","","","","","","6_10.mp3","music"
"3598","30349","81","55","71","84","49","2_1.mp3","music"
"3599","30349","","","","","","11_10.mp3","music"
"3600","30349","4","26","3","2","28","7_10.mp3","music"
"3601","30349","","","","","","10_2.mp3","music"
"3602","30349","77","28","42","66","47","6_10.mp3","music"
"3603","30349","","","","","","2_1.mp3","music"
"3604","30349","25","2","3","3","15","8_2.mp3","music"
"3605","30349","","","","","","11_2.mp3","music"
"3606","30349","14","4","3","5","19","11_10.mp3","music"
"3607","30349","","","","","","7_10.mp3","music"
"3608","30349","66","31","75","78","26","7_13.mp3","music"
"3609","30349","","","","","","3_1.mp3","music"
"3610","30349","75","56","86","88","24","4_2.mp3","music"
"3611","30349","","","","","","6_5.mp3","music"
"3612","30349","77","71","65","73","46","5_14.mp3","music"
"3613","30349","","","","","","10_1.mp3","music"
"3614","30349","47","28","71","42","27","4_1.mp3","music"
"3615","30349","","","","","","11_11.mp3","music"
"3616","30349","4","3","1","3","33","12_2.mp3","music"
"3617","32275","","","","","","4_2.mp3","music"
"3618","32275","26","33","0","90","28","7_13.mp3","music"
"3619","32275","","","","","","6_5.mp3","music"
"3620","32275","0","0","0","0","8","11_2.mp3","music"
"3621","32275","","","","","","12_2.mp3","music"
"3622","32275","0","0","0","0","20","2_1.mp3","music"
"3623","32275","","","","","","6_10.mp3","music"
"3624","32275","0","0","0","0","0","4_1.mp3","music"
"3625","32275","","","","","","8_2.mp3","music"
"3626","32275","0","31","0","0","0","10_2.mp3","music"
"3627","32275","","","","","","10_1.mp3","music"
"3628","32275","0","0","13","14","0","3_1.mp3","music"
"3629","32275","","","","","","11_10.mp3","music"
"3630","32275","0","0","0","0","0","11_11.mp3","music"
"3631","32275","","","","","","7_10.mp3","music"
"3632","32275","0","15","0","0","0","5_14.mp3","music"
"3633","32275","","","","","","8_2.mp3","music"
"3634","32275","0","0","0","0","0","4_1.mp3","music"
"3635","32275","","","","","","3_1.mp3","music"
"3636","32275","0","0","0","0","0","5_14.mp3","music"
"3637","32275","","","","","","10_1.mp3","music"
"3638","32275","7","0","0","0","0","7_10.mp3","music"
"3639","32275","","","","","","10_2.mp3","music"
"3640","32275","0","20","0","99","0","2_1.mp3","music"
"3641","32275","","","","","","11_11.mp3","music"
"3642","32275","0","0","20","0","0","4_2.mp3","music"
"3643","32275","","","","","","7_13.mp3","music"
"3644","32275","0","0","0","18","0","11_2.mp3","music"
"3645","32275","","","","","","6_10.mp3","music"
"3646","32275","0","0","0","0","0","12_2.mp3","music"
"3647","32275","","","","","","11_10.mp3","music"
"3648","32275","0","17","29","0","7","6_5.mp3","music"
"3649","29911","","","","","","11_10.mp3","music"
"3650","29911","33","69","34","61","80","8_2.mp3","music"
"3651","29911","","","","","","4_1.mp3","music"
"3652","29911","35","69","54","91","60","12_2.mp3","music"
"3653","29911","","","","","","5_14.mp3","music"
"3654","29911","59","56","92","33","58","3_1.mp3","music"
"3655","29911","","","","","","2_1.mp3","music"
"3656","29911","50","91","88","68","20","6_5.mp3","music"
"3657","29911","","","","","","11_11.mp3","music"
"3658","29911","62","88","83","77","95","6_10.mp3","music"
"3659","29911","","","","","","10_1.mp3","music"
"3660","29911","14","27","12","19","15","7_13.mp3","music"
"3661","29911","","","","","","4_2.mp3","music"
"3662","29911","59","82","74","87","97","10_2.mp3","music"
"3663","29911","","","","","","7_10.mp3","music"
"3664","29911","48","80","77","25","81","11_2.mp3","music"
"3665","29911","","","","","","11_2.mp3","music"
"3666","29911","47","79","24","69","74","10_2.mp3","music"
"3667","29911","","","","","","10_1.mp3","music"
"3668","29911","59","85","78","97","97","2_1.mp3","music"
"3669","29911","","","","","","3_1.mp3","music"
"3670","29911","87","90","89","92","90","4_1.mp3","music"
"3671","29911","","","","","","8_2.mp3","music"
"3672","29911","71","90","82","50","63","7_13.mp3","music"
"3673","29911","","","","","","12_2.mp3","music"
"3674","29911","56","73","69","55","65","11_11.mp3","music"
"3675","29911","","","","","","6_10.mp3","music"
"3676","29911","40","59","92","37","34","6_5.mp3","music"
"3677","29911","","","","","","5_14.mp3","music"
"3678","29911","14","79","27","42","30","4_2.mp3","music"
"3679","29911","","","","","","7_10.mp3","music"
"3680","29911","58","73","81","83","73","11_10.mp3","music"
"3681","32332","","","","","","5_14.mp3","music"
"3682","32332","0","50","60","0","5","11_2.mp3","music"
"3683","32332","","","","","","10_2.mp3","music"
"3684","32332","50","50","30","70","50","11_10.mp3","music"
"3685","32332","","","","","","10_1.mp3","music"
"3686","32332","0","50","0","0","70","4_2.mp3","music"
"3687","32332","","","","","","11_11.mp3","music"
"3688","32332","30","70","0","15","50","6_10.mp3","music"
"3689","32332","","","","","","8_2.mp3","music"
"3690","32332","0","50","0","0","40","3_1.mp3","music"
"3691","32332","","","","","","12_2.mp3","music"
"3692","32332","60","65","70","20","20","7_13.mp3","music"
"3693","32332","","","","","","4_1.mp3","music"
"3694","32332","0","30","0","0","45","7_10.mp3","music"
"3695","32332","","","","","","2_1.mp3","music"
"3696","32332","20","50","50","10","10","6_5.mp3","music"
"3697","32332","","","","","","4_1.mp3","music"
"3698","32332","20","50","10","0","40","6_10.mp3","music"
"3699","32332","","","","","","4_2.mp3","music"
"3700","32332","40","60","20","10","30","8_2.mp3","music"
"3701","32332","","","","","","12_2.mp3","music"
"3702","32332","30","20","40","10","30","10_1.mp3","music"
"3703","32332","","","","","","11_2.mp3","music"
"3704","32332","0","60","0","0","40","11_10.mp3","music"
"3705","32332","","","","","","3_1.mp3","music"
"3706","32332","0","50","0","0","20","2_1.mp3","music"
"3707","32332","","","","","","7_13.mp3","music"
"3708","32332","60","65","20","35","70","10_2.mp3","music"
"3709","32332","","","","","","5_14.mp3","music"
"3710","32332","0","60","0","0","40","6_5.mp3","music"
"3711","32332","","","","","","11_11.mp3","music"
"3712","32332","50","30","30","10","10","7_10.mp3","music"
"3713","30070","","","","","","11_2.mp3","music"
"3714","30070","10","5","60","20","20","11_11.mp3","music"
"3715","30070","","","","","","10_2.mp3","music"
"3716","30070","65","95","35","60","90","7_13.mp3","music"
"3717","30070","","","","","","6_10.mp3","music"
"3718","30070","95","95","70","100","95","10_1.mp3","music"
"3719","30070","","","","","","4_1.mp3","music"
"3720","30070","10","5","15","5","0","11_10.mp3","music"
"3721","30070","","","","","","8_2.mp3","music"
"3722","30070","80","90","90","80","50","12_2.mp3","music"
"3723","30070","","","","","","7_10.mp3","music"
"3724","30070","25","20","30","20","10","5_14.mp3","music"
"3725","30070","","","","","","4_2.mp3","music"
"3726","30070","2","60","5","5","50","3_1.mp3","music"
"3727","30070","","","","","","2_1.mp3","music"
"3728","30070","20","15","15","15","25","6_5.mp3","music"
"3729","30070","","","","","","11_11.mp3","music"
"3730","30070","100","95","55","85","95","12_2.mp3","music"
"3731","30070","","","","","","6_10.mp3","music"
"3732","30070","50","60","30","30","70","10_2.mp3","music"
"3733","30070","","","","","","5_14.mp3","music"
"3734","30070","20","55","10","20","30","11_10.mp3","music"
"3735","30070","","","","","","7_13.mp3","music"
"3736","30070","20","40","25","20","35","6_5.mp3","music"
"3737","30070","","","","","","4_2.mp3","music"
"3738","30070","85","30","80","80","51","2_1.mp3","music"
"3739","30070","","","","","","11_2.mp3","music"
"3740","30070","65","55","60","80","95","4_1.mp3","music"
"3741","30070","","","","","","8_2.mp3","music"
"3742","30070","25","25","20","25","40","10_1.mp3","music"
"3743","30070","","","","","","3_1.mp3","music"
"3744","30070","30","35","90","35","40","7_10.mp3","music"
"3745","31231","","","","","","12_2.mp3","music"
"3746","31231","58","41","54","70","26","8_2.mp3","music"
"3747","31231","","","","","","11_10.mp3","music"
"3748","31231","0","0","0","0","15","4_1.mp3","music"
"3749","31231","","","","","","2_1.mp3","music"
"3750","31231","59","66","22","59","8","6_5.mp3","music"
"3751","31231","","","","","","11_11.mp3","music"
"3752","31231","0","0","0","0","0","11_2.mp3","music"
"3753","31231","","","","","","7_10.mp3","music"
"3754","31231","0","0","0","0","0","5_14.mp3","music"
"3755","31231","","","","","","6_10.mp3","music"
"3756","31231","0","0","0","0","40","7_13.mp3","music"
"3757","31231","","","","","","10_2.mp3","music"
"3758","31231","18","33","15","51","34","3_1.mp3","music"
"3759","31231","","","","","","4_2.mp3","music"
"3760","31231","0","0","0","0","0","10_1.mp3","music"
"3761","31231","","","","","","4_2.mp3","music"
"3762","31231","0","40","0","0","0","10_2.mp3","music"
"3763","31231","","","","","","8_2.mp3","music"
"3764","31231","36","39","53","28","0","10_1.mp3","music"
"3765","31231","","","","","","12_2.mp3","music"
"3766","31231","0","0","0","0","0","11_11.mp3","music"
"3767","31231","","","","","","2_1.mp3","music"
"3768","31231","36","0","0","0","0","6_10.mp3","music"
"3769","31231","","","","","","11_10.mp3","music"
"3770","31231","0","0","0","0","0","6_5.mp3","music"
"3771","31231","","","","","","11_2.mp3","music"
"3772","31231","0","0","0","0","0","7_13.mp3","music"
"3773","31231","","","","","","4_1.mp3","music"
"3774","31231","0","0","0","0","0","5_14.mp3","music"
"3775","31231","","","","","","7_10.mp3","music"
"3776","31231","0","0","0","0","0","3_1.mp3","music"
"3777","32266","","","","","","6_5.mp3","music"
"3778","32266","48","0","0","0","48","10_2.mp3","music"
"3779","32266","","","","","","6_10.mp3","music"
"3780","32266","0","0","7","16","28","4_2.mp3","music"
"3781","32266","","","","","","7_10.mp3","music"
"3782","32266","8","0","45","15","0","8_2.mp3","music"
"3783","32266","","","","","","4_1.mp3","music"
"3784","32266","0","0","13","4","0","3_1.mp3","music"
"3785","32266","","","","","","5_14.mp3","music"
"3786","32266","0","0","0","0","9","7_13.mp3","music"
"3787","32266","","","","","","2_1.mp3","music"
"3788","32266","0","0","0","0","0","12_2.mp3","music"
"3789","32266","","","","","","11_2.mp3","music"
"3790","32266","0","0","0","0","0","10_1.mp3","music"
"3791","32266","","","","","","11_11.mp3","music"
"3792","32266","0","0","3","0","0","11_10.mp3","music"
"3793","32266","","","","","","2_1.mp3","music"
"3794","32266","0","0","0","0","0","10_2.mp3","music"
"3795","32266","","","","","","3_1.mp3","music"
"3796","32266","0","0","5","0","0","8_2.mp3","music"
"3797","32266","","","","","","4_1.mp3","music"
"3798","32266","0","0","45","0","1","10_1.mp3","music"
"3799","32266","","","","","","11_2.mp3","music"
"3800","32266","0","0","1","0","0","6_5.mp3","music"
"3801","32266","","","","","","7_10.mp3","music"
"3802","32266","0","0","13","16","0","11_10.mp3","music"
"3803","32266","","","","","","4_2.mp3","music"
"3804","32266","0","0","20","13","0","12_2.mp3","music"
"3805","32266","","","","","","7_13.mp3","music"
"3806","32266","0","0","0","0","0","5_14.mp3","music"
"3807","32266","","","","","","6_10.mp3","music"
"3808","32266","0","0","0","0","10","11_11.mp3","music"
"3809","30292","","","","","","3_1.mp3","music"
"3810","30292","0","0","0","0","0","11_10.mp3","music"
"3811","30292","","","","","","12_2.mp3","music"
"3812","30292","0","0","0","0","15","6_10.mp3","music"
"3813","30292","","","","","","4_2.mp3","music"
"3814","30292","70","50","80","75","35","4_1.mp3","music"
"3815","30292","","","","","","7_10.mp3","music"
"3816","30292","85","60","75","80","75","10_2.mp3","music"
"3817","30292","","","","","","11_11.mp3","music"
"3818","30292","12","0","30","0","0","10_1.mp3","music"
"3819","30292","","","","","","6_5.mp3","music"
"3820","30292","70","50","50","50","60","8_2.mp3","music"
"3821","30292","","","","","","11_2.mp3","music"
"3822","30292","0","0","0","10","25","5_14.mp3","music"
"3823","30292","","","","","","2_1.mp3","music"
"3824","30292","0","0","0","0","0","7_13.mp3","music"
"3825","30292","","","","","","12_2.mp3","music"
"3826","30292","40","60","20","25","60","11_11.mp3","music"
"3827","30292","","","","","","3_1.mp3","music"
"3828","30292","80","35","75","75","5","10_1.mp3","music"
"3829","30292","","","","","","7_13.mp3","music"
"3830","30292","40","60","0","40","75","6_10.mp3","music"
"3831","30292","","","","","","5_14.mp3","music"
"3832","30292","0","0","0","0","0","4_1.mp3","music"
"3833","30292","","","","","","11_2.mp3","music"
"3834","30292","50","0","55","50","0","7_10.mp3","music"
"3835","30292","","","","","","10_2.mp3","music"
"3836","30292","60","35","60","60","5","2_1.mp3","music"
"3837","30292","","","","","","4_2.mp3","music"
"3838","30292","0","0","0","0","0","11_10.mp3","music"
"3839","30292","","","","","","6_5.mp3","music"
"3840","30292","0","0","0","0","0","8_2.mp3","music"
"3841","31984","","","","","","10_1.mp3","music"
"3842","31984","14","9","9","6","10","4_2.mp3","music"
"3843","31984","","","","","","6_5.mp3","music"
"3844","31984","34","9","6","9","24","7_10.mp3","music"
"3845","31984","","","","","","8_2.mp3","music"
"3846","31984","3","3","56","2","2","10_2.mp3","music"
"3847","31984","","","","","","12_2.mp3","music"
"3848","31984","0","2","1","1","2","11_11.mp3","music"
"3849","31984","","","","","","7_13.mp3","music"
"3850","31984","89","52","0","89","22","6_10.mp3","music"
"3851","31984","","","","","","3_1.mp3","music"
"3852","31984","39","43","9","50","5","2_1.mp3","music"
"3853","31984","","","","","","4_1.mp3","music"
"3854","31984","35","51","75","52","79","11_10.mp3","music"
"3855","31984","","","","","","11_2.mp3","music"
"3856","31984","9","23","32","26","32","5_14.mp3","music"
"3857","31984","","","","","","10_2.mp3","music"
"3858","31984","28","35","38","23","33","3_1.mp3","music"
"3859","31984","","","","","","6_10.mp3","music"
"3860","31984","11","26","40","20","51","4_1.mp3","music"
"3861","31984","","","","","","8_2.mp3","music"
"3862","31984","0","0","1","0","0","7_10.mp3","music"
"3863","31984","","","","","","11_10.mp3","music"
"3864","31984","28","47","4","42","87","10_1.mp3","music"
"3865","31984","","","","","","5_14.mp3","music"
"3866","31984","11","70","52","33","50","6_5.mp3","music"
"3867","31984","","","","","","11_11.mp3","music"
"3868","31984","11","0","0","0","0","11_2.mp3","music"
"3869","31984","","","","","","12_2.mp3","music"
"3870","31984","4","0","0","8","14","2_1.mp3","music"
"3871","31984","","","","","","7_13.mp3","music"
"3872","31984","8","0","0","0","0","4_2.mp3","music"
"3873","30955","","","","","","8_2.mp3","music"
"3874","30955","58","65","77","59","50","3_1.mp3","music"
"3875","30955","","","","","","10_2.mp3","music"
"3876","30955","63","68","51","55","74","11_11.mp3","music"
"3877","30955","","","","","","5_14.mp3","music"
"3878","30955","0","0","18","0","0","6_10.mp3","music"
"3879","30955","","","","","","2_1.mp3","music"
"3880","30955","13","22","18","0","78","10_1.mp3","music"
"3881","30955","","","","","","4_2.mp3","music"
"3882","30955","0","42","0","0","75","12_2.mp3","music"
"3883","30955","","","","","","11_2.mp3","music"
"3884","30955","0","0","31","0","0","6_5.mp3","music"
"3885","30955","","","","","","7_13.mp3","music"
"3886","30955","36","30","0","0","50","4_1.mp3","music"
"3887","30955","","","","","","11_10.mp3","music"
"3888","30955","60","51","17","48","72","7_10.mp3","music"
"3889","30955","","","","","","7_13.mp3","music"
"3890","30955","30","40","0","23","35","4_2.mp3","music"
"3891","30955","","","","","","3_1.mp3","music"
"3892","30955","32","15","6","22","15","10_1.mp3","music"
"3893","30955","","","","","","12_2.mp3","music"
"3894","30955","50","47","50","52","43","2_1.mp3","music"
"3895","30955","","","","","","6_10.mp3","music"
"3896","30955","6","0","31","17","18","4_1.mp3","music"
"3897","30955","","","","","","7_10.mp3","music"
"3898","30955","50","64","15","50","88","11_10.mp3","music"
"3899","30955","","","","","","8_2.mp3","music"
"3900","30955","64","33","69","58","27","6_5.mp3","music"
"3901","30955","","","","","","5_14.mp3","music"
"3902","30955","47","26","90","48","16","11_11.mp3","music"
"3903","30955","","","","","","10_2.mp3","music"
"3904","30955","59","49","65","57","42","11_2.mp3","music"
"3905","31978","","","","","","10_2.mp3","music"
"3906","31978","15","22","11","15","40","12_2.mp3","music"
"3907","31978","","","","","","8_2.mp3","music"
"3908","31978","17","10","13","22","13","6_5.mp3","music"
"3909","31978","","","","","","4_2.mp3","music"
"3910","31978","54","49","48","67","82","4_1.mp3","music"
"3911","31978","","","","","","3_1.mp3","music"
"3912","31978","37","13","11","11","27","11_2.mp3","music"
"3913","31978","","","","","","11_10.mp3","music"
"3914","31978","22","56","45","52","47","7_10.mp3","music"
"3915","31978","","","","","","5_14.mp3","music"
"3916","31978","72","50","63","71","33","2_1.mp3","music"
"3917","31978","","","","","","7_13.mp3","music"
"3918","31978","49","51","51","51","5","10_1.mp3","music"
"3919","31978","","","","","","6_10.mp3","music"
"3920","31978","50","48","77","91","4","11_11.mp3","music"
"3921","31978","","","","","","3_1.mp3","music"
"3922","31978","28","50","73","69","51","2_1.mp3","music"
"3923","31978","","","","","","6_10.mp3","music"
"3924","31978","63","54","49","16","5","12_2.mp3","music"
"3925","31978","","","","","","10_1.mp3","music"
"3926","31978","24","10","22","9","47","11_2.mp3","music"
"3927","31978","","","","","","5_14.mp3","music"
"3928","31978","50","47","15","52","54","7_13.mp3","music"
"3929","31978","","","","","","11_10.mp3","music"
"3930","31978","49","17","12","17","45","10_2.mp3","music"
"3931","31978","","","","","","8_2.mp3","music"
"3932","31978","50","51","48","50","49","11_11.mp3","music"
"3933","31978","","","","","","4_1.mp3","music"
"3934","31978","14","10","8","10","11","7_10.mp3","music"
"3935","31978","","","","","","6_5.mp3","music"
"3936","31978","50","79","85","77","51","4_2.mp3","music"
"3937","32920","","","","","","12_2.mp3","music"
"3938","32920","61","59","48","55","49","5_14.mp3","music"
"3939","32920","","","","","","2_1.mp3","music"
"3940","32920","54","52","51","49","52","7_13.mp3","music"
"3941","32920","","","","","","10_1.mp3","music"
"3942","32920","53","54","53","56","56","4_2.mp3","music"
"3943","32920","","","","","","4_1.mp3","music"
"3944","32920","61","55","55","42","55","3_1.mp3","music"
"3945","32920","","","","","","8_2.mp3","music"
"3946","32920","49","47","48","48","46","10_2.mp3","music"
"3947","32920","","","","","","6_5.mp3","music"
"3948","32920","67","36","40","37","41","7_10.mp3","music"
"3949","32920","","","","","","11_2.mp3","music"
"3950","32920","3","5","5","43","5","11_10.mp3","music"
"3951","32920","","","","","","11_11.mp3","music"
"3952","32920","60","26","24","22","23","6_10.mp3","music"
"3953","32920","","","","","","4_2.mp3","music"
"3954","32920","10","12","12","9","12","7_13.mp3","music"
"3955","32920","","","","","","6_5.mp3","music"
"3956","32920","15","80","82","78","87","11_10.mp3","music"
"3957","32920","","","","","","11_2.mp3","music"
"3958","32920","12","81","81","83","79","2_1.mp3","music"
"3959","32920","","","","","","11_11.mp3","music"
"3960","32920","6","7","9","5","6","8_2.mp3","music"
"3961","32920","","","","","","10_1.mp3","music"
"3962","32920","9","13","5","7","5","6_10.mp3","music"
"3963","32920","","","","","","3_1.mp3","music"
"3964","32920","8","69","73","69","70","12_2.mp3","music"
"3965","32920","","","","","","10_2.mp3","music"
"3966","32920","6","84","80","75","84","7_10.mp3","music"
"3967","32920","","","","","","5_14.mp3","music"
"3968","32920","15","68","73","58","75","4_1.mp3","music"
"3969","29998","","","","","","10_2.mp3","music"
"3970","29998","46","28","77","83","29","4_2.mp3","music"
"3971","29998","","","","","","10_1.mp3","music"
"3972","29998","29","20","13","27","68","7_10.mp3","music"
"3973","29998","","","","","","2_1.mp3","music"
"3974","29998","76","61","77","80","54","6_5.mp3","music"
"3975","29998","","","","","","8_2.mp3","music"
"3976","29998","0","43","0","0","53","11_10.mp3","music"
"3977","29998","","","","","","5_14.mp3","music"
"3978","29998","55","66","18","39","64","4_1.mp3","music"
"3979","29998","","","","","","7_13.mp3","music"
"3980","29998","19","32","18","23","63","11_11.mp3","music"
"3981","29998","","","","","","12_2.mp3","music"
"3982","29998","31","42","54","69","43","3_1.mp3","music"
"3983","29998","","","","","","6_10.mp3","music"
"3984","29998","0","0","20","0","0","11_2.mp3","music"
"3985","29998","","","","","","4_2.mp3","music"
"3986","29998","35","49","71","73","36","10_2.mp3","music"
"3987","29998","","","","","","11_2.mp3","music"
"3988","29998","0","0","0","0","38","2_1.mp3","music"
"3989","29998","","","","","","4_1.mp3","music"
"3990","29998","0","0","0","0","0","6_5.mp3","music"
"3991","29998","","","","","","11_10.mp3","music"
"3992","29998","0","0","0","0","0","10_1.mp3","music"
"3993","29998","","","","","","11_11.mp3","music"
"3994","29998","15","26","17","17","50","5_14.mp3","music"
"3995","29998","","","","","","8_2.mp3","music"
"3996","29998","19","6","11","9","58","7_13.mp3","music"
"3997","29998","","","","","","3_1.mp3","music"
"3998","29998","2","10","31","6","0","7_10.mp3","music"
"3999","29998","","","","","","6_10.mp3","music"
"4000","29998","0","0","0","0","0","12_2.mp3","music"
"4001","31546","","","","","","11_10.mp3","music"
"4002","31546","88","59","28","78","80","10_2.mp3","music"
"4003","31546","","","","","","2_1.mp3","music"
"4004","31546","70","99","68","99","87","6_10.mp3","music"
"4005","31546","","","","","","7_10.mp3","music"
"4006","31546","0","68","14","14","1","12_2.mp3","music"
"4007","31546","","","","","","8_2.mp3","music"
"4008","31546","53","41","55","17","21","4_1.mp3","music"
"4009","31546","","","","","","11_2.mp3","music"
"4010","31546","27","36","24","50","48","4_2.mp3","music"
"4011","31546","","","","","","3_1.mp3","music"
"4012","31546","1","58","84","29","9","7_13.mp3","music"
"4013","31546","","","","","","5_14.mp3","music"
"4014","31546","68","73","90","93","13","10_1.mp3","music"
"4015","31546","","","","","","11_11.mp3","music"
"4016","31546","7","17","20","38","46","6_5.mp3","music"
"4017","31546","","","","","","11_10.mp3","music"
"4018","31546","65","22","64","93","9","4_1.mp3","music"
"4019","31546","","","","","","7_13.mp3","music"
"4020","31546","14","16","63","38","0","11_11.mp3","music"
"4021","31546","","","","","","11_2.mp3","music"
"4022","31546","0","1","12","0","0","8_2.mp3","music"
"4023","31546","","","","","","10_1.mp3","music"
"4024","31546","10","11","7","11","13","2_1.mp3","music"
"4025","31546","","","","","","5_14.mp3","music"
"4026","31546","2","47","42","15","1","12_2.mp3","music"
"4027","31546","","","","","","6_5.mp3","music"
"4028","31546","58","75","28","43","68","3_1.mp3","music"
"4029","31546","","","","","","4_2.mp3","music"
"4030","31546","37","48","71","28","33","7_10.mp3","music"
"4031","31546","","","","","","6_10.mp3","music"
"4032","31546","27","20","18","20","17","10_2.mp3","music"
"4033","31576","","","","","","6_5.mp3","music"
"4034","31576","80","93","79","92","65","4_1.mp3","music"
"4035","31576","","","","","","7_13.mp3","music"
"4036","31576","36","63","11","32","73","10_1.mp3","music"
"4037","31576","","","","","","3_1.mp3","music"
"4038","31576","22","35","77","9","0","5_14.mp3","music"
"4039","31576","","","","","","11_11.mp3","music"
"4040","31576","25","47","5","3","56","8_2.mp3","music"
"4041","31576","","","","","","10_2.mp3","music"
"4042","31576","1","0","0","0","37","4_2.mp3","music"
"4043","31576","","","","","","12_2.mp3","music"
"4044","31576","94","69","80","98","48","2_1.mp3","music"
"4045","31576","","","","","","7_10.mp3","music"
"4046","31576","91","47","90","92","52","11_2.mp3","music"
"4047","31576","","","","","","6_10.mp3","music"
"4048","31576","67","53","89","70","27","11_10.mp3","music"
"4049","31576","","","","","","4_2.mp3","music"
"4050","31576","17","52","73","15","4","7_13.mp3","music"
"4051","31576","","","","","","7_10.mp3","music"
"4052","31576","84","75","97","93","24","3_1.mp3","music"
"4053","31576","","","","","","6_5.mp3","music"
"4054","31576","80","55","48","70","70","8_2.mp3","music"
"4055","31576","","","","","","10_2.mp3","music"
"4056","31576","17","28","0","1","62","11_10.mp3","music"
"4057","31576","","","","","","11_11.mp3","music"
"4058","31576","11","45","1","0","63","10_1.mp3","music"
"4059","31576","","","","","","11_2.mp3","music"
"4060","31576","8","4","11","13","44","2_1.mp3","music"
"4061","31576","","","","","","12_2.mp3","music"
"4062","31576","5","0","34","0","6","5_14.mp3","music"
"4063","31576","","","","","","6_10.mp3","music"
"4064","31576","13","1","13","2","0","4_1.mp3","music"
"4065","30907","","","","","","2_1.mp3","music"
"4066","30907","41","31","9","30","53","10_1.mp3","music"
"4067","30907","","","","","","7_10.mp3","music"
"4068","30907","27","37","10","28","50","5_14.mp3","music"
"4069","30907","","","","","","4_1.mp3","music"
"4070","30907","32","26","20","22","19","7_13.mp3","music"
"4071","30907","","","","","","11_10.mp3","music"
"4072","30907","10","17","20","19","22","3_1.mp3","music"
"4073","30907","","","","","","11_2.mp3","music"
"4074","30907","25","25","24","27","26","4_2.mp3","music"
"4075","30907","","","","","","10_2.mp3","music"
"4076","30907","6","6","2","8","3","6_10.mp3","music"
"4077","30907","","","","","","12_2.mp3","music"
"4078","30907","19","20","18","19","20","8_2.mp3","music"
"4079","30907","","","","","","6_5.mp3","music"
"4080","30907","23","39","38","24","26","11_11.mp3","music"
"4081","30907","","","","","","6_5.mp3","music"
"4082","30907","28","22","20","22","19","6_10.mp3","music"
"4083","30907","","","","","","10_2.mp3","music"
"4084","30907","23","19","16","20","20","10_1.mp3","music"
"4085","30907","","","","","","2_1.mp3","music"
"4086","30907","42","44","9","22","63","5_14.mp3","music"
"4087","30907","","","","","","4_2.mp3","music"
"4088","30907","63","69","41","65","78","8_2.mp3","music"
"4089","30907","","","","","","7_13.mp3","music"
"4090","30907","25","31","72","11","11","11_11.mp3","music"
"4091","30907","","","","","","11_10.mp3","music"
"4092","30907","43","25","59","25","25","3_1.mp3","music"
"4093","30907","","","","","","4_1.mp3","music"
"4094","30907","37","32","15","33","43","11_2.mp3","music"
"4095","30907","","","","","","7_10.mp3","music"
"4096","30907","88","83","74","77","76","12_2.mp3","music"
"4097","30850","","","","","","10_1.mp3","music"
"4098","30850","49","86","49","49","95","11_2.mp3","music"
"4099","30850","","","","","","7_10.mp3","music"
"4100","30850","26","97","3","38","94","5_14.mp3","music"
"4101","30850","","","","","","7_13.mp3","music"
"4102","30850","97","98","17","80","96","3_1.mp3","music"
"4103","30850","","","","","","8_2.mp3","music"
"4104","30850","77","81","68","78","91","4_2.mp3","music"
"4105","30850","","","","","","4_1.mp3","music"
"4106","30850","63","53","91","75","48","6_10.mp3","music"
"4107","30850","","","","","","2_1.mp3","music"
"4108","30850","62","61","35","65","88","10_2.mp3","music"
"4109","30850","","","","","","6_5.mp3","music"
"4110","30850","19","28","18","3","46","12_2.mp3","music"
"4111","30850","","","","","","11_10.mp3","music"
"4112","30850","56","91","33","36","87","11_11.mp3","music"
"4113","30850","","","","","","8_2.mp3","music"
"4114","30850","73","68","92","84","69","2_1.mp3","music"
"4115","30850","","","","","","12_2.mp3","music"
"4116","30850","42","84","51","26","94","7_10.mp3","music"
"4117","30850","","","","","","4_1.mp3","music"
"4118","30850","4","8","100","7","18","6_5.mp3","music"
"4119","30850","","","","","","10_1.mp3","music"
"4120","30850","79","78","86","85","91","11_10.mp3","music"
"4121","30850","","","","","","11_11.mp3","music"
"4122","30850","76","82","95","92","85","7_13.mp3","music"
"4123","30850","","","","","","4_2.mp3","music"
"4124","30850","66","43","90","60","19","10_2.mp3","music"
"4125","30850","","","","","","11_2.mp3","music"
"4126","30850","59","47","71","73","44","6_10.mp3","music"
"4127","30850","","","","","","3_1.mp3","music"
"4128","30850","80","42","87","84","45","5_14.mp3","music"
"4129","31612","","","","","","5_14.mp3","music"
"4130","31612","3","2","2","0","0","8_2.mp3","music"
"4131","31612","","","","","","10_2.mp3","music"
"4132","31612","2","4","1","3","1","6_5.mp3","music"
"4133","31612","","","","","","12_2.mp3","music"
"4134","31612","10","28","3","12","23","11_10.mp3","music"
"4135","31612","","","","","","7_13.mp3","music"
"4136","31612","2","2","0","2","10","11_11.mp3","music"
"4137","31612","","","","","","4_2.mp3","music"
"4138","31612","3","4","4","0","0","3_1.mp3","music"
"4139","31612","","","","","","10_1.mp3","music"
"4140","31612","5","2","0","2","2","11_2.mp3","music"
"4141","31612","","","","","","4_1.mp3","music"
"4142","31612","2","5","0","0","4","6_10.mp3","music"
"4143","31612","","","","","","7_10.mp3","music"
"4144","31612","2","2","0","3","4","2_1.mp3","music"
"4145","31612","","","","","","7_10.mp3","music"
"4146","31612","1","2","2","0","2","4_1.mp3","music"
"4147","31612","","","","","","3_1.mp3","music"
"4148","31612","4","3","3","2","2","2_1.mp3","music"
"4149","31612","","","","","","4_2.mp3","music"
"4150","31612","1","1","0","0","2","11_10.mp3","music"
"4151","31612","","","","","","7_13.mp3","music"
"4152","31612","8","15","0","0","14","11_2.mp3","music"
"4153","31612","","","","","","12_2.mp3","music"
"4154","31612","2","1","0","0","2","6_5.mp3","music"
"4155","31612","","","","","","10_2.mp3","music"
"4156","31612","0","0","0","0","0","10_1.mp3","music"
"4157","31612","","","","","","5_14.mp3","music"
"4158","31612","0","0","0","0","0","8_2.mp3","music"
"4159","31612","","","","","","11_11.mp3","music"
"4160","31612","0","0","0","0","0","6_10.mp3","music"
"4161","32377","","","","","","11_10.mp3","music"
"4162","32377","21","24","90","23","0","4_2.mp3","music"
"4163","32377","","","","","","4_1.mp3","music"
"4164","32377","61","21","72","48","0","7_10.mp3","music"
"4165","32377","","","","","","10_2.mp3","music"
"4166","32377","6","14","21","1","25","6_10.mp3","music"
"4167","32377","","","","","","3_1.mp3","music"
"4168","32377","1","1","6","0","52","11_2.mp3","music"
"4169","32377","","","","","","10_1.mp3","music"
"4170","32377","11","16","25","14","72","12_2.mp3","music"
"4171","32377","","","","","","5_14.mp3","music"
"4172","32377","12","4","17","1","30","11_11.mp3","music"
"4173","32377","","","","","","8_2.mp3","music"
"4174","32377","10","10","49","5","1","2_1.mp3","music"
"4175","32377","","","","","","7_13.mp3","music"
"4176","32377","3","4","23","2","4","6_5.mp3","music"
"4177","32377","","","","","","6_5.mp3","music"
"4178","32377","68","49","56","82","86","4_2.mp3","music"
"4179","32377","","","","","","8_2.mp3","music"
"4180","32377","63","35","81","74","15","5_14.mp3","music"
"4181","32377","","","","","","2_1.mp3","music"
"4182","32377","0","1","40","1","1","12_2.mp3","music"
"4183","32377","","","","","","10_1.mp3","music"
"4184","32377","51","73","50","77","65","7_13.mp3","music"
"4185","32377","","","","","","11_11.mp3","music"
"4186","32377","60","52","74","77","35","10_2.mp3","music"
"4187","32377","","","","","","11_10.mp3","music"
"4188","32377","16","9","6","2","19","4_1.mp3","music"
"4189","32377","","","","","","6_10.mp3","music"
"4190","32377","35","11","48","35","12","11_2.mp3","music"
"4191","32377","","","","","","7_10.mp3","music"
"4192","32377","61","10","82","63","16","3_1.mp3","music"
"4193","31897","","","","","","2_1.mp3","music"
"4194","31897","40","42","40","29","11","12_2.mp3","music"
"4195","31897","","","","","","6_5.mp3","music"
"4196","31897","24","44","25","18","16","11_2.mp3","music"
"4197","31897","","","","","","10_1.mp3","music"
"4198","31897","32","39","51","42","38","11_11.mp3","music"
"4199","31897","","","","","","4_2.mp3","music"
"4200","31897","64","38","56","54","18","7_13.mp3","music"
"4201","31897","","","","","","5_14.mp3","music"
"4202","31897","50","65","39","23","30","4_1.mp3","music"
"4203","31897","","","","","","11_10.mp3","music"
"4204","31897","0","23","0","0","0","7_10.mp3","music"
"4205","31897","","","","","","8_2.mp3","music"
"4206","31897","0","11","12","0","0","10_2.mp3","music"
"4207","31897","","","","","","6_10.mp3","music"
"4208","31897","0","9","27","0","0","3_1.mp3","music"
"4209","31897","","","","","","11_10.mp3","music"
"4210","31897","43","12","53","30","0","11_11.mp3","music"
"4211","31897","","","","","","4_1.mp3","music"
"4212","31897","0","16","0","0","9","10_1.mp3","music"
"4213","31897","","","","","","6_10.mp3","music"
"4214","31897","0","9","0","0","11","2_1.mp3","music"
"4215","31897","","","","","","7_13.mp3","music"
"4216","31897","11","14","35","0","0","7_10.mp3","music"
"4217","31897","","","","","","12_2.mp3","music"
"4218","31897","0","0","0","0","0","6_5.mp3","music"
"4219","31897","","","","","","4_2.mp3","music"
"4220","31897","33","21","39","33","10","11_2.mp3","music"
"4221","31897","","","","","","8_2.mp3","music"
"4222","31897","0","7","0","0","0","10_2.mp3","music"
"4223","31897","","","","","","3_1.mp3","music"
"4224","31897","0","0","0","0","0","5_14.mp3","music"
"4225","32587","","","","","","2_1.mp3","music"
"4226","32587","42","14","32","25","32","4_1.mp3","music"
"4227","32587","","","","","","6_10.mp3","music"
"4228","32587","53","73","26","42","90","7_10.mp3","music"
"4229","32587","","","","","","6_5.mp3","music"
"4230","32587","4","0","20","0","0","10_2.mp3","music"
"4231","32587","","","","","","12_2.mp3","music"
"4232","32587","11","4","7","9","3","11_11.mp3","music"
"4233","32587","","","","","","4_2.mp3","music"
"4234","32587","86","57","39","87","32","8_2.mp3","music"
"4235","32587","","","","","","11_10.mp3","music"
"4236","32587","7","17","6","1","10","3_1.mp3","music"
"4237","32587","","","","","","7_13.mp3","music"
"4238","32587","60","90","30","77","53","11_2.mp3","music"
"4239","32587","","","","","","5_14.mp3","music"
"4240","32587","27","89","9","39","76","10_1.mp3","music"
"4241","32587","","","","","","10_2.mp3","music"
"4242","32587","5","14","0","0","10","12_2.mp3","music"
"4243","32587","","","","","","6_10.mp3","music"
"4244","32587","54","6","49","6","8","2_1.mp3","music"
"4245","32587","","","","","","7_13.mp3","music"
"4246","32587","75","94","43","79","92","7_10.mp3","music"
"4247","32587","","","","","","5_14.mp3","music"
"4248","32587","3","26","0","9","14","10_1.mp3","music"
"4249","32587","","","","","","4_2.mp3","music"
"4250","32587","12","18","52","6","0","11_11.mp3","music"
"4251","32587","","","","","","4_1.mp3","music"
"4252","32587","11","18","0","3","7","11_2.mp3","music"
"4253","32587","","","","","","3_1.mp3","music"
"4254","32587","53","48","92","76","18","6_5.mp3","music"
"4255","32587","","","","","","11_10.mp3","music"
"4256","32587","39","65","36","32","13","8_2.mp3","music"
"4257","29959","","","","","","2_1.mp3","music"
"4258","29959","83","71","28","32","69","11_11.mp3","music"
"4259","29959","","","","","","3_1.mp3","music"
"4260","29959","50","47","70","46","23","11_2.mp3","music"
"4261","29959","","","","","","4_2.mp3","music"
"4262","29959","0","0","0","0","49","10_2.mp3","music"
"4263","29959","","","","","","6_10.mp3","music"
"4264","29959","14","73","0","0","100","6_5.mp3","music"
"4265","29959","","","","","","12_2.mp3","music"
"4266","29959","59","25","57","50","0","4_1.mp3","music"
"4267","29959","","","","","","7_13.mp3","music"
"4268","29959","0","0","0","0","53","10_1.mp3","music"
"4269","29959","","","","","","5_14.mp3","music"
"4270","29959","0","0","0","0","43","11_10.mp3","music"
"4271","29959","","","","","","7_10.mp3","music"
"4272","29959","25","15","29","14","12","8_2.mp3","music"
"4273","29959","","","","","","11_11.mp3","music"
"4274","29959","45","0","58","32","24","4_2.mp3","music"
"4275","29959","","","","","","4_1.mp3","music"
"4276","29959","0","0","0","0","0","11_2.mp3","music"
"4277","29959","","","","","","7_13.mp3","music"
"4278","29959","0","0","0","1","0","8_2.mp3","music"
"4279","29959","","","","","","6_5.mp3","music"
"4280","29959","17","0","0","0","25","7_10.mp3","music"
"4281","29959","","","","","","10_1.mp3","music"
"4282","29959","0","0","0","0","62","2_1.mp3","music"
"4283","29959","","","","","","10_2.mp3","music"
"4284","29959","18","17","50","20","0","11_10.mp3","music"
"4285","29959","","","","","","6_10.mp3","music"
"4286","29959","50","46","32","51","3","3_1.mp3","music"
"4287","29959","","","","","","12_2.mp3","music"
"4288","29959","0","0","0","0","98","5_14.mp3","music"
"4289","31699","","","","","","6_5.mp3","music"
"4290","31699","18","6","23","10","7","5_14.mp3","music"
"4291","31699","","","","","","8_2.mp3","music"
"4292","31699","20","15","26","33","24","3_1.mp3","music"
"4293","31699","","","","","","10_1.mp3","music"
"4294","31699","20","17","11","11","26","12_2.mp3","music"
"4295","31699","","","","","","4_1.mp3","music"
"4296","31699","1","0","1","1","1","6_10.mp3","music"
"4297","31699","","","","","","10_2.mp3","music"
"4298","31699","39","36","35","27","42","11_11.mp3","music"
"4299","31699","","","","","","7_13.mp3","music"
"4300","31699","45","37","39","36","26","11_2.mp3","music"
"4301","31699","","","","","","4_2.mp3","music"
"4302","31699","11","1","7","5","18","2_1.mp3","music"
"4303","31699","","","","","","11_10.mp3","music"
"4304","31699","2","0","0","1","0","7_10.mp3","music"
"4305","31699","","","","","","11_11.mp3","music"
"4306","31699","25","23","20","13","26","8_2.mp3","music"
"4307","31699","","","","","","11_2.mp3","music"
"4308","31699","23","27","20","18","22","4_1.mp3","music"
"4309","31699","","","","","","2_1.mp3","music"
"4310","31699","15","0","7","3","2","6_10.mp3","music"
"4311","31699","","","","","","11_10.mp3","music"
"4312","31699","17","15","2","11","14","7_13.mp3","music"
"4313","31699","","","","","","10_2.mp3","music"
"4314","31699","25","24","16","27","29","6_5.mp3","music"
"4315","31699","","","","","","7_10.mp3","music"
"4316","31699","23","18","6","13","24","4_2.mp3","music"
"4317","31699","","","","","","5_14.mp3","music"
"4318","31699","0","0","0","0","0","10_1.mp3","music"
"4319","31699","","","","","","3_1.mp3","music"
"4320","31699","14","0","0","11","30","12_2.mp3","music"
"4321","29962","","","","","","10_1.mp3","music"
"4322","29962","20","50","30","0","10","2_1.mp3","music"
"4323","29962","","","","","","11_2.mp3","music"
"4324","29962","0","20","0","0","51","5_14.mp3","music"
"4325","29962","","","","","","3_1.mp3","music"
"4326","29962","0","0","0","0","0","4_1.mp3","music"
"4327","29962","","","","","","8_2.mp3","music"
"4328","29962","0","70","0","0","68","6_5.mp3","music"
"4329","29962","","","","","","6_10.mp3","music"
"4330","29962","19","48","0","0","51","10_2.mp3","music"
"4331","29962","","","","","","12_2.mp3","music"
"4332","29962","50","60","70","0","48","11_11.mp3","music"
"4333","29962","","","","","","7_13.mp3","music"
"4334","29962","0","0","0","0","0","4_2.mp3","music"
"4335","29962","","","","","","11_10.mp3","music"
"4336","29962","0","24","30","0","0","7_10.mp3","music"
"4337","29962","","","","","","2_1.mp3","music"
"4338","29962","0","73","0","6","58","5_14.mp3","music"
"4339","29962","","","","","","8_2.mp3","music"
"4340","29962","0","0","0","0","0","4_1.mp3","music"
"4341","29962","","","","","","11_2.mp3","music"
"4342","29962","29","0","0","0","0","10_1.mp3","music"
"4343","29962","","","","","","7_10.mp3","music"
"4344","29962","14","0","0","20","0","3_1.mp3","music"
"4345","29962","","","","","","6_5.mp3","music"
"4346","29962","0","0","0","0","46","11_11.mp3","music"
"4347","29962","","","","","","7_13.mp3","music"
"4348","29962","0","46","0","38","49","12_2.mp3","music"
"4349","29962","","","","","","6_10.mp3","music"
"4350","29962","0","0","0","0","0","11_10.mp3","music"
"4351","29962","","","","","","4_2.mp3","music"
"4352","29962","0","0","0","0","14","10_2.mp3","music"
"4353","30415","","","","","","7_13.mp3","music"
"4354","30415","0","0","0","0","0","5_14.mp3","music"
"4355","30415","","","","","","3_1.mp3","music"
"4356","30415","0","0","65","0","0","10_1.mp3","music"
"4357","30415","","","","","","11_2.mp3","music"
"4358","30415","32","10","15","35","40","12_2.mp3","music"
"4359","30415","","","","","","4_2.mp3","music"
"4360","30415","0","0","15","0","0","2_1.mp3","music"
"4361","30415","","","","","","4_1.mp3","music"
"4362","30415","0","0","0","0","0","11_11.mp3","music"
"4363","30415","","","","","","7_10.mp3","music"
"4364","30415","49","0","46","46","0","8_2.mp3","music"
"4365","30415","","","","","","10_2.mp3","music"
"4366","30415","26","0","66","43","0","11_10.mp3","music"
"4367","30415","","","","","","6_5.mp3","music"
"4368","30415","0","0","0","0","10","6_10.mp3","music"
"4369","30415","","","","","","6_10.mp3","music"
"4370","30415","0","0","51","0","0","6_5.mp3","music"
"4371","30415","","","","","","10_1.mp3","music"
"4372","30415","0","0","0","0","16","12_2.mp3","music"
"4373","30415","","","","","","11_10.mp3","music"
"4374","30415","14","19","48","0","0","8_2.mp3","music"
"4375","30415","","","","","","5_14.mp3","music"
"4376","30415","22","0","79","37","0","4_1.mp3","music"
"4377","30415","","","","","","11_2.mp3","music"
"4378","30415","0","0","55","0","0","10_2.mp3","music"
"4379","30415","","","","","","2_1.mp3","music"
"4380","30415","15","0","30","15","0","3_1.mp3","music"
"4381","30415","","","","","","11_11.mp3","music"
"4382","30415","0","0","0","0","13","4_2.mp3","music"
"4383","30415","","","","","","7_13.mp3","music"
"4384","30415","0","0","0","0","0","7_10.mp3","music"
"4385","32362","","","","","","11_10.mp3","music"
"4386","32362","69","21","82","76","9","6_5.mp3","music"
"4387","32362","","","","","","5_14.mp3","music"
"4388","32362","34","49","7","30","82","7_13.mp3","music"
"4389","32362","","","","","","11_11.mp3","music"
"4390","32362","38","27","53","54","14","3_1.mp3","music"
"4391","32362","","","","","","6_10.mp3","music"
"4392","32362","21","15","20","15","0","11_2.mp3","music"
"4393","32362","","","","","","2_1.mp3","music"
"4394","32362","37","39","44","12","15","8_2.mp3","music"
"4395","32362","","","","","","7_10.mp3","music"
"4396","32362","33","12","43","38","9","4_1.mp3","music"
"4397","32362","","","","","","12_2.mp3","music"
"4398","32362","0","0","0","0","2","4_2.mp3","music"
"4399","32362","","","","","","10_1.mp3","music"
"4400","32362","28","34","53","29","19","10_2.mp3","music"
"4401","32362","","","","","","12_2.mp3","music"
"4402","32362","19","44","13","13","70","11_2.mp3","music"
"4403","32362","","","","","","4_1.mp3","music"
"4404","32362","0","0","10","0","0","10_2.mp3","music"
"4405","32362","","","","","","10_1.mp3","music"
"4406","32362","22","46","38","53","44","11_11.mp3","music"
"4407","32362","","","","","","7_10.mp3","music"
"4408","32362","7","11","42","13","14","11_10.mp3","music"
"4409","32362","","","","","","6_5.mp3","music"
"4410","32362","45","38","1","16","76","4_2.mp3","music"
"4411","32362","","","","","","2_1.mp3","music"
"4412","32362","70","34","61","70","10","6_10.mp3","music"
"4413","32362","","","","","","5_14.mp3","music"
"4414","32362","41","47","46","21","55","8_2.mp3","music"
"4415","32362","","","","","","7_13.mp3","music"
"4416","32362","3","0","0","0","48","3_1.mp3","music"
"4417","TEAM_YA_080","","","","","","11_2.mp3","music"
"4418","TEAM_YA_080","1","8","1","5","1","2_1.mp3","music"
"4419","TEAM_YA_080","","","","","","7_10.mp3","music"
"4420","TEAM_YA_080","4","2","2","1","5","6_10.mp3","music"
"4421","TEAM_YA_080","","","","","","6_5.mp3","music"
"4422","TEAM_YA_080","59","47","54","49","41","5_14.mp3","music"
"4423","TEAM_YA_080","","","","","","10_1.mp3","music"
"4424","TEAM_YA_080","4","4","7","1","4","7_13.mp3","music"
"4425","TEAM_YA_080","","","","","","3_1.mp3","music"
"4426","TEAM_YA_080","44","2","37","2","51","4_1.mp3","music"
"4427","TEAM_YA_080","","","","","","12_2.mp3","music"
"4428","TEAM_YA_080","71","1","55","21","56","4_2.mp3","music"
"4429","TEAM_YA_080","","","","","","11_10.mp3","music"
"4430","TEAM_YA_080","5","35","2","1","43","11_11.mp3","music"
"4431","TEAM_YA_080","","","","","","10_2.mp3","music"
"4432","TEAM_YA_080","24","23","2","13","67","8_2.mp3","music"
"4433","TEAM_YA_080","","","","","","12_2.mp3","music"
"4434","TEAM_YA_080","28","36","36","26","47","10_1.mp3","music"
"4435","TEAM_YA_080","","","","","","5_14.mp3","music"
"4436","TEAM_YA_080","71","31","69","39","44","3_1.mp3","music"
"4437","TEAM_YA_080","","","","","","6_5.mp3","music"
"4438","TEAM_YA_080","97","30","52","49","49","11_11.mp3","music"
"4439","TEAM_YA_080","","","","","","4_2.mp3","music"
"4440","TEAM_YA_080","60","29","55","29","53","10_2.mp3","music"
"4441","TEAM_YA_080","","","","","","8_2.mp3","music"
"4442","TEAM_YA_080","52","55","51","41","50","7_10.mp3","music"
"4443","TEAM_YA_080","","","","","","6_10.mp3","music"
"4444","TEAM_YA_080","56","31","44","33","44","2_1.mp3","music"
"4445","TEAM_YA_080","","","","","","4_1.mp3","music"
"4446","TEAM_YA_080","64","44","49","44","98","11_10.mp3","music"
"4447","TEAM_YA_080","","","","","","11_2.mp3","music"
"4448","TEAM_YA_080","4","3","2","2","5","7_13.mp3","music"
"4449","TEAM_YA_082","","","","","","11_10.mp3","music"
"4450","TEAM_YA_082","59","57","70","45","40","12_2.mp3","music"
"4451","TEAM_YA_082","","","","","","6_10.mp3","music"
"4452","TEAM_YA_082","51","49","56","56","31","7_10.mp3","music"
"4453","TEAM_YA_082","","","","","","6_5.mp3","music"
"4454","TEAM_YA_082","61","81","71","39","64","10_1.mp3","music"
"4455","TEAM_YA_082","","","","","","3_1.mp3","music"
"4456","TEAM_YA_082","51","37","62","11","62","11_2.mp3","music"
"4457","TEAM_YA_082","","","","","","10_2.mp3","music"
"4458","TEAM_YA_082","60","58","72","35","66","4_2.mp3","music"
"4459","TEAM_YA_082","","","","","","5_14.mp3","music"
"4460","TEAM_YA_082","64","75","58","34","52","11_11.mp3","music"
"4461","TEAM_YA_082","","","","","","8_2.mp3","music"
"4462","TEAM_YA_082","53","52","49","36","65","7_13.mp3","music"
"4463","TEAM_YA_082","","","","","","4_1.mp3","music"
"4464","TEAM_YA_082","47","56","62","37","51","2_1.mp3","music"
"4465","TEAM_YA_082","","","","","","6_5.mp3","music"
"4466","TEAM_YA_082","56","59","69","38","63","3_1.mp3","music"
"4467","TEAM_YA_082","","","","","","5_14.mp3","music"
"4468","TEAM_YA_082","58","41","74","59","75","4_2.mp3","music"
"4469","TEAM_YA_082","","","","","","12_2.mp3","music"
"4470","TEAM_YA_082","37","30","49","21","51","10_2.mp3","music"
"4471","TEAM_YA_082","","","","","","11_2.mp3","music"
"4472","TEAM_YA_082","47","66","64","44","61","6_10.mp3","music"
"4473","TEAM_YA_082","","","","","","2_1.mp3","music"
"4474","TEAM_YA_082","46","64","71","39","63","4_1.mp3","music"
"4475","TEAM_YA_082","","","","","","8_2.mp3","music"
"4476","TEAM_YA_082","43","48","47","23","62","11_10.mp3","music"
"4477","TEAM_YA_082","","","","","","11_11.mp3","music"
"4478","TEAM_YA_082","49","30","88","47","38","10_1.mp3","music"
"4479","TEAM_YA_082","","","","","","7_10.mp3","music"
"4480","TEAM_YA_082","56","36","27","11","45","7_13.mp3","music"
"4481","TEAM_YA_083","","","","","","7_13.mp3","music"
"4482","TEAM_YA_083","65","100","53","60","87","11_2.mp3","music"
"4483","TEAM_YA_083","","","","","","12_2.mp3","music"
"4484","TEAM_YA_083","23","26","33","7","74","7_10.mp3","music"
"4485","TEAM_YA_083","","","","","","5_14.mp3","music"
"4486","TEAM_YA_083","42","85","10","19","99","8_2.mp3","music"
"4487","TEAM_YA_083","","","","","","10_2.mp3","music"
"4488","TEAM_YA_083","60","89","19","14","70","3_1.mp3","music"
"4489","TEAM_YA_083","","","","","","6_10.mp3","music"
"4490","TEAM_YA_083","16","15","14","20","15","2_1.mp3","music"
"4491","TEAM_YA_083","","","","","","10_1.mp3","music"
"4492","TEAM_YA_083","47","61","56","20","57","6_5.mp3","music"
"4493","TEAM_YA_083","","","","","","11_10.mp3","music"
"4494","TEAM_YA_083","21","24","18","15","21","4_1.mp3","music"
"4495","TEAM_YA_083","","","","","","4_2.mp3","music"
"4496","TEAM_YA_083","23","29","20","11","35","11_11.mp3","music"
"4497","TEAM_YA_083","","","","","","8_2.mp3","music"
"4498","TEAM_YA_083","22","27","25","20","43","7_13.mp3","music"
"4499","TEAM_YA_083","","","","","","4_1.mp3","music"
"4500","TEAM_YA_083","30","72","26","12","89","6_10.mp3","music"
"4501","TEAM_YA_083","","","","","","11_2.mp3","music"
"4502","TEAM_YA_083","67","66","33","17","53","11_11.mp3","music"
"4503","TEAM_YA_083","","","","","","5_14.mp3","music"
"4504","TEAM_YA_083","54","40","37","46","40","12_2.mp3","music"
"4505","TEAM_YA_083","","","","","","2_1.mp3","music"
"4506","TEAM_YA_083","44","49","23","16","68","7_10.mp3","music"
"4507","TEAM_YA_083","","","","","","6_5.mp3","music"
"4508","TEAM_YA_083","52","76","43","61","60","11_10.mp3","music"
"4509","TEAM_YA_083","","","","","","4_2.mp3","music"
"4510","TEAM_YA_083","58","91","19","54","99","10_2.mp3","music"
"4511","TEAM_YA_083","","","","","","10_1.mp3","music"
"4512","TEAM_YA_083","59","42","26","22","55","3_1.mp3","music"
"4513","TEAM_YA_084","","","","","","6_10.mp3","music"
"4514","TEAM_YA_084","8","16","23","12","11","11_10.mp3","music"
"4515","TEAM_YA_084","","","","","","10_2.mp3","music"
"4516","TEAM_YA_084","16","10","15","12","14","11_2.mp3","music"
"4517","TEAM_YA_084","","","","","","5_14.mp3","music"
"4518","TEAM_YA_084","21","48","33","45","9","11_11.mp3","music"
"4519","TEAM_YA_084","","","","","","7_13.mp3","music"
"4520","TEAM_YA_084","18","28","20","24","40","3_1.mp3","music"
"4521","TEAM_YA_084","","","","","","2_1.mp3","music"
"4522","TEAM_YA_084","7","13","6","4","17","8_2.mp3","music"
"4523","TEAM_YA_084","","","","","","12_2.mp3","music"
"4524","TEAM_YA_084","13","18","18","19","20","6_5.mp3","music"
"4525","TEAM_YA_084","","","","","","4_2.mp3","music"
"4526","TEAM_YA_084","14","18","4","16","20","4_1.mp3","music"
"4527","TEAM_YA_084","","","","","","10_1.mp3","music"
"4528","TEAM_YA_084","16","26","29","16","3","7_10.mp3","music"
"4529","TEAM_YA_084","","","","","","6_5.mp3","music"
"4530","TEAM_YA_084","0","1","0","2","19","7_10.mp3","music"
"4531","TEAM_YA_084","","","","","","11_2.mp3","music"
"4532","TEAM_YA_084","44","56","64","73","31","3_1.mp3","music"
"4533","TEAM_YA_084","","","","","","5_14.mp3","music"
"4534","TEAM_YA_084","44","48","48","51","23","6_10.mp3","music"
"4535","TEAM_YA_084","","","","","","11_11.mp3","music"
"4536","TEAM_YA_084","35","38","51","53","14","10_1.mp3","music"
"4537","TEAM_YA_084","","","","","","12_2.mp3","music"
"4538","TEAM_YA_084","24","18","27","26","19","10_2.mp3","music"
"4539","TEAM_YA_084","","","","","","4_1.mp3","music"
"4540","TEAM_YA_084","9","9","15","14","8","2_1.mp3","music"
"4541","TEAM_YA_084","","","","","","4_2.mp3","music"
"4542","TEAM_YA_084","3","6","4","6","14","7_13.mp3","music"
"4543","TEAM_YA_084","","","","","","11_10.mp3","music"
"4544","TEAM_YA_084","28","24","7","10","27","8_2.mp3","music"
"4545","TEAM_YA_085","","","","","","4_2.mp3","music"
"4546","TEAM_YA_085","25","25","9","17","39","11_11.mp3","music"
"4547","TEAM_YA_085","","","","","","2_1.mp3","music"
"4548","TEAM_YA_085","19","30","34","39","12","10_1.mp3","music"
"4549","TEAM_YA_085","","","","","","7_10.mp3","music"
"4550","TEAM_YA_085","27","28","62","44","29","8_2.mp3","music"
"4551","TEAM_YA_085","","","","","","6_10.mp3","music"
"4552","TEAM_YA_085","24","33","37","51","12","3_1.mp3","music"
"4553","TEAM_YA_085","","","","","","11_2.mp3","music"
"4554","TEAM_YA_085","20","17","26","39","36","10_2.mp3","music"
"4555","TEAM_YA_085","","","","","","6_5.mp3","music"
"4556","TEAM_YA_085","11","32","83","58","4","11_10.mp3","music"
"4557","TEAM_YA_085","","","","","","4_1.mp3","music"
"4558","TEAM_YA_085","3","9","2","9","18","7_13.mp3","music"
"4559","TEAM_YA_085","","","","","","12_2.mp3","music"
"4560","TEAM_YA_085","16","6","57","29","12","5_14.mp3","music"
"4561","TEAM_YA_085","","","","","","11_10.mp3","music"
"4562","TEAM_YA_085","19","54","11","30","35","4_1.mp3","music"
"4563","TEAM_YA_085","","","","","","6_5.mp3","music"
"4564","TEAM_YA_085","0","1","24","21","0","7_13.mp3","music"
"4565","TEAM_YA_085","","","","","","5_14.mp3","music"
"4566","TEAM_YA_085","18","21","32","30","16","10_1.mp3","music"
"4567","TEAM_YA_085","","","","","","12_2.mp3","music"
"4568","TEAM_YA_085","23","4","58","32","11","6_10.mp3","music"
"4569","TEAM_YA_085","","","","","","3_1.mp3","music"
"4570","TEAM_YA_085","12","12","2","10","64","2_1.mp3","music"
"4571","TEAM_YA_085","","","","","","11_11.mp3","music"
"4572","TEAM_YA_085","50","40","27","33","61","8_2.mp3","music"
"4573","TEAM_YA_085","","","","","","10_2.mp3","music"
"4574","TEAM_YA_085","0","19","0","3","20","11_2.mp3","music"
"4575","TEAM_YA_085","","","","","","7_10.mp3","music"
"4576","TEAM_YA_085","36","42","10","45","59","4_2.mp3","music"
"4577","TEAM_YA_077","","","","","","4_2.mp3","music"
"4578","TEAM_YA_077","47","100","54","5","94","4_1.mp3","music"
"4579","TEAM_YA_077","","","","","","8_2.mp3","music"
"4580","TEAM_YA_077","28","51","11","6","53","10_2.mp3","music"
"4581","TEAM_YA_077","","","","","","10_1.mp3","music"
"4582","TEAM_YA_077","33","56","11","24","71","11_10.mp3","music"
"4583","TEAM_YA_077","","","","","","12_2.mp3","music"
"4584","TEAM_YA_077","82","88","80","93","65","6_10.mp3","music"
"4585","TEAM_YA_077","","","","","","5_14.mp3","music"
"4586","TEAM_YA_077","36","33","76","32","13","7_10.mp3","music"
"4587","TEAM_YA_077","","","","","","11_2.mp3","music"
"4588","TEAM_YA_077","46","94","45","50","100","6_5.mp3","music"
"4589","TEAM_YA_077","","","","","","7_13.mp3","music"
"4590","TEAM_YA_077","34","85","49","71","97","2_1.mp3","music"
"4591","TEAM_YA_077","","","","","","3_1.mp3","music"
"4592","TEAM_YA_077","100","100","100","100","84","11_11.mp3","music"
"4593","TEAM_YA_077","","","","","","10_1.mp3","music"
"4594","TEAM_YA_077","41","52","0","37","25","3_1.mp3","music"
"4595","TEAM_YA_077","","","","","","2_1.mp3","music"
"4596","TEAM_YA_077","8","9","35","0","0","6_5.mp3","music"
"4597","TEAM_YA_077","","","","","","11_10.mp3","music"
"4598","TEAM_YA_077","60","55","30","11","89","12_2.mp3","music"
"4599","TEAM_YA_077","","","","","","10_2.mp3","music"
"4600","TEAM_YA_077","15","15","16","18","28","11_2.mp3","music"
"4601","TEAM_YA_077","","","","","","8_2.mp3","music"
"4602","TEAM_YA_077","26","50","12","0","81","6_10.mp3","music"
"4603","TEAM_YA_077","","","","","","4_1.mp3","music"
"4604","TEAM_YA_077","16","47","11","17","76","5_14.mp3","music"
"4605","TEAM_YA_077","","","","","","7_13.mp3","music"
"4606","TEAM_YA_077","0","0","0","0","5","4_2.mp3","music"
"4607","TEAM_YA_077","","","","","","11_11.mp3","music"
"4608","TEAM_YA_077","0","0","0","0","0","7_10.mp3","music"
